material_id,reason
mp-633688,API did not return this material
mp-761650,API did not return this material
mp-31808,API did not return this material
mp-540352,API did not return this material
mp-772343,API did not return this material
mp-769707,API did not return this material
mp-773411,API did not return this material
mp-849977,API did not return this material
mp-781076,API did not return this material
mp-31793,API did not return this material
mp-32041,API did not return this material
mp-772365,API did not return this material
mp-566057,API did not return this material
mp-850079,API did not return this material
mp-743928,API did not return this material
mp-767302,API did not return this material
mp-763957,API did not return this material
mp-770215,API did not return this material
mp-769727,API did not return this material
mp-781501,API did not return this material
mp-763868,API did not return this material
mp-761478,API did not return this material
mp-850137,API did not return this material
mp-780890,API did not return this material
mp-680653,API did not return this material
mp-780753,API did not return this material
mp-771413,API did not return this material
mp-767357,API did not return this material
mp-771812,API did not return this material
mp-780214,API did not return this material
mp-768009,API did not return this material
mp-540286,API did not return this material
mp-775684,API did not return this material
mp-779807,API did not return this material
mp-764229,API did not return this material
mp-767932,API did not return this material
mp-772387,API did not return this material
mp-764640,API did not return this material
mp-562012,API did not return this material
mp-541670,API did not return this material
mp-763843,API did not return this material
mp-540065,API did not return this material
mp-764042,API did not return this material
mp-32012,API did not return this material
mp-765074,API did not return this material
mp-764190,API did not return this material
mp-764567,API did not return this material
mp-25473,API did not return this material
mp-867676,API did not return this material
mp-773457,API did not return this material
mp-744579,API did not return this material
mp-765658,API did not return this material
mp-553998,API did not return this material
mp-775357,API did not return this material
mp-764324,API did not return this material
mp-767855,API did not return this material
mp-568287,API did not return this material
mp-977355,API did not return this material
mp-763518,API did not return this material
mp-565705,API did not return this material
mp-771077,API did not return this material
mp-761814,API did not return this material
mp-32087,API did not return this material
mp-764692,API did not return this material
mp-764627,API did not return this material
mp-567090,API did not return this material
mp-744192,API did not return this material
mp-542478,API did not return this material
mp-868320,API did not return this material
mp-771807,API did not return this material
mp-540474,API did not return this material
mp-762639,API did not return this material
mp-12784,API did not return this material
mp-19595,API did not return this material
mp-763110,API did not return this material
mp-763307,API did not return this material
mp-770024,API did not return this material
mp-767924,API did not return this material
mp-774123,API did not return this material
mp-765073,API did not return this material
mp-775082,API did not return this material
mp-558578,API did not return this material
mp-768026,API did not return this material
mp-568633,API did not return this material
mp-761806,API did not return this material
mp-542267,API did not return this material
mp-770913,API did not return this material
mp-25725,API did not return this material
mp-778573,API did not return this material
mp-767793,API did not return this material
mp-762935,API did not return this material
mp-771623,API did not return this material
mp-770094,API did not return this material
mp-771455,API did not return this material
mp-849688,API did not return this material
mp-24921,API did not return this material
mp-769811,API did not return this material
mp-762598,API did not return this material
mp-779172,API did not return this material
mp-773577,API did not return this material
mp-10998,API did not return this material
mp-778916,API did not return this material
mp-850469,API did not return this material
mp-762908,API did not return this material
mp-25694,API did not return this material
mp-769890,API did not return this material
mp-31958,API did not return this material
mp-770178,API did not return this material
mp-762841,API did not return this material
mp-561479,API did not return this material
mp-743618,API did not return this material
mp-763483,API did not return this material
mp-764330,API did not return this material
mp-25041,API did not return this material
mp-779246,API did not return this material
mp-761384,API did not return this material
mp-777713,API did not return this material
mp-675650,API did not return this material
mp-774289,API did not return this material
mp-763089,API did not return this material
mp-705785,API did not return this material
mp-767452,API did not return this material
mp-566574,API did not return this material
mp-578796,API did not return this material
mp-850152,API did not return this material
mp-566698,API did not return this material
mp-771382,API did not return this material
mp-504891,API did not return this material
mp-766781,API did not return this material
mp-770106,API did not return this material
mp-764141,API did not return this material
mp-25769,API did not return this material
mp-546182,API did not return this material
mp-772238,API did not return this material
mp-772382,API did not return this material
mp-850105,API did not return this material
mp-761379,API did not return this material
mp-763842,API did not return this material
mp-565565,API did not return this material
mp-776791,API did not return this material
mp-773285,API did not return this material
mp-25065,API did not return this material
mp-767364,API did not return this material
mp-764467,API did not return this material
mp-25157,API did not return this material
mp-566745,API did not return this material
mp-764028,API did not return this material
mp-773679,API did not return this material
mp-763964,API did not return this material
mp-767197,API did not return this material
mp-774116,API did not return this material
mp-600941,API did not return this material
mp-566425,API did not return this material
mp-540349,API did not return this material
mp-776883,API did not return this material
mp-780046,API did not return this material
mp-24956,API did not return this material
mp-566312,API did not return this material
mp-776934,API did not return this material
mp-566164,API did not return this material
mp-763406,API did not return this material
mp-704753,API did not return this material
mp-767817,API did not return this material
mp-853353,API did not return this material
mp-850235,API did not return this material
mp-540211,API did not return this material
mp-763637,API did not return this material
mp-761653,API did not return this material
mp-630852,API did not return this material
mp-777303,API did not return this material
mp-775243,API did not return this material
mp-561394,API did not return this material
mp-607021,API did not return this material
mp-566795,API did not return this material
mp-25491,API did not return this material
mp-762897,API did not return this material
mp-764004,API did not return this material
mp-764700,API did not return this material
mp-997536,API did not return this material
mp-772007,API did not return this material
mp-771437,API did not return this material
mp-770080,API did not return this material
mp-770594,API did not return this material
mp-776879,API did not return this material
mp-853139,API did not return this material
mp-765244,API did not return this material
mp-625414,API did not return this material
mp-769910,API did not return this material
mp-25565,API did not return this material
mp-764179,API did not return this material
mp-768034,API did not return this material
mp-25134,API did not return this material
mp-765275,API did not return this material
mp-761760,API did not return this material
mp-645183,API did not return this material
mp-766672,API did not return this material
mp-39091,API did not return this material
mp-559585,API did not return this material
mp-775451,API did not return this material
mp-19599,API did not return this material
mp-763633,API did not return this material
mp-763718,API did not return this material
mp-566277,API did not return this material
mp-769815,API did not return this material
mp-771840,API did not return this material
mp-31670,API did not return this material
mp-850071,API did not return this material
mp-766731,API did not return this material
mp-851260,API did not return this material
mp-867823,API did not return this material
mp-579243,API did not return this material
mp-704952,API did not return this material
mp-765261,API did not return this material
mp-31986,API did not return this material
mp-776204,API did not return this material
mp-771800,API did not return this material
mp-705153,API did not return this material
mp-863842,API did not return this material
mp-771627,API did not return this material
mp-763547,API did not return this material
mp-565352,API did not return this material
mp-24839,API did not return this material
mp-764255,API did not return this material
mp-767858,API did not return this material
mp-31608,API did not return this material
mp-767844,API did not return this material
mp-771530,API did not return this material
mp-559681,API did not return this material
mp-767984,API did not return this material
mp-763564,API did not return this material
mp-765791,API did not return this material
mp-622251,API did not return this material
mp-767921,API did not return this material
mp-777183,API did not return this material
mp-763035,API did not return this material
mp-24960,API did not return this material
mp-763446,API did not return this material
mp-767216,API did not return this material
mp-763250,API did not return this material
mp-770007,API did not return this material
mp-764365,API did not return this material
mp-675163,API did not return this material
mp-766866,API did not return this material
mp-762845,API did not return this material
mp-777137,API did not return this material
mp-868422,API did not return this material
mp-771662,API did not return this material
mp-15371,API did not return this material
mp-771421,API did not return this material
mp-652866,API did not return this material
mp-540301,API did not return this material
mp-778416,API did not return this material
mp-777530,API did not return this material
mp-767347,API did not return this material
mp-25545,API did not return this material
mp-762312,API did not return this material
mp-778780,API did not return this material
mp-773543,API did not return this material
mp-780834,API did not return this material
mp-849359,API did not return this material
mp-767549,API did not return this material
mp-763486,API did not return this material
mp-771507,API did not return this material
mp-579370,API did not return this material
mp-775228,API did not return this material
mp-863886,API did not return this material
mp-25155,API did not return this material
mp-771842,API did not return this material
mp-761397,API did not return this material
mp-774141,API did not return this material
mp-583029,API did not return this material
mp-654373,API did not return this material
mp-775105,API did not return this material
mp-775685,API did not return this material
mp-868388,API did not return this material
mp-565801,API did not return this material
mp-763352,API did not return this material
mp-772399,API did not return this material
mp-604440,API did not return this material
mp-19538,API did not return this material
mp-619770,API did not return this material
mp-722729,API did not return this material
mp-764210,API did not return this material
mp-771765,API did not return this material
mp-772691,API did not return this material
mp-705344,API did not return this material
mp-773382,API did not return this material
mp-763682,API did not return this material
mp-868380,API did not return this material
mp-565779,API did not return this material
mp-763006,API did not return this material
mp-504104,API did not return this material
mp-629701,API did not return this material
mp-744533,API did not return this material
mp-715436,API did not return this material
mp-763306,API did not return this material
mp-607031,API did not return this material
mp-565394,API did not return this material
mp-744439,API did not return this material
mp-868821,API did not return this material
mp-24845,API did not return this material
mp-763061,API did not return this material
mp-765950,API did not return this material
mp-781059,API did not return this material
mp-850882,API did not return this material
mp-705510,API did not return this material
mp-690635,API did not return this material
mp-779831,API did not return this material
mp-777050,API did not return this material
mp-772696,API did not return this material
mp-778640,API did not return this material
mp-763185,API did not return this material
mp-764396,API did not return this material
mp-853224,API did not return this material
mp-775045,API did not return this material
mp-566881,API did not return this material
mp-510302,API did not return this material
mp-585220,API did not return this material
mp-776721,API did not return this material
mp-761822,API did not return this material
mp-697691,API did not return this material
mp-25499,API did not return this material
mp-771684,API did not return this material
mp-772374,API did not return this material
mp-776798,API did not return this material
mp-31970,API did not return this material
mp-773698,API did not return this material
mp-764205,API did not return this material
mp-562247,API did not return this material
mp-770397,API did not return this material
mp-763958,API did not return this material
mp-764455,API did not return this material
mp-32004,API did not return this material
mp-849676,API did not return this material
mp-763320,API did not return this material
mp-767893,API did not return this material
mp-763492,API did not return this material
mp-619127,API did not return this material
mp-766846,API did not return this material
mp-764110,API did not return this material
mp-767342,API did not return this material
mp-766111,API did not return this material
mp-868361,API did not return this material
mp-31531,API did not return this material
mp-31935,API did not return this material
mp-775847,API did not return this material
mp-32538,API did not return this material
mp-771984,API did not return this material
mp-25751,API did not return this material
mp-566047,API did not return this material
mp-777974,API did not return this material
mp-566470,API did not return this material
mp-744644,API did not return this material
mp-776906,API did not return this material
mp-764447,API did not return this material
mp-773262,API did not return this material
mp-565489,API did not return this material
mp-699331,API did not return this material
mp-763167,API did not return this material
mp-776882,API did not return this material
mp-743637,API did not return this material
mp-763552,API did not return this material
mp-770003,API did not return this material
mp-770060,API did not return this material
mp-764871,API did not return this material
mp-19643,API did not return this material
mp-763591,API did not return this material
mp-761336,API did not return this material
mp-764207,API did not return this material
mp-162,formation_energy_per_atom is None
mp-774019,API did not return this material
mp-771869,API did not return this material
mp-774089,API did not return this material
mp-761385,API did not return this material
mp-766824,API did not return this material
mp-765754,API did not return this material
mp-763171,API did not return this material
mp-25656,API did not return this material
mp-565702,API did not return this material
mp-764806,API did not return this material
mp-765757,API did not return this material
mp-780677,API did not return this material
mp-763837,API did not return this material
mp-761485,API did not return this material
mp-853151,API did not return this material
mp-762431,API did not return this material
mp-780752,API did not return this material
mp-773449,API did not return this material
mp-850764,API did not return this material
mp-770002,API did not return this material
mp-761599,API did not return this material
mp-775694,API did not return this material
mp-613820,API did not return this material
mp-771806,API did not return this material
mp-715561,API did not return this material
mp-566725,API did not return this material
mp-675127,API did not return this material
mp-764421,API did not return this material
mp-767110,API did not return this material
mp-778628,API did not return this material
mp-868467,API did not return this material
mp-767651,API did not return this material
mp-32312,API did not return this material
mp-867192,API did not return this material
mp-868648,API did not return this material
mp-778704,API did not return this material
mp-561691,API did not return this material
mp-775499,API did not return this material
mp-777221,API did not return this material
mp-850449,API did not return this material
mp-540234,API did not return this material
mp-778582,API did not return this material
mp-25029,API did not return this material
mp-543104,API did not return this material
mp-761768,API did not return this material
mp-761997,API did not return this material
mp-765516,API did not return this material
mp-776869,API did not return this material
mp-566070,API did not return this material
mp-761308,API did not return this material
mp-770601,API did not return this material
mp-771402,API did not return this material
mp-778781,API did not return this material
mp-770026,API did not return this material
mp-31923,API did not return this material
mp-695026,API did not return this material
mp-770316,API did not return this material
mp-767034,API did not return this material
mp-778897,API did not return this material
mp-510537,API did not return this material
mp-566190,API did not return this material
mp-565625,API did not return this material
mp-764479,API did not return this material
mp-608717,API did not return this material
mp-541418,API did not return this material
mp-763566,API did not return this material
mp-767899,API did not return this material
mp-767187,API did not return this material
mp-25039,API did not return this material
mp-767834,API did not return this material
mp-850429,API did not return this material
mp-761413,API did not return this material
mp-566321,API did not return this material
mp-850455,API did not return this material
mp-765436,API did not return this material
mp-31994,API did not return this material
mp-770244,API did not return this material
mp-765990,API did not return this material
mp-771490,API did not return this material
mp-744256,API did not return this material
mp-771863,API did not return this material
mp-850133,API did not return this material
mp-775675,API did not return this material
mp-764100,API did not return this material
mp-32482,API did not return this material
mp-765432,API did not return this material
mp-704112,API did not return this material
mp-772247,API did not return this material
mp-767926,API did not return this material
mp-773317,API did not return this material
mp-31702,API did not return this material
mp-767923,API did not return this material
mp-566189,API did not return this material
mp-32329,API did not return this material
mp-561628,API did not return this material
mp-765862,API did not return this material
mp-775407,API did not return this material
mp-764923,API did not return this material
mp-780805,API did not return this material
mp-767252,API did not return this material
mp-763568,API did not return this material
mp-761810,API did not return this material
mp-766744,API did not return this material
mp-772013,API did not return this material
mp-540147,API did not return this material
mp-769906,API did not return this material
mp-566537,API did not return this material
mp-779804,API did not return this material
mp-566977,API did not return this material
mp-24943,API did not return this material
mp-566356,API did not return this material
mp-541297,API did not return this material
mp-867303,API did not return this material
mp-31704,API did not return this material
mp-776888,API did not return this material
mp-772245,API did not return this material
mp-31521,API did not return this material
mp-773408,API did not return this material
mp-765890,API did not return this material
mp-769883,API did not return this material
mp-744430,API did not return this material
mp-778799,API did not return this material
mp-698563,API did not return this material
mp-762709,API did not return this material
mp-777493,API did not return this material
mp-868565,API did not return this material
mp-776111,API did not return this material
mp-25182,API did not return this material
mp-780442,API did not return this material
mp-775051,API did not return this material
mp-771672,API did not return this material
mp-868383,API did not return this material
mp-769900,API did not return this material
mp-25176,API did not return this material
mp-504983,API did not return this material
mp-773758,API did not return this material
mp-850143,API did not return this material
mp-763947,API did not return this material
mp-565994,API did not return this material
mp-743780,API did not return this material
mp-771596,API did not return this material
mp-561637,API did not return this material
mp-771560,API did not return this material
mp-565192,API did not return this material
mp-772701,API did not return this material
mp-867132,API did not return this material
mp-553952,API did not return this material
mp-778022,API did not return this material
mp-767658,API did not return this material
mp-762172,API did not return this material
mp-772391,API did not return this material
mp-32443,API did not return this material
mp-25681,API did not return this material
mp-763041,API did not return this material
mp-769833,API did not return this material
mp-764572,API did not return this material
mp-24973,API did not return this material
mp-775792,API did not return this material
mp-764090,API did not return this material
mp-851283,API did not return this material
mp-765374,API did not return this material
mp-771417,API did not return this material
mp-569975,API did not return this material
mp-763386,API did not return this material
mp-850094,API did not return this material
mp-766993,API did not return this material
mp-649654,API did not return this material
mp-780014,API did not return this material
mp-763466,API did not return this material
mp-766619,API did not return this material
mp-763227,API did not return this material
mp-780017,API did not return this material
mp-769898,API did not return this material
mp-868143,API did not return this material
mp-619836,API did not return this material
mp-764565,API did not return this material
mp-775846,API did not return this material
mp-763596,API did not return this material
mp-765672,API did not return this material
mp-762170,API did not return this material
mp-767853,API did not return this material
mp-771114,API did not return this material
mp-541267,API did not return this material
mp-777935,API did not return this material
mp-560822,API did not return this material
mp-761670,API did not return this material
mp-540008,API did not return this material
mp-764749,API did not return this material
mp-764635,API did not return this material
mp-765911,API did not return this material
mp-850114,API did not return this material
mp-542425,API did not return this material
mp-570711,API did not return this material
mp-766795,API did not return this material
mp-743741,API did not return this material
mp-770234,API did not return this material
mp-565522,API did not return this material
mp-764955,API did not return this material
mp-771790,API did not return this material
mp-741706,API did not return this material
mp-773715,API did not return this material
mp-25002,API did not return this material
mp-18134,API did not return this material
mp-773536,API did not return this material
mp-565743,API did not return this material
mp-764356,API did not return this material
mp-765198,API did not return this material
mp-505707,API did not return this material
mp-561493,API did not return this material
mp-767075,API did not return this material
mp-780648,API did not return this material
mp-764212,API did not return this material
mp-764976,API did not return this material
mp-766848,API did not return this material
mp-616718,API did not return this material
mp-705574,API did not return this material
mp-778275,API did not return this material
mp-765550,API did not return this material
mp-770249,API did not return this material
mp-766650,API did not return this material
mp-780836,API did not return this material
mp-542167,API did not return this material
mp-997510,API did not return this material
mp-566812,API did not return this material
mp-616490,API did not return this material
mp-867745,API did not return this material
mp-760918,API did not return this material
mp-745175,API did not return this material
mp-561238,API did not return this material
mp-540405,API did not return this material
mp-25764,API did not return this material
mp-777328,API did not return this material
mp-868327,API did not return this material
mp-763066,API did not return this material
mp-868348,API did not return this material
mp-762542,API did not return this material
mp-771851,API did not return this material
mp-505403,API did not return this material
mp-868657,API did not return this material
mp-761327,API did not return this material
mp-779853,API did not return this material
mp-769644,API did not return this material
mp-766917,API did not return this material
mp-778037,API did not return this material
mp-565694,API did not return this material
mp-850018,API did not return this material
mp-850253,API did not return this material
mp-761972,API did not return this material
mp-618075,API did not return this material
mp-504565,API did not return this material
mp-763509,API did not return this material
mp-765968,API did not return this material
mp-765105,API did not return this material
mp-25624,API did not return this material
mp-779415,API did not return this material
mp-571423,API did not return this material
mp-778572,API did not return this material
mp-778629,API did not return this material
mp-763310,API did not return this material
mp-774272,API did not return this material
mp-763033,API did not return this material
mp-776653,API did not return this material
mp-567364,API did not return this material
mp-743592,API did not return this material
mp-762218,API did not return this material
mp-764682,API did not return this material
mp-543082,API did not return this material
mp-566113,API did not return this material
mp-770146,API did not return this material
mp-775398,API did not return this material
mp-763495,API did not return this material
mp-771756,API did not return this material
mp-566082,API did not return this material
mp-566781,API did not return this material
mp-567267,API did not return this material
mp-764788,API did not return this material
mp-540249,API did not return this material
mp-19677,API did not return this material
mp-745034,API did not return this material
mp-761712,API did not return this material
mp-772231,API did not return this material
mp-762563,API did not return this material
mp-762169,API did not return this material
mp-25568,API did not return this material
mp-769892,API did not return this material
mp-776185,API did not return this material
mp-761815,API did not return this material
mp-24925,API did not return this material
mp-774117,API did not return this material
mp-776908,API did not return this material
mp-766854,API did not return this material
mp-771622,API did not return this material
mp-743627,API did not return this material
mp-566874,API did not return this material
mp-764529,API did not return this material
mp-777059,API did not return this material
mp-763181,API did not return this material
mp-763265,API did not return this material
mp-761565,API did not return this material
mp-25664,API did not return this material
mp-25703,API did not return this material
mp-774012,API did not return this material
mp-780680,API did not return this material
mp-777503,API did not return this material
mp-705523,API did not return this material
mp-31859,API did not return this material
mp-768024,API did not return this material
mp-625318,API did not return this material
mp-566379,API did not return this material
mp-769687,API did not return this material
mp-765273,API did not return this material
mp-767215,API did not return this material
mp-769771,API did not return this material
mp-541919,API did not return this material
mp-765546,API did not return this material
mp-867677,API did not return this material
mp-765751,API did not return this material
mp-31653,API did not return this material
mp-764310,API did not return this material
mp-764853,API did not return this material
mp-565732,API did not return this material
mp-764910,API did not return this material
mp-561002,API did not return this material
mp-776903,API did not return this material
mp-763091,API did not return this material
mp-32449,API did not return this material
mp-672349,API did not return this material
mp-12992,API did not return this material
mp-762570,API did not return this material
mp-698696,API did not return this material
mp-776821,API did not return this material
mp-764669,API did not return this material
mp-780141,API did not return this material
mp-554566,API did not return this material
mp-640173,API did not return this material
mp-619802,API did not return this material
mp-868385,API did not return this material
mp-766154,API did not return this material
mp-761752,API did not return this material
mp-780818,API did not return this material
mp-505265,API did not return this material
mp-773380,API did not return this material
mp-767985,API did not return this material
mp-766609,API did not return this material
mp-770976,API did not return this material
mp-763678,API did not return this material
mp-761624,API did not return this material
mp-764196,API did not return this material
mp-765874,API did not return this material
mp-764184,API did not return this material
mp-770174,API did not return this material
mp-654327,API did not return this material
mp-771581,API did not return this material
mp-566751,API did not return this material
mp-776839,API did not return this material
mp-765117,API did not return this material
mp-771555,API did not return this material
mp-779968,API did not return this material
mp-705606,API did not return this material
mp-647285,API did not return this material
mp-763996,API did not return this material
mp-19528,API did not return this material
mp-774138,API did not return this material
mp-777556,API did not return this material
mp-767700,API did not return this material
mp-763685,API did not return this material
mp-565798,API did not return this material
mp-850268,API did not return this material
mp-853145,API did not return this material
mp-775660,API did not return this material
mp-569868,API did not return this material
mp-771302,API did not return this material
mp-782679,API did not return this material
mp-31768,API did not return this material
mp-765610,API did not return this material
mp-24898,API did not return this material
mp-764256,API did not return this material
mp-763183,API did not return this material
mp-779194,API did not return this material
mp-776184,API did not return this material
mp-765703,API did not return this material
mp-778826,API did not return this material
mp-769757,API did not return this material
mp-767112,API did not return this material
mp-778914,API did not return this material
mp-766911,API did not return this material
mp-625571,API did not return this material
mp-868650,API did not return this material
mp-773747,API did not return this material
mp-705415,API did not return this material
mp-762071,API did not return this material
mp-775626,API did not return this material
mp-561829,API did not return this material
mp-779924,API did not return this material
mp-777424,API did not return this material
mp-763506,API did not return this material
mp-782712,API did not return this material
mp-851008,API did not return this material
mp-775652,API did not return this material
mp-566521,API did not return this material
mp-769904,API did not return this material
mp-765122,API did not return this material
mp-566233,API did not return this material
mp-763872,API did not return this material
mp-773240,API did not return this material
mp-744205,API did not return this material
mp-778060,API did not return this material
mp-769751,API did not return this material
mp-566179,API did not return this material
mp-763460,API did not return this material
mp-764576,API did not return this material
mp-771479,API did not return this material
mp-762530,API did not return this material
mp-779988,API did not return this material
mp-766865,API did not return this material
mp-770033,API did not return this material
mp-769834,API did not return this material
mp-764546,API did not return this material
mp-773708,API did not return this material
mp-25672,API did not return this material
mp-540719,API did not return this material
mp-561597,API did not return this material
mp-762566,API did not return this material
mp-763716,API did not return this material
mp-556420,API did not return this material
mp-762915,API did not return this material
mp-763846,API did not return this material
mp-771784,API did not return this material
mp-25131,API did not return this material
mp-773465,API did not return this material
mp-770243,API did not return this material
mp-616260,API did not return this material
mp-25190,API did not return this material
mp-770084,API did not return this material
mp-779840,API did not return this material
mp-32499,API did not return this material
mp-675553,API did not return this material
mp-765002,API did not return this material
mp-853247,API did not return this material
mp-13932,API did not return this material
mp-25775,API did not return this material
mp-769874,API did not return this material
mp-767010,API did not return this material
mp-767330,API did not return this material
mp-764314,API did not return this material
mp-767167,API did not return this material
mp-779182,API did not return this material
mp-565920,API did not return this material
mp-849238,API did not return this material
mp-762055,API did not return this material
mp-761729,API did not return this material
mp-764362,API did not return this material
mp-767289,API did not return this material
mp-780641,API did not return this material
mp-775605,API did not return this material
mp-772366,API did not return this material
mp-776188,API did not return this material
mp-777220,API did not return this material
mp-743882,API did not return this material
mp-25638,API did not return this material
mp-24861,API did not return this material
mp-772489,API did not return this material
mp-770253,API did not return this material
mp-776916,API did not return this material
mp-779839,API did not return this material
mp-780210,API did not return this material
mp-763245,API did not return this material
mp-560792,API did not return this material
mp-761678,API did not return this material
mp-540484,API did not return this material
mp-763260,API did not return this material
mp-772373,API did not return this material
mp-699553,API did not return this material
mp-762920,API did not return this material
mp-766762,API did not return this material
mp-764586,API did not return this material
mp-764713,API did not return this material
mp-776626,API did not return this material
mp-773286,API did not return this material
mp-767464,API did not return this material
mp-850080,API did not return this material
mp-764277,API did not return this material
mp-32479,API did not return this material
mp-770587,API did not return this material
mp-773439,API did not return this material
mp-636647,API did not return this material
mp-767226,API did not return this material
mp-554833,API did not return this material
mp-851279,API did not return this material
mp-763825,API did not return this material
mp-22259,API did not return this material
mp-765819,API did not return this material
mp-743198,API did not return this material
mp-853133,API did not return this material
mp-765727,API did not return this material
mp-766918,API did not return this material
mp-778642,API did not return this material
mp-766755,API did not return this material
mp-762705,API did not return this material
mp-763970,API did not return this material
mp-764482,API did not return this material
mp-764712,API did not return this material
mp-776622,API did not return this material
mp-781069,API did not return this material
mp-25734,API did not return this material
mp-762456,API did not return this material
mp-764755,API did not return this material
mp-763601,API did not return this material
mp-763030,API did not return this material
mp-769952,API did not return this material
mp-767103,API did not return this material
mp-778725,API did not return this material
mp-566902,API did not return this material
mp-762581,API did not return this material
mp-25736,API did not return this material
mp-779192,API did not return this material
mp-781735,API did not return this material
mp-763049,API did not return this material
mp-767152,API did not return this material
mp-761414,API did not return this material
mp-764018,API did not return this material
mp-769781,API did not return this material
mp-769769,API did not return this material
mp-851031,API did not return this material
mp-850522,API did not return this material
mp-764515,API did not return this material
mp-763913,API did not return this material
mp-762917,API did not return this material
mp-763971,API did not return this material
mp-868619,API did not return this material
mp-31930,API did not return this material
mp-769878,API did not return this material
mp-771205,API did not return this material
mp-743660,API did not return this material
mp-771369,API did not return this material
mp-25755,API did not return this material
mp-769793,API did not return this material
mp-25693,API did not return this material
mp-764705,API did not return this material
mp-540465,API did not return this material
mp-849565,API did not return this material
mp-556098,API did not return this material
mp-540458,API did not return this material
mp-557739,API did not return this material
mp-764316,API did not return this material
mp-782718,API did not return this material
mp-761996,API did not return this material
mp-769850,API did not return this material
mp-567062,API did not return this material
mp-769861,API did not return this material
mp-25135,API did not return this material
mp-761586,API did not return this material
mp-772362,API did not return this material
mp-853262,API did not return this material
mp-778714,API did not return this material
mp-676259,API did not return this material
mp-773337,API did not return this material
mp-782716,API did not return this material
mp-849675,API did not return this material
mp-25740,API did not return this material
mp-540254,API did not return this material
mp-868138,API did not return this material
mp-764553,API did not return this material
mp-771086,API did not return this material
mp-775104,API did not return this material
mp-762565,API did not return this material
mp-769426,API did not return this material
mp-764819,API did not return this material
mp-765936,API did not return this material
mp-776985,API did not return this material
mp-562321,API did not return this material
mp-771180,API did not return this material
mp-675015,API did not return this material
mp-25156,API did not return this material
mp-763230,API did not return this material
mp-781761,API did not return this material
mp-777315,API did not return this material
mp-851023,API did not return this material
mp-698638,API did not return this material
mp-646397,API did not return this material
mp-853181,API did not return this material
mp-25127,API did not return this material
mp-691123,API did not return this material
mp-771980,API did not return this material
mp-645218,API did not return this material
mp-626512,API did not return this material
mp-32106,API did not return this material
mp-541934,API did not return this material
mp-540522,API did not return this material
mp-705054,API did not return this material
mp-540436,API did not return this material
mp-1007866,API did not return this material
mp-768025,API did not return this material
mp-771228,API did not return this material
mp-761648,API did not return this material
mp-19704,API did not return this material
mp-780039,API did not return this material
mp-765854,API did not return this material
mp-549498,API did not return this material
mp-773930,API did not return this material
mp-767983,API did not return this material
mp-850771,API did not return this material
mp-764683,API did not return this material
mp-621730,API did not return this material
mp-762513,API did not return this material
mp-775347,API did not return this material
mp-850413,API did not return this material
mp-770162,API did not return this material
mp-777914,API did not return this material
mp-865197,API did not return this material
mp-773565,API did not return this material
mp-761612,API did not return this material
mp-32437,API did not return this material
mp-540125,API did not return this material
mp-850258,API did not return this material
mp-642250,API did not return this material
mp-770069,API did not return this material
mp-776858,API did not return this material
mp-540399,API did not return this material
mp-763121,API did not return this material
mp-652774,API did not return this material
mp-766115,API did not return this material
mp-762552,API did not return this material
mp-743964,API did not return this material
mp-763543,API did not return this material
mp-772490,API did not return this material
mp-767203,API did not return this material
mp-851039,API did not return this material
mp-777633,API did not return this material
mp-34650,API did not return this material
mp-763584,API did not return this material
mp-781067,API did not return this material
mp-867757,API did not return this material
mp-567084,API did not return this material
mp-764822,API did not return this material
mp-868583,API did not return this material
mp-565337,API did not return this material
mp-565960,API did not return this material
mp-775616,API did not return this material
mp-31632,API did not return this material
mp-565761,API did not return this material
mp-849532,API did not return this material
mp-764711,API did not return this material
mp-764136,API did not return this material
mp-773404,API did not return this material
mp-867625,API did not return this material
mp-25472,API did not return this material
mp-31832,API did not return this material
mp-779248,API did not return this material
mp-540430,API did not return this material
mp-773186,API did not return this material
mp-19577,API did not return this material
mp-761746,API did not return this material
mp-646538,API did not return this material
mp-764321,API did not return this material
mp-31851,API did not return this material
mp-767905,API did not return this material
mp-771629,API did not return this material
mp-868300,API did not return this material
mp-866739,API did not return this material
mp-566638,API did not return this material
mp-780031,API did not return this material
mp-32373,API did not return this material
mp-767263,API did not return this material
mp-762685,API did not return this material
mp-505012,API did not return this material
mp-34263,API did not return this material
mp-773445,API did not return this material
mp-540242,API did not return this material
mp-767067,API did not return this material
mp-773292,API did not return this material
mp-778785,API did not return this material
mp-583414,API did not return this material
mp-849668,API did not return this material
mp-765435,API did not return this material
mp-561616,API did not return this material
mp-761480,API did not return this material
mp-767056,API did not return this material
mp-777704,API did not return this material
mp-32379,API did not return this material
mp-71,formation_energy_per_atom is None
mp-762787,API did not return this material
mp-776263,API did not return this material
mp-868338,API did not return this material
mp-25709,API did not return this material
mp-540491,API did not return this material
mp-763137,API did not return this material
mp-19662,API did not return this material
mp-510551,API did not return this material
mp-763719,API did not return this material
mp-766989,API did not return this material
mp-763442,API did not return this material
mp-762680,API did not return this material
mp-556696,API did not return this material
mp-767596,API did not return this material
mp-762821,API did not return this material
mp-775071,API did not return this material
mp-770231,API did not return this material
mp-561972,API did not return this material
mp-32487,API did not return this material
mp-765005,API did not return this material
mp-764157,API did not return this material
mp-849950,API did not return this material
mp-23347,API did not return this material
mp-561164,API did not return this material
mp-765328,API did not return this material
mp-773280,API did not return this material
mp-763724,API did not return this material
mp-767021,API did not return this material
mp-771485,API did not return this material
mp-773537,API did not return this material
mp-565752,API did not return this material
mp-775647,API did not return this material
mp-771457,API did not return this material
mp-769701,API did not return this material
mp-768006,API did not return this material
mp-765123,API did not return this material
mp-769880,API did not return this material
mp-771689,API did not return this material
mp-779242,API did not return this material
mp-868260,API did not return this material
mp-616734,API did not return this material
mp-774120,API did not return this material
mp-25098,API did not return this material
mp-763867,API did not return this material
mp-770391,API did not return this material
mp-767959,API did not return this material
mp-779813,API did not return this material
mp-772685,API did not return this material
mp-773282,API did not return this material
mp-763297,API did not return this material
mp-566676,API did not return this material
mp-772683,API did not return this material
mp-868322,API did not return this material
mp-767283,API did not return this material
mp-769768,API did not return this material
mp-777023,API did not return this material
mp-565472,API did not return this material
mp-19581,API did not return this material
mp-675744,API did not return this material
mp-1668,API did not return this material
mp-868014,API did not return this material
mp-504618,API did not return this material
mp-767245,API did not return this material
mp-763708,API did not return this material
mp-769441,API did not return this material
mp-620979,API did not return this material
mp-769858,API did not return this material
mp-767132,API did not return this material
mp-850171,API did not return this material
mp-565246,API did not return this material
mp-851045,API did not return this material
mp-761476,API did not return this material
mp-762628,API did not return this material
mp-743178,API did not return this material
mp-771607,API did not return this material
mp-762398,API did not return this material
mp-771617,API did not return this material
mp-763906,API did not return this material
mp-773250,API did not return this material
mp-626087,API did not return this material
mp-32365,API did not return this material
mp-765101,API did not return this material
mp-866647,API did not return this material
mp-565819,API did not return this material
mp-579270,API did not return this material
mp-761782,API did not return this material
mp-780907,API did not return this material
mp-762473,API did not return this material
mp-25081,API did not return this material
mp-540329,API did not return this material
mp-762036,API did not return this material
mp-763877,API did not return this material
mp-772126,API did not return this material
mp-25637,API did not return this material
mp-705456,API did not return this material
mp-762582,API did not return this material
mp-24914,API did not return this material
mp-505677,API did not return this material
mp-763378,API did not return this material
mp-1008394,API did not return this material
mp-853195,API did not return this material
mp-778687,API did not return this material
mp-777695,API did not return this material
mp-540466,API did not return this material
mp-776136,API did not return this material
mp-771423,API did not return this material
mp-763713,API did not return this material
mp-715478,API did not return this material
mp-776623,API did not return this material
mp-849404,API did not return this material
mp-690244,API did not return this material
mp-774279,API did not return this material
mp-541217,API did not return this material
mp-764644,API did not return this material
mp-773226,API did not return this material
mp-763581,API did not return this material
mp-31939,API did not return this material
mp-764781,API did not return this material
mp-771553,API did not return this material
mp-761645,API did not return this material
mp-868529,API did not return this material
mp-762785,API did not return this material
mp-542660,API did not return this material
mp-771791,API did not return this material
mp-769912,API did not return this material
mp-704674,API did not return this material
mp-766669,API did not return this material
mp-778615,API did not return this material
mp-715008,API did not return this material
mp-1216,API did not return this material
mp-775516,API did not return this material
mp-777905,API did not return this material
mp-778316,API did not return this material
mp-767876,API did not return this material
mp-767453,API did not return this material
mp-540152,API did not return this material
mp-622170,API did not return this material
mp-764237,API did not return this material
mp-863919,API did not return this material
mp-853254,API did not return this material
mp-771273,API did not return this material
mp-633671,API did not return this material
mp-694857,API did not return this material
mp-771464,API did not return this material
mp-777105,API did not return this material
mp-541002,API did not return this material
mp-540277,API did not return this material
mp-695878,API did not return this material
mp-554751,API did not return this material
mp-761463,API did not return this material
mp-867689,API did not return this material
mp-777215,API did not return this material
mp-540704,API did not return this material
mp-19566,API did not return this material
mp-763747,API did not return this material
mp-763760,API did not return this material
mp-770605,API did not return this material
mp-24858,API did not return this material
mp-626221,API did not return this material
mp-765616,API did not return this material
mp-771509,API did not return this material
mp-34134,API did not return this material
mp-25485,API did not return this material
mp-775106,API did not return this material
mp-769729,API did not return this material
mp-771809,API did not return this material
mp-764893,API did not return this material
mp-763683,API did not return this material
mp-780887,API did not return this material
mp-763704,API did not return this material
mp-566012,API did not return this material
mp-763897,API did not return this material
mp-761621,API did not return this material
mp-743614,API did not return this material
mp-763926,API did not return this material
mp-652534,API did not return this material
mp-764353,API did not return this material
mp-25698,API did not return this material
mp-764215,API did not return this material
mp-22162,API did not return this material
mp-540761,API did not return this material
mp-773263,API did not return this material
mp-774124,API did not return this material
mp-761469,API did not return this material
mp-771798,API did not return this material
mp-705484,API did not return this material
mp-743731,API did not return this material
mp-769439,API did not return this material
mp-776876,API did not return this material
mp-776840,API did not return this material
mp-775715,API did not return this material
mp-766869,API did not return this material
mp-778627,API did not return this material
mp-19686,API did not return this material
mp-25152,API did not return this material
mp-778683,API did not return this material
mp-567225,API did not return this material
mp-36921,API did not return this material
mp-774085,API did not return this material
mp-540005,API did not return this material
mp-765120,API did not return this material
mp-771506,API did not return this material
mp-19640,API did not return this material
mp-561287,API did not return this material
mp-770087,API did not return this material
mp-769676,API did not return this material
mp-771213,API did not return this material
mp-761383,API did not return this material
mp-555001,API did not return this material
mp-743771,API did not return this material
mp-32047,API did not return this material
mp-24949,API did not return this material
mp-866728,API did not return this material
mp-776993,API did not return this material
mp-567145,API did not return this material
mp-560627,API did not return this material
mp-769746,API did not return this material
mp-565765,API did not return this material
mp-31551,API did not return this material
mp-778357,API did not return this material
mp-771779,API did not return this material
mp-764015,API did not return this material
mp-765367,API did not return this material
mp-763028,API did not return this material
mp-25030,API did not return this material
mp-762774,API did not return this material
mp-765143,API did not return this material
mp-780143,API did not return this material
mp-764089,API did not return this material
mp-771844,API did not return this material
mp-698600,API did not return this material
mp-31922,API did not return this material
mp-743538,API did not return this material
mp-764431,API did not return this material
mp-772603,API did not return this material
mp-769661,API did not return this material
mp-771071,API did not return this material
mp-777078,API did not return this material
mp-765649,API did not return this material
mp-761603,API did not return this material
mp-773770,API did not return this material
mp-762532,API did not return this material
mp-775542,API did not return this material
mp-17578,API did not return this material
mp-780443,API did not return this material
mp-557852,API did not return this material
mp-766904,API did not return this material
mp-762488,API did not return this material
mp-770086,API did not return this material
mp-868331,API did not return this material
mp-641845,API did not return this material
mp-781125,API did not return this material
mp-565549,API did not return this material
mp-761394,API did not return this material
mp-763112,API did not return this material
mp-850917,API did not return this material
mp-770613,API did not return this material
mp-777092,API did not return this material
mp-761991,API did not return this material
mp-762869,API did not return this material
mp-850403,API did not return this material
mp-765445,API did not return this material
mp-761340,API did not return this material
mp-767460,API did not return this material
mp-566620,API did not return this material
mp-774144,API did not return this material
mp-769730,API did not return this material
mp-773420,API did not return this material
mp-551157,API did not return this material
mp-764221,API did not return this material
mp-638406,API did not return this material
mp-764412,API did not return this material
mp-763823,API did not return this material
mp-853190,API did not return this material
mp-775681,API did not return this material
mp-550086,API did not return this material
mp-761995,API did not return this material
mp-31564,API did not return this material
mp-619820,API did not return this material
mp-767640,API did not return this material
mp-777081,API did not return this material
mp-764922,API did not return this material
mp-769980,API did not return this material
mp-775574,API did not return this material
mp-540161,API did not return this material
mp-850471,API did not return this material
mp-777120,API did not return this material
mp-19582,API did not return this material
mp-850370,API did not return this material
mp-770034,API did not return this material
mp-19602,API did not return this material
mp-743779,API did not return this material
mp-762913,API did not return this material
mp-772349,API did not return this material
mp-772401,API did not return this material
mp-769805,API did not return this material
mp-761778,API did not return this material
mp-772488,API did not return this material
mp-762770,API did not return this material
mp-566856,API did not return this material
mp-763593,API did not return this material
mp-761442,API did not return this material
mp-775081,API did not return this material
mp-777708,API did not return this material
mp-778332,API did not return this material
mp-19592,API did not return this material
mp-765315,API did not return this material
mp-542076,API did not return this material
mp-761753,API did not return this material
mp-773610,API did not return this material
mp-619456,API did not return this material
mp-849355,API did not return this material
mp-868324,API did not return this material
mp-776914,API did not return this material
mp-767643,API did not return this material
mp-767327,API did not return this material
mp-566135,API did not return this material
mp-771459,API did not return this material
mp-28281,API did not return this material
mp-621864,API did not return this material
mp-763798,API did not return this material
mp-771929,API did not return this material
mp-540260,API did not return this material
mp-622501,API did not return this material
mp-32524,API did not return this material
mp-762000,API did not return this material
mp-767695,API did not return this material
mp-25059,API did not return this material
mp-780009,API did not return this material
mp-25603,API did not return this material
mp-557794,API did not return this material
mp-541605,API did not return this material
mp-765548,API did not return this material
mp-555717,API did not return this material
mp-770238,API did not return this material
mp-561864,API did not return this material
mp-764839,API did not return this material
mp-25008,API did not return this material
mp-620924,API did not return this material
mp-779934,API did not return this material
mp-764812,API did not return this material
mp-566590,API did not return this material
mp-763179,API did not return this material
mp-24887,API did not return this material
mp-510559,API did not return this material
mp-705120,API did not return this material
mp-675644,API did not return this material
mp-565594,API did not return this material
mp-767143,API did not return this material
mp-31776,API did not return this material
mp-763827,API did not return this material
mp-849347,API did not return this material
mp-772329,API did not return this material
mp-779966,API did not return this material
mp-850073,API did not return this material
mp-541186,API did not return this material
mp-559078,API did not return this material
mp-772731,API did not return this material
mp-771572,API did not return this material
mp-733656,API did not return this material
mp-764472,API did not return this material
mp-779393,API did not return this material
mp-773802,API did not return this material
mp-773956,API did not return this material
mp-781075,API did not return this material
mp-778345,API did not return this material
mp-777079,API did not return this material
mp-772358,API did not return this material
mp-761328,API did not return this material
mp-566560,API did not return this material
mp-763766,API did not return this material
mp-642482,API did not return this material
mp-849438,API did not return this material
mp-745180,API did not return this material
mp-775620,API did not return this material
mp-771501,API did not return this material
mp-777869,API did not return this material
mp-763977,API did not return this material
mp-867168,API did not return this material
mp-767230,API did not return this material
mp-776842,API did not return this material
mp-764338,API did not return this material
mp-761613,API did not return this material
mp-773441,API did not return this material
mp-767338,API did not return this material
mp-25706,API did not return this material
mp-853227,API did not return this material
mp-763302,API did not return this material
mp-868649,API did not return this material
mp-778027,API did not return this material
mp-761504,API did not return this material
mp-141,API did not return this material
mp-771067,API did not return this material
mp-767026,API did not return this material
mp-567280,API did not return this material
mp-777238,API did not return this material
mp-779254,API did not return this material
mp-776937,API did not return this material
mp-25785,API did not return this material
mp-778024,API did not return this material
mp-850078,API did not return this material
mp-569740,API did not return this material
mp-24988,API did not return this material
mp-505305,API did not return this material
mp-868609,API did not return this material
mp-25160,API did not return this material
mp-771600,API did not return this material
mp-762656,API did not return this material
mp-777872,API did not return this material
mp-763304,API did not return this material
mp-853143,API did not return this material
mp-13344,API did not return this material
mp-770914,API did not return this material
mp-769902,API did not return this material
mp-868359,API did not return this material
mp-781180,API did not return this material
mp-763520,API did not return this material
mp-774130,API did not return this material
mp-762793,API did not return this material
mp-769641,API did not return this material
mp-778356,API did not return this material
mp-853257,API did not return this material
mp-566867,API did not return this material
mp-780591,API did not return this material
mp-782705,API did not return this material
mp-767794,API did not return this material
mp-686909,API did not return this material
mp-541432,API did not return this material
mp-849598,API did not return this material
mp-775060,API did not return this material
mp-763151,API did not return this material
mp-773979,API did not return this material
mp-764301,API did not return this material
mp-773407,API did not return this material
mp-540123,API did not return this material
mp-780505,API did not return this material
mp-565430,API did not return this material
mp-761701,API did not return this material
mp-868328,API did not return this material
mp-19533,API did not return this material
mp-765787,API did not return this material
mp-774080,API did not return this material
mp-850098,API did not return this material
mp-766853,API did not return this material
mp-772473,API did not return this material
mp-771602,API did not return this material
mp-769786,API did not return this material
mp-25639,API did not return this material
mp-868350,API did not return this material
mp-25554,API did not return this material
mp-565319,API did not return this material
mp-777139,API did not return this material
mp-767941,API did not return this material
mp-775047,API did not return this material
mp-771532,API did not return this material
mp-763354,API did not return this material
mp-566482,API did not return this material
mp-761619,API did not return this material
mp-565714,API did not return this material
mp-769728,API did not return this material
mp-772378,API did not return this material
mp-767816,API did not return this material
mp-770784,API did not return this material
mp-867943,API did not return this material
mp-767648,API did not return this material
mp-762888,API did not return this material
mp-775790,API did not return this material
mp-769718,API did not return this material
mp-764199,API did not return this material
mp-25540,API did not return this material
mp-777038,API did not return this material
mp-767356,API did not return this material
mp-771433,API did not return this material
mp-779240,API did not return this material
mp-31663,API did not return this material
mp-771374,API did not return this material
mp-771927,API did not return this material
mp-763470,API did not return this material
mp-853198,API did not return this material
mp-764490,API did not return this material
mp-777203,API did not return this material
mp-32062,API did not return this material
mp-772446,API did not return this material
mp-25091,API did not return this material
mp-773318,API did not return this material
mp-764695,API did not return this material
mp-762904,API did not return this material
mp-763622,API did not return this material
mp-567176,API did not return this material
mp-763011,API did not return this material
mp-780829,API did not return this material
mp-743607,API did not return this material
mp-762779,API did not return this material
mp-763620,API did not return this material
mp-765919,API did not return this material
mp-763408,API did not return this material
mp-778868,API did not return this material
mp-767102,API did not return this material
mp-565386,API did not return this material
mp-766063,API did not return this material
mp-761719,API did not return this material
mp-566709,API did not return this material
mp-765327,API did not return this material
mp-769903,API did not return this material
mp-868321,API did not return this material
mp-850010,API did not return this material
mp-763770,API did not return this material
mp-777702,API did not return this material
mp-761635,API did not return this material
mp-31571,API did not return this material
mp-1098,API did not return this material
mp-775682,API did not return this material
mp-771753,API did not return this material
mp-705412,API did not return this material
mp-776515,API did not return this material
mp-765978,API did not return this material
mp-853260,API did not return this material
mp-780635,API did not return this material
mp-780041,API did not return this material
mp-779186,API did not return this material
mp-565704,API did not return this material
mp-764697,API did not return this material
mp-767857,API did not return this material
mp-565249,API did not return this material
mp-24981,API did not return this material
mp-697925,API did not return this material
mp-763050,API did not return this material
mp-763576,API did not return this material
mp-705491,API did not return this material
mp-762377,API did not return this material
mp-771128,API did not return this material
mp-762040,API did not return this material
mp-565353,API did not return this material
mp-745166,API did not return this material
mp-32001,API did not return this material
mp-771732,API did not return this material
mp-765667,API did not return this material
mp-763527,API did not return this material
mp-767799,API did not return this material
mp-781774,API did not return this material
mp-780018,API did not return this material
mp-761970,API did not return this material
mp-777318,API did not return this material
mp-540007,API did not return this material
mp-552787,API did not return this material
mp-25634,API did not return this material
mp-780161,API did not return this material
mp-773290,API did not return this material
mp-714873,API did not return this material
mp-773675,API did not return this material
mp-777223,API did not return this material
mp-565530,API did not return this material
mp-772251,API did not return this material
mp-763556,API did not return this material
mp-504123,API did not return this material
mp-622217,API did not return this material
mp-864767,API did not return this material
mp-764902,API did not return this material
mp-778726,API did not return this material
mp-765728,API did not return this material
mp-504923,API did not return this material
mp-25154,API did not return this material
mp-543072,API did not return this material
mp-867528,API did not return this material
mp-771858,API did not return this material
mp-763743,API did not return this material
mp-764597,API did not return this material
mp-548505,API did not return this material
mp-761445,API did not return this material
mp-566883,API did not return this material
mp-868262,API did not return this material
mp-776766,API did not return this material
mp-765696,API did not return this material
mp-764366,API did not return this material
mp-765801,API did not return this material
mp-763750,API did not return this material
mp-25044,API did not return this material
mp-766910,API did not return this material
mp-540479,API did not return this material
mp-772585,API did not return this material
mp-770204,API did not return this material
mp-769747,API did not return this material
mp-764060,API did not return this material
mp-776855,API did not return this material
mp-770326,API did not return this material
mp-763478,API did not return this material
mp-761461,API did not return this material
mp-767736,API did not return this material
mp-764632,API did not return this material
mp-775611,API did not return this material
mp-645593,API did not return this material
mp-540153,API did not return this material
mp-782702,API did not return this material
mp-769745,API did not return this material
mp-771535,API did not return this material
mp-868601,API did not return this material
mp-625917,API did not return this material
mp-570278,API did not return this material
mp-771415,API did not return this material
mp-626369,API did not return this material
mp-773922,API did not return this material
mp-744081,API did not return this material
mp-778899,API did not return this material
mp-19626,API did not return this material
mp-19644,API did not return this material
mp-33432,API did not return this material
mp-780830,API did not return this material
mp-541649,API did not return this material
mp-771564,API did not return this material
mp-541038,API did not return this material
mp-19668,API did not return this material
mp-31806,API did not return this material
mp-770255,API did not return this material
mp-585209,API did not return this material
mp-615884,API did not return this material
mp-699426,API did not return this material
mp-764810,API did not return this material
mp-770056,API did not return this material
mp-770202,API did not return this material
mp-764093,API did not return this material
mp-770122,API did not return this material
mp-542932,API did not return this material
mp-690526,API did not return this material
mp-780205,API did not return this material
mp-624572,API did not return this material
mp-775614,API did not return this material
mp-767052,API did not return this material
mp-765075,API did not return this material
mp-565320,API did not return this material
mp-868420,API did not return this material
mp-765366,API did not return this material
mp-632990,API did not return this material
mp-763097,API did not return this material
mp-779925,API did not return this material
mp-764168,API did not return this material
mp-19525,API did not return this material
mp-19650,API did not return this material
mp-767168,API did not return this material
mp-565380,API did not return this material
mp-763158,API did not return this material
mp-25675,API did not return this material
mp-762883,API did not return this material
mp-763413,API did not return this material
mp-675912,API did not return this material
mp-19535,API did not return this material
mp-31773,API did not return this material
mp-25782,API did not return this material
mp-779199,API did not return this material
mp-770241,API did not return this material
mp-540264,API did not return this material
mp-567070,API did not return this material
mp-771935,API did not return this material
mp-767811,API did not return this material
mp-769437,API did not return this material
mp-764986,API did not return this material
mp-611393,API did not return this material
mp-778637,API did not return this material
mp-579128,API did not return this material
mp-771677,API did not return this material
mp-866645,API did not return this material
mp-767682,API did not return this material
mp-776190,API did not return this material
mp-767117,API did not return this material
mp-851006,API did not return this material
mp-761431,API did not return this material
mp-762561,API did not return this material
mp-761722,API did not return this material
mp-578953,API did not return this material
mp-868581,API did not return this material
mp-31933,API did not return this material
mp-765557,API did not return this material
mp-762468,API did not return this material
mp-567135,API did not return this material
mp-773539,API did not return this material
mp-769847,API did not return this material
mp-849475,API did not return this material
mp-770037,API did not return this material
mp-25013,API did not return this material
mp-764907,API did not return this material
mp-25192,API did not return this material
mp-761981,API did not return this material
mp-19574,API did not return this material
mp-764689,API did not return this material
mp-540180,API did not return this material
mp-867839,API did not return this material
mp-560237,API did not return this material
mp-32119,API did not return this material
mp-540073,API did not return this material
mp-541392,API did not return this material
mp-24876,API did not return this material
mp-764960,API did not return this material
mp-565626,API did not return this material
mp-763366,API did not return this material
mp-769884,API did not return this material
mp-767728,API did not return this material
mp-763130,API did not return this material
mp-763688,API did not return this material
mp-778336,API did not return this material
mp-864676,API did not return this material
mp-770277,API did not return this material
mp-770102,API did not return this material
mp-773368,API did not return this material
mp-765743,API did not return this material
mp-767913,API did not return this material
mp-780782,API did not return this material
mp-565539,API did not return this material
mp-775449,API did not return this material
mp-763886,API did not return this material
mp-779826,API did not return this material
mp-775526,API did not return this material
mp-743613,API did not return this material
mp-765229,API did not return this material
mp-24868,API did not return this material
mp-763093,API did not return this material
mp-762426,API did not return this material
mp-780905,API did not return this material
mp-774093,API did not return this material
mp-761738,API did not return this material
mp-778788,API did not return this material
mp-771116,API did not return this material
mp-566001,API did not return this material
mp-616668,API did not return this material
mp-771203,API did not return this material
mp-504222,API did not return this material
mp-568561,API did not return this material
mp-25605,API did not return this material
mp-773999,API did not return this material
mp-773234,API did not return this material
mp-744149,API did not return this material
mp-566457,API did not return this material
mp-566285,API did not return this material
mp-775746,API did not return this material
mp-772371,API did not return this material
mp-767160,API did not return this material
mp-853265,API did not return this material
mp-849431,API did not return this material
mp-771109,API did not return this material
mp-775521,API did not return this material
mp-769758,API did not return this material
mp-23310,API did not return this material
mp-769843,API did not return this material
mp-772458,API did not return this material
mp-765202,API did not return this material
mp-761309,API did not return this material
mp-777966,API did not return this material
mp-24940,API did not return this material
mp-777094,API did not return this material
mp-775562,API did not return this material
mp-565254,API did not return this material
mp-763080,API did not return this material
mp-583771,API did not return this material
mp-763702,API did not return this material
mp-764359,API did not return this material
mp-761297,API did not return this material
mp-849217,API did not return this material
mp-771178,API did not return this material
mp-775078,API did not return this material
mp-767444,API did not return this material
mp-764331,API did not return this material
mp-25606,API did not return this material
mp-565587,API did not return this material
mp-769823,API did not return this material
mp-774090,API did not return this material
mp-762815,API did not return this material
mp-775494,API did not return this material
mp-633143,API did not return this material
mp-766632,API did not return this material
mp-765434,API did not return this material
mp-764833,API did not return this material
mp-853214,API did not return this material
mp-764469,API did not return this material
mp-775308,API did not return this material
mp-763880,API did not return this material
mp-743860,API did not return this material
mp-777311,API did not return this material
mp-765267,API did not return this material
mp-761664,API did not return this material
mp-776803,API did not return this material
mp-676767,API did not return this material
mp-767856,API did not return this material
mp-768002,API did not return this material
mp-780032,API did not return this material
mp-769749,API did not return this material
mp-767344,API did not return this material
mp-765835,API did not return this material
mp-778279,API did not return this material
mp-779941,API did not return this material
mp-779992,API did not return this material
mp-767693,API did not return this material
mp-773302,API did not return this material
mp-765519,API did not return this material
mp-777627,API did not return this material
mp-765952,API did not return this material
mp-565513,API did not return this material
mp-775235,API did not return this material
mp-863852,API did not return this material
mp-772070,API did not return this material
mp-540450,API did not return this material
mp-773235,API did not return this material
mp-773974,API did not return this material
mp-24952,API did not return this material
mp-863881,API did not return this material
mp-773690,API did not return this material
mp-849216,API did not return this material
mp-764628,API did not return this material
mp-13027,API did not return this material
mp-565846,API did not return this material
mp-776707,API did not return this material
mp-781904,API did not return this material
mp-763857,API did not return this material
mp-779173,API did not return this material
mp-768018,API did not return this material
mp-775510,API did not return this material
mp-853274,API did not return this material
mp-764834,API did not return this material
mp-35690,API did not return this material
mp-565454,API did not return this material
mp-542760,API did not return this material
mp-25092,API did not return this material
mp-761636,API did not return this material
mp-767987,API did not return this material
mp-764650,API did not return this material
mp-850437,API did not return this material
mp-775515,API did not return this material
mp-566830,API did not return this material
mp-767332,API did not return this material
mp-766659,API did not return this material
mp-2806,API did not return this material
mp-763732,API did not return this material
mp-849254,API did not return this material
mp-567034,API did not return this material
mp-761378,API did not return this material
mp-683906,API did not return this material
mp-763939,API did not return this material
mp-31578,API did not return this material
mp-764829,API did not return this material
mp-762434,API did not return this material
mp-759861,API did not return this material
mp-510303,API did not return this material
mp-19646,API did not return this material
mp-776918,API did not return this material
mp-554954,API did not return this material
mp-24934,API did not return this material
mp-690110,API did not return this material
mp-780770,API did not return this material
mp-762453,API did not return this material
mp-850997,API did not return this material
mp-780745,API did not return this material
mp-24892,API did not return this material
mp-25776,API did not return this material
mp-603613,API did not return this material
mp-540311,API did not return this material
mp-704123,API did not return this material
mp-761479,API did not return this material
mp-780756,API did not return this material
mp-767823,API did not return this material
mp-778894,API did not return this material
mp-42160,API did not return this material
mp-768048,API did not return this material
mp-777434,API did not return this material
mp-565335,API did not return this material
mp-25793,API did not return this material
mp-770483,API did not return this material
mp-770063,API did not return this material
mp-31692,API did not return this material
mp-765923,API did not return this material
mp-763382,API did not return this material
mp-764947,API did not return this material
mp-635322,API did not return this material
mp-19654,API did not return this material
mp-773772,API did not return this material
mp-771601,API did not return this material
mp-868358,API did not return this material
mp-775236,API did not return this material
mp-770054,API did not return this material
mp-772394,API did not return this material
mp-25742,API did not return this material
mp-540275,API did not return this material
mp-566722,API did not return this material
mp-771561,API did not return this material
mp-762296,API did not return this material
mp-764351,API did not return this material
mp-705308,API did not return this material
mp-762800,API did not return this material
mp-24993,API did not return this material
mp-773273,API did not return this material
mp-778823,API did not return this material
mp-773342,API did not return this material
mp-777149,API did not return this material
mp-768005,API did not return this material
mp-25105,API did not return this material
mp-763890,API did not return this material
mp-24982,API did not return this material
mp-531712,API did not return this material
mp-540164,API did not return this material
mp-865136,API did not return this material
mp-19607,API did not return this material
mp-868136,API did not return this material
mp-763925,API did not return this material
mp-541416,API did not return this material
mp-566059,API did not return this material
mp-761652,API did not return this material
mp-763997,API did not return this material
mp-777148,API did not return this material
mp-767978,API did not return this material
mp-603959,API did not return this material
mp-770185,API did not return this material
mp-31550,API did not return this material
mp-775540,API did not return this material
mp-32327,API did not return this material
mp-867334,API did not return this material
mp-767982,API did not return this material
mp-772684,API did not return this material
mp-569876,API did not return this material
mp-705765,API did not return this material
mp-541762,API did not return this material
mp-763938,API did not return this material
mp-762005,API did not return this material
mp-566989,API did not return this material
mp-565830,API did not return this material
mp-778689,API did not return this material
mp-868760,API did not return this material
mp-777046,API did not return this material
mp-782703,API did not return this material
mp-32322,API did not return this material
mp-1020754,API did not return this material
mp-567037,API did not return this material
mp-652001,API did not return this material
mp-762627,API did not return this material
mp-767343,API did not return this material
mp-541435,API did not return this material
mp-773219,API did not return this material
mp-763863,API did not return this material
mp-616604,API did not return this material
mp-31575,API did not return this material
mp-744347,API did not return this material
mp-647553,API did not return this material
mp-775703,API did not return this material
mp-780597,API did not return this material
mp-770398,API did not return this material
mp-558161,API did not return this material
mp-559117,API did not return this material
mp-775343,API did not return this material
mp-779983,API did not return this material
mp-31870,API did not return this material
mp-765906,API did not return this material
mp-762771,API did not return this material
mp-767909,API did not return this material
mp-850494,API did not return this material
mp-25102,API did not return this material
mp-31526,API did not return this material
mp-777140,API did not return this material
mp-853268,API did not return this material
mp-540318,API did not return this material
mp-780888,API did not return this material
mp-762796,API did not return this material
mp-19588,API did not return this material
mp-767040,API did not return this material
mp-542836,API did not return this material
mp-763966,API did not return this material
mp-765128,API did not return this material
mp-781179,API did not return this material
mp-773237,API did not return this material
mp-764303,API did not return this material
mp-761375,API did not return this material
mp-706805,API did not return this material
mp-997554,API did not return this material
mp-778926,API did not return this material
mp-745115,API did not return this material
mp-25497,API did not return this material
mp-542009,API did not return this material
mp-773306,API did not return this material
mp-776745,API did not return this material
mp-764830,API did not return this material
mp-775623,API did not return this material
mp-764270,API did not return this material
mp-767868,API did not return this material
mp-781687,API did not return this material
mp-765334,API did not return this material
mp-764214,API did not return this material
mp-863864,API did not return this material
mp-504870,API did not return this material
mp-780899,API did not return this material
mp-765826,API did not return this material
mp-772443,API did not return this material
mp-762703,API did not return this material
mp-767209,API did not return this material
mp-31795,API did not return this material
mp-764266,API did not return this material
mp-764158,API did not return this material
mp-620862,API did not return this material
mp-780209,API did not return this material
mp-776723,API did not return this material
mp-770297,API did not return this material
mp-763953,API did not return this material
mp-767842,API did not return this material
mp-775789,API did not return this material
mp-771859,API did not return this material
mp-19700,API did not return this material
mp-773269,API did not return this material
mp-761749,API did not return this material
mp-3204,API did not return this material
mp-762396,API did not return this material
mp-853253,API did not return this material
mp-782704,API did not return this material
mp-767164,API did not return this material
mp-25169,API did not return this material
mp-559418,API did not return this material
mp-776789,API did not return this material
mp-851047,API did not return this material
mp-771100,API did not return this material
mp-868265,API did not return this material
mp-25795,API did not return this material
mp-566000,API did not return this material
mp-565650,API did not return this material
mp-765183,API did not return this material
mp-690504,API did not return this material
mp-778625,API did not return this material
mp-771418,API did not return this material
mp-868530,API did not return this material
mp-25571,API did not return this material
mp-647180,API did not return this material
mp-763786,API did not return this material
mp-567904,API did not return this material
mp-745104,API did not return this material
mp-765462,API did not return this material
mp-32455,API did not return this material
mp-767307,API did not return this material
mp-777947,API did not return this material
mp-773214,API did not return this material
mp-743636,API did not return this material
mp-714961,API did not return this material
mp-770099,API did not return this material
mp-763694,API did not return this material
mp-777305,API did not return this material
mp-24989,API did not return this material
mp-779183,API did not return this material
mp-541457,API did not return this material
mp-763077,API did not return this material
mp-616702,API did not return this material
mp-868146,API did not return this material
mp-771653,API did not return this material
mp-762805,API did not return this material
mp-767033,API did not return this material
mp-767097,API did not return this material
mp-25507,API did not return this material
mp-767023,API did not return this material
mp-774140,API did not return this material
mp-771933,API did not return this material
mp-562728,API did not return this material
mp-566314,API did not return this material
mp-767800,API did not return this material
mp-849400,API did not return this material
mp-565232,API did not return this material
mp-762291,API did not return this material
mp-622115,API did not return this material
mp-770057,API did not return this material
mp-579296,API did not return this material
mp-849515,API did not return this material
mp-640531,API did not return this material
mp-565592,API did not return this material
mp-780903,API did not return this material
mp-561879,API did not return this material
mp-763753,API did not return this material
mp-3800,API did not return this material
mp-764680,API did not return this material
mp-705069,API did not return this material
mp-698685,API did not return this material
mp-777196,API did not return this material
mp-19575,API did not return this material
mp-705511,API did not return this material
mp-770224,API did not return this material
mp-25765,API did not return this material
mp-772304,API did not return this material
mp-761316,API did not return this material
mp-767195,API did not return this material
mp-32415,API did not return this material
mp-780919,API did not return this material
mp-773716,API did not return this material
mp-541476,API did not return this material
mp-578912,API did not return this material
mp-565540,API did not return this material
mp-636571,API did not return this material
mp-686905,API did not return this material
mp-762308,API did not return this material
mp-764526,API did not return this material
mp-765925,API did not return this material
mp-771621,API did not return this material
mp-763287,API did not return this material
mp-763572,API did not return this material
mp-771497,API did not return this material
mp-541122,API did not return this material
mp-761330,API did not return this material
mp-25633,API did not return this material
mp-765708,API did not return this material
mp-612362,API did not return this material
mp-705482,API did not return this material
mp-853158,API did not return this material
mp-566895,API did not return this material
mp-25794,API did not return this material
mp-772367,API did not return this material
mp-763385,API did not return this material
mp-772593,API did not return this material
mp-562575,API did not return this material
mp-780215,API did not return this material
mp-771491,API did not return this material
mp-767492,API did not return this material
mp-763180,API did not return this material
mp-766149,API did not return this material
mp-566404,API did not return this material
mp-25600,API did not return this material
mp-540967,API did not return this material
mp-771758,API did not return this material
mp-776939,API did not return this material
mp-769968,API did not return this material
mp-767581,API did not return this material
mp-850113,API did not return this material
mp-25750,API did not return this material
mp-780549,API did not return this material
mp-762809,API did not return this material
mp-566418,API did not return this material
mp-675537,API did not return this material
mp-763891,API did not return this material
mp-765438,API did not return this material
mp-762899,API did not return this material
mp-849288,API did not return this material
mp-699377,API did not return this material
mp-770110,API did not return this material
mp-504858,API did not return this material
mp-761360,API did not return this material
mp-25753,API did not return this material
mp-764489,API did not return this material
mp-765028,API did not return this material
mp-633474,API did not return this material
mp-32472,API did not return this material
mp-766144,API did not return this material
mp-556900,API did not return this material
mp-773357,API did not return this material
mp-18367,API did not return this material
mp-766861,API did not return this material
mp-32056,API did not return this material
mp-764756,API did not return this material
mp-773210,API did not return this material
mp-769432,API did not return this material
mp-763769,API did not return this material
mp-773396,API did not return this material
mp-773347,API did not return this material
mp-763474,API did not return this material
mp-557613,API did not return this material
mp-770986,API did not return this material
mp-761470,API did not return this material
mp-768029,API did not return this material
mp-25103,API did not return this material
mp-505026,API did not return this material
mp-769791,API did not return this material
mp-765326,API did not return this material
mp-780547,API did not return this material
mp-782687,API did not return this material
mp-767182,API did not return this material
mp-767663,API did not return this material
mp-617871,API did not return this material
mp-762199,API did not return this material
mp-763695,API did not return this material
mp-770971,API did not return this material
mp-780554,API did not return this material
mp-771666,API did not return this material
mp-765182,API did not return this material
mp-25557,API did not return this material
mp-764373,API did not return this material
mp-778597,API did not return this material
mp-690125,API did not return this material
mp-565329,API did not return this material
mp-565403,API did not return this material
mp-744226,API did not return this material
mp-767483,API did not return this material
mp-25107,API did not return this material
mp-763276,API did not return this material
mp-772694,API did not return this material
mp-561699,API did not return this material
mp-561330,API did not return this material
mp-704727,API did not return this material
mp-763728,API did not return this material
mp-32117,API did not return this material
mp-766155,API did not return this material
mp-850361,API did not return this material
mp-25556,API did not return this material
mp-25536,API did not return this material
mp-773322,API did not return this material
mp-867730,API did not return this material
mp-675578,API did not return this material
mp-849453,API did not return this material
mp-762813,API did not return this material
mp-780093,API did not return this material
mp-25596,API did not return this material
mp-773293,API did not return this material
mp-561262,API did not return this material
mp-554694,API did not return this material
mp-763374,API did not return this material
mp-24855,API did not return this material
mp-780685,API did not return this material
mp-559408,API did not return this material
mp-765013,API did not return this material
mp-853221,API did not return this material
mp-554891,API did not return this material
mp-776049,API did not return this material
mp-570527,API did not return this material
mp-762399,API did not return this material
mp-773621,API did not return this material
mp-772009,API did not return this material
mp-762717,API did not return this material
mp-601806,API did not return this material
mp-770150,API did not return this material
mp-763624,API did not return this material
mp-761373,API did not return this material
mp-762204,API did not return this material
mp-765772,API did not return this material
mp-557291,API did not return this material
mp-764064,API did not return this material
mp-850968,API did not return this material
mp-771983,API did not return this material
mp-765882,API did not return this material
mp-625295,API did not return this material
mp-567326,API did not return this material
mp-851213,API did not return this material
mp-767463,API did not return this material
mp-762716,API did not return this material
mp-762405,API did not return this material
mp-781703,API did not return this material
mp-504665,API did not return this material
mp-764543,API did not return this material
mp-850974,API did not return this material
mp-565446,API did not return this material
mp-765540,API did not return this material
mp-25017,API did not return this material
mp-25646,API did not return this material
mp-542798,API did not return this material
mp-762797,API did not return this material
mp-867884,API did not return this material
mp-566222,API did not return this material
mp-764261,API did not return this material
mp-25584,API did not return this material
mp-766774,API did not return this material
mp-542983,API did not return this material
mp-744285,API did not return this material
mp-763070,API did not return this material
mp-617172,API did not return this material
mp-868267,API did not return this material
mp-763532,API did not return this material
mp-766927,API did not return this material
mp-781783,API did not return this material
mp-19703,API did not return this material
mp-540025,API did not return this material
mp-775568,API did not return this material
mp-761321,API did not return this material
mp-764406,API did not return this material
mp-566706,API did not return this material
mp-765623,API did not return this material
mp-25057,API did not return this material
mp-850488,API did not return this material
mp-761392,API did not return this material
mp-763544,API did not return this material
mp-771469,API did not return this material
mp-771430,API did not return this material
mp-765263,API did not return this material
mp-687057,API did not return this material
mp-867712,API did not return this material
mp-776856,API did not return this material
mp-767664,API did not return this material
mp-764101,API did not return this material
mp-565750,API did not return this material
mp-767206,API did not return this material
mp-778746,API did not return this material
mp-25748,API did not return this material
mp-763579,API did not return this material
mp-777077,API did not return this material
mp-505428,API did not return this material
mp-868375,API did not return this material
mp-773327,API did not return this material
mp-1019577,API did not return this material
mp-770066,API did not return this material
mp-781058,API did not return this material
mp-764592,API did not return this material
mp-24950,API did not return this material
mp-767311,API did not return this material
mp-31777,API did not return this material
mp-764113,API did not return this material
mp-782681,API did not return this material
mp-778712,API did not return this material
mp-773256,API did not return this material
mp-761484,API did not return this material
mp-640859,API did not return this material
mp-763632,API did not return this material
mp-25774,API did not return this material
mp-566892,API did not return this material
mp-771103,API did not return this material
mp-777072,API did not return this material
mp-565991,API did not return this material
mp-777604,API did not return this material
mp-697861,API did not return this material
mp-31853,API did not return this material
mp-773776,API did not return this material
mp-782711,API did not return this material
mp-850929,API did not return this material
mp-767090,API did not return this material
mp-762872,API did not return this material
mp-776853,API did not return this material
mp-851070,API did not return this material
mp-675677,API did not return this material
mp-765215,API did not return this material
mp-761451,API did not return this material
mp-33500,API did not return this material
mp-769891,API did not return this material
mp-19667,API did not return this material
mp-863878,API did not return this material
mp-763774,API did not return this material
mp-19104,API did not return this material
mp-763392,API did not return this material
mp-565220,API did not return this material
mp-764762,API did not return this material
mp-761491,API did not return this material
mp-763978,API did not return this material
mp-32507,API did not return this material
mp-763873,API did not return this material
mp-771084,API did not return this material
mp-769946,API did not return this material
mp-19598,API did not return this material
mp-767808,API did not return this material
mp-771494,API did not return this material
mp-769866,API did not return this material
mp-541452,API did not return this material
mp-32518,API did not return this material
mp-780584,API did not return this material
mp-774104,API did not return this material
mp-773964,API did not return this material
mp-25037,API did not return this material
mp-25569,API did not return this material
mp-849653,API did not return this material
mp-542842,API did not return this material
mp-849252,API did not return this material
mp-24939,API did not return this material
mp-770076,API did not return this material
mp-557839,API did not return this material
mp-763945,API did not return this material
mp-770915,API did not return this material
mp-782707,API did not return this material
mp-849531,API did not return this material
mp-569434,API did not return this material
mp-762939,API did not return this material
mp-540459,API did not return this material
mp-779167,API did not return this material
mp-764097,API did not return this material
mp-850436,API did not return this material
mp-566678,API did not return this material
mp-766064,API did not return this material
mp-541644,API did not return this material
mp-565267,API did not return this material
mp-566386,API did not return this material
mp-540342,API did not return this material
mp-767885,API did not return this material
mp-767144,API did not return this material
mp-565570,API did not return this material
mp-771182,API did not return this material
mp-761408,API did not return this material
mp-764053,API did not return this material
mp-767201,API did not return this material
mp-850460,API did not return this material
mp-765654,API did not return this material
mp-778548,API did not return this material
mp-764337,API did not return this material
mp-763119,API did not return this material
mp-31751,API did not return this material
mp-624130,API did not return this material
mp-764227,API did not return this material
mp-505318,API did not return this material
mp-849370,API did not return this material
mp-566090,API did not return this material
mp-762896,API did not return this material
mp-780915,API did not return this material
mp-25559,API did not return this material
mp-867322,API did not return this material
mp-763380,API did not return this material
mp-762599,API did not return this material
mp-633655,API did not return this material
mp-779098,API did not return this material
mp-19651,API did not return this material
mp-764030,API did not return this material
mp-766799,API did not return this material
mp-764984,API did not return this material
mp-763625,API did not return this material
mp-770127,API did not return this material
mp-764404,API did not return this material
mp-764442,API did not return this material
mp-680325,API did not return this material
mp-25717,API did not return this material
mp-850495,API did not return this material
mp-771477,API did not return this material
mp-770311,API did not return this material
mp-778863,API did not return this material
mp-770270,API did not return this material
mp-778574,API did not return this material
mp-762857,API did not return this material
mp-764434,API did not return this material
mp-868598,API did not return this material
mp-743528,API did not return this material
mp-770000,API did not return this material
mp-763120,API did not return this material
mp-765047,API did not return this material
mp-850015,API did not return this material
mp-777710,API did not return this material
mp-771861,API did not return this material
mp-763876,API did not return this material
mp-504808,API did not return this material
mp-763826,API did not return this material
mp-566864,API did not return this material
mp-769869,API did not return this material
mp-782692,API did not return this material
mp-744472,API did not return this material
mp-772734,API did not return this material
mp-25588,API did not return this material
mp-761582,API did not return this material
mp-780023,API did not return this material
mp-779930,API did not return this material
mp-762792,API did not return this material
mp-775068,API did not return this material
mp-764964,API did not return this material
mp-675767,API did not return this material
mp-770751,API did not return this material
mp-639397,API did not return this material
mp-771636,API did not return this material
mp-764350,API did not return this material
mp-646402,API did not return this material
mp-777906,API did not return this material
mp-763696,API did not return this material
mp-540110,API did not return this material
mp-764728,API did not return this material
mp-762179,API did not return this material
mp-761514,API did not return this material
mp-777101,API did not return this material
mp-25543,API did not return this material
mp-772005,API did not return this material
mp-765151,API did not return this material
mp-779181,API did not return this material
mp-771373,API did not return this material
mp-772381,API did not return this material
mp-775241,API did not return this material
mp-554848,API did not return this material
mp-780933,API did not return this material
mp-771277,API did not return this material
mp-849417,API did not return this material
mp-764276,API did not return this material
mp-771919,API did not return this material
mp-32483,API did not return this material
mp-773222,API did not return this material
mp-762767,API did not return this material
mp-781686,API did not return this material
mp-764866,API did not return this material
mp-762171,API did not return this material
mp-762851,API did not return this material
mp-851263,API did not return this material
mp-776826,API did not return this material
mp-764382,API did not return this material
mp-744637,API did not return this material
mp-603267,API did not return this material
mp-740759,API did not return this material
mp-864004,API did not return this material
mp-768028,API did not return this material
mp-31941,API did not return this material
mp-766770,API did not return this material
mp-766631,API did not return this material
mp-777321,API did not return this material
mp-777555,API did not return this material
mp-763472,API did not return this material
mp-763812,API did not return this material
mp-764011,API did not return this material
mp-763731,API did not return this material
mp-780755,API did not return this material
mp-767069,API did not return this material
mp-775657,API did not return this material
mp-763293,API did not return this material
mp-850107,API did not return this material
mp-567163,API did not return this material
mp-773358,API did not return this material
mp-773213,API did not return this material
mp-775497,API did not return this material
mp-645305,API did not return this material
mp-761616,API did not return this material
mp-767470,API did not return this material
mp-773355,API did not return this material
mp-745164,API did not return this material
mp-780932,API did not return this material
mp-769772,API did not return this material
mp-559327,API did not return this material
mp-675247,API did not return this material
mp-764395,API did not return this material
mp-763776,API did not return this material
mp-867153,API did not return this material
mp-540475,API did not return this material
mp-761305,API did not return this material
mp-571634,API did not return this material
mp-625678,API did not return this material
mp-764047,API did not return this material
mp-850170,API did not return this material
mp-771801,API did not return this material
mp-767331,API did not return this material
mp-567011,API did not return this material
mp-773677,API did not return this material
mp-771873,API did not return this material
mp-777069,API did not return this material
mp-769655,API did not return this material
mp-616127,API did not return this material
mp-777254,API did not return this material
mp-25025,API did not return this material
mp-19569,API did not return this material
mp-763073,API did not return this material
mp-566718,API did not return this material
mp-849602,API did not return this material
mp-761643,API did not return this material
mp-764811,API did not return this material
mp-555228,API did not return this material
mp-770293,API did not return this material
mp-763136,API did not return this material
mp-762184,API did not return this material
mp-31888,API did not return this material
mp-769865,API did not return this material
mp-778539,API did not return this material
mp-762839,API did not return this material
mp-780160,API did not return this material
mp-25749,API did not return this material
mp-771460,API did not return this material
mp-764841,API did not return this material
mp-761465,API did not return this material
mp-763707,API did not return this material
mp-770315,API did not return this material
mp-675083,API did not return this material
mp-768044,API did not return this material
mp-765454,API did not return this material
mp-770330,API did not return this material
mp-771351,API did not return this material
mp-565784,API did not return this material
mp-763078,API did not return this material
mp-744625,API did not return this material
mp-767592,API did not return this material
mp-867570,API did not return this material
mp-778566,API did not return this material
mp-771451,API did not return this material
mp-849971,API did not return this material
mp-770236,API did not return this material
mp-11544,API did not return this material
mp-24881,API did not return this material
mp-600273,API did not return this material
mp-32381,API did not return this material
mp-764160,API did not return this material
mp-32432,API did not return this material
mp-866836,API did not return this material
mp-762429,API did not return this material
mp-773369,API did not return this material
mp-769708,API did not return this material
mp-566258,API did not return this material
mp-565854,API did not return this material
mp-763994,API did not return this material
mp-767246,API did not return this material
mp-777499,API did not return this material
mp-763435,API did not return this material
mp-778289,API did not return this material
mp-765849,API did not return this material
mp-779917,API did not return this material
mp-762698,API did not return this material
mp-504166,API did not return this material
mp-540069,API did not return this material
mp-853171,API did not return this material
mp-771725,API did not return this material
mp-540371,API did not return this material
mp-765967,API did not return this material
mp-781966,API did not return this material
mp-765536,API did not return this material
mp-766949,API did not return this material
mp-763712,API did not return this material
mp-767231,API did not return this material
mp-762879,API did not return this material
mp-19680,API did not return this material
mp-761446,API did not return this material
mp-763309,API did not return this material
mp-779229,API did not return this material
mp-773554,API did not return this material
mp-765933,API did not return this material
mp-764216,API did not return this material
mp-699565,API did not return this material
mp-777699,API did not return this material
mp-767743,API did not return this material
mp-542975,API did not return this material
mp-770047,API did not return this material
mp-868169,API did not return this material
mp-775606,API did not return this material
mp-568634,API did not return this material
mp-767861,API did not return this material
mp-774077,API did not return this material
mp-868586,API did not return this material
mp-31842,API did not return this material
mp-24955,API did not return this material
mp-761371,API did not return this material
mp-777625,API did not return this material
mp-767318,API did not return this material
mp-863885,API did not return this material
mp-568192,API did not return this material
mp-764155,API did not return this material
mp-851032,API did not return this material
mp-762045,API did not return this material
mp-773931,API did not return this material
mp-762708,API did not return this material
mp-541994,API did not return this material
mp-764656,API did not return this material
mp-570070,API did not return this material
mp-761289,API did not return this material
mp-744801,API did not return this material
mp-767677,API did not return this material
mp-776645,API did not return this material
mp-763733,API did not return this material
mp-769721,API did not return this material
mp-763348,API did not return this material
mp-31913,API did not return this material
mp-765115,API did not return this material
mp-767449,API did not return this material
mp-767813,API did not return this material
mp-766772,API did not return this material
mp-775354,API did not return this material
mp-765869,API did not return this material
mp-972590,API did not return this material
mp-540495,API did not return this material
mp-570788,API did not return this material
mp-772700,API did not return this material
mp-541743,API did not return this material
mp-764517,API did not return this material
mp-31882,API did not return this material
mp-778564,API did not return this material
mp-867154,API did not return this material
mp-771848,API did not return this material
mp-761674,API did not return this material
mp-771534,API did not return this material
mp-572456,API did not return this material
mp-771428,API did not return this material
mp-775404,API did not return this material
mp-863887,API did not return this material
mp-773994,API did not return this material
mp-776711,API did not return this material
mp-25561,API did not return this material
mp-868013,API did not return this material
mp-774286,API did not return this material
mp-774025,API did not return this material
mp-764493,API did not return this material
mp-555201,API did not return this material
mp-510757,API did not return this material
mp-762252,API did not return this material
mp-778717,API did not return this material
mp-776230,API did not return this material
mp-771871,API did not return this material
mp-25766,API did not return this material
mp-765329,API did not return this material
mp-762389,API did not return this material
mp-706550,API did not return this material
mp-769446,API did not return this material
mp-541545,API did not return this material
mp-764238,API did not return this material
mp-25697,API did not return this material
mp-853241,API did not return this material
mp-853194,API did not return this material
mp-773189,API did not return this material
mp-850183,API did not return this material
mp-780038,API did not return this material
mp-641500,API did not return this material
mp-769428,API did not return this material
mp-764802,API did not return this material
mp-774072,API did not return this material
mp-764419,API did not return this material
mp-779933,API did not return this material
mp-25494,API did not return this material
mp-540434,API did not return this material
mp-863906,API did not return this material
mp-868342,API did not return this material
mp-849509,API did not return this material
mp-765760,API did not return this material
mp-765491,API did not return this material
mp-765111,API did not return this material
mp-560001,API did not return this material
mp-4106,API did not return this material
mp-766730,API did not return this material
mp-762722,API did not return this material
mp-764218,API did not return this material
mp-557056,API did not return this material
mp-540870,API did not return this material
mp-772001,API did not return this material
mp-32320,API did not return this material
mp-771557,API did not return this material
mp-776836,API did not return this material
mp-777955,API did not return this material
mp-763673,API did not return this material
mp-765547,API did not return this material
mp-769860,API did not return this material
mp-567167,API did not return this material
mp-763025,API did not return this material
mp-765872,API did not return this material
mp-775598,API did not return this material
mp-19553,API did not return this material
mp-762176,API did not return this material
mp-561195,API did not return this material
mp-642284,API did not return this material
mp-767287,API did not return this material
mp-997543,API did not return this material
mp-773524,API did not return this material
mp-764092,API did not return this material
mp-771466,API did not return this material
mp-566467,API did not return this material
mp-763565,API did not return this material
mp-540378,API did not return this material
mp-777191,API did not return this material
mp-774076,API did not return this material
mp-767310,API did not return this material
mp-781692,API did not return this material
mp-770039,API did not return this material
mp-772697,API did not return this material
mp-778696,API did not return this material
mp-773340,API did not return this material
mp-25019,API did not return this material
mp-775465,API did not return this material
mp-763664,API did not return this material
mp-566084,API did not return this material
mp-765823,API did not return this material
mp-763984,API did not return this material
mp-775643,API did not return this material
mp-565637,API did not return this material
mp-850745,API did not return this material
mp-764025,API did not return this material
mp-625056,API did not return this material
mp-31645,API did not return this material
mp-540677,API did not return this material
mp-764981,API did not return this material
mp-767353,API did not return this material
mp-762553,API did not return this material
mp-31824,API did not return this material
mp-761654,API did not return this material
mp-767745,API did not return this material
mp-769696,API did not return this material
mp-849586,API did not return this material
mp-565747,API did not return this material
mp-775098,API did not return this material
mp-766068,API did not return this material
mp-603423,API did not return this material
mp-765397,API did not return this material
mp-770207,API did not return this material
mp-763882,API did not return this material
mp-767819,API did not return this material
mp-25580,API did not return this material
mp-771465,API did not return this material
mp-628593,API did not return this material
mp-849444,API did not return this material
mp-780153,API did not return this material
mp-769829,API did not return this material
mp-636464,API did not return this material
mp-603567,API did not return this material
mp-779964,API did not return this material
mp-540074,API did not return this material
mp-780922,API did not return this material
mp-776682,API did not return this material
mp-691131,API did not return this material
mp-850773,API did not return this material
mp-761640,API did not return this material
mp-548747,API did not return this material
mp-565245,API did not return this material
mp-777007,API did not return this material
mp-566245,API did not return this material
mp-566757,API did not return this material
mp-640515,API did not return this material
mp-540340,API did not return this material
mp-763308,API did not return this material
mp-767580,API did not return this material
mp-763679,API did not return this material
mp-769924,API did not return this material
mp-19707,API did not return this material
mp-761365,API did not return this material
mp-25089,API did not return this material
mp-19697,API did not return this material
mp-540486,API did not return this material
mp-853263,API did not return this material
mp-765344,API did not return this material
mp-705823,API did not return this material
mp-781688,API did not return this material
mp-557458,API did not return this material
mp-17388,API did not return this material
mp-762647,API did not return this material
mp-867961,API did not return this material
mp-767229,API did not return this material
mp-868582,API did not return this material
mp-568740,API did not return this material
mp-25517,API did not return this material
mp-762629,API did not return this material
mp-560707,API did not return this material
mp-868653,API did not return this material
mp-703668,API did not return this material
mp-769424,API did not return this material
mp-778733,API did not return this material
mp-770235,API did not return this material
mp-541142,API did not return this material
mp-763105,API did not return this material
mp-769440,API did not return this material
mp-764156,API did not return this material
mp-771738,API did not return this material
mp-566107,API did not return this material
mp-767009,API did not return this material
mp-764451,API did not return this material
mp-565934,API did not return this material
mp-767367,API did not return this material
mp-767147,API did not return this material
mp-764835,API did not return this material
mp-766851,API did not return this material
mp-540480,API did not return this material
mp-775077,API did not return this material
mp-764151,API did not return this material
mp-541293,API did not return this material
mp-565671,API did not return this material
mp-540302,API did not return this material
mp-764148,API did not return this material
mp-850368,API did not return this material
mp-765836,API did not return this material
mp-850489,API did not return this material
mp-773414,API did not return this material
mp-778654,API did not return this material
mp-767804,API did not return this material
mp-557452,API did not return this material
mp-775395,API did not return this material
mp-764139,API did not return this material
mp-772283,API did not return this material
mp-565953,API did not return this material
mp-775229,API did not return this material
mp-765201,API did not return this material
mp-557806,API did not return this material
mp-744639,API did not return this material
mp-715324,API did not return this material
mp-850250,API did not return this material
mp-770355,API did not return this material
mp-778773,API did not return this material
mp-773309,API did not return this material
mp-31721,API did not return this material
mp-25032,API did not return this material
mp-761412,API did not return this material
mp-772122,API did not return this material
mp-559859,API did not return this material
mp-762281,API did not return this material
mp-772059,API did not return this material
mp-775575,API did not return this material
mp-771583,API did not return this material
mp-766913,API did not return this material
mp-769668,API did not return this material
mp-771841,API did not return this material
mp-763623,API did not return this material
mp-762247,API did not return this material
mp-850115,API did not return this material
mp-24917,API did not return this material
mp-763341,API did not return this material
mp-635119,API did not return this material
mp-851268,API did not return this material
mp-769993,API did not return this material
mp-867953,API did not return this material
mp-761417,API did not return this material
mp-743571,API did not return this material
mp-851007,API did not return this material
mp-765402,API did not return this material
mp-770050,API did not return this material
mp-705581,API did not return this material
mp-765383,API did not return this material
mp-766860,API did not return this material
mp-773270,API did not return this material
mp-769726,API did not return this material
mp-761551,API did not return this material
mp-850266,API did not return this material
mp-645135,API did not return this material
mp-763510,API did not return this material
mp-566993,API did not return this material
mp-566857,API did not return this material
mp-770584,API did not return this material
mp-762004,API did not return this material
mp-763501,API did not return this material
mp-31654,API did not return this material
mp-763583,API did not return this material
mp-863897,API did not return this material
mp-705752,API did not return this material
mp-765444,API did not return this material
mp-19666,API did not return this material
mp-775650,API did not return this material
mp-565377,API did not return this material
mp-763471,API did not return this material
mp-762587,API did not return this material
mp-773392,API did not return this material
mp-505061,API did not return this material
mp-776690,API did not return this material
mp-32059,API did not return this material
mp-849235,API did not return this material
mp-782690,API did not return this material
mp-761352,API did not return this material
mp-769908,API did not return this material
mp-777421,API did not return this material
mp-557182,API did not return this material
mp-763751,API did not return this material
mp-767724,API did not return this material
mp-735520,API did not return this material
mp-32540,API did not return this material
mp-721635,API did not return this material
mp-567053,API did not return this material
mp-767642,API did not return this material
mp-777240,API did not return this material
mp-566331,API did not return this material
mp-32105,API did not return this material
mp-565581,API did not return this material
mp-763557,API did not return this material
mp-765994,API did not return this material
mp-771354,API did not return this material
mp-765717,API did not return this material
mp-567113,API did not return this material
mp-850090,API did not return this material
mp-775507,API did not return this material
mp-761812,API did not return this material
mp-777911,API did not return this material
mp-765558,API did not return this material
mp-767963,API did not return this material
mp-777145,API did not return this material
mp-776905,API did not return this material
mp-566700,API did not return this material
mp-762315,API did not return this material
mp-761358,API did not return this material
mp-765555,API did not return this material
mp-31615,API did not return this material
mp-771633,API did not return this material
mp-764226,API did not return this material
mp-762448,API did not return this material
mp-775399,API did not return this material
mp-868637,API did not return this material
mp-557382,API did not return this material
mp-777552,API did not return this material
mp-851262,API did not return this material
mp-764944,API did not return this material
mp-743573,API did not return this material
mp-775525,API did not return this material
mp-743699,API did not return this material
mp-769773,API did not return this material
mp-566695,API did not return this material
mp-540320,API did not return this material
mp-769677,API did not return this material
mp-779963,API did not return this material
mp-762697,API did not return this material
mp-703914,API did not return this material
mp-762903,API did not return this material
mp-867929,API did not return this material
mp-540028,API did not return this material
mp-776773,API did not return this material
mp-764686,API did not return this material
mp-867583,API did not return this material
mp-562181,API did not return this material
mp-25684,API did not return this material
mp-556883,API did not return this material
mp-541213,API did not return this material
mp-761418,API did not return this material
mp-762062,API did not return this material
mp-761830,API did not return this material
mp-764646,API did not return this material
mp-763372,API did not return this material
mp-763537,API did not return this material
mp-767032,API did not return this material
mp-764602,API did not return this material
mp-2945,API did not return this material
mp-32494,API did not return this material
mp-771923,API did not return this material
mp-763196,API did not return this material
mp-767888,API did not return this material
mp-567162,API did not return this material
mp-772467,API did not return this material
mp-850254,API did not return this material
mp-764104,API did not return this material
mp-762613,API did not return this material
mp-763360,API did not return this material
mp-767081,API did not return this material
mp-745148,API did not return this material
mp-647427,API did not return this material
mp-566157,API did not return this material
mp-774133,API did not return this material
mp-773779,API did not return this material
mp-764974,API did not return this material
mp-850087,API did not return this material
mp-766602,API did not return this material
mp-766801,API did not return this material
mp-770960,API did not return this material
mp-775348,API did not return this material
mp-849353,API did not return this material
mp-25674,API did not return this material
mp-761300,API did not return this material
mp-763234,API did not return this material
mp-541519,API did not return this material
mp-765935,API did not return this material
mp-771452,API did not return this material
mp-779235,API did not return this material
mp-32478,API did not return this material
mp-767220,API did not return this material
mp-540446,API did not return this material
mp-764998,API did not return this material
mp-627414,API did not return this material
mp-762477,API did not return this material
mp-770254,API did not return this material
mp-780138,API did not return this material
mp-566310,API did not return this material
mp-31618,API did not return this material
mp-782700,API did not return this material
mp-849935,API did not return this material
mp-566061,API did not return this material
mp-540274,API did not return this material
mp-540091,API did not return this material
mp-763357,API did not return this material
mp-767751,API did not return this material
mp-771514,API did not return this material
mp-773996,API did not return this material
mp-761677,API did not return this material
mp-562025,API did not return this material
mp-773297,API did not return this material
mp-762706,API did not return this material
mp-31727,API did not return this material
mp-566886,API did not return this material
mp-770019,API did not return this material
mp-850162,API did not return this material
mp-771856,API did not return this material
mp-31584,API did not return this material
mp-540227,API did not return this material
mp-769706,API did not return this material
mp-850366,API did not return this material
mp-868364,API did not return this material
mp-770606,API did not return this material
mp-849330,API did not return this material
mp-542209,API did not return this material
mp-745012,API did not return this material
mp-761422,API did not return this material
mp-770609,API did not return this material
mp-626303,API did not return this material
mp-768052,API did not return this material
mp-763681,API did not return this material
mp-776819,API did not return this material
mp-780007,API did not return this material
mp-868569,API did not return this material
mp-566048,API did not return this material
mp-25506,API did not return this material
mp-771516,API did not return this material
mp-777325,API did not return this material
mp-764094,API did not return this material
mp-770051,API did not return this material
mp-762746,API did not return this material
mp-771504,API did not return this material
mp-566524,API did not return this material
mp-31706,API did not return this material
mp-763261,API did not return this material
mp-766928,API did not return this material
mp-554926,API did not return this material
mp-761566,API did not return this material
mp-767288,API did not return this material
mp-771440,API did not return this material
mp-772695,API did not return this material
mp-773385,API did not return this material
mp-32086,API did not return this material
mp-765758,API did not return this material
mp-37779,API did not return this material
mp-781675,API did not return this material
mp-767047,API did not return this material
mp-566106,API did not return this material
mp-773183,API did not return this material
mp-565782,API did not return this material
mp-777152,API did not return this material
mp-779379,API did not return this material
mp-31642,API did not return this material
mp-744811,API did not return this material
mp-775056,API did not return this material
mp-763499,API did not return this material
mp-770140,API did not return this material
mp-777626,API did not return this material
mp-510127,API did not return this material
mp-762918,API did not return this material
mp-764343,API did not return this material
mp-763351,API did not return this material
mp-765433,API did not return this material
mp-769762,API did not return this material
mp-31766,API did not return this material
mp-779243,API did not return this material
mp-25613,API did not return this material
mp-763768,API did not return this material
mp-765138,API did not return this material
mp-771458,API did not return this material
mp-777211,API did not return this material
mp-25094,API did not return this material
mp-771709,API did not return this material
mp-25533,API did not return this material
mp-744929,API did not return this material
mp-770485,API did not return this material
mp-765304,API did not return this material
mp-767547,API did not return this material
mp-769901,API did not return this material
mp-558851,API did not return this material
mp-773175,API did not return this material
mp-763789,API did not return this material
mp-706271,API did not return this material
mp-19624,API did not return this material
mp-565228,API did not return this material
mp-853141,API did not return this material
mp-767838,API did not return this material
mp-762386,API did not return this material
mp-765448,API did not return this material
mp-850450,API did not return this material
mp-578800,API did not return this material
mp-850468,API did not return this material
mp-773257,API did not return this material
mp-769693,API did not return this material
mp-766766,API did not return this material
mp-776322,API did not return this material
mp-567160,API did not return this material
mp-777719,API did not return this material
mp-776919,API did not return this material
mp-19672,API did not return this material
mp-634660,API did not return this material
mp-849363,API did not return this material
mp-25552,API did not return this material
mp-714874,API did not return this material
mp-867355,API did not return this material
mp-32042,API did not return this material
mp-562155,API did not return this material
mp-770067,API did not return this material
mp-567301,API did not return this material
mp-763329,API did not return this material
mp-763571,API did not return this material
mp-510013,API did not return this material
mp-777603,API did not return this material
mp-565886,API did not return this material
mp-699373,API did not return this material
mp-32057,API did not return this material
mp-565208,API did not return this material
mp-766767,API did not return this material
mp-767024,API did not return this material
mp-779376,API did not return this material
mp-761296,API did not return this material
mp-780832,API did not return this material
mp-25752,API did not return this material
mp-764564,API did not return this material
mp-555623,API did not return this material
mp-763690,API did not return this material
mp-775242,API did not return this material
mp-767362,API did not return this material
mp-25479,API did not return this material
mp-764569,API did not return this material
mp-32521,API did not return this material
mp-764530,API did not return this material
mp-763343,API did not return this material
mp-775344,API did not return this material
mp-562135,API did not return this material
mp-777193,API did not return this material
mp-765336,API did not return this material
mp-765114,API did not return this material
mp-649915,API did not return this material
mp-770597,API did not return this material
mp-766905,API did not return this material
mp-31774,API did not return this material
mp-766636,API did not return this material
mp-868149,API did not return this material
mp-865975,API did not return this material
mp-764389,API did not return this material
mp-773744,API did not return this material
mp-776528,API did not return this material
mp-780884,API did not return this material
mp-763044,API did not return this material
mp-868279,API did not return this material
mp-763525,API did not return this material
mp-762056,API did not return this material
mp-565651,API did not return this material
mp-763918,API did not return this material
mp-765035,API did not return this material
mp-771420,API did not return this material
mp-761615,API did not return this material
mp-763563,API did not return this material
mp-543057,API did not return this material
mp-780044,API did not return this material
mp-770025,API did not return this material
mp-771525,API did not return this material
mp-568672,API did not return this material
mp-770984,API did not return this material
mp-715590,API did not return this material
mp-779191,API did not return this material
mp-779244,API did not return this material
mp-559361,API did not return this material
mp-780158,API did not return this material
mp-762173,API did not return this material
mp-769716,API did not return this material
mp-766725,API did not return this material
mp-31785,API did not return this material
mp-565639,API did not return this material
mp-19692,API did not return this material
mp-32065,API did not return this material
mp-25078,API did not return this material
mp-565683,API did not return this material
mp-773388,API did not return this material
mp-780925,API did not return this material
mp-25623,API did not return this material
mp-755213,API did not return this material
mp-849535,API did not return this material
mp-31602,API did not return this material
mp-868128,API did not return this material
mp-32104,API did not return this material
mp-744206,API did not return this material
mp-765957,API did not return this material
mp-583724,API did not return this material
mp-764292,API did not return this material
mp-777912,API did not return this material
mp-32433,API did not return this material
mp-773311,API did not return this material
mp-778341,API did not return this material
mp-770041,API did not return this material
mp-764614,API did not return this material
mp-764369,API did not return this material
mp-540443,API did not return this material
mp-776827,API did not return this material
mp-773760,API did not return this material
mp-542551,API did not return this material
mp-566224,API did not return this material
mp-690111,API did not return this material
mp-743988,API did not return this material
mp-763108,API did not return this material
mp-770018,API did not return this material
mp-770184,API did not return this material
mp-767196,API did not return this material
mp-777029,API did not return this material
mp-762824,API did not return this material
mp-767998,API did not return this material
mp-763643,API did not return this material
mp-767293,API did not return this material
mp-770617,API did not return this material
mp-540078,API did not return this material
mp-853146,API did not return this material
mp-767689,API did not return this material
mp-541246,API did not return this material
mp-744260,API did not return this material
mp-24912,API did not return this material
mp-540171,API did not return this material
mp-868652,API did not return this material
mp-761323,API did not return this material
mp-764335,API did not return this material
mp-767559,API did not return this material
mp-765893,API did not return this material
mp-566784,API did not return this material
mp-25679,API did not return this material
mp-779237,API did not return this material
mp-770990,API did not return this material
mp-850484,API did not return this material
mp-771521,API did not return this material
mp-775534,API did not return this material
mp-561371,API did not return this material
mp-690633,API did not return this material
mp-761783,API did not return this material
mp-777100,API did not return this material
mp-19584,API did not return this material
mp-762769,API did not return this material
mp-769709,API did not return this material
mp-765204,API did not return this material
mp-542808,API did not return this material
mp-763363,API did not return this material
mp-763706,API did not return this material
mp-776649,API did not return this material
mp-555510,API did not return this material
mp-868758,API did not return this material
mp-980021,API did not return this material
mp-565780,API did not return this material
mp-762525,API did not return this material
mp-850069,API did not return this material
mp-765097,API did not return this material
mp-559226,API did not return this material
mp-764996,API did not return this material
mp-766909,API did not return this material
mp-771742,API did not return this material
mp-622101,API did not return this material
mp-19411,API did not return this material
mp-31982,API did not return this material
mp-558329,API did not return this material
mp-504883,API did not return this material
mp-556644,API did not return this material
mp-769814,API did not return this material
mp-767027,API did not return this material
mp-32403,API did not return this material
mp-778982,API did not return this material
mp-25031,API did not return this material
mp-761813,API did not return this material
mp-765363,API did not return this material
mp-33737,API did not return this material
mp-769794,API did not return this material
mp-566555,API did not return this material
mp-617119,API did not return this material
mp-765269,API did not return this material
mp-25486,API did not return this material
mp-763152,API did not return this material
mp-763607,API did not return this material
mp-868281,API did not return this material
mp-769733,API did not return this material
mp-778420,API did not return this material
mp-760657,API did not return this material
mp-771480,API did not return this material
mp-540168,API did not return this material
mp-764618,API did not return this material
mp-744148,API did not return this material
mp-775706,API did not return this material
mp-773714,API did not return this material
mp-764222,API did not return this material
mp-773988,API did not return this material
mp-767186,API did not return this material
mp-763395,API did not return this material
mp-567553,API did not return this material
mp-505613,API did not return this material
mp-764332,API did not return this material
mp-776139,API did not return this material
mp-566402,API did not return this material
mp-32442,API did not return this material
mp-24880,API did not return this material
mp-565937,API did not return this material
mp-32315,API did not return this material
mp-767284,API did not return this material
mp-32416,API did not return this material
mp-676987,API did not return this material
mp-781074,API did not return this material
mp-622482,API did not return this material
mp-565341,API did not return this material
mp-850067,API did not return this material
mp-540255,API did not return this material
mp-558817,API did not return this material
mp-19675,API did not return this material
mp-761994,API did not return this material
mp-763400,API did not return this material
mp-776664,API did not return this material
mp-5334,API did not return this material
mp-25730,API did not return this material
mp-25023,API did not return this material
mp-762189,API did not return this material
mp-764899,API did not return this material
mp-626314,API did not return this material
mp-763739,API did not return this material
mp-31899,API did not return this material
mp-761741,API did not return this material
mp-777197,API did not return this material
mp-771305,API did not return this material
mp-868354,API did not return this material
mp-771272,API did not return this material
mp-761492,API did not return this material
mp-769732,API did not return this material
mp-853168,API did not return this material
mp-771522,API did not return this material
mp-771419,API did not return this material
mp-780889,API did not return this material
mp-762991,API did not return this material
mp-767013,API did not return this material
mp-24886,API did not return this material
mp-765131,API did not return this material
mp-558495,API did not return this material
mp-779213,API did not return this material
mp-850373,API did not return this material
mp-743854,API did not return this material
mp-771227,API did not return this material
mp-542295,API did not return this material
mp-24985,API did not return this material
mp-765832,API did not return this material
mp-766843,API did not return this material
mp-850248,API did not return this material
mp-763132,API did not return this material
mp-565979,API did not return this material
mp-569590,API did not return this material
mp-763841,API did not return this material
mp-767954,API did not return this material
mp-771671,API did not return this material
mp-763883,API did not return this material
mp-20295,API did not return this material
mp-19829,API did not return this material
mp-767122,API did not return this material
mp-765726,API did not return this material
mp-776884,API did not return this material
mp-765886,API did not return this material
mp-765939,API did not return this material
mp-762902,API did not return this material
mp-625370,API did not return this material
mp-765446,API did not return this material
mp-768054,API did not return this material
mp-31730,API did not return this material
mp-540461,API did not return this material
mp-546316,API did not return this material
mp-763574,API did not return this material
mp-776787,API did not return this material
mp-770198,API did not return this material
mp-773750,API did not return this material
mp-31620,API did not return this material
mp-567452,API did not return this material
mp-761762,API did not return this material
mp-24854,API did not return this material
mp-5111,API did not return this material
mp-554813,API did not return this material
mp-766778,API did not return this material
mp-764710,API did not return this material
mp-771201,API did not return this material
mp-562609,API did not return this material
mp-763759,API did not return this material
mp-566516,API did not return this material
mp-767005,API did not return this material
mp-764617,API did not return this material
mp-769888,API did not return this material
mp-767683,API did not return this material
mp-868171,API did not return this material
mp-769882,API did not return this material
mp-867695,API did not return this material
mp-770167,API did not return this material
mp-763432,API did not return this material
mp-771367,API did not return this material
mp-762690,API did not return this material
mp-770098,API did not return this material
mp-868611,API did not return this material
mp-555391,API did not return this material
mp-21181,API did not return this material
mp-771481,API did not return this material
mp-767621,API did not return this material
mp-850240,API did not return this material
mp-772480,API did not return this material
mp-565425,API did not return this material
mp-543100,API did not return this material
mp-743890,API did not return this material
mp-744123,API did not return this material
mp-770163,API did not return this material
mp-761334,API did not return this material
mp-625528,API did not return this material
mp-32394,API did not return this material
mp-850760,API did not return this material
mp-763513,API did not return this material
mp-566480,API did not return this material
mp-766741,API did not return this material
mp-763615,API did not return this material
mp-560750,API did not return this material
mp-540435,API did not return this material
mp-642254,API did not return this material
mp-764509,API did not return this material
mp-770148,API did not return this material
mp-777596,API did not return this material
mp-773387,API did not return this material
mp-867627,API did not return this material
mp-764794,API did not return this material
mp-780711,API did not return this material
mp-764548,API did not return this material
mp-764761,API did not return this material
mp-763723,API did not return this material
mp-771470,API did not return this material
mp-776774,API did not return this material
mp-767548,API did not return this material
mp-777027,API did not return this material
mp-771493,API did not return this material
mp-25705,API did not return this material
mp-763500,API did not return this material
mp-868668,API did not return this material
mp-763156,API did not return this material
mp-566800,API did not return this material
mp-567056,API did not return this material
mp-972364,formation_energy_per_atom is None
mp-578619,API did not return this material
mp-767042,API did not return this material
mp-780811,API did not return this material
mp-769812,API did not return this material
mp-778706,API did not return this material
mp-773929,API did not return this material
mp-540693,API did not return this material
mp-773717,API did not return this material
mp-31621,API did not return this material
mp-566771,API did not return this material
mp-763536,API did not return this material
mp-779866,API did not return this material
mp-743840,API did not return this material
mp-777939,API did not return this material
mp-621182,API did not return this material
mp-778576,API did not return this material
mp-763123,API did not return this material
mp-771655,API did not return this material
mp-779945,API did not return this material
mp-764138,API did not return this material
mp-557493,API did not return this material
mp-763282,API did not return this material
mp-763902,API did not return this material
mp-774147,API did not return this material
mp-762467,API did not return this material
mp-763125,API did not return this material
mp-542221,API did not return this material
mp-778547,API did not return this material
mp-762495,API did not return this material
mp-771626,API did not return this material
mp-777025,API did not return this material
mp-566430,API did not return this material
mp-767202,API did not return this material
mp-761808,API did not return this material
mp-32009,API did not return this material
mp-775546,API did not return this material
mp-31993,API did not return this material
mp-763332,API did not return this material
mp-32468,API did not return this material
mp-868526,API did not return this material
mp-761456,API did not return this material
mp-773562,API did not return this material
mp-767243,API did not return this material
mp-849680,API did not return this material
mp-767059,API did not return this material
mp-569910,API did not return this material
mp-769445,API did not return this material
mp-764790,API did not return this material
mp-868000,API did not return this material
mp-776996,API did not return this material
mp-763919,API did not return this material
mp-771635,API did not return this material
mp-777089,API did not return this material
mp-777210,API did not return this material
mp-761464,API did not return this material
mp-565509,API did not return this material
mp-11595,API did not return this material
mp-770038,API did not return this material
mp-767044,API did not return this material
mp-850472,API did not return this material
mp-766975,API did not return this material
mp-779798,API did not return this material
mp-850093,API did not return this material
mp-562041,API did not return this material
mp-770130,API did not return this material
mp-769929,API did not return this material
mp-771536,API did not return this material
mp-566755,API did not return this material
mp-765730,API did not return this material
mp-767300,API did not return this material
mp-771606,API did not return this material
mp-24849,API did not return this material
mp-680254,API did not return this material
mp-766953,API did not return this material
mp-547168,API did not return this material
mp-766116,API did not return this material
mp-767094,API did not return this material
mp-540453,API did not return this material
mp-565674,API did not return this material
mp-778551,API did not return this material
mp-765713,API did not return this material
mp-32425,API did not return this material
mp-763599,API did not return this material
mp-565503,API did not return this material
mp-771680,API did not return this material
mp-868607,API did not return this material
mp-766114,API did not return this material
mp-868344,API did not return this material
mp-25622,API did not return this material
mp-778709,API did not return this material
mp-763469,API did not return this material
mp-868282,API did not return this material
mp-773442,API did not return this material
mp-763848,API did not return this material
mp-766844,API did not return this material
mp-762664,API did not return this material
mp-566991,API did not return this material
mp-767974,API did not return this material
mp-770384,API did not return this material
mp-556099,API did not return this material
mp-781284,API did not return this material
mp-849987,API did not return this material
mp-540236,API did not return this material
mp-767334,API did not return this material
mp-767830,API did not return this material
mp-769845,API did not return this material
mp-585492,API did not return this material
mp-773261,API did not return this material
mp-773333,API did not return this material
mp-762848,API did not return this material
mp-775702,API did not return this material
mp-777000,API did not return this material
mp-764549,API did not return this material
mp-762024,API did not return this material
mp-579304,API did not return this material
mp-777073,API did not return this material
mp-565908,API did not return this material
mp-763154,API did not return this material
mp-780824,API did not return this material
mp-762759,API did not return this material
mp-761406,API did not return this material
mp-775717,API did not return this material
mp-769949,API did not return this material
mp-565850,API did not return this material
mp-769642,API did not return this material
mp-772336,API did not return this material
mp-743594,API did not return this material
mp-778568,API did not return this material
mp-778624,API did not return this material
mp-566918,API did not return this material
mp-773265,API did not return this material
mp-765518,API did not return this material
mp-771783,API did not return this material
mp-765682,API did not return this material
mp-778707,API did not return this material
mp-566796,API did not return this material
mp-849981,API did not return this material
mp-767272,API did not return this material
mp-765000,API did not return this material
mp-769657,API did not return this material
mp-778708,API did not return this material
mp-566832,API did not return this material
mp-767870,API did not return this material
mp-2390,API did not return this material
mp-781771,API did not return this material
mp-850237,API did not return this material
mp-777158,API did not return this material
mp-765720,API did not return this material
mp-777435,API did not return this material
mp-542954,API did not return this material
mp-761655,API did not return this material
mp-850761,API did not return this material
mp-775346,API did not return this material
mp-769844,API did not return this material
mp-764681,API did not return this material
mp-771855,API did not return this material
mp-773245,API did not return this material
mp-636289,API did not return this material
mp-763949,API did not return this material
mp-850157,API did not return this material
mp-580925,API did not return this material
mp-650764,API did not return this material
mp-640040,API did not return this material
mp-770295,API did not return this material
mp-761457,API did not return this material
mp-764288,API did not return this material
mp-761638,API did not return this material
mp-542071,API did not return this material
mp-766999,API did not return this material
mp-636225,API did not return this material
mp-767254,API did not return this material
mp-976058,API did not return this material
mp-31643,API did not return this material
mp-761292,API did not return this material
mp-780821,API did not return this material
mp-776705,API did not return this material
mp-540367,API did not return this material
mp-25525,API did not return this material
mp-25062,API did not return this material
mp-761304,API did not return this material
mp-849702,API did not return this material
mp-772347,API did not return this material
mp-763855,API did not return this material
mp-778718,API did not return this material
mp-853177,API did not return this material
mp-765941,API did not return this material
mp-566036,API did not return this material
mp-764007,API did not return this material
mp-565827,API did not return this material
mp-764473,API did not return this material
mp-762724,API did not return this material
mp-32008,API did not return this material
mp-762491,API did not return this material
mp-764795,API did not return this material
mp-764358,API did not return this material
mp-779396,API did not return this material
mp-766110,API did not return this material
mp-773719,API did not return this material
mp-556791,API did not return this material
mp-764193,API did not return this material
mp-770011,API did not return this material
mp-767025,API did not return this material
mp-764390,API did not return this material
mp-767087,API did not return this material
mp-569271,API did not return this material
mp-762790,API did not return this material
mp-853134,API did not return this material
mp-771517,API did not return this material
mp-773278,API did not return this material
mp-779407,API did not return this material
mp-778058,API did not return this material
mp-762798,API did not return this material
mp-849439,API did not return this material
mp-851264,API did not return this material
mp-773533,API did not return this material
mp-868263,API did not return this material
mp-767299,API did not return this material
mp-764283,API did not return this material
mp-853170,API did not return this material
mp-761607,API did not return this material
mp-19638,API did not return this material
mp-763157,API did not return this material
mp-772730,API did not return this material
mp-770165,API did not return this material
mp-771266,API did not return this material
mp-761968,API did not return this material
mp-25685,API did not return this material
mp-867077,API did not return this material
mp-762967,API did not return this material
mp-769911,API did not return this material
mp-765174,API did not return this material
mp-779272,API did not return this material
mp-868425,API did not return this material
mp-570504,API did not return this material
mp-10103,API did not return this material
mp-765892,API did not return this material
mp-554284,API did not return this material
mp-769766,API did not return this material
mp-25178,API did not return this material
mp-863866,API did not return this material
mp-558187,API did not return this material
mp-765937,API did not return this material
mp-767608,API did not return this material
mp-745101,API did not return this material
mp-776709,API did not return this material
mp-853258,API did not return this material
mp-765452,API did not return this material
mp-561613,API did not return this material
mp-770247,API did not return this material
mp-771363,API did not return this material
mp-764040,API did not return this material
mp-779999,API did not return this material
mp-778025,API did not return this material
mp-767602,API did not return this material
mp-769920,API did not return this material
mp-853140,API did not return this material
mp-775622,API did not return this material
mp-542155,API did not return this material
mp-769692,API did not return this material
mp-849354,API did not return this material
mp-773681,API did not return this material
mp-782684,API did not return this material
mp-765912,API did not return this material
mp-565688,API did not return this material
mp-764006,API did not return this material
mp-779867,API did not return this material
mp-567051,API did not return this material
mp-979938,API did not return this material
mp-541174,API did not return this material
mp-25033,API did not return this material
mp-765685,API did not return this material
mp-635331,API did not return this material
mp-773233,API did not return this material
mp-771811,API did not return this material
mp-767574,API did not return this material
mp-849236,API did not return this material
mp-17668,API did not return this material
mp-504245,API did not return this material
mp-569159,API did not return this material
mp-25118,API did not return this material
mp-761639,API did not return this material
mp-781073,API did not return this material
mp-765556,API did not return this material
mp-850074,API did not return this material
mp-763534,API did not return this material
mp-566934,API did not return this material
mp-31850,API did not return this material
mp-25034,API did not return this material
mp-767189,API did not return this material
mp-11080,API did not return this material
mp-769943,API did not return this material
mp-763963,API did not return this material
mp-744240,API did not return this material
mp-770746,API did not return this material
mp-771657,API did not return this material
mp-761447,API did not return this material
mp-25649,API did not return this material
mp-565314,API did not return this material
mp-763884,API did not return this material
mp-765918,API did not return this material
mp-566496,API did not return this material
mp-850431,API did not return this material
mp-767236,API did not return this material
mp-763148,API did not return this material
mp-773394,API did not return this material
mp-780015,API did not return this material
mp-19563,API did not return this material
mp-697856,API did not return this material
mp-767848,API did not return this material
mp-761957,API did not return this material
mp-556332,API did not return this material
mp-694537,API did not return this material
mp-762807,API did not return this material
mp-617230,API did not return this material
mp-743511,API did not return this material
mp-771850,API did not return this material
mp-764633,API did not return this material
mp-540543,API did not return this material
mp-775456,API did not return this material
mp-777505,API did not return this material
mp-32092,API did not return this material
mp-763473,API did not return this material
mp-763016,API did not return this material
mp-565297,API did not return this material
mp-625188,API did not return this material
mp-566008,API did not return this material
mp-25165,API did not return this material
mp-566933,API did not return this material
mp-778782,API did not return this material
mp-32115,API did not return this material
mp-764012,API did not return this material
mp-772068,API did not return this material
mp-566089,API did not return this material
mp-776217,API did not return this material
mp-777605,API did not return this material
mp-764463,API did not return this material
mp-25724,API did not return this material
mp-773563,API did not return this material
mp-773195,API did not return this material
mp-762483,API did not return this material
mp-775496,API did not return this material
mp-867656,API did not return this material
mp-776038,API did not return this material
mp-776282,API did not return this material
mp-762829,API did not return this material
mp-765690,API did not return this material
mp-31753,API did not return this material
mp-775608,API did not return this material
mp-763803,API did not return this material
mp-1019536,API did not return this material
mp-772725,API did not return this material
mp-771679,API did not return this material
mp-779170,API did not return this material
mp-764061,API did not return this material
mp-761525,API did not return this material
mp-771292,API did not return this material
mp-777276,API did not return this material
mp-771585,API did not return this material
mp-779099,API did not return this material
mp-579811,API did not return this material
mp-762410,API did not return this material
mp-540990,API did not return this material
mp-769961,API did not return this material
mp-25085,API did not return this material
mp-762772,API did not return this material
mp-776864,API did not return this material
mp-771576,API did not return this material
mp-780371,API did not return this material
mp-768050,API did not return this material
mp-868531,API did not return this material
mp-765693,API did not return this material
mp-540673,API did not return this material
mp-774021,API did not return this material
mp-565580,API did not return this material
mp-24990,API did not return this material
mp-764684,API did not return this material
mp-604558,API did not return this material
mp-762568,API did not return this material
mp-774121,API did not return this material
mp-560926,API did not return this material
mp-765799,API did not return this material
mp-766753,API did not return this material
mp-504964,API did not return this material
mp-867161,API did not return this material
mp-777067,API did not return this material
mp-779997,API did not return this material
mp-763296,API did not return this material
mp-764878,API did not return this material
mp-767107,API did not return this material
mp-16599,API did not return this material
mp-715581,API did not return this material
mp-868640,API did not return this material
mp-768063,API did not return this material
mp-562207,API did not return this material
mp-25010,API did not return this material
mp-764217,API did not return this material
mp-780814,API did not return this material
mp-1703,API did not return this material
mp-775517,API did not return this material
mp-772476,API did not return this material
mp-761344,API did not return this material
mp-565326,API did not return this material
mp-32476,API did not return this material
mp-763054,API did not return this material
mp-566412,API did not return this material
mp-31926,API did not return this material
mp-697183,API did not return this material
mp-779236,API did not return this material
mp-31743,API did not return this material
mp-762543,API did not return this material
mp-779185,API did not return this material
mp-780647,API did not return this material
mp-780559,API did not return this material
mp-762937,API did not return this material
mp-779873,API did not return this material
mp-773620,API did not return this material
mp-504987,API did not return this material
mp-743898,API did not return this material
mp-781699,API did not return this material
mp-772383,API did not return this material
mp-769430,API did not return this material
mp-853199,API did not return this material
mp-773544,API did not return this material
mp-761339,API did not return this material
mp-25763,API did not return this material
mp-705156,API did not return this material
mp-767124,API did not return this material
mp-764539,API did not return this material
mp-764291,API did not return this material
mp-765700,API did not return this material
mp-554095,API did not return this material
mp-25696,API did not return this material
mp-777021,API did not return this material
mp-1013895,API did not return this material
mp-765356,API did not return this material
mp-763172,API did not return this material
mp-559175,API did not return this material
mp-772003,API did not return this material
mp-771176,API did not return this material
mp-850109,API did not return this material
mp-767128,API did not return this material
mp-771438,API did not return this material
mp-867336,API did not return this material
mp-763187,API did not return this material
mp-773339,API did not return this material
mp-868379,API did not return this material
mp-769970,API did not return this material
mp-761419,API did not return this material
mp-775732,API did not return this material
mp-771608,API did not return this material
mp-762715,API did not return this material
mp-566398,API did not return this material
mp-567055,API did not return this material
mp-761364,API did not return this material
mp-776857,API did not return this material
mp-767734,API did not return this material
mp-625405,API did not return this material
mp-766988,API did not return this material
mp-763562,API did not return this material
mp-767113,API did not return this material
mp-542396,API did not return this material
mp-565866,API did not return this material
mp-779981,API did not return this material
mp-762892,API did not return this material
mp-765218,API did not return this material
mp-775064,API did not return this material
mp-540500,API did not return this material
mp-773239,API did not return this material
mp-762693,API did not return this material
mp-867964,API did not return this material
mp-762174,API did not return this material
mp-540026,API did not return this material
mp-540336,API did not return this material
mp-762866,API did not return this material
mp-765418,API did not return this material
mp-765824,API did not return this material
mp-777012,API did not return this material
mp-766809,API did not return this material
mp-773769,API did not return this material
mp-763014,API did not return this material
mp-762157,API did not return this material
mp-761432,API did not return this material
mp-771752,API did not return this material
mp-772127,API did not return this material
mp-775625,API did not return this material
mp-761567,API did not return this material
mp-572711,API did not return this material
mp-849696,API did not return this material
mp-767872,API did not return this material
mp-867593,API did not return this material
mp-778417,API did not return this material
mp-770109,API did not return this material
mp-773298,API did not return this material
mp-763531,API did not return this material
mp-776619,API did not return this material
mp-779977,API did not return this material
mp-768031,API did not return this material
mp-767805,API did not return this material
mp-767997,API did not return this material
mp-773736,API did not return this material
mp-765424,API did not return this material
mp-31579,API did not return this material
mp-761429,API did not return this material
mp-775604,API did not return this material
mp-774087,API did not return this material
mp-776830,API did not return this material
mp-765852,API did not return this material
mp-763651,API did not return this material
mp-744764,API did not return this material
mp-763833,API did not return this material
mp-765144,API did not return this material
mp-761450,API did not return this material
mp-763095,API did not return this material
mp-776801,API did not return this material
mp-764954,API did not return this material
mp-772686,API did not return this material
mp-773710,API did not return this material
mp-761618,API did not return this material
mp-765531,API did not return this material
mp-773755,API did not return this material
mp-763582,API did not return this material
mp-849402,API did not return this material
mp-850174,API did not return this material
mp-767829,API did not return this material
mp-770251,API did not return this material
mp-863289,API did not return this material
mp-677151,API did not return this material
mp-649905,API did not return this material
mp-781958,API did not return this material
mp-767031,API did not return this material
mp-773283,API did not return this material
mp-765313,API did not return this material
mp-570322,API did not return this material
mp-767281,API did not return this material
mp-765049,API did not return this material
mp-850155,API did not return this material
mp-24894,API did not return this material
mp-776724,API did not return this material
mp-764003,API did not return this material
mp-765842,API did not return this material
mp-32005,API did not return this material
mp-851232,API did not return this material
mp-762379,API did not return this material
mp-766742,API did not return this material
mp-540375,API did not return this material
mp-769983,API did not return this material
mp-776187,API did not return this material
mp-767862,API did not return this material
mp-780552,API did not return this material
mp-540306,API did not return this material
mp-763457,API did not return this material
mp-19064,API did not return this material
mp-767273,API did not return this material
mp-773740,API did not return this material
mp-566228,API did not return this material
mp-850092,API did not return this material
mp-771857,API did not return this material
mp-565331,API did not return this material
mp-762487,API did not return this material
mp-779986,API did not return this material
mp-777554,API did not return this material
mp-765875,API did not return this material
mp-645682,API did not return this material
mp-765447,API did not return this material
mp-779872,API did not return this material
mp-777198,API did not return this material
mp-771524,API did not return this material
mp-762054,API did not return this material
mp-775474,API did not return this material
mp-774288,API did not return this material
mp-765803,API did not return this material
mp-25651,API did not return this material
mp-763221,API did not return this material
mp-769817,API did not return this material
mp-767647,API did not return this material
mp-766991,API did not return this material
mp-767979,API did not return this material
mp-776778,API did not return this material
mp-776866,API did not return this material
mp-773561,API did not return this material
mp-763804,API did not return this material
mp-25101,API did not return this material
mp-767445,API did not return this material
mp-777428,API did not return this material
mp-585383,API did not return this material
mp-849394,API did not return this material
mp-771540,API did not return this material
mp-775342,API did not return this material
mp-567205,API did not return this material
mp-25744,API did not return this material
mp-867300,API did not return this material
mp-761820,API did not return this material
mp-781743,API did not return this material
mp-762479,API did not return this material
mp-765763,API did not return this material
mp-773370,API did not return this material
mp-565897,API did not return this material
mp-864746,API did not return this material
mp-779859,API did not return this material
mp-770321,API did not return this material
mp-31955,API did not return this material
mp-767748,API did not return this material
mp-505304,API did not return this material
mp-773754,API did not return this material
mp-765784,API did not return this material
mp-761482,API did not return this material
mp-773272,API did not return this material
mp-767787,API did not return this material
mp-771538,API did not return this material
mp-565217,API did not return this material
mp-565791,API did not return this material
mp-765748,API did not return this material
mp-770877,API did not return this material
mp-778657,API did not return this material
mp-648971,API did not return this material
mp-769828,API did not return this material
mp-764690,API did not return this material
mp-25177,API did not return this material
mp-4410,API did not return this material
mp-775054,API did not return this material
mp-31698,API did not return this material
mp-19620,API did not return this material
mp-780590,API did not return this material
mp-764716,API did not return this material
mp-770044,API did not return this material
mp-771278,API did not return this material
mp-774011,API did not return this material
mp-25602,API did not return this material
mp-558797,API did not return this material
mp-32506,API did not return this material
mp-772687,API did not return this material
mp-777703,API did not return this material
mp-868147,API did not return this material
mp-782706,API did not return this material
mp-566140,API did not return this material
mp-32485,API did not return this material
mp-777219,API did not return this material
mp-763646,API did not return this material
mp-780790,API did not return this material
mp-851036,API did not return this material
mp-763213,API did not return this material
mp-763379,API did not return this material
mp-12387,API did not return this material
mp-765722,API did not return this material
mp-775028,API did not return this material
mp-770980,API did not return this material
mp-765545,API did not return this material
mp-541250,API did not return this material
mp-764187,API did not return this material
mp-771678,API did not return this material
mp-569486,API did not return this material
mp-31944,API did not return this material
mp-562121,API did not return this material
mp-767806,API did not return this material
mp-771860,API did not return this material
mp-767477,API did not return this material
mp-767016,API did not return this material
mp-771728,API did not return this material
mp-868632,API did not return this material
mp-773389,API did not return this material
mp-761348,API did not return this material
mp-765019,API did not return this material
mp-19696,API did not return this material
mp-765863,API did not return this material
mp-24961,API did not return this material
mp-767744,API did not return this material
mp-31971,API did not return this material
mp-775621,API did not return this material
mp-699531,API did not return this material
mp-767854,API did not return this material
mp-540203,API did not return this material
mp-689533,API did not return this material
mp-541484,API did not return this material
mp-721098,API did not return this material
mp-767881,API did not return this material
mp-764432,API did not return this material
mp-775050,API did not return this material
mp-761519,API did not return this material
mp-764503,API did not return this material
mp-8504,API did not return this material
mp-765670,API did not return this material
mp-540498,API did not return this material
mp-770325,API did not return this material
mp-775468,API did not return this material
mp-763995,API did not return this material
mp-566662,API did not return this material
mp-619752,API did not return this material
mp-773216,API did not return this material
mp-540432,API did not return this material
mp-776794,API did not return this material
mp-653560,API did not return this material
mp-504533,API did not return this material
mp-25626,API did not return this material
mp-767869,API did not return this material
mp-765042,API did not return this material
mp-770580,API did not return this material
mp-763111,API did not return this material
mp-763266,API did not return this material
mp-849360,API did not return this material
mp-776354,API did not return this material
mp-763270,API did not return this material
mp-769978,API did not return this material
mp-566838,API did not return this material
mp-566429,API did not return this material
mp-771797,API did not return this material
mp-25122,API did not return this material
mp-761528,API did not return this material
mp-764296,API did not return this material
mp-32456,API did not return this material
mp-25589,API did not return this material
mp-540112,API did not return this material
mp-585227,API did not return this material
mp-775722,API did not return this material
mp-640524,API did not return this material
mp-780678,API did not return this material
mp-775044,API did not return this material
mp-868636,API did not return this material
mp-778571,API did not return this material
mp-767301,API did not return this material
mp-24947,API did not return this material
mp-767916,API did not return this material
mp-765798,API did not return this material
mp-766842,API did not return this material
mp-765056,API did not return this material
mp-762585,API did not return this material
mp-714882,API did not return this material
mp-766773,API did not return this material
mp-762786,API did not return this material
mp-762631,API did not return this material
mp-767895,API did not return this material
mp-849673,API did not return this material
mp-770077,API did not return this material
mp-771526,API did not return this material
mp-541671,API did not return this material
mp-771424,API did not return this material
mp-762684,API did not return this material
mp-778639,API did not return this material
mp-769742,API did not return this material
mp-777086,API did not return this material
mp-762238,API did not return this material
mp-31709,API did not return this material
mp-769820,API did not return this material
mp-775394,API did not return this material
mp-540393,API did not return this material
mp-867341,API did not return this material
mp-765439,API did not return this material
mp-25495,API did not return this material
mp-766864,API did not return this material
mp-774131,API did not return this material
mp-778656,API did not return this material
mp-771300,API did not return this material
mp-32564,API did not return this material
mp-20205,API did not return this material
mp-566945,API did not return this material
mp-764146,API did not return this material
mp-781697,API did not return this material
mp-765103,API did not return this material
mp-863908,API did not return this material
mp-777253,API did not return this material
mp-763242,API did not return this material
mp-849375,API did not return this material
mp-568058,API did not return this material
mp-778713,API did not return this material
mp-775233,API did not return this material
mp-764360,API did not return this material
mp-779400,API did not return this material
mp-780826,API did not return this material
mp-694722,API did not return this material
mp-767022,API did not return this material
mp-770095,API did not return this material
mp-776137,API did not return this material
mp-762754,API did not return this material
mp-779995,API did not return this material
mp-565466,API did not return this material
mp-761977,API did not return this material
mp-779772,API did not return this material
mp-772690,API did not return this material
mp-765814,API did not return this material
mp-613172,API did not return this material
mp-761458,API did not return this material
mp-633897,API did not return this material
mp-19627,API did not return this material
mp-851019,API did not return this material
mp-772107,API did not return this material
mp-540273,API did not return this material
mp-764339,API did not return this material
mp-19552,API did not return this material
mp-743649,API did not return this material
mp-777213,API did not return this material
mp-763465,API did not return this material
mp-780634,API did not return this material
mp-540218,API did not return this material
mp-765206,API did not return this material
mp-782694,API did not return this material
mp-31635,API did not return this material
mp-765908,API did not return this material
mp-770801,API did not return this material
mp-774001,API did not return this material
mp-764312,API did not return this material
mp-565464,API did not return this material
mp-771619,API did not return this material
mp-762546,API did not return this material
mp-772252,API did not return this material
mp-773919,API did not return this material
mp-761291,API did not return this material
mp-614369,API did not return this material
mp-761468,API did not return this material
mp-771716,API did not return this material
mp-777097,API did not return this material
mp-763189,API did not return this material
mp-31580,API did not return this material
mp-766912,API did not return this material
mp-565856,API did not return this material
mp-773468,API did not return this material
mp-554528,API did not return this material
mp-763340,API did not return this material
mp-868264,API did not return this material
mp-565327,API did not return this material
mp-767161,API did not return this material
mp-768076,API did not return this material
mp-773305,API did not return this material
mp-761557,API did not return this material
mp-771287,API did not return this material
mp-780589,API did not return this material
mp-777068,API did not return this material
mp-705451,API did not return this material
mp-775964,API did not return this material
mp-771510,API did not return this material
mp-868564,API did not return this material
mp-764162,API did not return this material
mp-566876,API did not return this material
mp-775649,API did not return this material
mp-765766,API did not return this material
mp-867112,API did not return this material
mp-765240,API did not return this material
mp-761718,API did not return this material
mp-766901,API did not return this material
mp-774095,API did not return this material
mp-771632,API did not return this material
mp-19687,API did not return this material
mp-778029,API did not return this material
mp-31959,API did not return this material
mp-777090,API did not return this material
mp-769780,API did not return this material
mp-555849,API did not return this material
mp-25061,API did not return this material
mp-764247,API did not return this material
mp-773546,API did not return this material
mp-762427,API did not return this material
mp-762160,API did not return this material
mp-776850,API did not return this material
mp-850112,API did not return this material
mp-865509,API did not return this material
mp-623382,API did not return this material
mp-765234,API did not return this material
mp-761800,API did not return this material
mp-850065,API did not return this material
mp-853180,API did not return this material
mp-762409,API did not return this material
mp-867203,API did not return this material
mp-565569,API did not return this material
mp-769799,API did not return this material
mp-779832,API did not return this material
mp-763900,API did not return this material
mp-766159,API did not return this material
mp-651008,API did not return this material
mp-771847,API did not return this material
mp-781375,API did not return this material
mp-704109,API did not return this material
mp-31809,API did not return this material
mp-565956,API did not return this material
mp-780686,API did not return this material
mp-778395,API did not return this material
mp-766906,API did not return this material
mp-767228,API did not return this material
mp-625723,API did not return this material
mp-780918,API did not return this material
mp-850900,API did not return this material
mp-555678,API did not return this material
mp-769896,API did not return this material
mp-775686,API did not return this material
mp-24928,API did not return this material
mp-540021,API did not return this material
mp-32447,API did not return this material
mp-762887,API did not return this material
mp-763280,API did not return this material
mp-767349,API did not return this material
mp-780748,API did not return this material
mp-770200,API did not return this material
mp-764027,API did not return this material
mp-31830,API did not return this material
mp-780825,API did not return this material
mp-868269,API did not return this material
mp-763521,API did not return this material
mp-851295,API did not return this material
mp-764133,API did not return this material
mp-775464,API did not return this material
mp-780501,API did not return this material
mp-777494,API did not return this material
mp-769917,API did not return this material
mp-556321,API did not return this material
mp-600864,API did not return this material
mp-778631,API did not return this material
mp-868757,API did not return this material
mp-766937,API did not return this material
mp-780036,API did not return this material
mp-31866,API did not return this material
mp-779958,API did not return this material
mp-774150,API did not return this material
mp-771865,API did not return this material
mp-774125,API did not return this material
mp-764368,API did not return this material
mp-868323,API did not return this material
mp-32061,API did not return this material
mp-774194,API did not return this material
mp-767172,API did not return this material
mp-868612,API did not return this material
mp-752484,API did not return this material
mp-997524,API did not return this material
mp-774040,API did not return this material
mp-24899,API did not return this material
mp-868381,API did not return this material
mp-24896,API did not return this material
mp-765774,API did not return this material
mp-849231,API did not return this material
mp-771987,API did not return this material
mp-766738,API did not return this material
mp-766150,API did not return this material
mp-868604,API did not return this material
mp-765533,API did not return this material
mp-853267,API did not return this material
mp-579533,API did not return this material
mp-764286,API did not return this material
mp-850444,API did not return this material
mp-566762,API did not return this material
mp-776621,API did not return this material
mp-780139,API did not return this material
mp-775391,API did not return this material
mp-764840,API did not return this material
mp-775036,API did not return this material
mp-767901,API did not return this material
mp-541780,API did not return this material
mp-761644,API did not return this material
mp-32007,API did not return this material
mp-780541,API did not return this material
mp-32039,API did not return this material
mp-767884,API did not return this material
mp-566529,API did not return this material
mp-851072,API did not return this material
mp-767611,API did not return this material
mp-554457,API did not return this material
mp-850139,API did not return this material
mp-778921,API did not return this material
mp-25662,API did not return this material
mp-553963,API did not return this material
mp-554696,API did not return this material
mp-780906,API did not return this material
mp-714876,API did not return this material
mp-565758,API did not return this material
mp-763686,API did not return this material
mp-766761,API did not return this material
mp-690529,API did not return this material
mp-770336,API did not return this material
mp-853131,API did not return this material
mp-769822,API did not return this material
mp-767169,API did not return this material
mp-567831,API did not return this material
mp-558142,API did not return this material
mp-868387,API did not return this material
mp-771668,API did not return this material
mp-567057,API did not return this material
mp-780332,API did not return this material
mp-31656,API did not return this material
mp-613612,API did not return this material
mp-540209,API did not return this material
mp-775528,API did not return this material
mp-851015,API did not return this material
mp-761299,API did not return this material
mp-764137,API did not return this material
mp-761452,API did not return this material
mp-767846,API did not return this material
mp-510253,API did not return this material
mp-31537,API did not return this material
mp-777696,API did not return this material
mp-32436,API did not return this material
mp-868644,API did not return this material
mp-704669,API did not return this material
mp-766723,API did not return this material
mp-779202,API did not return this material
mp-779805,API did not return this material
mp-556854,API did not return this material
mp-773405,API did not return this material
mp-567151,API did not return this material
mp-25022,API did not return this material
mp-25590,API did not return this material
mp-762725,API did not return this material
mp-865134,API did not return this material
mp-764895,API did not return this material
mp-767638,API did not return this material
mp-32316,API did not return this material
mp-565449,API did not return this material
mp-774111,API did not return this material
mp-762166,API did not return this material
mp-540350,API did not return this material
mp-697809,API did not return this material
mp-769862,API did not return this material
mp-761333,API did not return this material
mp-761320,API did not return this material
mp-775457,API did not return this material
mp-776852,API did not return this material
mp-1665,API did not return this material
mp-773718,API did not return this material
mp-25139,API did not return this material
mp-769859,API did not return this material
mp-762492,API did not return this material
mp-675406,API did not return this material
mp-762758,API did not return this material
mp-763126,API did not return this material
mp-765845,API did not return this material
mp-560185,API did not return this material
mp-765299,API did not return this material
mp-565519,API did not return this material
mp-779990,API did not return this material
mp-510414,API did not return this material
mp-762490,API did not return this material
mp-771749,API did not return this material
mp-763693,API did not return this material
mp-764550,API did not return this material
mp-771436,API did not return this material
mp-761391,API did not return this material
mp-571479,API did not return this material
mp-849543,API did not return this material
mp-638632,API did not return this material
mp-771573,API did not return this material
mp-766613,API did not return this material
mp-779810,API did not return this material
mp-762180,API did not return this material
mp-765830,API did not return this material
mp-778699,API did not return this material
mp-778307,API did not return this material
mp-770242,API did not return this material
mp-25583,API did not return this material
mp-773383,API did not return this material
mp-762895,API did not return this material
mp-772281,API did not return this material
mp-558949,API did not return this material
mp-25523,API did not return this material
mp-540427,API did not return this material
mp-849703,API did not return this material
mp-767111,API did not return this material
mp-579904,API did not return this material
mp-566264,API did not return this material
mp-763796,API did not return this material
mp-566207,API did not return this material
mp-25024,API did not return this material
mp-613344,API did not return this material
mp-764758,API did not return this material
mp-763621,API did not return this material
mp-616689,API did not return this material
mp-776722,API did not return this material
mp-868389,API did not return this material
mp-32397,API did not return this material
mp-766752,API did not return this material
mp-773299,API did not return this material
mp-764279,API did not return this material
mp-764675,API did not return this material
mp-765391,API did not return this material
mp-566274,API did not return this material
mp-541976,API did not return this material
mp-764313,API did not return this material
mp-604498,API did not return this material
mp-764091,API did not return this material
mp-775400,API did not return this material
mp-767912,API did not return this material
mp-777109,API did not return this material
mp-767986,API did not return this material
mp-606470,API did not return this material
mp-779944,API did not return this material
mp-772392,API did not return this material
mp-25179,API did not return this material
mp-773294,API did not return this material
mp-849934,API did not return this material
mp-540197,API did not return this material
mp-565648,API did not return this material
mp-540075,API did not return this material
mp-849341,API did not return this material
mp-624387,API did not return this material
mp-25172,API did not return this material
mp-763009,API did not return this material
mp-770071,API did not return this material
mp-850869,API did not return this material
mp-19658,API did not return this material
mp-765541,API did not return this material
mp-769682,API did not return this material
mp-773308,API did not return this material
mp-762298,API did not return this material
mp-764703,API did not return this material
mp-566540,API did not return this material
mp-772386,API did not return this material
mp-778711,API did not return this material
mp-19543,API did not return this material
mp-25787,API did not return this material
mp-743584,API did not return this material
mp-772006,API did not return this material
mp-754422,API did not return this material
mp-770010,API did not return this material
mp-778036,API did not return this material
mp-31810,API did not return this material
mp-864632,API did not return this material
mp-850088,API did not return this material
mp-25723,API did not return this material
mp-763874,API did not return this material
mp-640890,API did not return this material
mp-510766,API did not return this material
mp-762200,API did not return this material
mp-31647,API did not return this material
mp-773548,API did not return this material
mp-573045,API did not return this material
mp-566031,API did not return this material
mp-768057,API did not return this material
mp-773629,API did not return this material
mp-767030,API did not return this material
mp-12264,API did not return this material
mp-763377,API did not return this material
mp-765068,API did not return this material
mp-556941,API did not return this material
mp-620294,API did not return this material
mp-770049,API did not return this material
mp-775076,API did not return this material
mp-32031,API did not return this material
mp-566869,API did not return this material
mp-767980,API did not return this material
mp-32118,API did not return this material
mp-779395,API did not return this material
mp-763512,API did not return this material
mp-779978,API did not return this material
mp-772689,API did not return this material
mp-765361,API did not return this material
mp-769699,API did not return this material
mp-764641,API did not return this material
mp-851003,API did not return this material
mp-540455,API did not return this material
mp-763829,API did not return this material
mp-766722,API did not return this material
mp-778394,API did not return this material
mp-761307,API did not return this material
mp-767217,API did not return this material
mp-565786,API did not return this material
mp-868488,API did not return this material
mp-766794,API did not return this material
mp-566704,API did not return this material
mp-543050,API did not return this material
mp-762782,API did not return this material
mp-540423,API did not return this material
mp-770100,API did not return this material
mp-765788,API did not return this material
mp-768014,API did not return this material
mp-774149,API did not return this material
mp-555480,API did not return this material
mp-762154,API did not return this material
mp-771107,API did not return this material
mp-781113,API did not return this material
mp-763439,API did not return this material
mp-542659,API did not return this material
mp-764533,API did not return this material
mp-770309,API did not return this material
mp-773612,API did not return this material
mp-774023,API did not return this material
mp-626109,API did not return this material
mp-566229,API did not return this material
mp-640827,API did not return this material
mp-540612,API did not return this material
mp-775566,API did not return this material
mp-770028,API did not return this material
mp-761727,API did not return this material
mp-771505,API did not return this material
mp-853154,API did not return this material
mp-777251,API did not return this material
mp-763746,API did not return this material
mp-763629,API did not return this material
mp-763677,API did not return this material
mp-767875,API did not return this material
mp-762217,API did not return this material
mp-25004,API did not return this material
mp-31725,API did not return this material
mp-767590,API did not return this material
mp-25014,API did not return this material
mp-764619,API did not return this material
mp-764213,API did not return this material
mp-778301,API did not return this material
mp-767316,API did not return this material
mp-25716,API did not return this material
mp-764639,API did not return this material
mp-25104,API did not return this material
mp-705619,API did not return this material
mp-775052,API did not return this material
mp-782658,API did not return this material
mp-769957,API did not return this material
mp-32088,API did not return this material
mp-540071,API did not return this material
mp-764696,API did not return this material
mp-554205,API did not return this material
mp-25772,API did not return this material
mp-716509,API did not return this material
mp-510132,API did not return this material
mp-764963,API did not return this material
mp-761736,API did not return this material
mp-767029,API did not return this material
mp-777057,API did not return this material
mp-540388,API did not return this material
mp-777250,API did not return this material
mp-782698,API did not return this material
mp-543096,API did not return this material
mp-850102,API did not return this material
mp-31735,API did not return this material
mp-774063,API did not return this material
mp-578615,API did not return this material
mp-652144,API did not return this material
mp-770298,API did not return this material
mp-744600,API did not return this material
mp-762659,API did not return this material
mp-6131,API did not return this material
mp-27793,API did not return this material
mp-762765,API did not return this material
mp-763955,API did not return this material
mp-31530,API did not return this material
mp-762290,API did not return this material
mp-567404,API did not return this material
mp-767314,API did not return this material
mp-849250,API did not return this material
mp-775693,API did not return this material
mp-850264,API did not return this material
mp-763595,API did not return this material
mp-775690,API did not return this material
mp-775042,API did not return this material
mp-776526,API did not return this material
mp-540140,API did not return this material
mp-31927,API did not return this material
mp-766157,API did not return this material
mp-771412,API did not return this material
mp-764112,API did not return this material
mp-775530,API did not return this material
mp-763722,API did not return this material
mp-868139,API did not return this material
mp-765806,API did not return this material
mp-705413,API did not return this material
mp-769966,API did not return this material
mp-705749,API did not return this material
mp-764673,API did not return this material
mp-769782,API did not return this material
mp-572324,API did not return this material
mp-780746,API did not return this material
mp-761493,API did not return this material
mp-769453,API did not return this material
mp-763749,API did not return this material
mp-761658,API did not return this material
mp-767355,API did not return this material
mp-24859,API did not return this material
mp-704736,API did not return this material
mp-763828,API did not return this material
mp-850493,API did not return this material
mp-19683,API did not return this material
mp-762591,API did not return this material
mp-771614,API did not return this material
mp-770164,API did not return this material
mp-771578,API did not return this material
mp-541194,API did not return this material
mp-32095,API did not return this material
mp-762221,API did not return this material
mp-771726,API did not return this material
mp-776665,API did not return this material
mp-565952,API did not return this material
mp-25682,API did not return this material
mp-765268,API did not return this material
mp-641162,API did not return this material
mp-565901,API did not return this material
mp-765953,API did not return this material
mp-8792,API did not return this material
mp-542441,API did not return this material
mp-778688,API did not return this material
mp-780885,API did not return this material
mp-761576,API did not return this material
mp-770263,API did not return this material
mp-771805,API did not return this material
mp-771586,API did not return this material
mp-778719,API did not return this material
mp-764272,API did not return this material
mp-762669,API did not return this material
mp-770603,API did not return this material
mp-866385,API did not return this material
mp-556520,API did not return this material
mp-566111,API did not return this material
mp-764029,API did not return this material
mp-683904,API did not return this material
mp-776863,API did not return this material
mp-676562,API did not return this material
mp-771283,API did not return this material
mp-779169,API did not return this material
mp-778592,API did not return this material
mp-566509,API did not return this material
mp-2096,API did not return this material
mp-566988,API did not return this material
mp-780904,API did not return this material
mp-767084,API did not return this material
mp-616581,API did not return this material
mp-849967,API did not return this material
mp-868363,API did not return this material
mp-763529,API did not return this material
mp-763526,API did not return this material
mp-771102,API did not return this material
mp-776148,API did not return this material
mp-761357,API did not return this material
mp-771447,API did not return this material
mp-765822,API did not return this material
mp-540328,API did not return this material
mp-25680,API did not return this material
mp-773704,API did not return this material
mp-864801,API did not return this material
mp-868386,API did not return this material
mp-566460,API did not return this material
mp-764757,API did not return this material
mp-765502,API did not return this material
mp-565627,API did not return this material
mp-769690,API did not return this material
mp-771584,API did not return this material
mp-765494,API did not return this material
mp-763856,API did not return this material
mp-767115,API did not return this material
mp-774020,API did not return this material
mp-868345,API did not return this material
mp-774071,API did not return this material
mp-781689,API did not return this material
mp-770911,API did not return this material
mp-764608,API did not return this material
mp-775508,API did not return this material
mp-556505,API did not return this material
mp-765034,API did not return this material
mp-767908,API did not return this material
mp-850147,API did not return this material
mp-557098,API did not return this material
mp-637219,API did not return this material
mp-866267,API did not return this material
mp-32430,API did not return this material
mp-634591,API did not return this material
mp-773395,API did not return this material
mp-849368,API did not return this material
mp-765800,API did not return this material
mp-603285,API did not return this material
mp-775074,API did not return this material
mp-766850,API did not return this material
mp-762673,API did not return this material
mp-769889,API did not return this material
mp-767241,API did not return this material
mp-24969,API did not return this material
mp-611608,API did not return this material
mp-765782,API did not return this material
mp-767665,API did not return this material
mp-778890,API did not return this material
mp-779855,API did not return this material
mp-767448,API did not return this material
mp-761313,API did not return this material
mp-761588,API did not return this material
mp-765966,API did not return this material
mp-763797,API did not return this material
mp-777907,API did not return this material
mp-765305,API did not return this material
mp-566624,API did not return this material
mp-764894,API did not return this material
mp-769645,API did not return this material
mp-849357,API did not return this material
mp-763727,API did not return this material
mp-778349,API did not return this material
mp-771377,API did not return this material
mp-780540,API did not return this material
mp-32102,API did not return this material
mp-765024,API did not return this material
mp-31803,API did not return this material
mp-720982,API did not return this material
mp-30428,API did not return this material
mp-625457,API did not return this material
mp-761737,API did not return this material
mp-744948,API did not return this material
mp-762589,API did not return this material
mp-771610,API did not return this material
mp-774086,API did not return this material
mp-580127,API did not return this material
mp-31529,API did not return this material
mp-764258,API did not return this material
mp-769680,API did not return this material
mp-776670,API did not return this material
mp-762557,API did not return this material
mp-16625,API did not return this material
mp-780163,API did not return this material
mp-761455,API did not return this material
mp-863883,API did not return this material
mp-571643,API did not return this material
mp-25743,API did not return this material
mp-761646,API did not return this material
mp-763394,API did not return this material
mp-25547,API did not return this material
mp-868270,API did not return this material
mp-780820,API did not return this material
mp-767976,API did not return this material
mp-771405,API did not return this material
mp-685606,API did not return this material
mp-768039,API did not return this material
mp-761489,API did not return this material
mp-565811,API did not return this material
mp-766790,API did not return this material
mp-765443,API did not return this material
mp-761709,API did not return this material
mp-758107,API did not return this material
mp-764880,API did not return this material
mp-780593,API did not return this material
mp-763195,API did not return this material
mp-777116,API did not return this material
mp-772678,API did not return this material
mp-849350,API did not return this material
mp-764772,API did not return this material
mp-585191,API did not return this material
mp-762622,API did not return this material
mp-769704,API did not return this material
mp-773742,API did not return this material
mp-565885,API did not return this material
mp-505127,API did not return this material
mp-777141,API did not return this material
mp-777062,API did not return this material
mp-780917,API did not return this material
mp-698569,API did not return this material
mp-850172,API did not return this material
mp-706714,API did not return this material
mp-566617,API did not return this material
mp-640847,API did not return this material
mp-764750,API did not return this material
mp-504878,API did not return this material
mp-743575,API did not return this material
mp-567002,API did not return this material
mp-767669,API did not return this material
mp-763018,API did not return this material
mp-780213,API did not return this material
mp-767135,API did not return this material
mp-761634,API did not return this material
mp-753368,API did not return this material
mp-557036,API did not return this material
mp-769996,API did not return this material
mp-540983,API did not return this material
mp-24976,API did not return this material
mp-31523,API did not return this material
mp-775208,API did not return this material
mp-767935,API did not return this material
mp-763323,API did not return this material
mp-625416,API did not return this material
mp-25630,API did not return this material
mp-510764,API did not return this material
mp-773703,API did not return this material
mp-617180,API did not return this material
mp-765377,API did not return this material
mp-773680,API did not return this material
mp-767867,API did not return this material
mp-771475,API did not return this material
mp-570425,API did not return this material
mp-772587,API did not return this material
mp-763885,API did not return this material
mp-770180,API did not return this material
mp-763617,API did not return this material
mp-762188,API did not return this material
mp-744463,API did not return this material
mp-761631,API did not return this material
mp-775035,API did not return this material
mp-763834,API did not return this material
mp-777858,API did not return this material
mp-775092,API did not return this material
mp-767212,API did not return this material
mp-764961,API did not return this material
mp-767173,API did not return this material
mp-675628,API did not return this material
mp-540489,API did not return this material
mp-776815,API did not return this material
mp-767193,API did not return this material
mp-771390,API did not return this material
mp-770149,API did not return this material
mp-770331,API did not return this material
mp-863910,API did not return this material
mp-763898,API did not return this material
mp-777248,API did not return this material
mp-770205,API did not return this material
mp-762877,API did not return this material
mp-765320,API did not return this material
mp-774097,API did not return this material
mp-761564,API did not return this material
mp-566578,API did not return this material
mp-619843,API did not return this material
mp-565443,API did not return this material
mp-777940,API did not return this material
mp-778562,API did not return this material
mp-558444,API did not return this material
mp-763887,API did not return this material
mp-763639,API did not return this material
mp-767099,API did not return this material
mp-770006,API did not return this material
mp-850095,API did not return this material
mp-776835,API did not return this material
mp-765450,API did not return this material
mp-541304,API did not return this material
mp-769932,API did not return this material
mp-25120,API did not return this material
mp-31585,API did not return this material
mp-767757,API did not return this material
mp-771928,API did not return this material
mp-761331,API did not return this material
mp-853188,API did not return this material
mp-767336,API did not return this material
mp-770716,API did not return this material
mp-997545,API did not return this material
mp-763032,API did not return this material
mp-762689,API did not return this material
mp-765262,API did not return this material
mp-765495,API did not return this material
mp-567328,API did not return this material
mp-769759,API did not return this material
mp-24843,API did not return this material
mp-771808,API did not return this material
mp-766798,API did not return this material
mp-769984,API did not return this material
mp-685605,API did not return this material
mp-777915,API did not return this material
mp-31846,API did not return this material
mp-686969,API did not return this material
mp-769940,API did not return this material
mp-774081,API did not return this material
mp-560074,API did not return this material
mp-777707,API did not return this material
mp-761802,API did not return this material
mp-764186,API did not return this material
mp-764950,API did not return this material
mp-866387,API did not return this material
mp-31541,API did not return this material
mp-640807,API did not return this material
mp-762003,API did not return this material
mp-775553,API did not return this material
mp-771688,API did not return this material
mp-768011,API did not return this material
mp-771747,API did not return this material
mp-743680,API did not return this material
mp-764287,API did not return this material
mp-764821,API did not return this material
mp-851021,API did not return this material
mp-770183,API did not return this material
mp-541588,API did not return this material
mp-762611,API did not return this material
mp-770672,API did not return this material
mp-566325,API did not return this material
mp-765551,API did not return this material
mp-763467,API did not return this material
mp-764982,API did not return this material
mp-850470,API did not return this material
mp-542245,API did not return this material
mp-765885,API did not return this material
mp-849373,API did not return this material
mp-569374,API did not return this material
mp-677714,API did not return this material
mp-780646,API did not return this material
mp-765765,API did not return this material
mp-761428,API did not return this material
mp-780754,API did not return this material
mp-705087,API did not return this material
mp-780643,API did not return this material
mp-540838,API did not return this material
mp-763589,API did not return this material
mp-31581,API did not return this material
mp-771618,API did not return this material
mp-763134,API did not return this material
mp-771215,API did not return this material
mp-769787,API did not return this material
mp-781694,API did not return this material
mp-765910,API did not return this material
mp-566495,API did not return this material
mp-743616,API did not return this material
mp-767958,API did not return this material
mp-566629,API did not return this material
mp-763561,API did not return this material
mp-540113,API did not return this material
mp-762294,API did not return this material
mp-762541,API did not return this material
mp-774992,API did not return this material
mp-770260,API did not return this material
mp-771503,API did not return this material
mp-25080,API did not return this material
mp-765125,API did not return this material
mp-566924,API did not return this material
mp-31845,API did not return this material
mp-765057,API did not return this material
mp-764062,API did not return this material
mp-771594,API did not return this material
mp-780588,API did not return this material
mp-770339,API did not return this material
mp-565260,API did not return this material
mp-763697,API did not return this material
mp-778363,API did not return this material
mp-779238,API did not return this material
mp-767702,API did not return this material
mp-777913,API did not return this material
mp-770169,API did not return this material
mp-763717,API did not return this material
mp-766859,API did not return this material
mp-762614,API did not return this material
mp-761617,API did not return this material
mp-540132,API did not return this material
mp-972406,API did not return this material
mp-771625,API did not return this material
mp-32375,API did not return this material
mp-10767,API did not return this material
mp-764041,API did not return this material
mp-767993,API did not return this material
mp-764411,API did not return this material
mp-762382,API did not return this material
mp-559440,API did not return this material
mp-771792,API did not return this material
mp-762043,API did not return this material
mp-765290,API did not return this material
mp-31718,API did not return this material
mp-763239,API did not return this material
mp-541547,API did not return this material
mp-541004,API did not return this material
mp-765387,API did not return this material
mp-31636,API did not return this material
mp-542433,API did not return this material
mp-540327,API did not return this material
mp-510276,API did not return this material
mp-24878,API did not return this material
mp-764767,API did not return this material
mp-25777,API did not return this material
mp-566438,API did not return this material
mp-540417,API did not return this material
mp-771427,API did not return this material
mp-850110,API did not return this material
mp-640853,API did not return this material
mp-863868,API did not return this material
mp-782710,API did not return this material
mp-566925,API did not return this material
mp-777663,API did not return this material
mp-769853,API did not return this material
mp-566531,API did not return this material
mp-762652,API did not return this material
mp-779197,API did not return this material
mp-761438,API did not return this material
mp-868339,API did not return this material
mp-868012,API did not return this material
mp-566646,API did not return this material
mp-566538,API did not return this material
mp-765971,API did not return this material
mp-778927,API did not return this material
mp-771181,API did not return this material
mp-853228,API did not return this material
mp-766803,API did not return this material
mp-743783,API did not return this material
mp-780912,API did not return this material
mp-777504,API did not return this material
mp-762234,API did not return this material
mp-540385,API did not return this material
mp-24936,API did not return this material
mp-781777,API did not return this material
mp-763107,API did not return this material
mp-761559,API did not return this material
mp-557483,API did not return this material
mp-565206,API did not return this material
mp-775531,API did not return this material
mp-19634,API did not return this material
mp-979937,API did not return this material
mp-772472,API did not return this material
mp-769930,API did not return this material
mp-763602,API did not return this material
mp-766617,API did not return this material
mp-769750,API did not return this material
mp-558228,API did not return this material
mp-25604,API did not return this material
mp-540054,API did not return this material
mp-25591,API did not return this material
mp-779871,API did not return this material
mp-16826,API did not return this material
mp-763096,API did not return this material
mp-770042,API did not return this material
mp-775114,API did not return this material
mp-774101,API did not return this material
mp-765868,API did not return this material
mp-761462,API did not return this material
mp-867520,API did not return this material
mp-762404,API did not return this material
mp-510651,API did not return this material
mp-622126,API did not return this material
mp-863912,API did not return this material
mp-771247,API did not return this material
mp-775633,API did not return this material
mp-540344,API did not return this material
mp-767936,API did not return this material
mp-782701,API did not return this material
mp-628967,API did not return this material
mp-761402,API did not return this material
mp-769743,API did not return this material
mp-771603,API did not return this material
mp-542452,API did not return this material
mp-626261,API did not return this material
mp-25504,API did not return this material
mp-743646,API did not return this material
mp-24871,API did not return this material
mp-765983,API did not return this material
mp-765900,API did not return this material
mp-25688,API did not return this material
mp-565194,API did not return this material
mp-766143,API did not return this material
mp-540225,API did not return this material
mp-850357,API did not return this material
mp-768323,API did not return this material
mp-565379,API did not return this material
mp-777088,API did not return this material
mp-619753,API did not return this material
mp-767267,API did not return this material
mp-763488,API did not return this material
mp-568796,API did not return this material
mp-566586,API did not return this material
mp-775455,API did not return this material
mp-772379,API did not return this material
mp-32306,API did not return this material
mp-540208,API did not return this material
mp-777362,API did not return this material
mp-561183,API did not return this material
mp-773253,API did not return this material
mp-761587,API did not return this material
mp-540844,API did not return this material
mp-766992,API did not return this material
mp-762971,API did not return this material
mp-744583,API did not return this material
mp-778770,API did not return this material
mp-774181,API did not return this material
mp-780539,API did not return this material
mp-566060,API did not return this material
mp-767156,API did not return this material
mp-567350,API did not return this material
mp-767705,API did not return this material
mp-776828,API did not return this material
mp-579542,API did not return this material
mp-767205,API did not return this material
mp-566770,API did not return this material
mp-850512,API did not return this material
mp-763485,API did not return this material
mp-557485,API did not return this material
mp-569187,API did not return this material
mp-778033,API did not return this material
mp-762303,API did not return this material
mp-601388,API did not return this material
mp-769683,API did not return this material
mp-764724,API did not return this material
mp-763330,API did not return this material
mp-868144,API did not return this material
mp-24909,API did not return this material
mp-566887,API did not return this material
mp-770333,API did not return this material
mp-777631,API did not return this material
mp-767999,API did not return this material
mp-773575,API did not return this material
mp-767891,API did not return this material
mp-19601,API did not return this material
mp-24967,API did not return this material
mp-766073,API did not return this material
mp-775559,API did not return this material
mp-770306,API did not return this material
mp-763115,API did not return this material
mp-766153,API did not return this material
mp-640566,API did not return this material
mp-772363,API did not return this material
mp-743820,API did not return this material
mp-779851,API did not return this material
mp-767922,API did not return this material
mp-763665,API did not return this material
mp-767981,API did not return this material
mp-24847,API did not return this material
mp-772067,API did not return this material
mp-771496,API did not return this material
mp-762923,API did not return this material
mp-778870,API did not return this material
mp-771395,API did not return this material
mp-770337,API did not return this material
mp-566868,API did not return this material
mp-542926,API did not return this material
mp-775698,API did not return this material
mp-776486,API did not return this material
mp-761354,API did not return this material
mp-32045,API did not return this material
mp-555378,API did not return this material
mp-25068,API did not return this material
mp-763592,API did not return this material
mp-850504,API did not return this material
mp-779935,API did not return this material
mp-780688,API did not return this material
mp-763988,API did not return this material
mp-561826,API did not return this material
mp-766776,API did not return this material
mp-773260,API did not return this material
mp-770225,API did not return this material
mp-565444,API did not return this material
mp-763962,API did not return this material
mp-549033,API did not return this material
mp-541571,API did not return this material
mp-772280,API did not return this material
mp-585548,API did not return this material
mp-767155,API did not return this material
mp-781967,API did not return this material
mp-566636,API did not return this material
mp-31646,API did not return this material
mp-767824,API did not return this material
mp-764285,API did not return this material
mp-763662,API did not return this material
mp-558068,API did not return this material
mp-769921,API did not return this material
mp-850369,API did not return this material
mp-774098,API did not return this material
mp-23220,API did not return this material
mp-715488,API did not return this material
mp-773209,API did not return this material
mp-510667,API did not return this material
mp-767918,API did not return this material
mp-565829,API did not return this material
mp-651178,API did not return this material
mp-770265,API did not return this material
mp-779955,API did not return this material
mp-772577,API did not return this material
mp-31577,API did not return this material
mp-614768,API did not return this material
mp-762394,API did not return this material
mp-764793,API did not return this material
mp-764687,API did not return this material
mp-25519,API did not return this material
mp-868170,API did not return this material
mp-779943,API did not return this material
mp-762757,API did not return this material
mp-853230,API did not return this material
mp-771513,API did not return this material
mp-779923,API did not return this material
mp-771630,API did not return this material
mp-565913,API did not return this material
mp-780026,API did not return this material
mp-566238,API did not return this material
mp-579589,API did not return this material
mp-764851,API did not return this material
mp-772014,API did not return this material
mp-763103,API did not return this material
mp-769801,API did not return this material
mp-765864,API did not return this material
mp-780823,API did not return this material
mp-31728,API did not return this material
mp-769939,API did not return this material
mp-767199,API did not return this material
mp-779267,API did not return this material
mp-541274,API did not return this material
mp-762910,API did not return this material
mp-773618,API did not return this material
mp-780902,API did not return this material
mp-626582,API did not return this material
mp-24908,API did not return this material
mp-765384,API did not return this material
mp-764916,API did not return this material
mp-771499,API did not return this material
mp-19572,API did not return this material
mp-765109,API did not return this material
mp-19567,API did not return this material
mp-505067,API did not return this material
mp-761544,API did not return this material
mp-850101,API did not return this material
mp-764494,API did not return this material
mp-771358,API did not return this material
mp-777332,API did not return this material
mp-24964,API did not return this material
mp-31638,API did not return this material
mp-765940,API did not return this material
mp-767953,API did not return this material
mp-763930,API did not return this material
mp-771414,API did not return this material
mp-772465,API did not return this material
mp-645929,API did not return this material
mp-765794,API did not return this material
mp-19561,API did not return this material
mp-762655,API did not return this material
mp-767801,API did not return this material
mp-769819,API did not return this material
mp-32406,API did not return this material
mp-850146,API did not return this material
mp-763168,API did not return this material
mp-770350,API did not return this material
mp-762406,API did not return this material
mp-676762,API did not return this material
mp-19534,API did not return this material
mp-775618,API did not return this material
mp-763847,API did not return this material
mp-705540,API did not return this material
mp-25797,API did not return this material
mp-25054,API did not return this material
mp-763468,API did not return this material
mp-779371,API did not return this material
mp-772246,API did not return this material
mp-565515,API did not return this material
mp-19542,API did not return this material
mp-556189,API did not return this material
mp-767634,API did not return this material
mp-761467,API did not return this material
mp-25005,API did not return this material
mp-776907,API did not return this material
mp-28779,API did not return this material
mp-763761,API did not return this material
mp-776708,API did not return this material
mp-762395,API did not return this material
mp-849524,API did not return this material
mp-25534,API did not return this material
mp-849684,API did not return this material
mp-764249,API did not return this material
mp-767234,API did not return this material
mp-775057,API did not return this material
mp-763088,API did not return this material
mp-31568,API did not return this material
mp-34501,API did not return this material
mp-761626,API did not return this material
mp-780034,API did not return this material
mp-675142,API did not return this material
mp-770307,API did not return this material
mp-556421,API did not return this material
mp-24864,API did not return this material
mp-566253,API did not return this material
mp-868639,API did not return this material
mp-764706,API did not return this material
mp-853183,API did not return this material
mp-765210,API did not return this material
mp-771486,API did not return this material
mp-778591,API did not return this material
mp-286,API did not return this material
mp-764010,API did not return this material
mp-773258,API did not return this material
mp-780030,API did not return this material
mp-765012,API did not return this material
mp-853206,API did not return this material
mp-765851,API did not return this material
mp-778563,API did not return this material
mp-763258,API did not return this material
mp-773545,API did not return this material
mp-763391,API did not return this material
mp-778928,API did not return this material
mp-674783,API did not return this material
mp-565256,API did not return this material
mp-849332,API did not return this material
mp-1001570,API did not return this material
mp-770090,API did not return this material
mp-767008,API did not return this material
mp-765965,API did not return this material
mp-766785,API did not return this material
mp-763660,API did not return this material
mp-771656,API did not return this material
mp-771598,API did not return this material
mp-771502,API did not return this material
mp-774073,API did not return this material
mp-766751,API did not return this material
mp-25471,API did not return this material
mp-647149,API did not return this material
mp-771401,API did not return this material
mp-778653,API did not return this material
mp-867674,API did not return this material
mp-32013,API did not return this material
mp-770013,API did not return this material
mp-779842,API did not return this material
mp-558988,API did not return this material
mp-997512,API did not return this material
mp-630820,API did not return this material
mp-778401,API did not return this material
mp-762465,API did not return this material
mp-762245,API did not return this material
mp-763522,API did not return this material
mp-777138,API did not return this material
mp-775680,API did not return this material
mp-850064,API did not return this material
mp-770068,API did not return this material
mp-769885,API did not return this material
mp-616059,API did not return this material
mp-775079,API did not return this material
mp-782715,API did not return this material
mp-850486,API did not return this material
mp-778516,API did not return this material
mp-775454,API did not return this material
mp-765956,API did not return this material
mp-573084,API did not return this material
mp-765924,API did not return this material
mp-559479,API did not return this material
mp-767836,API did not return this material
mp-775356,API did not return this material
mp-567602,API did not return this material
mp-616694,API did not return this material
mp-781768,API did not return this material
mp-761775,API did not return this material
mp-765308,API did not return this material
mp-762850,API did not return this material
mp-773248,API did not return this material
mp-776143,API did not return this material
mp-779794,API did not return this material
mp-560385,API did not return this material
mp-851042,API did not return this material
mp-603679,API did not return this material
mp-776629,API did not return this material
mp-763911,API did not return this material
mp-777908,API did not return this material
mp-771676,API did not return this material
mp-542294,API did not return this material
mp-767569,API did not return this material
mp-566472,API did not return this material
mp-21795,API did not return this material
mp-774006,API did not return this material
mp-766903,API did not return this material
mp-779829,API did not return this material
mp-562665,API did not return this material
mp-763611,API did not return this material
mp-773560,API did not return this material
mp-762586,API did not return this material
mp-766963,API did not return this material
mp-763232,API did not return this material
mp-780909,API did not return this material
mp-764306,API did not return this material
mp-774022,API did not return this material
mp-771682,API did not return this material
mp-24932,API did not return this material
mp-765431,API did not return this material
mp-764676,API did not return this material
mp-765376,API did not return this material
mp-778528,API did not return this material
mp-699325,API did not return this material
mp-762187,API did not return this material
mp-767660,API did not return this material
mp-867615,API did not return this material
mp-569811,API did not return this material
mp-767582,API did not return this material
mp-763388,API did not return this material
mp-777927,API did not return this material
mp-562125,API did not return this material
mp-25090,API did not return this material
mp-780837,API did not return this material
mp-540444,API did not return this material
mp-765664,API did not return this material
mp-705599,API did not return this material
mp-781083,API did not return this material
mp-771552,API did not return this material
mp-771755,API did not return this material
mp-773241,API did not return this material
mp-773569,API did not return this material
mp-769941,API did not return this material
mp-764307,API did not return this material
mp-764901,API did not return this material
mp-771624,API did not return this material
mp-779991,API did not return this material
mp-765767,API did not return this material
mp-510224,API did not return this material
mp-773752,API did not return this material
mp-705538,API did not return this material
mp-685819,API did not return this material
mp-32504,API did not return this material
mp-555529,API did not return this material
mp-32382,API did not return this material
mp-764099,API did not return this material
mp-773208,API did not return this material
mp-773936,API did not return this material
mp-763300,API did not return this material
mp-769985,API did not return this material
mp-763603,API did not return this material
mp-774050,API did not return this material
mp-775107,API did not return this material
mp-777706,API did not return this material
mp-763170,API did not return this material
mp-763860,API did not return this material
mp-780047,API did not return this material
mp-504290,API did not return this material
mp-579927,API did not return this material
mp-771399,API did not return this material
mp-567035,API did not return this material
mp-777864,API did not return this material
mp-850374,API did not return this material
mp-771921,API did not return this material
mp-504795,API did not return this material
mp-770014,API did not return this material
mp-763364,API did not return this material
mp-767350,API did not return this material
mp-849242,API did not return this material
mp-851051,API did not return this material
mp-767988,API did not return this material
mp-771441,API did not return this material
mp-31594,API did not return this material
mp-25550,API did not return this material
mp-542969,API did not return this material
mp-772353,API did not return this material
mp-771511,API did not return this material
mp-763277,API did not return this material
mp-565233,API did not return this material
mp-25686,API did not return this material
mp-761662,API did not return this material
mp-31535,API did not return this material
mp-777693,API did not return this material
mp-781959,API did not return this material
mp-780633,API did not return this material
mp-767015,API did not return this material
mp-778915,API did not return this material
mp-771663,API did not return this material
mp-762459,API did not return this material
mp-765770,API did not return this material
mp-772681,API did not return this material
mp-767296,API did not return this material
mp-868325,API did not return this material
mp-764281,API did not return this material
mp-568977,API did not return this material
mp-19694,API did not return this material
mp-775779,API did not return this material
mp-767239,API did not return this material
mp-763516,API did not return this material
mp-773971,API did not return this material
mp-868268,API did not return this material
mp-764384,API did not return this material
mp-771994,API did not return this material
mp-771115,API did not return this material
mp-766780,API did not return this material
mp-778038,API did not return this material
mp-771926,API did not return this material
mp-556715,API did not return this material
mp-767001,API did not return this material
mp-773403,API did not return this material
mp-761622,API did not return this material
mp-540419,API did not return this material
mp-771200,API did not return this material
mp-765684,API did not return this material
mp-767662,API did not return this material
mp-556810,API did not return this material
mp-761553,API did not return this material
mp-566372,API did not return this material
mp-850154,API did not return this material
mp-764408,API did not return this material
mp-769689,API did not return this material
mp-767292,API did not return this material
mp-763570,API did not return this material
mp-762650,API did not return this material
mp-768030,API did not return this material
mp-566759,API did not return this material
mp-764320,API did not return this material
mp-767685,API did not return this material
mp-744527,API did not return this material
mp-541496,API did not return this material
mp-762316,API did not return this material
mp-566625,API did not return this material
mp-777323,API did not return this material
mp-769854,API did not return this material
mp-770484,API did not return this material
mp-764289,API did not return this material
mp-780091,API did not return this material
mp-771546,API did not return this material
mp-767080,API did not return this material
mp-763015,API did not return this material
mp-780827,API did not return this material
mp-777216,API did not return this material
mp-771379,API did not return this material
mp-776805,API did not return this material
mp-543105,API did not return this material
mp-777327,API did not return this material
mp-773259,API did not return this material
mp-781706,API did not return this material
mp-687011,API did not return this material
mp-779926,API did not return this material
mp-761381,API did not return this material
mp-779881,API did not return this material
mp-777654,API did not return this material
mp-763973,API did not return this material
mp-20342,API did not return this material
mp-767812,API did not return this material
mp-763438,API did not return this material
mp-762681,API did not return this material
mp-767317,API did not return this material
mp-540481,API did not return this material
mp-765126,API did not return this material
mp-762886,API did not return this material
mp-774160,API did not return this material
mp-773981,API did not return this material
mp-771211,API did not return this material
mp-24866,API did not return this material
mp-565334,API did not return this material
mp-762674,API did not return this material
mp-764167,API did not return this material
mp-849984,API did not return this material
mp-765881,API did not return this material
mp-566919,API did not return this material
mp-780771,API did not return this material
mp-25028,API did not return this material
mp-774265,API did not return this material
mp-773397,API did not return this material
mp-773393,API did not return this material
mp-867601,API did not return this material
mp-31731,API did not return this material
mp-505018,API did not return this material
mp-777249,API did not return this material
mp-540142,API did not return this material
mp-765813,API did not return this material
mp-764211,API did not return this material
mp-776710,API did not return this material
mp-775041,API did not return this material
mp-24885,API did not return this material
mp-776487,API did not return this material
mp-764825,API did not return this material
mp-850767,API did not return this material
mp-25732,API did not return this material
mp-744975,API did not return this material
mp-867286,API did not return this material
mp-764361,API did not return this material
mp-566861,API did not return this material
mp-540607,API did not return this material
mp-774275,API did not return this material
mp-767035,API did not return this material
mp-603643,API did not return this material
mp-865782,API did not return this material
mp-771104,API did not return this material
mp-761466,API did not return this material
mp-767057,API did not return this material
mp-764579,API did not return this material
mp-25001,API did not return this material
