structure_id,material_id,formation_energy_per_atom
0,mp-754118,-2.228844654444445
1,mp-978908,-0.9015221441666679
2,mp-3799,-3.2934082158333324
3,mp-12487,-1.2834591277203053
4,mp-541594,-0.7760661538636365
5,mp-775132,-2.746263725284483
6,mp-9712,-2.495422235476191
7,mp-754249,-2.3586030343859647
8,mp-758115,-2.5515421121626978
9,mp-755009,-3.8598293318181813
10,mp-569482,-0.6535412824999997
11,mp-32736,-2.0982415550208344
12,mp-8675,-0.09422804375000293
13,mp-980063,0.043644894999999906
14,mp-755364,-2.7170261749479145
15,mp-19113,-1.4002619573333326
16,mp-753497,-1.5190405165476182
17,mp-772777,-2.609685090876373
18,mp-558875,-2.1784547487037034
19,mp-561117,-1.3213937337500004
20,mp-849412,-2.7353253783333344
21,mp-2387,-0.16844641499999588
22,mp-772260,-2.806436942654322
23,mp-541044,-2.934489389913794
24,mp-568944,-0.773776867499997
25,mp-557769,-1.9568740418749997
26,mp-866076,-0.6502951806249975
27,mp-999072,-0.014344134166667466
28,mp-571420,-0.654173206938775
29,mp-30055,-1.3936056024999988
30,mp-569945,-0.19873144991228067
31,mp-28435,-1.6327487432916665
32,mp-977189,-0.4824770112500012
33,mp-974981,0.177609358125
34,mp-15257,-2.153581606572918
35,mp-29796,-2.1693735086458337
36,mp-1019110,-0.5543445366666658
37,mp-23339,-0.9990614762758618
38,mp-21001,-0.6461375420000024
39,mp-766236,-3.9713494802499993
40,mp-975198,-0.005344626875005698
41,mp-866056,-1.3225631381249983
42,mp-5477,-2.228964725172415
43,mp-41732,-3.0675481676666676
44,mp-675028,-1.6238103435833264
45,mp-560768,-3.1020036003752542
46,mp-734019,-1.531324562523511
47,mp-3075,-0.6405965739583341
48,mp-34144,-3.3600145314285714
49,mp-10114,-0.5856188020833342
50,mp-2908,-3.0210726285714293
51,mp-771075,-2.0321092503065135
52,mp-4341,-0.7277952545518209
53,mp-29579,-2.3032615625000004
54,mp-21248,-0.8592984466666659
55,mp-20799,-0.4469025109999961
56,mp-642646,-1.7479177072077923
57,mp-753472,-3.1886113308333335
58,mp-23275,-2.0435932645833326
59,mp-651268,-0.5453603755882338
60,mp-505216,-2.5492147572727273
61,mp-6219,-0.23252047207031268
62,mp-779364,-2.165084871354167
63,mp-1018041,-0.05116542781609201
64,mp-5380,-1.7705577220408146
65,mp-24034,-0.302516447875
66,mp-961653,-0.30446201666666656
67,mp-555447,-3.094573522745849
68,mp-12355,-3.586965255233333
69,mp-642831,-2.181571264955357
70,mp-23084,-1.557137906
71,mp-540946,-2.3129027943055576
72,mp-581990,-0.12048148374999812
73,mp-569396,-0.4210184652380953
74,mp-7090,-0.5565706387931044
75,mp-862431,-0.37469696291666743
76,mp-7223,-1.2842973102499997
77,mp-8989,-2.3382018585036946
78,mp-567600,-0.45913238599999884
79,mp-4034,-1.3705237164192718
80,mp-12480,-1.240844728214282
81,mp-505296,-0.5534546709999987
82,mp-566333,-1.9403558788129975
83,mp-28030,-2.6278196602192976
84,mp-779362,-2.417686388577586
85,mp-12466,-0.45365477393749953
86,mp-776520,-2.957641276156555
87,mp-16794,-0.6073584458333351
88,mp-570393,-0.295905144715278
89,mp-864993,-0.6830198629166683
90,mp-9272,-0.6917015276388933
91,mp-553962,-1.4722196597916666
92,mp-2808,-0.8013510275000009
93,mp-560381,-2.8725930005357148
94,mp-758520,-2.1518156750680264
95,mp-20714,-0.15600379999999822
96,mp-34611,0.039595513611111834
97,mp-17864,-2.9340917418799752
98,mp-676023,-4.082558194384236
99,mp-26702,-2.523788800958995
100,mp-32495,-2.6900287270604397
101,mp-773039,-3.0179365837654326
102,mp-1007862,0.0427643600000005
103,mp-37680,-1.9134489911979173
104,mp-6625,-2.3030940822916666
105,mp-975897,-0.8845438987500032
106,mp-18411,-1.060587030167026
107,mp-761841,-2.530958892475198
108,mp-684504,-2.5125235918214286
109,mp-31138,-0.22893815823275698
110,mp-556088,-3.165723067083333
111,mp-771161,-2.593847818928571
112,mp-29955,-0.37037914209822276
113,mp-9807,-2.574390435391666
114,mp-13816,-3.6034720430689653
115,mp-556806,-3.0019836170689658
116,mp-773605,-2.378766318991858
117,mp-644409,-2.7356468488029098
118,mp-531820,-3.2621987245061725
119,mp-5326,-0.784516142999999
120,mp-4415,-0.5962811130000063
121,mp-3585,-1.0555137370000012
122,mp-1008866,-0.7450613493486582
123,mp-979961,-0.48437973062500106
124,mp-849371,-1.8073645794999997
125,mp-753676,-3.2279547003333326
126,mp-11549,-0.26956944333333394
127,mp-32544,-2.591554100882353
128,mp-646450,-0.4775323405555554
129,mp-1069,-0.5586353450000013
130,mp-15895,-0.5306095941807586
131,mp-778593,-1.8129775997619058
132,mp-753360,-2.174334087500002
133,mp-559227,-0.9216986414285709
134,mp-675989,-0.456963439960937
135,mp-861948,-0.2292658204166642
136,mp-723064,-2.548817583157894
137,mp-973068,-1.837501564
138,mp-562977,-2.269225859038462
139,mp-557915,-3.1133783004960307
140,mp-15905,-1.0320729885227267
141,mp-557285,-2.4800746994956135
142,mp-31278,-0.5452760590000025
143,mp-10125,-0.25843901374999945
144,mp-10530,-0.7621017859999994
145,mp-11040,-0.5441532641666657
146,mp-679930,-0.12284646448214218
147,mp-506,-0.7267530875000006
148,mp-20559,-0.2006631831250001
149,mp-12722,-0.9272910099999976
150,mp-557012,-2.950063116944445
151,mp-774424,-2.3104805398234824
152,mp-635456,-0.5030016966666686
153,mp-503,-2.0274844764062507
154,mp-631317,0.8110907806249941
155,mp-552806,-2.286214909000001
156,mp-560402,-3.709680540454551
157,mp-1009127,-2.2898712649999995
158,mp-989197,-1.4447384033333333
159,mp-554236,-3.2814682361394563
160,mp-6046,-2.4191011366061685
161,mp-752858,-2.3348650664583337
162,mp-12718,-0.49752711333333305
163,mp-777422,-2.9752240794791653
164,mp-675637,0.17133057749999428
165,mp-769239,-2.8039035883333328
166,mp-14835,-3.246241883125
167,mp-18944,-2.398197092380636
168,mp-569281,-0.6605682790000003
169,mp-1864,-0.5664077681944448
170,mp-3925,-0.5034428230357142
171,mp-769632,-1.7760197923132175
172,mp-23005,-0.31129875333333246
173,mp-780129,-2.2880942393333337
174,mp-1018019,-0.722076868749999
175,mp-573324,-2.9856876227457763
176,mp-7571,-3.4137964427812495
177,mp-567407,-1.8927655541145811
178,mp-569713,-0.5104191409999999
179,mp-972204,-0.3023111837500032
180,mp-29622,-0.47191740049999675
181,mp-31134,-0.8557144322916687
182,mp-531793,-3.3367699487499993
183,mp-865250,-0.06547779625000061
184,mp-1016833,-1.8357238210000006
185,mp-768120,-2.349986483325122
186,mp-3817,-2.261726377232143
187,mp-759711,-1.6161935175925919
188,mp-28288,-2.4431841046875
189,mp-626690,-0.9607808406944471
190,mp-1085,-0.0896778850000004
191,mp-850441,-1.8388795109159668
192,mp-774317,-2.4544688762815126
193,mp-8207,-1.1066787209999993
194,mp-755667,-2.170866985277778
195,mp-753714,-1.1348649958333332
196,mp-772040,-1.9032891591250003
197,mp-574580,-1.1072274860784332
198,mp-15898,-0.7299984633333324
199,mp-568320,-1.1679693428571463
200,mp-1018729,-0.4155882472222198
201,mp-557874,-2.330342446070238
202,mp-614628,-2.8091744342090137
203,mp-779092,-2.918359551342594
204,mp-865914,-0.4970734591666677
205,mp-972296,-1.2315613150000004
206,mp-973271,0.572416271083334
207,mp-28656,-0.25340297484912894
208,mp-7233,-3.397044638468752
209,mp-1009017,-0.997528757499996
210,mp-555088,-2.3240336909615373
211,mp-770448,-3.6379192075
212,mp-647818,-2.347036688850574
213,mp-997094,-1.8636803237499997
214,mp-867319,-0.8351205575000016
215,mp-754197,-3.045869968749999
216,mp-752767,-2.17152440875
217,mp-541447,-0.90460924936111
218,mp-12815,-0.4698748994444439
219,mp-16001,-1.157896253524305
220,mp-561288,-1.6456933783425924
221,mp-19325,-3.091672178333334
222,mp-780565,-1.8692607789922713
223,mp-676874,-3.635706428484849
224,mp-13360,-0.9961193222222214
225,mp-706277,-1.0635276886297618
226,mp-540584,-1.2888827849000009
227,mp-14036,-2.624902193225
228,mp-28945,-0.30468864565476156
229,mp-998739,-3.075554446666666
230,mp-973627,0.13467816608333294
231,mp-625653,-1.1270857338392861
232,mp-20370,-1.7123381361607128
233,mp-9251,-0.42995572305555996
234,mp-865214,-0.23632068927083338
235,mp-772241,-2.7307597167025874
236,mp-21073,-0.9381017549999969
237,mp-753309,-2.5337410828571456
238,mp-20473,-0.04313287195402301
239,mp-985707,-0.049153361874999746
240,mp-540631,-2.480198996041668
241,mp-559388,-1.6708138402884567
242,mp-10846,-0.3142259846874988
243,mp-760501,-2.6921729585416676
244,mp-7060,-2.0661368949107146
245,mp-570184,-0.9486101906250042
246,mp-770124,-3.4150699604197543
247,mp-1018936,-1.3228289011111027
248,mp-36447,-2.863333982142858
249,mp-541844,-0.37851821000000047
250,mp-754640,-3.26058212246875
251,mp-571094,-0.7287114565000025
252,mp-32395,-2.3533400502277426
253,mp-510357,-1.5536867174358984
254,mp-3278,-0.9331267463333368
255,mp-10003,-0.3366852258333341
256,mp-685941,-0.3772600158333317
257,mp-571382,-0.7522827864999982
258,mp-540686,-2.5488283667768195
259,mp-28743,-0.5533955029275358
260,mp-753809,-1.945039454166664
261,mp-773030,-2.8762896609285704
262,mp-1006278,-0.7798672368750008
263,mp-3997,-0.6389626920000012
264,mp-11791,-1.444346102421874
265,mp-542629,-0.8898149104017873
266,mp-30909,-0.7830973839999998
267,mp-7234,-1.1782453852272723
268,mp-770941,-2.270507981325945
269,mp-4903,-0.6090682219999991
270,mp-570981,-0.9985145411111068
271,mp-756698,-1.9858753669230766
272,mp-30339,-0.32591705444444113
273,mp-5426,-0.639890588499999
274,mp-775434,-1.7355545541666675
275,mp-746030,-2.406373996931737
276,mp-573815,-0.34876761145833574
277,mp-675446,-1.3842993403448274
278,mp-631337,1.4668833142222226
279,mp-581834,-0.5952017527894091
280,mp-19247,-3.0418699458333336
281,mp-556343,-2.89733144720238
282,mp-8081,-2.988842056973179
283,mp-677095,-2.309094244262931
284,mp-975920,-0.3803251858333354
285,mp-975049,-0.556696038124997
286,mp-937761,-2.35906106452381
287,mp-12920,-1.2119796482142806
288,mp-31348,-0.4704107750000001
289,mp-6189,-3.0068483068750007
290,mp-669325,-1.213143046515151
291,mp-14105,-2.429437737083335
292,mp-23405,-1.45449107844189
293,mp-776759,-2.31491930248837
294,mp-573274,-1.4909503860129305
295,mp-758784,-3.7149481960714277
296,mp-775524,-2.335138387976191
297,mp-542757,-2.6828881633333346
298,mp-1568,-0.3743277988562923
299,mp-782053,-2.853767926914894
300,mp-755455,-1.2082013394444442
301,mp-24560,-2.172720308560606
302,mp-5699,-2.5234014685
303,mp-976148,-0.4119368280000002
304,mp-971720,0.12362838625000094
305,mp-556463,-2.3561772501416662
306,mp-19094,-2.4802756983333345
307,mp-542512,-2.711197672471264
308,mp-9646,-3.011946069148352
309,mp-4667,-0.7713286744444459
310,mp-28649,-3.2455293196839095
311,mp-631544,1.162864000277778
312,mp-695793,-1.3497255662068965
313,mp-1019524,-1.7607144481677015
314,mp-17687,-3.085557710092592
315,mp-540566,-1.7148465963636388
316,mp-570936,-0.28101053389285824
317,mp-29468,-1.727945424545454
318,mp-570822,-0.5037076540000015
319,mp-631592,1.037302777499998
320,mp-765675,-1.2830063292758616
321,mp-561066,-0.4741223096354199
322,mp-768330,-2.290046998268398
323,mp-33684,-2.3525898826190477
324,mp-27261,-0.488850469354834
325,mp-762215,-1.9104478064285704
326,mp-571412,-0.5999449163854678
327,mp-698479,-2.378532277864583
328,mp-769144,-1.9061459250000032
329,mp-19896,-1.0618768989583325
330,mp-600018,-3.255606931111112
331,mp-1019724,-2.744163702083336
332,mp-27774,-0.4386484700000004
333,mp-12160,-2.822621197631578
334,mp-780510,-2.392502811851653
335,mp-705414,-1.4520758214814808
336,mp-13069,-0.39315426999999803
337,mp-567872,-0.7724141033333289
338,mp-22951,-3.020023436666667
339,mp-866195,-0.26498533875000296
340,mp-780197,-2.441729158409398
341,mp-2410,-0.17491912583333402
342,mp-778064,-1.712681012142857
343,mp-22882,-1.661621450000003
344,mp-764002,-2.4200230516666674
345,mp-571478,-0.3267998131944473
346,mp-766365,-1.9033299108333335
347,mp-764528,-2.281648447111111
348,mp-622026,-1.4440376953571428
349,mp-775432,-2.2323913872023806
350,mp-567398,-0.8223308725000007
351,mp-752394,-2.201440974861111
352,mp-555048,-3.2355196962643675
353,mp-755977,-1.357891805833333
354,mp-773194,-2.239635237249591
355,mp-3581,-1.3688875324818726
356,mp-28941,-0.9291118026562515
357,mp-28372,-0.8000586699826376
358,mp-997007,-0.6515368241666657
359,mp-999274,-0.144405595344828
360,mp-22251,-1.0951438788888879
361,mp-756868,-2.2020031277380943
362,mp-733590,-1.3466835339062513
363,mp-559573,-1.966903358935184
364,mp-770585,-2.2857543991071427
365,mp-982244,0.5237768502083284
366,mp-7467,-1.357687516875
367,mp-758890,-1.7855998795238086
368,mp-313,-0.17212513666666732
369,mp-33255,-1.0794042474193548
370,mp-559292,-2.018579572664835
371,mp-7226,-0.15401557249999875
372,mp-754572,-1.8968413005555556
373,mp-554708,-0.8610532041232659
374,mp-20358,-0.4078215512500023
375,mp-7220,-1.8242448278906285
376,mp-849383,-2.561235245977011
377,mp-4901,-0.2153553279999997
378,mp-862991,-0.25973921374999875
379,mp-707373,-1.2137638437999998
380,mp-771570,-1.857873851111111
381,mp-984711,0.29384680250000095
382,mp-7290,-1.9805483531874983
383,mp-680552,-0.5695616176249991
384,mp-15900,-2.722424895
385,mp-24197,-1.5587205603225798
386,mp-971803,0.12809470874999818
387,mp-865733,-0.007355645000000521
388,mp-568805,-0.7169103928333319
389,mp-631694,0.6061652174999992
390,mp-14588,-0.9740806616249984
391,mp-29849,-0.07652426325757554
392,mp-975592,-0.24366341375000022
393,mp-19154,-2.089097835714285
394,mp-571576,-1.6826708548611116
395,mp-14712,-0.8964065016369046
396,mp-248,-0.14936236277777779
397,mp-867869,-0.28172999250000075
398,mp-569885,-2.064865632960409
399,mp-19442,-1.3614321445287345
400,mp-1628,-0.3521710899999988
401,mp-674712,-2.354881227291667
402,mp-569128,-0.044149920937500475
403,mp-755870,-2.0162492781896555
404,mp-770534,-2.011608467954981
405,mp-546285,-1.1779615770000007
406,mp-505130,-2.344889273692528
407,mp-8255,-2.67790102875
408,mp-763560,-1.7949386162734429
409,mp-13400,-0.5303885950000009
410,mp-780258,-2.035448494939655
411,mp-19509,-2.5122598459615384
412,mp-29713,-1.4398387824242411
413,mp-560887,-1.0613015768750005
414,mp-30229,-1.8996110381770839
415,mp-697068,-0.6795033927777815
416,mp-5983,-0.5863840020000047
417,mp-669389,-2.4856894001515144
418,mp-769595,-2.419807074583333
419,mp-703515,-2.26917321075
420,mp-5055,-1.2804183677938865
421,mp-18148,-1.5130840576979145
422,mp-22051,-0.7372437755555552
423,mp-568695,-0.4870432605555545
424,mp-780198,-2.4134027247753385
425,mp-22240,-0.2650705527155184
426,mp-762710,-2.0027847246666672
427,mp-763546,-1.976880638936783
428,mp-7555,-0.5816132533333325
429,mp-777742,-1.1154980853571428
430,mp-8161,-2.834326349166661
431,mp-39511,-3.3965435752727275
432,mp-704810,-1.8569326044999992
433,mp-1755,-0.15760196999999465
434,mp-753945,-0.9168220804999997
435,mp-29749,-0.3610951657500003
436,mp-1013535,-0.28311753692857095
437,mp-5597,-0.8430152878571363
438,mp-4243,-2.1019495170000027
439,mp-676156,-2.1205564622619044
440,mp-977152,-3.1444054594166673
441,mp-984555,-2.1210562551562475
442,mp-558985,-3.614976503928571
443,mp-9325,-0.8703543947044342
444,mp-20192,-0.6658358143103461
445,mp-756633,-1.899930041428572
446,mp-776402,-0.09023102830163117
447,mp-632319,-0.23149970437499867
448,mp-31896,-2.094402850807452
449,mp-17719,-1.897706837013888
450,mp-699390,-2.0059197540350886
451,mp-866288,-0.28040519124999985
452,mp-18572,-2.916155144767857
453,mp-645796,-1.8290729531944467
454,mp-754741,-3.700072168333334
455,mp-5720,-0.9112779309999979
456,mp-864991,-0.46661966791666476
457,mp-30657,-0.541024125208331
458,mp-568400,-0.5005905221428557
459,mp-7470,-1.1888988208333338
460,mp-16620,-0.5441324846969683
461,mp-558883,-3.5843547998214285
462,mp-680850,-1.0188100846969699
463,mp-28815,-1.2207961518749997
464,mp-769297,-3.4636855608055583
465,mp-12559,-0.23838140885775871
466,mp-21084,-1.7750955920588225
467,mp-559171,-1.488485160542856
468,mp-626486,-1.4260685175000005
469,mp-778752,-2.02582872787037
470,mp-773507,-2.154403601156951
471,mp-772991,-2.544220898636363
472,mp-559419,-3.120421184255952
473,mp-1019600,-3.797499996666666
474,mp-6757,-3.2568831270312497
475,mp-4657,-2.216491645416666
476,mp-764556,-2.4444755273809524
477,mp-760510,-2.3535075472222236
478,mp-1019545,-0.8947092060884358
479,mp-765509,-2.6420996009722217
480,mp-473,-0.2985788260884346
481,mp-641117,-3.58698732771605
482,mp-23217,-0.2228227425
483,mp-30244,-2.278286676785714
484,mp-7774,-0.5493329924999983
485,mp-762034,-2.157605524063492
486,mp-542493,-0.6969271221052636
487,mp-999076,-0.09534269583333366
488,mp-623751,-0.23453660812499777
489,mp-974451,-3.203846181611111
490,mp-504731,-4.071452298333335
491,mp-18865,-1.5664242157499995
492,mp-6892,-2.2493939210612366
493,mp-18890,-3.01130371225
494,mp-31310,-0.6277566715749342
495,mp-541677,-1.842840671875
496,mp-22274,-0.7379376005555566
497,mp-753748,-1.1547518945833335
498,mp-556737,-2.947296141150792
499,mp-764098,-1.5291000452380945
500,mp-510128,-2.5761229221428557
501,mp-9037,-2.0778118455729135
502,mp-5479,-3.6357717112500008
503,mp-557347,-2.128356189880952
504,mp-9582,-0.7374645341904766
505,mp-31354,-3.061463035909092
506,mp-29806,-1.0348801721455954
507,mp-638749,-0.582319478636363
508,mp-30759,-0.08621108666666832
509,mp-30615,-0.3426683653448267
510,mp-762351,-3.239361694691358
511,mp-442,-0.13669191666666336
512,mp-11457,-0.8950685699999994
513,mp-973307,-0.10512064593750026
514,mp-32983,-1.4201079237499998
515,mp-864962,-0.27262131812499923
516,mp-540540,-2.2217953519999987
517,mp-17036,-0.936635899722224
518,mp-30593,-0.12242532750000068
519,mp-755236,-3.6356156661666654
520,mp-18547,-2.83483895091133
521,mp-13245,-0.6387817301400548
522,mp-6853,-3.081639833036231
523,mp-35220,-0.5212513448065472
524,mp-27409,-1.2659275505000003
525,mp-45,0.0
526,mp-39823,-3.0189200600215518
527,mp-722902,-1.2899806736904762
528,mp-782641,-2.1282247690800036
529,mp-7899,-2.136694586874999
530,mp-753813,-1.194894500833333
531,mp-781738,-2.486658947325604
532,mp-2378,-0.255775634999992
533,mp-743768,-2.8624571668362067
534,mp-1016886,-2.2583378260000004
535,mp-997019,-0.9947317729166656
536,mp-849392,-2.581699100288866
537,mp-989646,-1.1949197172499992
538,mp-554495,-3.2778445824404763
539,mp-979987,-1.2211162312499937
540,mp-707897,-1.90793294739796
541,mp-754940,-1.2794884550000005
542,mp-31690,-2.5271223099175826
543,mp-21178,-0.4989623719999983
544,mp-20591,-0.7318133490000008
545,mp-28828,-1.9033163093333334
546,mp-27932,-0.34472641423076966
547,mp-972002,0.05088463687500422
548,mp-16947,-2.6873679971428563
549,mp-30959,-0.9343661598611129
550,mp-781604,-2.858160889583335
551,mp-973091,-0.06314589749999922
552,mp-21236,-1.0794501740476161
553,mp-557151,-0.9511080561383931
554,mp-29043,-0.3074938806944473
555,mp-976881,0.013581580625000811
556,mp-32310,-3.1572395726444444
557,mp-558244,-1.9122784219444446
558,mp-28790,-1.3004374465540538
559,mp-720721,-1.1217833197560974
560,mp-559642,-3.4470730396388896
561,mp-778583,-1.514335391724139
562,mp-557705,-1.8308923525
563,mp-1008278,0.15726529125000077
564,mp-5040,-2.0979787785416724
565,mp-639733,-3.248647573472224
566,mp-760080,-4.321498688333333
567,mp-1008624,-1.0414559783333317
568,mp-743762,-2.07341429631356
569,mp-49,0.0
570,mp-770557,-2.2647309702036766
571,mp-755898,-3.88102149021212
572,mp-30898,-0.7581152209259253
573,mp-975142,0.1834307000000006
574,mp-568151,-0.7418544810416652
575,mp-1008526,-0.39788884005208125
576,mp-558188,-1.0544510055208351
577,mp-1019269,-0.9068175347916668
578,mp-11883,-0.2931498033333355
579,mp-21891,-0.4420935377777783
580,mp-20270,0.18177160812500404
581,mp-696403,-2.2554110146875
582,mp-2461,-0.4217521700000006
583,mp-21388,-0.18565618006666113
584,mp-758056,-2.6709137269576724
585,mp-771647,-2.282924232272727
586,mp-850978,-2.006059504166668
587,mp-10889,-0.21735795124999768
588,mp-570786,0.0029021212500002966
589,mp-22084,-0.31535308981432636
590,mp-765552,-1.8910353224497127
591,mp-642642,-0.48950606783730066
592,mp-15761,-3.5060298631395344
593,mp-707201,-1.1792744803703696
594,mp-24811,-2.09056649253889
595,mp-862334,-1.0421543674999993
596,mp-1006351,0.07523220999999936
597,mp-560562,-2.9579321650000003
598,mp-761563,-1.774976544310345
599,mp-555407,-1.6901439591782423
600,mp-556296,-1.3907245862499997
601,mp-10911,-0.651628928333332
602,mp-9399,-1.1174111887500011
603,mp-4112,-1.6714632416666682
604,mp-555282,-0.48425266171052633
605,mp-568735,-0.30579532083333383
606,mp-24045,-2.1765179033035715
607,mp-16037,-3.243502807999998
608,mp-601852,-0.9356748831250004
609,mp-561326,-2.8602889931684037
610,mp-550117,-3.037073758821022
611,mp-566301,-1.7248922005952378
612,mp-10721,-0.7262925011111108
613,mp-583463,-1.1646855233333344
614,mp-631346,0.6815062200000099
615,mp-561902,-0.4972675317708332
616,mp-18300,-0.9172372214285746
617,mp-775167,-2.0863759161904754
618,mp-698183,-1.5588322025226045
619,mp-763729,-2.125522257999999
620,mp-772137,-2.8303192831818174
621,mp-643010,-0.4804723585714287
622,mp-733455,-0.48689406799999946
623,mp-865713,-0.42485398208333436
624,mp-850864,-3.8461811901041667
625,mp-743715,-1.1052961642543857
626,mp-985590,-3.2631102391666666
627,mp-22899,-1.3935849916666665
628,mp-553909,-1.205015005264139
629,mp-6957,-0.9939684678571353
630,mp-760457,-3.437200335833333
631,mp-14842,-0.4789604000985219
632,mp-760353,-1.8425676318333335
633,mp-774251,-2.434372402210884
634,mp-570147,-0.7645283562857141
635,mp-23095,-2.2016697245454537
636,mp-1009720,0.7808823774999993
637,mp-625,-0.1251691264999991
638,mp-14015,-0.06291377990716175
639,mp-695831,-0.6607433551923072
640,mp-4881,-0.8551584740000002
641,mp-568329,-0.35438131911206955
642,mp-12237,-2.831336060660713
643,mp-756134,-2.5205666057812515
644,mp-1865,-1.5816823568749996
645,mp-642398,-2.2018992563888893
646,mp-631473,0.6661523673958314
647,mp-697807,-2.4742018343765975
648,mp-556760,-2.7662677389795918
649,mp-7955,-0.7521129675000005
650,mp-22012,-0.30201479340406717
651,mp-763935,-2.7494797949999983
652,mp-769612,-2.544104279041256
653,mp-554089,-3.2660737250000005
654,mp-971757,0.12175626124999894
655,mp-631311,0.5657257294444568
656,mp-14050,-3.1414890188750006
657,mp-1013736,-0.5174077700000008
658,mp-757608,-1.7184986678991616
659,mp-707096,-1.8359108153418373
660,mp-3338,-2.216683605344827
661,mp-23866,-1.1033921585491069
662,mp-980084,-0.3456967050000017
663,mp-984728,0.4810252730208333
664,mp-865443,-0.5972035491666654
665,mp-2465,-1.1096638412500042
666,mp-28264,-1.4535898477083329
667,mp-673814,-3.9118574056666677
668,mp-653337,-2.277796831985293
669,mp-2701,-1.2042223893750013
670,mp-555866,-2.322617156528572
671,mp-774449,-2.897805184047619
672,mp-761730,-1.107127973333333
673,mp-6358,-2.9974700880444374
674,mp-31471,-0.3717627212500045
675,mp-555358,-1.620233444749998
676,mp-768204,-0.8975792820238085
677,mp-541049,-3.268391995441177
678,mp-11629,-0.39279667410256824
679,mp-865558,-1.018373454375002
680,mp-504100,-0.5194120166666666
681,mp-977113,-0.42962376374999955
682,mp-978552,-0.36056396062500085
683,mp-763299,-2.000642158333333
684,mp-568017,-0.11700809153846264
685,mp-28263,-1.4629118326666664
686,mp-557387,-3.4530184815000013
687,mp-561258,-0.9623525084062508
688,mp-20465,-0.3521241624999997
689,mp-10521,-0.40969330599999976
690,mp-30531,-0.5598006334924247
691,mp-9569,-0.6998979558571431
692,mp-780323,-2.8908084729999994
693,mp-770953,-2.0139357335714285
694,mp-764519,-2.262669402878787
695,mp-20668,-0.3194298614809904
696,mp-776084,-3.404013206000001
697,mp-32591,-3.369453909125
698,mp-622198,-2.5104331007894745
699,mp-30618,-0.9156642205555533
700,mp-543028,-1.2738720561805585
701,mp-510548,-0.6239704088235302
702,mp-2381,-0.9467521649999977
703,mp-570990,-1.849523722145594
704,mp-40066,-2.6976986797931026
705,mp-684489,-2.5101576586471865
706,mp-10233,-1.9591156344444454
707,mp-31017,-1.5678030648484842
708,mp-21026,-0.6413059658333324
709,mp-632706,-0.4502993753333328
710,mp-24192,-0.7969417836111106
711,mp-557022,-1.663472543095238
712,mp-3158,-0.7628624933333334
713,mp-11226,-0.2289712700000024
714,mp-149,0.0
715,mp-28746,-1.1678420171428587
716,mp-1009019,0.552643537499999
717,mp-755487,-1.7788804494444446
718,mp-571008,-0.7449723093333318
719,mp-19496,-2.2386957989375005
720,mp-1001844,-1.1214649968749981
721,mp-4152,-0.626975164523809
722,mp-7436,-0.7233970996388907
723,mp-2717,-0.4273060644444442
724,mp-18958,-2.7676294859374995
725,mp-559288,-2.9793525168406587
726,mp-770406,-3.264933481388889
727,mp-773162,-1.9513728145833327
728,mp-867186,-0.21613053791666514
729,mp-782666,-2.006702411393679
730,mp-706291,-2.835319010771605
731,mp-753727,-1.7676777513636366
732,mp-11221,-0.41386044000000055
733,mp-1013545,-1.090001270416667
734,mp-973732,0.20020114916666643
735,mp-42089,-2.8292897256363645
736,mp-770702,-2.4098199677083327
737,mp-541057,-1.0507905816304342
738,mp-561122,-1.6373768430078144
739,mp-560513,-3.0228409296875007
740,mp-770544,-2.6061423413888893
741,mp-767498,-3.1159175434782624
742,mp-555463,-4.348646912205882
743,mp-560934,-2.433343929123335
744,mp-558834,-2.958919680637256
745,mp-753669,-0.14791065283819413
746,mp-28507,-2.0550466228378386
747,mp-565431,-2.2378992001923077
748,mp-775906,-3.895582311249998
749,mp-768295,-1.8531837472500001
750,mp-628665,-1.4765325330952384
751,mp-867927,-0.5806818716666662
752,mp-978494,0.3212294587500004
753,mp-17720,-0.7373520218750009
754,mp-781053,-2.2668963936624653
755,mp-22486,-0.4864611065057403
756,mp-2889,-1.113890505781253
757,mp-756006,-0.8894255986111101
758,mp-582357,-0.4523171109999993
759,mp-18751,-1.9823252001231526
760,mp-22441,-2.8366814187499996
761,mp-640898,-0.05772733620689703
762,mp-31168,-0.24716827458333412
763,mp-753471,-2.0502031224999997
764,mp-3897,-1.385817718898809
765,mp-753781,-3.719666126000007
766,mp-568136,-1.5489731195000023
767,mp-1851,-0.5198586991666664
768,mp-760837,-2.673855415131578
769,mp-570044,-0.7669249155000045
770,mp-556517,-1.5361985623999987
771,mp-15902,-3.208209978745099
772,mp-556069,-3.4550366933333314
773,mp-1759,-3.8049456412499985
774,mp-10679,0.012998920000000025
775,mp-8054,-2.636928682137931
776,mp-9245,-2.4799368400925927
777,mp-540416,-2.3752292429716753
778,mp-8479,-0.7548987675925957
779,mp-1598,-0.4616042232440476
780,mp-8985,-3.1950741396428577
781,mp-12832,-2.4620475416666676
782,mp-780444,-2.7384857786666674
783,mp-555151,-0.9621921344419633
784,mp-29033,-1.036986181051587
785,mp-23023,-3.2338586799999973
786,mp-1009787,0.9096720512499985
787,mp-864969,-0.6254715574999992
788,mp-20686,-0.3328317955555491
789,mp-706489,-2.4605418373859544
790,mp-765544,-3.1154962559649126
791,mp-504742,-0.3528003977777748
792,mp-542222,-1.84114867355691
793,mp-540822,-1.4627340524261119
794,mp-770570,-3.2956115173148137
795,mp-510122,0.5823674856250065
796,mp-676728,0.12760390500000027
797,mp-1001833,-0.07158738749999571
798,mp-1008786,-1.0029673783333344
799,mp-976271,-3.5322888538916657
800,mp-18466,-3.321635908730469
801,mp-28571,-2.3309869792857136
802,mp-1019554,-2.936620327638291
803,mp-650928,-2.9641236975603444
804,mp-765501,-1.9847801065277775
805,mp-676014,-3.3567140860820457
806,mp-999539,-1.9740157427155172
807,mp-29756,-2.805382906111112
808,mp-1347,-1.6134877231292535
809,mp-4068,-1.084484991709769
810,mp-631436,0.6361894033333328
811,mp-556797,-2.8825441013000006
812,mp-6996,-0.5186441035714283
813,mp-684022,-1.2431061098511915
814,mp-553970,-0.9331617317364527
815,mp-647579,-1.267659339375001
816,mp-38951,-2.5330667678571395
817,mp-989511,-1.4325900101810347
818,mp-862297,-0.7054825141666647
819,mp-12414,-1.4013987979236089
820,mp-574138,-0.6138563919683886
821,mp-864675,-1.5074439315000006
822,mp-779071,-2.726369552592593
823,mp-28020,-1.5768964483333197
824,mp-567900,-0.08911305049019468
825,mp-775271,-2.3428865690476184
826,mp-513,-0.4424944099999992
827,mp-29514,-2.367757258482143
828,mp-2109,-1.1539609233333294
829,mp-696225,-2.0027083562402597
830,mp-17904,-3.7841771885416673
831,mp-17588,-1.862332912407408
832,mp-11945,-0.5561848233333334
833,mp-780865,-2.070301695000001
834,mp-7431,-0.5578957700000007
835,mp-554016,-3.356750745640477
836,mp-707788,-2.1301925501520205
837,mp-3347,-3.176623356904762
838,mp-780880,-1.4026544175000002
839,mp-722832,-2.005844755339285
840,mp-4510,-0.9640843138888867
841,mp-985587,-3.2164927756666675
842,mp-12903,-1.1258859412499982
843,mp-29631,-0.3172852068627446
844,mp-557689,-3.2674899261111103
845,mp-3708,-0.3099182011904763
846,mp-22332,-1.104730417249999
847,mp-24141,-1.5106688583212748
848,mp-9319,-2.5597956491666674
849,mp-972410,-0.9906719816666651
850,mp-13252,-2.6146258118055563
851,mp-328,-0.323064968333334
852,mp-675022,-1.8731550809310353
853,mp-759560,-3.360936412807018
854,mp-775523,-2.4626752199464277
855,mp-755046,-3.8729639599999994
856,mp-13072,-0.7009157953333336
857,mp-570290,-1.4108339282528746
858,mp-13916,-0.37356026458333336
859,mp-767432,-2.975661722272724
860,mp-780203,-1.9223527289473683
861,mp-540433,-2.442718145010352
862,mp-27199,-0.33352830703125136
863,mp-530399,-3.350604872559512
864,mp-764651,-2.266894139469697
865,mp-755924,-3.059798596428571
866,mp-505077,-1.336315675341955
867,mp-541373,-2.9047448511964293
868,mp-559770,-3.327851149166667
869,mp-769462,-2.6724596295061738
870,mp-662789,-1.8693998971249997
871,mp-759382,-3.1692187028888887
872,mp-865911,-0.5603522693750023
873,mp-630773,-0.722835990892859
874,mp-569597,-0.2810941897500001
875,mp-7568,-0.9232054816666656
876,mp-7523,-2.1079638134999983
877,mp-35035,-0.37354305041666674
878,mp-542634,-0.6062756359333321
879,mp-14333,-3.4005703720555545
880,mp-675336,-2.2810875237191333
881,mp-10785,-1.9347971397135422
882,mp-18895,-1.4210918418125003
883,mp-27629,-1.8142678992118217
884,mp-753774,-3.1585378318125015
885,mp-20493,-1.1002943765476185
886,mp-12183,-2.8424331445059527
887,mp-686001,-3.7836297445454536
888,mp-867166,-3.3880368279166624
889,mp-767137,-0.6321993566489346
890,mp-689929,-2.497222284384921
891,mp-626287,-1.3386316157407405
892,mp-569310,-0.7505243731904784
893,mp-13694,-2.581216355416654
894,mp-6961,-0.7545379719999993
895,mp-27227,-0.8048942663888887
896,mp-26409,-2.7365360683465605
897,mp-19384,-1.6006342894444445
898,mp-766411,-0.3899661978571438
899,mp-20857,-0.2975242550000008
900,mp-2552,-1.3215595916666665
901,mp-803,-0.5868704383333329
902,mp-976838,0.10469737500000065
903,mp-568598,-0.441223748928573
904,mp-672326,-0.23566952000000185
905,mp-31259,-1.0069192413461558
906,mp-677288,-1.7687139783238637
907,mp-560016,-2.903408520501847
908,mp-778878,-2.165788872916667
909,mp-768605,-3.8905093485416504
910,mp-31110,-3.503155579250001
911,mp-5857,-3.271102225714285
912,mp-13063,-3.9429717624166676
913,mp-862755,-0.3468840704166638
914,mp-540924,-0.6859017873333322
915,mp-641534,-1.6324537111588537
916,mp-734733,-0.5593739860185186
917,mp-770341,-2.567891970833333
918,mp-40478,-3.1470964880929984
919,mp-27791,-3.112535916875
920,mp-583184,-0.43435470642857205
921,mp-973662,-0.3227675333333355
922,mp-27514,-1.5308185752298844
923,mp-1980,-0.4902375916666675
924,mp-865744,-0.7998905887499994
925,mp-763174,-2.6196309461111116
926,mp-662588,-0.96496120659091
927,mp-635413,-0.46584940374999917
928,mp-779587,-2.951555876607142
929,mp-1057,-0.6442166279999995
930,mp-631474,0.7787095806250051
931,mp-580192,-0.8502197181249969
932,mp-10381,-0.40525860937500013
933,mp-127,0.01577226999999981
934,mp-1019774,-3.260349144725
935,mp-680085,-0.9622368147179375
936,mp-4476,-0.7324876283333334
937,mp-10181,-0.5048150333333332
938,mp-2724,-1.3885209500000002
939,mp-1123,-0.3755399300000035
940,mp-27609,-0.40511394999999695
941,mp-22261,-0.36635076125000055
942,mp-560022,-1.0093550056521752
943,mp-571557,-0.25791569363636313
944,mp-1019535,-3.449646577692308
945,mp-648069,-2.615057349722223
946,mp-865985,-0.25930432500000045
947,mp-8580,-0.9590294938571212
948,mp-13073,-0.5921775243333315
949,mp-12041,-1.0580250355555532
950,mp-673029,-2.44570885048115
951,mp-675223,-1.7615320034415065
952,mp-767727,-2.658795339355043
953,mp-720299,-2.0636178494999995
954,mp-1013874,-2.9890701700153945
955,mp-694965,-1.067726349259259
956,mp-975913,-2.9259439773333327
957,mp-667283,-2.7485603189583343
958,mp-778246,-2.455321072181964
959,mp-754839,-1.6945350041666665
960,mp-753299,-2.100762353124999
961,mp-18299,-3.7417424175
962,mp-768764,-2.0693998350925935
963,mp-21456,-0.39567470555555473
964,mp-30594,-0.06373322250000228
965,mp-30791,-0.5738117627272711
966,mp-623038,-0.5612512189062517
967,mp-983429,-0.21637723979166434
968,mp-24018,-2.160578759583333
969,mp-975144,-0.29691188375
970,mp-16825,-3.1439163572727256
971,mp-559982,-3.2308321479780564
972,mp-27366,-1.5263277917833344
973,mp-764932,-2.2996850913768108
974,mp-30247,-2.0025044494999946
975,mp-560110,-3.6218420828703697
976,mp-2203,-0.4623537864285733
977,mp-780148,-2.5247644446118116
978,mp-15963,-1.145337118769842
979,mp-13374,-3.9616170855000012
980,mp-753995,-3.9333218225000017
981,mp-11503,0.005056682442527105
982,mp-31837,-2.4819266002380944
983,mp-10182,-0.6558191498809526
984,mp-16253,-0.3937073091666683
985,mp-352,-4.019811040833332
986,mp-510486,-0.5666687724285708
987,mp-760582,-2.4244905147222218
988,mp-40519,-3.3967413005894254
989,mp-763968,-1.9648777252380956
990,mp-771687,-1.6740761753030298
991,mp-18243,-2.867854340633334
992,mp-767223,-2.725230346174603
993,mp-24364,-1.8086783743333332
994,mp-752648,-2.599091560714286
995,mp-673845,-3.1374282487499996
996,mp-40201,-2.882758354261619
997,mp-543017,-0.3482772354579726
998,mp-756705,-3.670636426666668
999,mp-773491,-1.4071863226562495
1000,mp-778768,-1.3821553226190477
1001,mp-79,0.0
1002,mp-631880,0.6664503993103446
1003,mp-542201,-3.2599856230769246
1004,mp-20656,-0.06339883606100855
1005,mp-9442,-0.6279328124999974
1006,mp-776047,-2.3474986853236186
1007,mp-1020015,-2.792678821254252
1008,mp-989520,-1.9298897256379308
1009,mp-753131,-3.0435923248888894
1010,mp-2291,-0.34443390666666573
1011,mp-4534,-1.8766211428448276
1012,mp-580287,0.03293070499999917
1013,mp-19196,-2.7282297123529418
1014,mp-5981,-0.39367569466666624
1015,mp-756565,-3.2977612164583348
1016,mp-864837,-0.17880408390624325
1017,mp-667360,-2.7511164720935968
1018,mp-5517,-1.016273493190478
1019,mp-767071,-1.9085480426515162
1020,mp-571664,-0.5979410866666702
1021,mp-768976,-2.2655395891379304
1022,mp-776470,-1.973946385357144
1023,mp-5632,-2.84596669986111
1024,mp-20861,0.0892055837499992
1025,mp-550908,-3.8010789739999984
1026,mp-23634,-2.4698724387083333
1027,mp-1200,-0.0830062527777784
1028,mp-1406,-0.5502373072413818
1029,mp-19801,-2.2058403285000026
1030,mp-569810,-1.4204190119444444
1031,mp-30767,-0.3738826564814808
1032,mp-554930,-0.896408102593538
1033,mp-505005,-0.636760715
1034,mp-542814,-3.265347307499999
1035,mp-861900,-0.443066271666666
1036,mp-976784,0.08892086999999549
1037,mp-680576,-0.9813986855034744
1038,mp-850746,-2.146307775416666
1039,mp-15503,-1.101933833842593
1040,mp-769284,-3.3948259971354147
1041,mp-3042,-3.425192097166663
1042,mp-571335,-0.5219068866666751
1043,mp-675506,-2.2578401335365856
1044,mp-6064,-2.6237970677272724
1045,mp-20181,-0.3768693485
1046,mp-611623,-0.8987378501904744
1047,mp-584116,-2.1436243186190485
1048,mp-9804,-2.574629427225001
1049,mp-2794,0.059859465714285624
1050,mp-28496,-2.2497233371249994
1051,mp-769028,-2.716238573214287
1052,mp-772920,-2.4293905224019605
1053,mp-752942,-3.156494141428571
1054,mp-8892,-2.955351105833332
1055,mp-733817,-3.0895192538815794
1056,mp-2089,-0.8232634687500031
1057,mp-772863,-2.1223827911398465
1058,mp-768585,-3.5173987201538464
1059,mp-28773,-1.2321121223197486
1060,mp-362,-0.5714508529999996
1061,mp-557322,-1.3630321140196089
1062,mp-556496,-0.6413619607142859
1063,mp-772305,-2.5299941572727267
1064,mp-554645,-2.1060334658374997
1065,mp-866006,-0.3840200962500049
1066,mp-30777,-0.5702773387499924
1067,mp-18502,-3.0927430771428583
1068,mp-30137,-3.2695727754166675
1069,mp-928,-0.8307106800000028
1070,mp-759234,-2.6084819906666667
1071,mp-19187,-2.729934267787729
1072,mp-32750,-0.3359481520833314
1073,mp-18109,-2.5538621918055546
1074,mp-849457,-1.93750549425
1075,mp-556778,-3.141450857083333
1076,mp-761710,-1.5684348504761902
1077,mp-267,-0.40611876333333896
1078,mp-640315,-0.19602509304347795
1079,mp-561127,-1.382420655722223
1080,mp-974739,0.06716093354166475
1081,mp-555097,-3.0398286750000003
1082,mp-626414,-2.0284090962500008
1083,mp-23453,-0.5554438713888908
1084,mp-603912,-0.3019030284999985
1085,mp-558592,-1.6347051732142872
1086,mp-585408,-2.5057772156964284
1087,mp-28686,-0.241469217460319
1088,mp-6783,-2.2580715615065676
1089,mp-555119,-3.8534159958148138
1090,mp-22151,-0.9001778516666649
1091,mp-17272,-2.2995771384999992
1092,mp-755664,-1.524350781242421
1093,mp-22206,-0.6764156463888883
1094,mp-1019715,-2.8415637359993613
1095,mp-12965,-0.5073941706944444
1096,mp-2932,-0.6856026455555574
1097,mp-754936,-3.7179850833333328
1098,mp-22061,-0.29588318714285883
1099,mp-39010,-2.418838074285714
1100,mp-17586,-1.7715579074999988
1101,mp-24708,-1.4703855934722219
1102,mp-569558,-0.33331327083333423
1103,mp-976185,-1.3259805522758625
1104,mp-14389,-2.686165786108023
1105,mp-766006,-1.9936457271249963
1106,mp-540981,-1.954661775486453
1107,mp-754157,-2.6756491303333325
1108,mp-684638,-1.2340064916874993
1109,mp-570696,-0.6715189572916653
1110,mp-31499,-0.1640958829797977
1111,mp-7892,-0.47041736883908103
1112,mp-27373,-1.7993442241666653
1113,mp-767365,-2.439222466473214
1114,mp-556705,-1.6645313806818178
1115,mp-864834,-0.21791492093749998
1116,mp-32389,-2.148529806897759
1117,mp-22493,-0.7812832824999987
1118,mp-774384,-1.947376872
1119,mp-1018149,-0.2364158250000017
1120,mp-3807,-1.0294422591964287
1121,mp-15728,-2.5400371047746595
1122,mp-9588,-0.6166671998214284
1123,mp-698669,-2.613427139999998
1124,mp-862716,-0.12879753041666575
1125,mp-556378,-1.364651313723959
1126,mp-542791,-1.969440015000001
1127,mp-29068,-0.7152297805555526
1128,mp-1666,-1.9893850255803573
1129,mp-13680,-3.504129932777778
1130,mp-782638,-1.7861384877777766
1131,mp-764125,-2.583221307529714
1132,mp-753831,-1.3831930230000002
1133,mp-18440,-0.4048921093750006
1134,mp-623066,-0.4393851068749983
1135,mp-14364,-2.0969971687679596
1136,mp-773363,-2.130965126070403
1137,mp-865161,-0.35230671874999775
1138,mp-510324,-0.5825032359090921
1139,mp-695383,-1.7441435188124998
1140,mp-973865,-0.24641417249999975
1141,mp-569313,-0.4645119553571391
1142,mp-1014226,-1.0301427107500019
1143,mp-753192,-1.5520576269642885
1144,mp-7073,-1.9454667651666675
1145,mp-721875,-1.9238528812280697
1146,mp-672715,-1.346851477777776
1147,mp-14243,-1.5043673801666657
1148,mp-624234,-1.566924390833333
1149,mp-27587,-0.3278925396969696
1150,mp-774379,-2.879840598125
1151,mp-631270,0.781658890000001
1152,mp-5848,-0.8926948944444414
1153,mp-561434,-0.792442982833334
1154,mp-720643,-2.9023196662222213
1155,mp-6899,-3.3196807065178575
1156,mp-998560,-1.282238966333333
1157,mp-34730,-1.6810491828571432
1158,mp-2350,-2.4304120289062503
1159,mp-761932,-1.325348116388889
1160,mp-626229,-1.4517027410000005
1161,mp-975655,-0.7405371191666665
1162,mp-582175,-1.1858944722727307
1163,mp-28796,-2.343511762000006
1164,mp-580154,-0.6692809261111058
1165,mp-861956,-0.5049128554166629
1166,mp-974583,-0.7000938190892825
1167,mp-743906,-3.0141362124172417
1168,mp-865115,-0.442352603125002
1169,mp-540878,-3.094035246428573
1170,mp-1019564,-1.070494636111111
1171,mp-705842,-1.419058577857142
1172,mp-19023,-2.864950179166667
1173,mp-705844,-2.0909917977499988
1174,mp-30752,-0.034311642631579195
1175,mp-976931,-0.34279282916666887
1176,mp-762289,-2.5634907219963363
1177,mp-3944,-0.5980511674999942
1178,mp-553884,-2.743806344375
1179,mp-5640,-0.8443013916666674
1180,mp-558642,-2.5564766687500002
1181,mp-13236,-0.7807739637500006
1182,mp-647900,-0.5196644871212115
1183,mp-571109,-0.5847617323809503
1184,mp-776424,-2.349577459836744
1185,mp-631539,1.4167902469444436
1186,mp-18814,-2.0129846365862107
1187,mp-555322,-3.003514067500001
1188,mp-763431,-2.4859248052134646
1189,mp-1019566,-2.4846355602173906
1190,mp-540011,-2.43748463434265
1191,mp-977548,-0.7580226459999991
1192,mp-20288,-3.038781571111111
1193,mp-643629,-2.0614469509374995
1194,mp-768083,-3.044120530026044
1195,mp-30479,-0.3709325799999985
1196,mp-971906,-0.3728170862500022
1197,mp-560815,-3.090712746977514
1198,mp-772272,-1.8047218365151514
1199,mp-961695,-0.8684106105555559
1200,mp-28754,-0.7206353512499988
1201,mp-545482,-1.0328939854687498
1202,mp-774380,-1.924703210333334
1203,mp-560708,-3.2574806491666664
1204,mp-778250,-2.94094642475
1205,mp-770733,-2.4878525792708333
1206,mp-555770,-1.4236066065909092
1207,mp-22052,-0.7921748982397929
1208,mp-773596,-1.3788995269770117
1209,mp-11947,-0.2378307341666659
1210,mp-7352,-0.41913363904762174
1211,mp-849471,-1.986768636683087
1212,mp-561012,-2.629317884560439
1213,mp-567514,-1.041916034107142
1214,mp-5288,-0.6399765920000007
1215,mp-706912,-1.7386551275625
1216,mp-29476,-0.20230619102678457
1217,mp-774421,-2.249645584728682
1218,mp-11959,-0.657740388749998
1219,mp-4081,-0.595982887947919
1220,mp-773785,-1.7894212948095236
1221,mp-680114,-0.8249221736363631
1222,mp-13981,-2.672174670378569
1223,mp-15557,-0.432719623362069
1224,mp-975579,-2.870313715499999
1225,mp-20977,-1.214753712333333
1226,mp-974732,0.642306796875
1227,mp-558285,-1.9634968209999997
1228,mp-19771,-0.6003702983333341
1229,mp-12364,-0.9756099205468742
1230,mp-570998,-0.24640924947677156
1231,mp-772755,-2.198118876510989
1232,mp-6163,-3.0558183513189654
1233,mp-569440,-0.3961001424999999
1234,mp-1401,-0.3686742166666666
1235,mp-7554,-0.4007304283333326
1236,mp-555954,-1.1411946789285718
1237,mp-1009218,0.4243056031249992
1238,mp-7070,-0.3808225677586208
1239,mp-755947,-1.1477322106666663
1240,mp-978543,-0.3389211104166696
1241,mp-775273,-2.340170853366401
1242,mp-706279,-2.630268293057645
1243,mp-10778,-1.955156013463541
1244,mp-777457,-2.850625034166666
1245,mp-582185,-0.4229919317272172
1246,mp-8974,-3.560952405729166
1247,mp-14345,-2.8378817703896093
1248,mp-571271,-1.210271618333337
1249,mp-572510,-1.1775063111944437
1250,mp-541152,-2.6106928717647064
1251,mp-555410,-0.9615712414062507
1252,mp-759541,-1.5184770292857144
1253,mp-971857,1.040288750624999
1254,mp-28562,-0.8514375496093765
1255,mp-18921,-1.557503675344833
1256,mp-862767,-0.2837152654166646
1257,mp-932,-0.5140333662500005
1258,mp-10810,-2.8358940481249997
1259,mp-7773,-0.596101208124999
1260,mp-570597,-1.4452525250000015
1261,mp-985591,-1.3061328082417576
1262,mp-6000,-3.063526957254903
1263,mp-17133,-1.0336221933333347
1264,mp-11914,-2.7015885496379313
1265,mp-628588,-1.9215943536206888
1266,mp-767014,-2.152305394892985
1267,mp-775073,-2.0740220283333337
1268,mp-555716,-2.610419896363638
1269,mp-28424,-0.5036904369897955
1270,mp-1009649,-1.1889116052083324
1271,mp-556122,-2.9922180339484132
1272,mp-695074,-3.143388482192426
1273,mp-554199,-1.5147969719444443
1274,mp-557450,-1.4913868421264365
1275,mp-998781,-0.7340578276666683
1276,mp-4577,-0.5434286072727278
1277,mp-707710,-1.711522149245282
1278,mp-14125,-0.4774588166071422
1279,mp-676296,-2.1214027500000006
1280,mp-30775,-0.08282025388888788
1281,mp-6376,-1.0684311115312486
1282,mp-600005,-3.2516693154166667
1283,mp-30041,-1.0174520681250003
1284,mp-8655,-0.8532271883333351
1285,mp-985556,0.006270499166665407
1286,mp-8341,-2.0596162982974144
1287,mp-560826,-3.2549943897222238
1288,mp-18880,-3.1768177566666664
1289,mp-556783,-2.165979774489145
1290,mp-600125,-0.16131581166666642
1291,mp-20210,-0.8173154296666624
1292,mp-961718,-0.42897138694444453
1293,mp-862654,-0.6353538056250003
1294,mp-3648,-0.14467874999999797
1295,mp-17552,-3.4277202543333347
1296,mp-974658,0.47759471624999983
1297,mp-12778,-0.3366742099999982
1298,mp-697652,-2.460893436674107
1299,mp-774393,-2.4184230521886962
1300,mp-863403,-2.6252768520562766
1301,mp-23164,-0.419367294437501
1302,mp-776772,-2.465153735535715
1303,mp-582635,-0.0030687889285770454
1304,mp-775116,-2.525468930687604
1305,mp-555174,-2.466365041333338
1306,mp-999542,0.05122086301724238
1307,mp-1121,-0.19560595499999955
1308,mp-776061,-2.83549590704023
1309,mp-669542,-0.27517248351851875
1310,mp-696272,-0.8757274641071439
1311,mp-569561,-1.099989552083334
1312,mp-18360,-0.7979557537698396
1313,mp-850986,-2.254320648214286
1314,mp-29374,-0.3489942791249974
1315,mp-504990,-2.266334815
1316,mp-21136,-1.2305390863333314
1317,mp-9705,-1.1237728063485224
1318,mp-19228,-2.393148386443738
1319,mp-765681,-1.2842914895833328
1320,mp-27772,-0.7978438500000028
1321,mp-647350,-2.21517102141892
1322,mp-29172,-2.0705906449687497
1323,mp-11597,-0.8671155033333349
1324,mp-28151,-0.43579276708333214
1325,mp-754494,-2.4459431400000002
1326,mp-569610,-0.24168568666667056
1327,mp-557426,-3.409596764704438
1328,mp-27260,-2.2142509128591956
1329,mp-756793,-2.8116986108771926
1330,mp-23737,-0.34565612720000055
1331,mp-24182,-1.427161236280241
1332,mp-974322,0.028138165000003212
1333,mp-555618,-2.930137654148707
1334,mp-32,0.0
1335,mp-22559,-0.6346373617499992
1336,mp-18625,-0.6817221835569187
1337,mp-1762,-0.7588506883333347
1338,mp-20281,-1.061977121388883
1339,mp-28227,-0.3079352696052629
1340,mp-684106,-2.4660379945562765
1341,mp-760506,-1.2931084576587308
1342,mp-569563,-2.28692473
1343,mp-7108,-1.0748043300000005
1344,mp-772334,-1.8334289531111116
1345,mp-24719,-0.011127414374999312
1346,mp-568244,-1.1410543010416676
1347,mp-19373,-2.427956693666677
1348,mp-23406,-1.6597323777011488
1349,mp-644828,-0.9178797719999998
1350,mp-866692,-2.0157724475359196
1351,mp-5182,-0.05587589039215606
1352,mp-998233,-1.1767100283333325
1353,mp-7400,-0.2654464866666662
1354,mp-38357,-3.503158435208329
1355,mp-541106,-0.5811505542329537
1356,mp-756073,-2.6917747283333338
1357,mp-20151,-0.5173096790000017
1358,mp-976055,-0.28754514249999996
1359,mp-1773,-0.44866584250000113
1360,mp-552604,-2.3720281400000003
1361,mp-771162,-2.0690804087798402
1362,mp-6772,-3.119148267637362
1363,mp-558055,-0.6041817424431755
1364,mp-756769,-2.109720525477901
1365,mp-31059,-0.3908561290000009
1366,mp-680146,-0.8250069628070171
1367,mp-557177,-2.909059632222222
1368,mp-20630,-0.13718140635278622
1369,mp-745,0.02771281666666899
1370,mp-781602,-1.9498856822270128
1371,mp-573651,-0.2709488834567895
1372,mp-557082,-1.2679753438888883
1373,mp-865656,-0.24186066979885013
1374,mp-9574,-0.22445702545977042
1375,mp-17089,-2.829903004716836
1376,mp-21067,-0.34855347624999844
1377,mp-756630,-3.7459560053333325
1378,mp-767606,-2.729715381241789
1379,mp-774319,-2.1096567491176463
1380,mp-29784,-0.9017229585653426
1381,mp-759939,-1.3099130223333333
1382,mp-775785,-2.3849882444999992
1383,mp-675479,-3.8972000031249983
1384,mp-36031,-1.8449631888095257
1385,mp-2085,0.048315211877271245
1386,mp-19926,-3.2724024612500013
1387,mp-18575,-2.4423234473076914
1388,mp-759790,0.07978825095237393
1389,mp-27832,-1.43132709462963
1390,mp-768893,-1.9266763655357135
1391,mp-15819,-0.2703660691379311
1392,mp-26586,-2.481027736721939
1393,mp-770763,-2.5836423797724604
1394,mp-11237,-0.26337324500000037
1395,mp-760311,-1.7147882185467975
1396,mp-769557,-2.579481471252054
1397,mp-865716,-2.0245246066666667
1398,mp-2571,-1.0238412645000003
1399,mp-760244,-3.3188233870000015
1400,mp-773187,-2.3452948770402307
1401,mp-30451,-0.6131108525640959
1402,mp-568961,-0.5594601339999997
1403,mp-1020030,-2.504243655333333
1404,mp-556523,-1.8634439139999992
1405,mp-541032,-0.029679009935897227
1406,mp-557250,-0.6879402529166683
1407,mp-770749,-2.874243637575758
1408,mp-767873,-2.261631456875
1409,mp-481,-1.039966471249997
1410,mp-647520,-1.736012202272726
1411,mp-19326,-1.806826337643681
1412,mp-752393,-2.7607750135714286
1413,mp-600622,-2.374948636666666
1414,mp-28859,-1.0272830079000002
1415,mp-675093,-2.3863752107500007
1416,mp-32308,-2.890584630518518
1417,mp-560504,-2.8324314580000003
1418,mp-29297,-1.2444812735714288
1419,mp-9945,-0.18488016166666435
1420,mp-752785,-3.6989699605999986
1421,mp-753726,-3.547740029444443
1422,mp-22479,-1.2533133017857156
1423,mp-1019091,-1.9854909727083339
1424,mp-13240,-0.2949053675000002
1425,mp-4334,-0.5966275110000033
1426,mp-8926,-1.0023019208333335
1427,mp-987,-0.09075502999999951
1428,mp-764046,-2.693845549444445
1429,mp-4733,-3.7887900124074076
1430,mp-776689,-2.7996699916071424
1431,mp-764225,-1.5181483752777787
1432,mp-620812,-0.6341028914999995
1433,mp-865212,-0.0029234043750001604
1434,mp-676889,-1.8669263899767423
1435,mp-560928,-2.1424641208593744
1436,mp-510475,-2.575295285277777
1437,mp-504760,-0.22123154467948625
1438,mp-3838,-0.8175017920833326
1439,mp-24307,-0.31759167956521694
1440,mp-18704,-3.3523921475697867
1441,mp-7621,-2.153656383708333
1442,mp-976017,0.32882361625000023
1443,mp-767696,-1.5631717864285717
1444,mp-15501,-1.3343745700462963
1445,mp-771703,-3.6797064053333344
1446,mp-760172,-3.1551972947816083
1447,mp-1016882,-1.0349968289999993
1448,mp-15575,-2.977123041749999
1449,mp-567381,0.191178107812501
1450,mp-956,-0.26822781125000716
1451,mp-620346,-0.9727541548809506
1452,mp-631405,0.4107719916666663
1453,mp-770381,-2.549203954351852
1454,mp-614455,-0.14120216500000282
1455,mp-765258,-2.861333694712644
1456,mp-12128,-0.21634461458333254
1457,mp-8923,-0.6645102297916665
1458,mp-1013587,-0.6763659878000056
1459,mp-867171,-0.4731747429166666
1460,mp-10347,-3.3186984038534497
1461,mp-30010,-1.739664906851852
1462,mp-757890,-2.4987336914285727
1463,mp-755449,-0.5929051311904756
1464,mp-551456,-2.3474423050000013
1465,mp-555891,-3.2651693141666676
1466,mp-22066,-0.5521495369999997
1467,mp-34425,-1.701440411190476
1468,mp-781607,-2.393550240914154
1469,mp-756342,-0.18197272694444422
1470,mp-541005,-1.3994955459339087
1471,mp-867358,-2.0116790645833285
1472,mp-684619,-2.1897094007089564
1473,mp-31097,-0.2759949697916664
1474,mp-20425,-0.23087377593749991
1475,mp-2172,-0.6270427762500006
1476,mp-24030,-2.4999532883441558
1477,mp-757312,-2.482671550349891
1478,mp-864957,-0.2791617036206908
1479,mp-21223,-0.505247251250001
1480,mp-862287,-0.8688942487500011
1481,mp-39226,-3.6768689631333347
1482,mp-31630,-3.1679102164833326
1483,mp-674478,-2.63287239
1484,mp-756426,-3.253571734166666
1485,mp-8499,-0.31141958499999794
1486,mp-752400,-3.8167824040909086
1487,mp-1019380,-1.3611554771874985
1488,mp-680061,-2.083197408222222
1489,mp-673663,0.05363755198412671
1490,mp-504898,-0.7158639740384601
1491,mp-13955,-0.6247261366666663
1492,mp-722294,-0.554695764642854
1493,mp-685862,-3.7862262987209325
1494,mp-974982,0.10285284270833372
1495,mp-19453,-1.6677581743333327
1496,mp-752906,-2.2011311594117644
1497,mp-703308,-2.5253755640521094
1498,mp-1014231,-0.20263765833333972
1499,mp-543051,-0.9500908844791667
1500,mp-753793,-4.2368671705
1501,mp-8866,-2.088301255765087
1502,mp-19414,-1.92780925959375
1503,mp-2938,-0.6499582460000027
1504,mp-17979,-3.452259155961539
1505,mp-756508,-2.4857112213616075
1506,mp-738663,-1.3035481994827587
1507,mp-15013,-1.1326320645833334
1508,mp-767765,-0.9140655425680262
1509,mp-1018896,-0.5752889555555539
1510,mp-1006256,-0.46030548499999924
1511,mp-1014227,-1.1528844016666673
1512,mp-1559,-0.9422394225000005
1513,mp-707841,-1.211360506558441
1514,mp-764295,-1.0930876063070074
1515,mp-19337,-2.436329391833334
1516,mp-6758,-0.43199491502969306
1517,mp-1328,-0.25501367333333275
1518,mp-19314,-2.7607276414880064
1519,mp-1873,-2.60093522
1520,mp-757947,-2.513773720864388
1521,mp-20983,-0.42035901499999895
1522,mp-5051,-0.3588587278571416
1523,mp-648893,-2.316589102251327
1524,mp-3345,-0.27387824234375024
1525,mp-12418,-0.7080721016666681
1526,mp-4437,-1.3124721641406225
1527,mp-866290,-0.7918539191666634
1528,mp-14730,-2.484807840797415
1529,mp-554944,-2.5393963802976183
1530,mp-1019277,-0.46311798750000105
1531,mp-1019717,-2.017156101332615
1532,mp-813,-0.5307985233333335
1533,mp-675592,-1.7210434606060618
1534,mp-505798,-1.335474887580619
1535,mp-1682,-1.1367774262500019
1536,mp-5388,-1.7498168192857122
1537,mp-31019,-0.09345293211538429
1538,mp-1073,-0.33554150999999965
1539,mp-8697,-3.4369411568333326
1540,mp-776229,-1.988241380833334
1541,mp-6088,-2.3551283793750004
1542,mp-4622,-3.3643566464285715
1543,mp-569978,-1.9228922379045104
1544,mp-569082,-0.21680641411764742
1545,mp-3239,-0.796328545999998
1546,mp-555370,-1.041181168571428
1547,mp-14560,-3.449651893606061
1548,mp-972680,-0.3984347816666663
1549,mp-28160,-1.1693719299999996
1550,mp-13334,-1.9394251929999995
1551,mp-16179,-0.9285219524218746
1552,mp-545735,-2.75854759475
1553,mp-865274,-0.7715223234375013
1554,mp-17424,-0.5788068044999998
1555,mp-641069,-0.48125078537036914
1556,mp-683899,-0.2461397956116059
1557,mp-1189,-0.5373437222222203
1558,mp-18981,-2.976089124
1559,mp-760484,-3.488919676833335
1560,mp-560591,-3.3634618134023
1561,mp-756988,-2.988825285750001
1562,mp-26210,-2.3042067429285717
1563,mp-570798,-0.7339483906157619
1564,mp-695608,-3.089704640260724
1565,mp-2973,-2.5899833424999983
1566,mp-542448,-1.275566543713827
1567,mp-775137,-1.8984899499404755
1568,mp-12385,-3.5674410347333327
1569,mp-14795,-1.0868489043522722
1570,mp-1019734,-1.2607153716666677
1571,mp-7767,-2.128125983833334
1572,mp-12098,-0.836901643940476
1573,mp-558504,-1.9771702766145833
1574,mp-775125,-2.453829089274375
1575,mp-573373,-0.9628060534642856
1576,mp-1914,-0.6495600483333336
1577,mp-1018812,-0.44068877750000013
1578,mp-780226,-2.6136430699999997
1579,mp-559849,-2.63646675
1580,mp-541989,-0.607621109499999
1581,mp-30280,-1.0733980129062495
1582,mp-983607,0.33278347250000095
1583,mp-536,-0.3249658140000008
1584,mp-637378,-1.0924943177499984
1585,mp-752606,-2.3394107120833336
1586,mp-864943,-0.4528405544827576
1587,mp-706301,-0.5420605252083343
1588,mp-769583,-2.3944112193333336
1589,mp-1956,-0.6804687183333323
1590,mp-4606,-0.3166958992307776
1591,mp-31443,-0.345496073333333
1592,mp-569294,-0.5777150034722247
1593,mp-11262,-0.665204362999998
1594,mp-19117,-2.261947287833334
1595,mp-1014229,-0.15669287555555655
1596,mp-720857,-1.5888837569318175
1597,mp-762088,-1.8054035288958328
1598,mp-570553,-0.37004192121428403
1599,mp-757953,-3.1957864535294114
1600,mp-25976,-2.20278164047619
1601,mp-567472,-0.14888066281745913
1602,mp-5461,-1.7495464499861129
1603,mp-553988,-2.8997183579406136
1604,mp-32895,-3.2509115556944446
1605,mp-9978,-1.7442274738194452
1606,mp-554593,-3.7267764589999977
1607,mp-556506,-2.632514172561577
1608,mp-765970,-2.4886715701666664
1609,mp-713,-0.43754621737500043
1610,mp-720263,-1.1872436574857963
1611,mp-1018122,0.00666605666665987
1612,mp-1019716,-2.724123129191092
1613,mp-561973,-1.6143266745092584
1614,mp-12341,-1.311351489386973
1615,mp-18628,-0.6120113506249988
1616,mp-972120,-0.7780492049999992
1617,mp-754434,-1.9004409685714287
1618,mp-34145,-1.832684141607146
1619,mp-975361,-2.3186068585
1620,mp-21382,-0.8113937619999916
1621,mp-673669,-2.0085723211403503
1622,mp-7917,-1.0908157441145825
1623,mp-977230,0.6243282262499994
1624,mp-557492,-3.6207159090789474
1625,mp-644324,-1.8317538741842112
1626,mp-754948,-1.7014354850000006
1627,mp-22907,-1.0744685700000076
1628,mp-103,0.0
1629,mp-554335,-1.3544560019092742
1630,mp-12549,-0.36106827750000053
1631,mp-771898,-2.2204702534729064
1632,mp-14551,-3.575181262999999
1633,mp-22543,-2.0517744706249994
1634,mp-20400,-0.8985702330000003
1635,mp-764154,-2.1874169719047623
1636,mp-5898,-0.7833312229999876
1637,mp-974458,0.27344674187499685
1638,mp-867162,-0.5328709733333383
1639,mp-752398,-1.9146415899999996
1640,mp-770997,-3.159298665277776
1641,mp-761454,-2.045179445
1642,mp-20831,-1.2216875500000046
1643,mp-7661,-2.4752447329629543
1644,mp-31818,-2.1255394640683223
1645,mp-5854,-2.3788747770833334
1646,mp-685633,-3.891439072804877
1647,mp-2567,-0.4973138000000006
1648,mp-772208,-1.7243408413333328
1649,mp-28423,-0.620183086625002
1650,mp-773319,-1.7165301643247126
1651,mp-35869,-1.5004887222916654
1652,mp-773055,-3.2376800508928576
1653,mp-775736,-0.938247015525511
1654,mp-1969,-0.31498354333333606
1655,mp-545974,-3.1086675332738096
1656,mp-2602,-1.7811745199999969
1657,mp-631635,0.5993129981666669
1658,mp-684833,-3.016721267022989
1659,mp-781997,-1.4168148691071434
1660,mp-655,-0.5529736389583336
1661,mp-772438,-2.3345215914965984
1662,mp-7478,-3.087397629375002
1663,mp-1020142,-2.7222461356395504
1664,mp-2926,-0.26830218466666766
1665,mp-7038,-0.4584531545312511
1666,mp-773058,-2.7599173697395836
1667,mp-4279,-2.5078247640624998
1668,mp-972412,-0.9633161666666687
1669,mp-8789,-1.8096057000000003
1670,mp-672213,-0.7909395880000005
1671,mp-985302,0.01780028020833413
1672,mp-18986,-2.9532242795
1673,mp-27490,-0.4095706983333347
1674,mp-31183,-0.5421772558333325
1675,mp-996,-1.3434008699999989
1676,mp-1818,-3.47199661
1677,mp-20471,-0.6143477976470623
1678,mp-552120,-3.30301904
1679,mp-976856,0.12091819779102053
1680,mp-6140,-0.42991288416666623
1681,mp-4250,-0.9504918473333376
1682,mp-22309,-0.33408793187499936
1683,mp-43134,-3.368410924292059
1684,mp-19460,-3.169686828861161
1685,mp-560409,-1.0053876155252102
1686,mp-757636,-2.4531456029166656
1687,mp-541996,-3.2058428996874992
1688,mp-11615,-0.5182799065325696
1689,mp-557754,-3.1049334544285694
1690,mp-568405,-1.9909208327222205
1691,mp-582259,-0.9519122358680541
1692,mp-761579,-1.0778543041666673
1693,mp-753508,-0.8532056802777769
1694,mp-777591,-2.788818240714286
1695,mp-768229,-0.9817444731944439
1696,mp-562,-0.5418041466666637
1697,mp-981212,-0.04164321000000134
1698,mp-759526,-1.6081895374615398
1699,mp-7298,-0.3792894085238103
1700,mp-30948,-1.4782845768589752
1701,mp-570634,-0.0658399168749991
1702,mp-631354,0.6875568934444422
1703,mp-1008626,-0.5893001077777781
1704,mp-10844,-0.2942872595833232
1705,mp-867234,-0.45184054916667105
1706,mp-585226,-2.4773617036964284
1707,mp-755194,-2.5430805086363635
1708,mp-771060,-2.2297900186352146
1709,mp-767,-0.6860231406250037
1710,mp-755840,-2.630985755555555
1711,mp-756095,-1.086233225172414
1712,mp-23949,-0.4796510662500005
1713,mp-30021,-0.5759299943055554
1714,mp-530986,-3.1278451932499998
1715,mp-554526,-2.9073170067123013
1716,mp-1018089,-1.4013951236718754
1717,mp-764730,-2.6139044184375
1718,mp-989512,-1.5736957076666678
1719,mp-770627,-2.0211628018247136
1720,mp-11006,-1.4740632439285726
1721,mp-30343,-0.05066497374999557
1722,mp-556804,-3.2303097701666665
1723,mp-674513,-3.6089368124848473
1724,mp-1124,-0.13063030499999861
1725,mp-755380,-3.8716288016666653
1726,mp-28490,-0.40056866424107185
1727,mp-765351,-2.3287050058095233
1728,mp-557401,-1.5604897256896553
1729,mp-771876,-1.8255009819166665
1730,mp-1776,-1.6429543975000012
1731,mp-674940,-1.3569899891071435
1732,mp-23119,-0.954963043216911
1733,mp-676814,-0.7892611420062502
1734,mp-567248,-0.5763294126332322
1735,mp-976949,-0.31381721999999
1736,mp-11569,-0.26914671875000895
1737,mp-685003,-2.1207027788229182
1738,mp-20800,-0.3983257091666654
1739,mp-5816,-0.544887185833332
1740,mp-11690,-0.5846089277857118
1741,mp-4804,-2.104244935500001
1742,mp-771110,-2.515359106771142
1743,mp-2674,-1.1872742149999975
1744,mp-558947,-3.2574067163194442
1745,mp-19851,-0.9014764568124978
1746,mp-631384,1.5401393266666688
1747,mp-571166,-2.400654233333334
1748,mp-23884,-2.1892454721874994
1749,mp-557664,-2.714238781264368
1750,mp-554435,-1.8074520962500031
1751,mp-8983,-1.0399200858333348
1752,mp-768161,-2.509500469816017
1753,mp-20033,-0.2747335450000037
1754,mp-16965,-0.8262960306250013
1755,mp-2906,-1.0073458888571423
1756,mp-29836,-2.3583354544137904
1757,mp-770154,-2.563503394351851
1758,mp-14276,-2.365842918749999
1759,mp-557203,-3.606928869250001
1760,mp-6660,-2.8516704400909965
1761,mp-765549,-2.8629374158333336
1762,mp-643738,-0.43500304361111514
1763,mp-734771,-1.8640694360119046
1764,mp-8073,-0.37111276500000184
1765,mp-558208,-1.9163219383333334
1766,mp-37255,-1.6463004004597697
1767,mp-570520,-1.324482488515626
1768,mp-558759,-1.3650723368965516
1769,mp-2473,-0.08517657849999978
1770,mp-631420,0.8283785837499993
1771,mp-782664,-2.9836072214942533
1772,mp-762163,-2.470161345766284
1773,mp-10824,-0.5947719280468746
1774,mp-755998,-2.8126892025000014
1775,mp-18713,-1.8243083702777778
1776,mp-775440,-2.006038055654762
1777,mp-542972,-1.072598388528061
1778,mp-1606,-0.16714933000000087
1779,mp-777258,-4.184042695192308
1780,mp-775786,-2.38599297975
1781,mp-863724,-0.434341507500001
1782,mp-10942,-3.040243175403257
1783,mp-17722,-3.645757438166669
1784,mp-11607,-1.2214459228571428
1785,mp-559184,-2.3207223042999994
1786,mp-2534,-0.44627705625000047
1787,mp-556709,-3.0751209355842923
1788,mp-22947,-1.6789476096666656
1789,mp-773238,-1.2937406706100796
1790,mp-775959,-3.1296680058680564
1791,mp-972318,0.10700886427083134
1792,mp-28602,-1.5748107458275868
1793,mp-2049,-0.1390927483333352
1794,mp-1380,-0.1515198325
1795,mp-3163,-2.5874682719999997
1796,mp-761589,-1.6078914016666666
1797,mp-570666,-0.414187627499994
1798,mp-777751,-2.7456942524916936
1799,mp-510057,-3.0232333352272733
1800,mp-18463,-2.513455971734693
1801,mp-978539,-0.2813474112500014
1802,mp-2843,-2.5734446070833332
1803,mp-561353,-3.7195745629540227
1804,mp-17434,-3.7344168811875003
1805,mp-771073,-1.4234197827545156
1806,mp-675830,-0.35818472299999937
1807,mp-978542,-0.584771573333331
1808,mp-505078,-2.5791628367647057
1809,mp-779095,-2.7299899870881226
1810,mp-2523,-0.5981284421874964
1811,mp-755901,-3.6667648963636377
1812,mp-30929,-1.1598093759615404
1813,mp-561090,-3.25193751372549
1814,mp-996958,-0.7283141207291663
1815,mp-1019593,-2.877267321165965
1816,mp-16818,-1.0423489696527757
1817,mp-30533,-0.8022941203645834
1818,mp-5175,-1.9788979595114933
1819,mp-976236,-0.3242070049999981
1820,mp-555629,-1.9497674183333336
1821,mp-783903,-1.5217107379761907
1822,mp-754406,-2.294052068288691
1823,mp-683,-0.2836005221666653
1824,mp-623814,-0.7934668683333332
1825,mp-16509,-0.56088443361111
1826,mp-31233,-0.9986828755701732
1827,mp-30672,-0.32138453437500036
1828,mp-30340,-0.351657399999997
1829,mp-13949,-0.469118834285715
1830,mp-2700,-0.423804026666667
1831,mp-30818,-0.754359220833333
1832,mp-982261,-0.4046722927083313
1833,mp-767427,-2.2648251362878793
1834,mp-2661,-0.5268471175000009
1835,mp-976424,0.1477278254166663
1836,mp-762029,-1.8310207952380946
1837,mp-769494,-2.2470293042472904
1838,mp-772216,-2.7188851707971007
1839,mp-560588,-0.9596539814062517
1840,mp-23915,-3.2729136826704557
1841,mp-558548,-2.482855807679859
1842,mp-761840,-3.6016912945370376
1843,mp-1016902,-1.2679441539999998
1844,mp-780310,-1.555470563000001
1845,mp-11224,-0.1973858433456769
1846,mp-755883,-3.1452565632614924
1847,mp-10089,-1.1377427833333285
1848,mp-6413,-2.9289450921428557
1849,mp-30422,-0.5172733615000027
1850,mp-1018723,-0.09816219749999888
1851,mp-646116,-2.1518599143567645
1852,mp-566717,-2.057071388630953
1853,mp-675104,-2.355643034413793
1854,mp-560107,-1.604281791964286
1855,mp-762840,-2.4845481767023814
1856,mp-17951,-2.802724632565923
1857,mp-558805,-2.799580951455938
1858,mp-28881,-2.2606515146875
1859,mp-20162,-0.46991981390624993
1860,mp-557352,-2.00298488247619
1861,mp-560725,-0.962524704218751
1862,mp-28800,-0.7917083784769045
1863,mp-677731,-2.93584741028633
1864,mp-29082,-0.8842139368181828
1865,mp-1011377,-1.7346103865624987
1866,mp-975905,0.8714024587499978
1867,mp-9530,-0.25857068704545516
1868,mp-22760,-0.46163556217241536
1869,mp-780110,-2.4823537895283883
1870,mp-31302,-1.735766983450001
1871,mp-978960,0.03151909249999818
1872,mp-22346,-0.632367121
1873,mp-36305,-1.4587977239880803
1874,mp-24038,-1.5575278357903217
1875,mp-864918,-1.2430680652083386
1876,mp-541753,-1.4637018377011506
1877,mp-6891,-1.8995083725925928
1878,mp-582924,-0.16657137758620827
1879,mp-3276,-0.49549889909090955
1880,mp-27838,-0.49815730125
1881,mp-530303,-2.5246772457142854
1882,mp-834,-1.7713234343749988
1883,mp-540424,-2.449520646386555
1884,mp-695960,-1.5235385029849136
1885,mp-556808,-2.8931233937833336
1886,mp-13771,-2.408545490625001
1887,mp-34202,-0.27440100400000345
1888,mp-625272,-1.4503822011666672
1889,mp-28714,-2.1729294107291666
1890,mp-18794,-3.436049351626438
1891,mp-2760,-0.6170652290909092
1892,mp-760502,-1.4885064766666667
1893,mp-18334,-2.8781583387684715
1894,mp-22170,-1.919143204259254
1895,mp-11368,-0.5699382827083355
1896,mp-554941,-2.897896688225
1897,mp-976744,-0.1770701566666677
1898,mp-768512,-1.4454560055882344
1899,mp-560188,-1.9036197179556649
1900,mp-5215,-0.7448444906250007
1901,mp-18943,-1.9038426225
1902,mp-540545,-1.2129406511954026
1903,mp-15856,-0.5025137193333308
1904,mp-18549,-3.96761276423077
1905,mp-5159,-0.5342501666666681
1906,mp-766262,-1.048015753243244
1907,mp-1739,-0.7400822718749964
1908,mp-558083,-3.392609160507246
1909,mp-20642,0.051653498255968947
1910,mp-696736,-3.4679057065625054
1911,mp-30230,-1.2572596772222222
1912,mp-569213,-0.3270639817479659
1913,mp-30441,-0.19779963921052668
1914,mp-646633,-2.461723999285715
1915,mp-2444,-0.6799595537499998
1916,mp-582108,-0.8260277562790708
1917,mp-26742,-1.8556247057330824
1918,mp-780292,-2.4319728681178154
1919,mp-696123,-1.1800169131047609
1920,mp-541285,-2.465903043425929
1921,mp-29816,-0.4543472146666673
1922,mp-775435,-2.61218437084298
1923,mp-866007,-0.19132524833333564
1924,mp-556340,-2.6783536489666657
1925,mp-558648,-1.6528204752777773
1926,mp-735541,-1.689247411203704
1927,mp-1814,-0.15500280305555356
1928,mp-9946,-0.9620232339062499
1929,mp-976075,0.045540925000000065
1930,mp-568196,-0.7641620085714281
1931,mp-19096,-2.930773886071427
1932,mp-1001785,-0.021708293988094596
1933,mp-1014265,-1.4107297929166691
1934,mp-754152,-2.750124736000001
1935,mp-696994,-1.8770725852027028
1936,mp-1793,-0.5834022962500001
1937,mp-771323,-3.8066105499242457
1938,mp-764652,-2.2667620308333336
1939,mp-1477,-0.3128932520833351
1940,mp-33107,-1.5557587174999994
1941,mp-777277,-1.9626794220833321
1942,mp-18636,-0.6259454968750013
1943,mp-568498,-0.9334202065909096
1944,mp-10271,0.10896379500000108
1945,mp-5557,-0.5988708558333352
1946,mp-669326,-0.8267158288148151
1947,mp-754659,-2.7523729743750014
1948,mp-720642,-2.189306755591953
1949,mp-560908,-1.0475336685714274
1950,mp-567159,-0.33904082855345935
1951,mp-532676,-1.7800805603541667
1952,mp-569462,-0.6062435534374995
1953,mp-27428,-0.8378744545416671
1954,mp-569943,-1.2624572176944457
1955,mp-542449,-2.155986328846148
1956,mp-554515,-1.8630673548624999
1957,mp-567712,-0.5802711322222199
1958,mp-849325,-0.9648382733333337
1959,mp-15339,-1.132461913571429
1960,mp-774658,-2.3885156268537404
1961,mp-777047,-3.2787756283333342
1962,mp-21464,-0.22732246683332372
1963,mp-25896,-2.2591283234285706
1964,mp-632502,-0.5001406378333343
1965,mp-626785,-1.546001942833333
1966,mp-18907,-3.0261516364367815
1967,mp-567817,-0.5327310183333367
1968,mp-643359,-0.3929677845238087
1969,mp-754117,-2.9322049378124992
1970,mp-7480,-3.105072738541667
1971,mp-780399,-2.3953740689512193
1972,mp-774397,-1.6961201801824088
1973,mp-2783,-0.594204636555555
1974,mp-771336,-2.5035807875985223
1975,mp-5590,-0.4908088119444456
1976,mp-11215,-0.501555608888887
1977,mp-569804,-0.8188898791666664
1978,mp-631497,0.7127795761111108
1979,mp-18308,-2.7055135122527463
1980,mp-1019526,-3.1519017657407407
1981,mp-772297,-1.8226651842424233
1982,mp-971799,-0.5871669175000065
1983,mp-770706,-2.294734384852217
1984,mp-8943,-1.5677705149999988
1985,mp-3759,-2.533935939999999
1986,mp-675797,-1.82219273952381
1987,mp-770388,-1.6622074347222227
1988,mp-20381,-0.7626544388888905
1989,mp-539,-0.7975143386875004
1990,mp-865950,-0.20037644187500092
1991,mp-706400,-2.323708426285713
1992,mp-568048,-0.38463402690141124
1993,mp-14912,-3.1737241716894538
1994,mp-975588,-1.523519266749996
1995,mp-20182,-0.49975093199999776
1996,mp-1018177,-0.1815881249999999
1997,mp-541747,-1.867103118461538
1998,mp-21689,-0.6950936427777761
1999,mp-766098,-2.847361820891157
2000,mp-769965,-1.9403105783333328
2001,mp-6208,-3.39017086125
2002,mp-31234,-0.7451465796052616
2003,mp-978828,-0.028808963750000416
2004,mp-775217,-2.2754242917016807
2005,mp-540363,-2.530355182428572
2006,mp-27133,-0.367511936329367
2007,mp-1395,-0.3068968924999993
2008,mp-15751,-3.527433782187499
2009,mp-755723,-2.5475774618181815
2010,mp-26585,-2.554948122329365
2011,mp-622210,-2.168934142307692
2012,mp-10070,-2.625105598792518
2013,mp-561157,-3.3564671910317454
2014,mp-639741,-3.2506911376388885
2015,mp-753048,-2.759993028611111
2016,mp-754144,-1.7801210285714286
2017,mp-541761,-1.341777372027027
2018,mp-984761,-0.3756073836637923
2019,mp-646420,-0.6688713673333317
2020,mp-768820,-2.465725820902778
2021,mp-558894,-3.0077280409803926
2022,mp-29089,-0.8044763772500041
2023,mp-759432,-2.334914016232994
2024,mp-3804,-1.0218812111904754
2025,mp-767955,-1.573516122
2026,mp-6879,-2.0142092593750007
2027,mp-5773,-2.188219010333334
2028,mp-30147,-0.9798659952777768
2029,mp-556820,-3.0294740909375
2030,mp-558576,-2.507753873750001
2031,mp-569896,-0.10025904526136645
2032,mp-690521,-2.0664203023928565
2033,mp-5637,-2.43478201625
2034,mp-18848,-2.9759653285
2035,mp-542,-0.525794336250005
2036,mp-19485,-1.8205765396506353
2037,mp-10394,-0.07916975833333358
2038,mp-1941,-0.355665329999999
2039,mp-23357,-2.3532693686111137
2040,mp-30926,-3.0828614265555396
2041,mp-13634,-3.661567517924649
2042,mp-22337,-0.5180995300000006
2043,mp-697820,-2.6324369164597714
2044,mp-545548,-3.3506028432738084
2045,mp-703273,-3.2772291340583335
2046,mp-5504,-2.6827792610000047
2047,mp-557195,-3.1533925474843754
2048,mp-29456,-0.7662599183333333
2049,mp-755044,-3.740772284761905
2050,mp-23774,-0.37090790253333344
2051,mp-699570,-0.654057856166667
2052,mp-780474,-2.3865882505795017
2053,mp-758101,-2.363197618431373
2054,mp-764913,-2.0338654886436784
2055,mp-27872,-3.2169730338095244
2056,mp-567917,-0.5222255465431559
2057,mp-780216,-1.8442670435416666
2058,mp-31964,-2.623123920693112
2059,mp-22830,-0.9603389714814804
2060,mp-818,-0.8408696187499984
2061,mp-554505,-2.9164901039345232
2062,mp-764879,-2.954474443437501
2063,mp-781954,-2.3134101919999996
2064,mp-1007755,-0.6057786524999997
2065,mp-2025,-0.22938770750000023
2066,mp-30102,-1.9100666366666672
2067,mp-862362,-0.7490408812499982
2068,mp-3291,-0.09552358750000185
2069,mp-684641,-0.20636898773809284
2070,mp-863705,-0.3314687918750008
2071,mp-776086,-2.729070417666668
2072,mp-541732,-3.2127795346296293
2073,mp-721317,-1.7073151706715066
2074,mp-764262,-1.7219807865833332
2075,mp-568506,-0.7536341996666713
2076,mp-30307,-0.739406383888888
2077,mp-555735,-2.0774542979999993
2078,mp-996966,-0.9949358772291657
2079,mp-865731,-0.4204308447916687
2080,mp-889,-0.34721505285714166
2081,mp-674831,-0.10112939690972035
2082,mp-707735,-1.0041986325925925
2083,mp-761572,-2.4965692443750003
2084,mp-23372,-1.9249066531818144
2085,mp-15217,-1.2998413904999992
2086,mp-626450,-1.8651430032366063
2087,mp-19292,-1.6205848722222227
2088,mp-696931,-1.130355233547455
2089,mp-2385,0.05987628922222162
2090,mp-27453,-2.1464069980952374
2091,mp-771642,-1.8921311858333334
2092,mp-772018,-1.897916475576923
2093,mp-2778,-0.3277121183333307
2094,mp-643749,-3.71684056995
2095,mp-554638,-2.163831028181818
2096,mp-21748,-0.9616291461111106
2097,mp-546864,-2.34532825357143
2098,mp-541148,-2.987966934138888
2099,mp-5369,-0.633835919999998
2100,mp-976319,0.32708337586207037
2101,mp-978092,-0.6374925191666669
2102,mp-571039,-0.7536489141666678
2103,mp-19478,-2.124902452316849
2104,mp-18662,-3.6750948390909084
2105,mp-4176,-1.1121827309999959
2106,mp-24266,-1.1583465575694458
2107,mp-10769,-0.3163925033333328
2108,mp-1392,-0.31427648031746
2109,mp-3141,-0.7509894155555545
2110,mp-19418,-2.3549433708333325
2111,mp-753632,-1.1773750056944436
2112,mp-720802,-2.0112294150176324
2113,mp-760184,-3.0710154998659003
2114,mp-776063,-2.7269831176933965
2115,mp-19877,-0.49697709125000067
2116,mp-3077,-0.6646172733333344
2117,mp-762111,-2.2641465047470235
2118,mp-556858,-1.6891775251030219
2119,mp-662572,-1.5375479582380913
2120,mp-6716,-2.5601894235
2121,mp-11371,-0.8393273691666661
2122,mp-776597,-2.3265630283305967
2123,mp-24668,-2.4784306314762934
2124,mp-765193,-2.234913158278985
2125,mp-980942,-0.0533470075000011
2126,mp-761314,-1.9579798621428577
2127,mp-684042,-2.5011848456964287
2128,mp-4835,-0.6754317733333343
2129,mp-8127,-2.263282359954545
2130,mp-754841,-1.8785662257142854
2131,mp-28316,-0.06829545813541671
2132,mp-755121,-2.2786331647916684
2133,mp-581795,-2.3094696612745094
2134,mp-32654,-1.4393607169999996
2135,mp-558231,-2.514514268333333
2136,mp-2365,-1.457562279166662
2137,mp-865112,-0.36514797541666866
2138,mp-19364,-3.076147789537037
2139,mp-768103,-2.3552332766838333
2140,mp-20804,-0.26451472226190426
2141,mp-865299,-0.7167325850000017
2142,mp-7348,-0.6386998189999986
2143,mp-2354,-0.12866299562500316
2144,mp-696878,-2.720008220819047
2145,mp-685371,-0.23612749709302217
2146,mp-33300,-1.5071843071428574
2147,mp-7655,-0.27101116833333627
2148,mp-867727,-1.686814682222222
2149,mp-17902,-1.7072381377235206
2150,mp-557543,-3.0928368225705123
2151,mp-22772,-2.8621010984375
2152,mp-938,-0.035467995000001196
2153,mp-850193,-3.5240403838333316
2154,mp-375,-3.6121793137499987
2155,mp-17693,-2.802720797662336
2156,mp-39540,-1.8556047132692304
2157,mp-31014,-0.9683266061785709
2158,mp-760546,-1.530070213939395
2159,mp-866813,-1.5648661432142852
2160,mp-16291,-3.384218080425287
2161,mp-643394,-1.6145889765581103
2162,mp-757652,-1.1109032651442317
2163,mp-850868,-1.6568697669444445
2164,mp-558085,-2.110632233104885
2165,mp-866097,-0.47261484075000054
2166,mp-610517,-0.08934797927083338
2167,mp-27916,-0.4960199990885421
2168,mp-14722,-3.8247177318199235
2169,mp-686677,-1.8705696157157736
2170,mp-4056,-3.7836882207142852
2171,mp-769658,-2.56365062375
2172,mp-554163,-0.9628419058639696
2173,mp-557890,-4.01010348590909
2174,mp-20916,-0.3122651256250002
2175,mp-541963,-0.9526613510416664
2176,mp-782668,-2.7747146389775916
2177,mp-9579,-0.8912764307812502
2178,mp-19269,-3.141842748000002
2179,mp-680204,-3.2588807815151504
2180,mp-669345,-1.5111999253636368
2181,mp-27638,-0.3802751299999982
2182,mp-8298,-1.6337939291836732
2183,mp-559390,-3.446380854285714
2184,mp-20072,-2.6892033212499866
2185,mp-18594,-1.1109785591116068
2186,mp-540314,-2.4163945706868137
2187,mp-7339,-3.3819813555
2188,mp-1009894,-0.4004006175000008
2189,mp-9637,-3.272324624818182
2190,mp-567905,-0.20663254099999762
2191,mp-9973,-0.8998122912500008
2192,mp-570453,-1.48974165409091
2193,mp-631303,0.6636675047619084
2194,mp-570803,-1.3507635990029756
2195,mp-10393,-0.7985262737499994
2196,mp-19477,-3.1789881819262793
2197,mp-1346,-0.805272605000001
2198,mp-23474,-0.3722022776736114
2199,mp-33581,-3.192552002653063
2200,mp-865794,-0.5469324087500027
2201,mp-752458,-3.9730165342500015
2202,mp-698120,-2.3789512198854177
2203,mp-570806,-0.03227376173515923
2204,mp-772535,-3.008369918049646
2205,mp-18043,-3.339772416562501
2206,mp-504769,-0.6082904992857152
2207,mp-622619,-2.566959402962963
2208,mp-101,0.0
2209,mp-31008,-2.251951860784205
2210,mp-9564,-1.1291245169999997
2211,mp-23299,-2.2150984737499986
2212,mp-4350,-2.3413267883593827
2213,mp-15822,-0.6998842199999997
2214,mp-972635,-0.5631453545833338
2215,mp-1009491,-0.4483481270833325
2216,mp-647604,-1.7376189329166631
2217,mp-1002164,0.43837332875
2218,mp-34330,-3.319463689285714
2219,mp-5223,-3.6904500495000008
2220,mp-542832,-3.648600351354167
2221,mp-1054,-0.303069561666669
2222,mp-1019550,-0.8018419456250001
2223,mp-559520,-2.0414175938630947
2224,mp-850994,-2.427766032275339
2225,mp-780193,-2.596301211947279
2226,mp-540900,-2.2118231680952385
2227,mp-775864,-1.2733588876337705
2228,mp-676329,-1.1018067234999989
2229,mp-757816,-2.5651947978835974
2230,mp-757159,-2.4483470636904765
2231,mp-559176,-3.5416553964761897
2232,mp-540632,-2.4858112167738105
2233,mp-27069,-2.5107779869464295
2234,mp-14435,-1.1875018412544642
2235,mp-11293,-0.13852323249999898
2236,mp-559628,-3.687281189272313
2237,mp-776806,-2.189015332619048
2238,mp-558347,-2.882499321705883
2239,mp-780403,-0.8846238948132186
2240,mp-557929,-0.35612274666666754
2241,mp-862947,-0.8653848624999982
2242,mp-754495,-1.798465040833334
2243,mp-770543,-1.9496477831724135
2244,mp-27508,-1.0738390979999999
2245,mp-696291,-1.1171100823333329
2246,mp-780936,-2.94312770704762
2247,mp-14030,-3.184671181143677
2248,mp-975468,0.3845200337499999
2249,mp-30611,-1.009108922500002
2250,mp-510086,-0.7700337791666669
2251,mp-11317,-0.007688359999998322
2252,mp-22379,-0.2932929836666659
2253,mp-11550,-0.976598738333332
2254,mp-10927,-0.6533053443048483
2255,mp-775867,-2.330028612247024
2256,mp-755018,-2.979764999966666
2257,mp-972058,-2.9789878082500025
2258,mp-782821,-2.720580594074075
2259,mp-12024,-1.1629941524218754
2260,mp-865771,-0.9187076937500009
2261,mp-771854,-1.9361160058333329
2262,mp-776220,-2.312294366666667
2263,mp-28189,-1.0074588174826387
2264,mp-3615,-3.16329933
2265,mp-3735,-3.430193205357142
2266,mp-862775,-0.34351673166666785
2267,mp-557057,-2.8976281941666664
2268,mp-863703,-0.43075507625000053
2269,mp-973339,0.030868655000013234
2270,mp-781789,-2.648546493320801
2271,mp-560262,-0.7467899718112209
2272,mp-555104,-3.1777105304686106
2273,mp-862747,-0.7988787974999951
2274,mp-761151,-3.6230431202941173
2275,mp-608555,-1.9195552860344813
2276,mp-541180,-0.4369318700000008
2277,mp-557871,-1.502168412499999
2278,mp-2866,-0.5021426869999999
2279,mp-776150,-2.110980848333333
2280,mp-8830,-1.4591744428448283
2281,mp-758720,-2.7708268538888894
2282,mp-1009596,1.3342853325000004
2283,mp-23133,-1.6942416163636358
2284,mp-560235,-3.186306588625
2285,mp-971683,0.12167648535714329
2286,mp-17501,-1.642161534523812
2287,mp-760415,-1.0947282868750006
2288,mp-29219,-0.291795605294118
2289,mp-22696,-0.4636490758333341
2290,mp-28835,-1.347733139666667
2291,mp-21078,-0.12916253499999808
2292,mp-20193,-0.482290623333333
2293,mp-29519,-0.8019475003749994
2294,mp-30320,-3.8938718525000064
2295,mp-12640,-3.458601736166666
2296,mp-779980,-2.383034223500002
2297,mp-624486,-2.115568274633333
2298,mp-21129,-1.9428485605555568
2299,mp-505686,-0.674504033645834
2300,mp-754478,-3.877154581666666
2301,mp-32880,-0.5165704024999997
2302,mp-2058,-0.23660327500000022
2303,mp-962069,-0.5606845172222217
2304,mp-631569,0.5606190556250006
2305,mp-634062,-1.0689286025000002
2306,mp-774412,-2.540496095161565
2307,mp-763358,-2.407718571666667
2308,mp-29986,-0.8770519
2309,mp-4404,-0.7642250210000014
2310,mp-755346,-2.3541447980833334
2311,mp-753385,-1.7863583302380943
2312,mp-27820,-0.06215234028743436
2313,mp-2568,-0.536198263333335
2314,mp-570097,-0.9617530475170071
2315,mp-546757,-2.4119081531493505
2316,mp-3324,-2.7461501200000322
2317,mp-862485,-0.3730370868749988
2318,mp-672368,-1.5259586318749996
2319,mp-1009813,0.15649882250000147
2320,mp-777807,-3.127979535677083
2321,mp-6254,-3.4515069166666663
2322,mp-753268,-2.8409534793333333
2323,mp-780861,-1.4646587241666669
2324,mp-680722,-1.55366273527027
2325,mp-4798,-0.500998362857142
2326,mp-18255,-2.9179016483928564
2327,mp-755529,-2.0809843951116074
2328,mp-757916,-1.6407353144696954
2329,mp-850358,-1.7409841904761905
2330,mp-25053,-2.4696039020000002
2331,mp-676636,-3.843372724166666
2332,mp-567981,-0.07622638124999881
2333,mp-976783,-0.4711096324999997
2334,mp-774402,-2.3851565884663852
2335,mp-569446,0.0873680799999974
2336,mp-5819,-0.6830107163333323
2337,mp-31874,-2.3501865857983177
2338,mp-685415,-2.0191673633137937
2339,mp-761527,-2.6178318522724617
2340,mp-559937,-2.050176742794117
2341,mp-568656,-0.3058404775
2342,mp-27212,-2.386402226805556
2343,mp-2,0.0
2344,mp-850880,-1.1740468462499993
2345,mp-21757,-3.346018073500003
2346,mp-7973,-2.9016637562499987
2347,mp-604908,-0.18550216203125025
2348,mp-1029,-4.161918590000002
2349,mp-542733,-3.0475604205555555
2350,mp-975045,0.7116983318750001
2351,mp-9556,-0.5025965600000006
2352,mp-775259,-2.9730127527276746
2353,mp-569030,-1.8235566653703699
2354,mp-471,-0.06123098999999973
2355,mp-571461,-0.44094249771428345
2356,mp-975216,-1.9732286570000006
2357,mp-973022,-0.05016767875000028
2358,mp-7937,-1.4537043878448292
2359,mp-1001,-0.7517035683333345
2360,mp-971634,-1.3049774240948278
2361,mp-31312,-0.3451339402272721
2362,mp-756876,-2.5846840962609887
2363,mp-759424,-2.574608329020834
2364,mp-581775,-0.16897916057791645
2365,mp-697120,-1.9614736597685183
2366,mp-976593,-0.2915836693750009
2367,mp-776615,-2.4250677470833333
2368,mp-867835,-0.5546445212500011
2369,mp-631304,1.1535557801015628
2370,mp-4658,-3.1914270072500015
2371,mp-2725,-0.8175618772222215
2372,mp-863374,-1.6138287606944448
2373,mp-601344,-2.2014064087407403
2374,mp-27124,-0.3522178654276331
2375,mp-775288,-1.8385585554166657
2376,mp-756951,-2.059622312666666
2377,mp-631484,0.7705011500000012
2378,mp-771838,-3.589059096200001
2379,mp-34465,-0.5180029057291669
2380,mp-28733,-0.5419083774285712
2381,mp-865013,-0.4777755616666681
2382,mp-567214,-0.8506385219444428
2383,mp-28339,-1.2812476126587313
2384,mp-554821,-1.489286858012823
2385,mp-769118,-3.028261964166665
2386,mp-774411,-2.051847119333334
2387,mp-752433,-3.5655037400833343
2388,mp-753349,-3.0551897366666663
2389,mp-972966,-0.5890004374999975
2390,mp-3880,-0.7528170849107129
2391,mp-557969,-3.029160157083334
2392,mp-22914,-0.6852623099999997
2393,mp-569684,-1.4919457345555556
2394,mp-753663,-2.366455176428571
2395,mp-720397,-0.5302639678571422
2396,mp-2696,-0.23041872333333302
2397,mp-761132,-2.264690025873015
2398,mp-569153,-0.6402244292499916
2399,mp-995206,-0.5008169625000001
2400,mp-640391,-0.49773010666666706
2401,mp-631331,0.6247457081249976
2402,mp-779064,-2.7889602066666668
2403,mp-999502,-0.35810017000000016
2404,mp-615,-0.07437748250000098
2405,mp-20849,-0.30311033000000265
2406,mp-1019565,-2.6550530695000005
2407,mp-979935,0.7308290834374951
2408,mp-31572,-2.1946362210924377
2409,mp-570683,-0.3510875454166653
2410,mp-31746,-2.618714483520409
2411,mp-19381,-3.2207403853333347
2412,mp-17143,-3.6056465425
2413,mp-706617,-2.9352379393130397
2414,mp-778251,-2.3525036541130953
2415,mp-2068,-1.8349934674999995
2416,mp-570248,-0.230192647430556
2417,mp-865665,-0.3226983322916652
2418,mp-22229,-0.3121934250000014
2419,mp-14790,0.011700656428575127
2420,mp-769148,-0.8578817262500005
2421,mp-9837,-2.810163555740741
2422,mp-3721,-3.8082743569999997
2423,mp-771194,-2.4290773370454533
2424,mp-23171,-1.1821741483333312
2425,mp-763244,-2.0017727726923082
2426,mp-695772,-2.4576567355042016
2427,mp-753524,-2.028920913043479
2428,mp-5752,-1.0940013693333355
2429,mp-559752,-2.5057536684711468
2430,mp-21504,-0.9126503401923091
2431,mp-24510,-1.4654293889583332
2432,mp-567314,-0.4823072937499999
2433,mp-779664,-1.335860173333333
2434,mp-865989,-0.9843180687499995
2435,mp-3789,-2.4471234385714307
2436,mp-6309,-1.5422992410439562
2437,mp-643158,-0.5101822489030619
2438,mp-15483,-1.766752955192308
2439,mp-545481,-2.107631717142857
2440,mp-754239,-3.0424025450000003
2441,mp-764417,-1.4621298877586197
2442,mp-950,-0.08099031928571472
2443,mp-769075,-0.899680682119049
2444,mp-8787,-1.2245558189999983
2445,mp-861940,-0.5512918712500001
2446,mp-43,0.08967122466668419
2447,mp-644292,-0.5203141925000002
2448,mp-530245,-3.7389869482291687
2449,mp-7599,-3.087509171249999
2450,mp-974364,0.36578629750000147
2451,mp-704836,-2.4156493069791667
2452,mp-11798,-0.0732982249999985
2453,mp-571624,-0.3777384254999987
2454,mp-705008,-2.4672550471507932
2455,mp-560656,-2.4082950049333336
2456,mp-3055,-0.6527547326388875
2457,mp-10264,-0.19041621250000063
2458,mp-558569,-3.194217924722222
2459,mp-865843,-0.3558770131249993
2460,mp-23709,-0.14400721318181875
2461,mp-19340,-2.4937810420833335
2462,mp-975274,-0.5021710987758624
2463,mp-10097,-0.8131399283307214
2464,mp-21835,-0.43074597912766777
2465,mp-17927,-1.7788461139285698
2466,mp-568903,-0.868521032559532
2467,mp-29733,-0.19024650166667043
2468,mp-28344,-1.2480552316666689
2469,mp-757777,-2.1275447244444456
2470,mp-976903,0.2473424602370713
2471,mp-1018791,-0.791883457103174
2472,mp-850975,-1.8011855567784167
2473,mp-11160,-1.01647506416667
2474,mp-555641,-1.0343510059803918
2475,mp-972095,0.10218328999999926
2476,mp-555527,-1.7929270050000095
2477,mp-39536,-2.112075975
2478,mp-20245,-0.5844433266666655
2479,mp-23446,-1.864736001875002
2480,mp-696195,-2.988346289947918
2481,mp-753656,-2.102192424166667
2482,mp-619092,-1.8765970941333345
2483,mp-4888,-2.9069924356632666
2484,mp-771093,-2.170312636428571
2485,mp-554716,-2.3161402345474134
2486,mp-505344,-0.34912195694444986
2487,mp-971804,-0.11605866999999925
2488,mp-27411,-0.044324999146825896
2489,mp-28442,-0.44282982398809473
2490,mp-30141,-0.861690539285715
2491,mp-560997,-3.224051362666673
2492,mp-1315,-1.661984376249999
2493,mp-771936,-1.8198738963461538
2494,mp-36821,-1.691644659910713
2495,mp-631340,0.6045300720833318
2496,mp-552588,-2.8665096196666666
2497,mp-557406,-2.7846075488569606
2498,mp-760046,-0.5323579524765514
2499,mp-766423,-1.2408803267777775
2500,mp-29958,-1.3996353450939891
2501,mp-669645,-0.40524019458333205
2502,mp-13406,-0.499289997222224
2503,mp-686697,-3.4582379285994254
2504,mp-631565,0.6295781758333234
2505,mp-972217,-0.33271794583333403
2506,mp-756818,-2.477699733809525
2507,mp-756597,-3.1409554944444444
2508,mp-19052,-2.2567439439687496
2509,mp-30125,-1.3219848776822936
2510,mp-13466,-0.5993742009999969
2511,mp-9976,-0.3290386964705886
2512,mp-978102,-0.7135879083730166
2513,mp-714931,-1.9936805075
2514,mp-20250,-0.4575256901562508
2515,mp-8607,-0.12031626285714278
2516,mp-774874,-2.6494618597222224
2517,mp-772840,-3.011473042499999
2518,mp-771150,-1.9134845561351284
2519,mp-1860,-0.8014581362499982
2520,mp-1857,-0.3784749325000014
2521,mp-21003,-0.40038676199999657
2522,mp-26341,-2.4970080566017314
2523,mp-579812,-0.7057690898333305
2524,mp-557112,-2.6667486815579715
2525,mp-29227,-1.1817036866666666
2526,mp-752910,-1.6826009192672418
2527,mp-18361,-0.44743878047916635
2528,mp-36751,-0.7032958305357125
2529,mp-675342,-3.075709567656249
2530,mp-973847,-0.4924991337499982
2531,mp-18127,-0.3161173714285762
2532,mp-753211,-0.4656002037500002
2533,mp-864600,-0.7767526179166655
2534,mp-9092,-2.359309233020832
2535,mp-973974,1.16856156275
2536,mp-976765,-0.17961209249999932
2537,mp-27540,-2.043254557678572
2538,mp-766292,-3.959664393333334
2539,mp-9953,-1.4311914514880968
2540,mp-673761,-2.7580585999999996
2541,mp-20862,-0.34567858937500046
2542,mp-778375,-2.7979970545454553
2543,mp-22563,-2.369015291000001
2544,mp-1652,-0.5762806899999995
2545,mp-556544,-3.18810415297619
2546,mp-13413,-0.2328521967857132
2547,mp-756750,-3.792682673333333
2548,mp-18910,-2.6309067632142873
2549,mp-771981,-2.4252489445454546
2550,mp-684904,-1.1942410381666662
2551,mp-764734,-2.406189365323618
2552,mp-505346,-3.184027536666667
2553,mp-21296,-0.1646135099999924
2554,mp-754759,-3.9044308154999974
2555,mp-29543,-1.6613102667299096
2556,mp-1138,-3.164395454166666
2557,mp-567770,-0.23519800555555687
2558,mp-849953,-2.184148837175698
2559,mp-776323,-2.3011063148333335
2560,mp-756930,-3.0107092574999994
2561,mp-777855,-2.366866301529762
2562,mp-561260,-2.88676357392036
2563,mp-30867,-0.5430755124999997
2564,mp-775644,-2.0392230641666664
2565,mp-684031,-0.15665129876811634
2566,mp-542833,-2.2741988159848487
2567,mp-31136,-0.3905452981481482
2568,mp-4891,-3.7525506154999997
2569,mp-559186,-2.6110974963095237
2570,mp-505223,-3.028400453947367
2571,mp-686702,-3.1093470896835442
2572,mp-12927,-1.1079637560000002
2573,mp-7921,-2.426783619375
2574,mp-20260,-0.7977367659999984
2575,mp-753623,-0.6304044837962961
2576,mp-998787,-2.2259098916666757
2577,mp-866297,-0.5605631287500037
2578,mp-30449,-0.09895257833333382
2579,mp-973538,-0.41497456958333245
2580,mp-559213,-1.9194654046839095
2581,mp-294,-3.5299852478124985
2582,mp-28087,-2.3991937720833327
2583,mp-560238,-2.5343882120714283
2584,mp-13695,-2.6567474437500005
2585,mp-1020122,-2.145147585
2586,mp-850959,-2.4783555525500836
2587,mp-17291,-0.8463417455911326
2588,mp-757282,-2.319808908156966
2589,mp-985829,-1.8069951685416683
2590,mp-871,-0.4759793662499998
2591,mp-778700,-2.850032289702381
2592,mp-754110,-2.539740289166665
2593,mp-559349,-1.8963682509999995
2594,mp-778256,-1.8792017357499997
2595,mp-30624,-0.7284756456349083
2596,mp-17137,-2.233870685333334
2597,mp-2640,-1.8196328612500032
2598,mp-770988,-2.0955544185334567
2599,mp-16577,-3.8826292438888927
2600,mp-752446,-1.4000594395000008
2601,mp-981311,-0.37609535208333966
2602,mp-864990,-0.2151946714655164
2603,mp-18873,-1.8155693417887928
2604,mp-28661,-0.5922158242857134
2605,mp-675977,-0.2619917580729201
2606,mp-33746,-2.6628046319999994
2607,mp-31089,-0.8380224769999941
2608,mp-569237,-0.9225278121296309
2609,mp-1008858,-0.9460851791666643
2610,mp-9210,-1.9801573642857133
2611,mp-18399,-0.5060606023611088
2612,mp-27568,-0.5052956942499996
2613,mp-21580,-3.2757087111111125
2614,mp-541818,-0.7746846222088076
2615,mp-19169,-3.1636367186111123
2616,mp-776740,-2.1458630949597692
2617,mp-568552,-0.41318265527777837
2618,mp-19348,-2.970759331078431
2619,mp-8221,-0.851981836944445
2620,mp-770574,-1.620095500909091
2621,mp-627355,-1.1153373179166668
2622,mp-770107,-1.4072313621428572
2623,mp-17164,-2.578586651109914
2624,mp-6268,-3.048965920184524
2625,mp-24638,-1.8868957336293428
2626,mp-15837,-0.7676304251388899
2627,mp-752503,-3.8039855095833333
2628,mp-754370,-2.8516918019444475
2629,mp-4122,-2.5996700392460306
2630,mp-433,-0.48227621624999983
2631,mp-777898,-2.7295363090972224
2632,mp-30849,-0.7437694224444371
2633,mp-972504,-0.3525298274999997
2634,mp-28073,-2.6745251733333313
2635,mp-754250,-3.2395076488864936
2636,mp-981748,-0.2089855691666651
2637,mp-9886,-1.0467660568571333
2638,mp-989532,-2.758069805500001
2639,mp-556212,-3.0298183977291657
2640,mp-570441,-0.5098770469565206
2641,mp-780619,-3.0221350714666655
2642,mp-767146,-3.227854914866666
2643,mp-19360,-2.786060476111112
2644,mp-1006118,-0.17244724729331848
2645,mp-561351,-3.254891058888888
2646,mp-767151,-2.2707985743537416
2647,mp-18297,-0.6528734250000012
2648,mp-753712,-2.922203133333332
2649,mp-30671,-0.40278368138888965
2650,mp-770943,-2.3901062428630953
2651,mp-850396,-2.4484322963505747
2652,mp-774359,-2.8581531986666664
2653,mp-615314,-0.34874054375000085
2654,mp-770559,-3.3114420062037024
2655,mp-570377,-0.06433400857142958
2656,mp-23085,-1.7803753018181816
2657,mp-772993,-3.1486794602222226
2658,mp-779885,-2.652929194462232
2659,mp-570256,-0.5099571822619018
2660,mp-2578,-0.225338236666668
2661,mp-12359,-0.2516226587499988
2662,mp-647,-1.1524860812500002
2663,mp-764771,-2.45906167
2664,mp-768754,-1.835694940601852
2665,mp-31364,-0.515406222307692
2666,mp-21499,-0.9037753250000043
2667,mp-759634,-2.4231183971276593
2668,mp-20186,-2.480910365333333
2669,mp-2525,-0.23179544166666455
2670,mp-556641,-2.5636317382575102
2671,mp-676206,-0.6782914081666658
2672,mp-20219,-0.9411913124425269
2673,mp-574244,-1.022574305857141
2674,mp-1435,-0.24490315499999937
2675,mp-775433,-0.8314085855411245
2676,mp-13207,-1.9904925161607139
2677,mp-510065,-1.4657012602810717
2678,mp-29420,-1.2732333328977268
2679,mp-754672,-3.4277171819444434
2680,mp-762259,-2.266617659074074
2681,mp-16751,-0.37082404666665997
2682,mp-770900,-1.8215287392554855
2683,mp-7469,-1.2260592587931036
2684,mp-530714,-1.111051576442307
2685,mp-570606,-0.9361555930952363
2686,mp-756074,-2.0031879099603183
2687,mp-22503,-0.3821829837499999
2688,mp-697994,-1.2591090939062495
2689,mp-30474,-0.4374079858333333
2690,mp-637866,-0.7656422393181814
2691,mp-693857,-3.0756169747879034
2692,mp-542063,-1.749489501071429
2693,mp-774241,-2.0017752744435735
2694,mp-9206,-0.4274936758876109
2695,mp-3612,-2.5201521137499996
2696,mp-13925,-3.5730001180689657
2697,mp-974667,-1.72742623159091
2698,mp-21890,-0.6567905924999996
2699,mp-723419,-1.4192500411363627
2700,mp-721686,-1.1787022427777774
2701,mp-706544,-0.45313832027709416
2702,mp-765615,-1.9311833799999996
2703,mp-572441,-1.210118107466476
2704,mp-571352,-0.39151687285714687
2705,mp-11415,-0.45750582076923013
2706,mp-15322,-0.6869376077777787
2707,mp-976589,-0.15575588999999823
2708,mp-10765,0.04976369500000288
2709,mp-3922,-0.2501113989062489
2710,mp-778194,-0.6387104740000005
2711,mp-29506,-1.6743171424137948
2712,mp-752555,-3.5899115000000004
2713,mp-28680,-1.5699616274583326
2714,mp-976420,0.029785583125001125
2715,mp-569768,-0.4164039818749963
2716,mp-582799,-0.3187795130000012
2717,mp-778617,-1.9944843094444442
2718,mp-28478,-0.47606470229166814
2719,mp-558241,-0.8669619891458353
2720,mp-640926,-0.800240488611111
2721,mp-505071,-0.44621494136363665
2722,mp-540997,-1.15651270574074
2723,mp-769516,-2.0688242472834566
2724,mp-21503,-0.3862793038888886
2725,mp-19119,-2.0801589849999993
2726,mp-21712,-0.8844586497222243
2727,mp-763418,-0.8265970177777784
2728,mp-22323,-1.9733628104166676
2729,mp-541947,-1.0387084701681544
2730,mp-676923,-1.458108488684211
2731,mp-753657,-3.4623037077777776
2732,mp-4519,-2.9137403022291664
2733,mp-754933,-2.6197471095833356
2734,mp-37550,-1.2515666532000012
2735,mp-11418,-0.5547512949999991
2736,mp-18739,-2.670511871586207
2737,mp-776147,-2.1346313408928563
2738,mp-979041,-0.49042131285714113
2739,mp-546295,-2.1486192679999996
2740,mp-7379,-0.11621862749999916
2741,mp-1009134,0.09255887603448265
2742,mp-28171,-1.3700463003499999
2743,mp-669918,-0.41370266124999855
2744,mp-707343,-1.2745038125925925
2745,mp-10314,-0.6593684100000019
2746,mp-15889,-2.7118537085
2747,mp-6310,-3.292742405572916
2748,mp-554853,-2.611213505500822
2749,mp-866157,-0.8438889402083269
2750,mp-559534,-2.6737149580555566
2751,mp-775017,-2.2154310686904743
2752,mp-2865,-2.5383324913571426
2753,mp-977453,-0.41226820416666676
2754,mp-757586,-1.7223339007107847
2755,mp-770532,-2.3744389294381154
2756,mp-505543,-0.649953777314815
2757,mp-4513,-0.4800315381818168
2758,mp-30721,-0.055587898928577725
2759,mp-772425,-2.132523662763158
2760,mp-779903,-2.1370895445833327
2761,mp-757723,-1.8937201708750002
2762,mp-568778,-0.4715069113888883
2763,mp-21766,-1.3021457886011905
2764,mp-866016,-0.7038394256249987
2765,mp-11358,-0.24016614599999997
2766,mp-561058,-2.5826545861374024
2767,mp-21810,-0.7800972668421053
2768,mp-756103,-3.0051330882142864
2769,mp-769480,-3.3467000471666677
2770,mp-567590,-0.3889293697222236
2771,mp-780580,-2.1589289233407216
2772,mp-505564,-0.9583435062980766
2773,mp-556283,-3.1198390936717737
2774,mp-971740,-0.45396336201389076
2775,mp-24104,-2.7711728385256404
2776,mp-771338,-3.161171774398496
2777,mp-767716,-2.970254698141026
2778,mp-515,-0.3874227000000019
2779,mp-1016843,-1.3727081539999992
2780,mp-976818,0.09746691250000339
2781,mp-22841,-1.5823980721759225
2782,mp-707473,-1.8736503093799606
2783,mp-974426,0.548743585000004
2784,mp-505467,-0.9963803716666675
2785,mp-4689,-0.25959578100000014
2786,mp-756452,-3.8585463328333334
2787,mp-616378,-1.1696923259310381
2788,mp-15319,-0.2660058491666675
2789,mp-2250,-0.41198496666666884
2790,mp-569178,-1.6058079207812455
2791,mp-5306,-1.3976660511538461
2792,mp-867868,-0.5791798606306315
2793,mp-767556,-2.639933244941409
2794,mp-22694,-2.501715246139455
2795,mp-6110,-3.0434140220000003
2796,mp-776762,-3.076790951904762
2797,mp-559635,-2.712270573636364
2798,mp-866668,-1.4682670138888898
2799,mp-561018,-3.0160488033316435
2800,mp-561536,-2.7456657742576627
2801,mp-560036,-3.3447741258666674
2802,mp-850985,-2.322515072614087
2803,mp-1925,-1.5937863537499988
2804,mp-770540,-2.4135111572506176
2805,mp-975912,0.8501788037499978
2806,mp-849554,-2.427620649732929
2807,mp-15964,-0.4284814368750034
2808,mp-850221,-0.8913923975531917
2809,mp-19067,-2.31892518554054
2810,mp-505527,-0.808110990370371
2811,mp-540193,-2.5195494282318265
2812,mp-625406,-2.2340235519642855
2813,mp-780181,-1.6474007396188755
2814,mp-218,-3.86195246725
2815,mp-24733,-1.7411578655025166
2816,mp-756587,-3.390097015694445
2817,mp-3949,-0.058595948692708344
2818,mp-555234,-2.4219893729166664
2819,mp-30232,-1.6279802500000007
2820,mp-12666,-0.06609085384615444
2821,mp-1009592,-0.010901138888887848
2822,mp-773068,-3.159846414570106
2823,mp-436,-0.728297282499998
2824,mp-976343,-0.9498263295833347
2825,mp-22284,-0.7616559130555558
2826,mp-30103,-1.128096912500001
2827,mp-30045,-0.030440754166666768
2828,mp-865211,-0.7958948091666675
2829,mp-778879,-3.034336434537037
2830,mp-560956,-3.113552211656035
2831,mp-23507,-1.0808807145833317
2832,mp-29542,-1.6878381967272766
2833,mp-38695,-1.9132416411718722
2834,mp-14241,-0.7155503406163201
2835,mp-569617,-0.7891818062337653
2836,mp-684965,-1.1447760898437522
2837,mp-21318,-0.17038937666666243
2838,mp-558209,-3.3811618935714285
2839,mp-762507,-1.958333740833334
2840,mp-778739,-1.6241502954761895
2841,mp-556004,-2.392204487361111
2842,mp-766919,-2.137914777274904
2843,mp-31083,-0.8257706516666667
2844,mp-780499,-2.417736865660918
2845,mp-3010,-3.3598385029629623
2846,mp-27365,-1.317199690156248
2847,mp-600063,-3.2553963137500017
2848,mp-1777,-0.32767289421052637
2849,mp-849718,-3.20994828040613
2850,mp-505576,-0.3530433613486836
2851,mp-39260,-3.000264717377942
2852,mp-624221,-0.4760456587499995
2853,mp-22048,-1.1197107850000012
2854,mp-686296,-3.0756807992500006
2855,mp-14410,-1.2022911987719327
2856,mp-22766,-2.3926561654761875
2857,mp-24646,-2.4951160935323164
2858,mp-1019361,-1.1835979822222267
2859,mp-558349,-3.27387844542517
2860,mp-30733,-1.0838942077777776
2861,mp-22339,-0.5246538094444415
2862,mp-4354,-0.3088356720249976
2863,mp-9127,-2.376879317777779
2864,mp-20294,-0.5648069042857092
2865,mp-626851,-1.3321703552419348
2866,mp-764727,-2.026269434444445
2867,mp-752405,-3.791786693541667
2868,mp-3667,-1.6723136198979591
2869,mp-2252,-0.8867963533333345
2870,mp-27350,-0.201802024404761
2871,mp-999054,-0.2643024660416673
2872,mp-18707,-0.5617630770833332
2873,mp-754822,-2.4629035938690467
2874,mp-14515,-1.3089108684913786
2875,mp-2530,-1.1780869244444439
2876,mp-697753,-2.6433593789464274
2877,mp-18706,-0.724851367037036
2878,mp-865464,-0.26484677812499946
2879,mp-864631,-0.4422452208333336
2880,mp-849558,-2.8798606840625
2881,mp-1989,-0.655007507083333
2882,mp-559878,-1.5597593213620695
2883,mp-17694,-3.4410954873999997
2884,mp-675941,-0.6231414148333336
2885,mp-541823,-0.9727832995237955
2886,mp-31107,-1.6346581719565227
2887,mp-23875,-0.9817561822222226
2888,mp-19921,-1.4699723370312494
2889,mp-11793,-1.4443759332812505
2890,mp-556467,-1.3771731654411763
2891,mp-13620,-0.6896447931818169
2892,mp-1903,-0.2411815400000009
2893,mp-560186,-3.3002201616666675
2894,mp-510582,-0.5989212919999993
2895,mp-19789,-0.4354099438965534
2896,mp-761341,-2.960710096805556
2897,mp-559715,-2.5708120918546356
2898,mp-33325,-2.0596971375
2899,mp-2013,-0.2722234487500046
2900,mp-766275,-1.7946244718965536
2901,mp-850305,-1.8387244225000003
2902,mp-12884,-0.7177706333333352
2903,mp-28584,-0.6850442481944464
2904,mp-554018,-3.346943954464286
2905,mp-972960,-0.7084981525000007
2906,mp-989558,-2.8510243810143683
2907,mp-972454,-0.04617201666666659
2908,mp-541956,-2.5401097066235643
2909,mp-29373,-0.3110389210416666
2910,mp-579086,-3.2056224374772735
2911,mp-696651,-3.0394394956153854
2912,mp-11311,-0.25606360000000333
2913,mp-10811,-1.218603542777094
2914,mp-19367,-2.893855338637928
2915,mp-21849,-0.9649895530000023
2916,mp-752426,-1.0373544462499997
2917,mp-772529,-2.8733236684615377
2918,mp-779305,-2.3048163226041662
2919,mp-2480,-0.27975560270833455
2920,mp-568322,-0.6096843028571429
2921,mp-7573,-0.4147109329999978
2922,mp-559119,-1.2784768133333333
2923,mp-22558,-0.5450649020833342
2924,mp-761886,-2.2647282301851854
2925,mp-29535,-1.168897723333335
2926,mp-9018,-2.4371249797108834
2927,mp-8181,-1.1670171361666675
2928,mp-779579,-1.6128322629761893
2929,mp-697742,-2.3572896772216745
2930,mp-777491,-2.5327519736199293
2931,mp-763482,-2.501775414234691
2932,mp-28513,-0.7205506644444478
2933,mp-23887,-1.4993145514130435
2934,mp-862943,-0.43969810562499845
2935,mp-781494,-2.312349553468802
2936,mp-4002,-3.6790280862962956
2937,mp-14589,-0.7572472955555567
2938,mp-972117,-2.381025315
2939,mp-12929,-2.8188078637500005
2940,mp-21295,-0.47326662499999844
2941,mp-697128,-2.2071840610992064
2942,mp-28684,-2.262417959575
2943,mp-555596,-1.5825414405666645
2944,mp-636328,-0.6494646141666713
2945,mp-567185,-0.5397963972058849
2946,mp-504588,-1.2588766395
2947,mp-36940,-0.2208484569999996
2948,mp-979985,-0.7482702000000003
2949,mp-556911,-2.5900914249999993
2950,mp-1554,-1.0100329010416687
2951,mp-4092,-2.150680372890625
2952,mp-12806,-0.12098261000000103
2953,mp-686718,-3.240215342606838
2954,mp-28501,-1.876903066392858
2955,mp-542915,-0.4338896316666663
2956,mp-2484,-0.46060433499999753
2957,mp-675137,-0.43152321055555587
2958,mp-14324,-2.0099644907705567
2959,mp-3319,-1.6407643971428567
2960,mp-1867,-0.23848323988888845
2961,mp-652494,-1.0485431796139424
2962,mp-540747,-0.39520136958333413
2963,mp-2469,-0.7738951664062483
2964,mp-776933,-2.663836964791667
2965,mp-22662,-0.8136282252777794
2966,mp-3161,-0.19126816777777775
2967,mp-1002115,-0.8564344275000018
2968,mp-766208,-3.343356402727274
2969,mp-1805,-0.29151228833333204
2970,mp-1018175,-0.6152712700000009
2971,mp-770625,-2.5971130297619047
2972,mp-673073,-2.4761289243290037
2973,mp-631431,1.0892699868750029
2974,mp-11522,-0.1858635324999982
2975,mp-16116,-1.7374980571093745
2976,mp-567780,-1.3810984478125024
2977,mp-18258,-3.6629518301190487
2978,mp-21089,-0.45092706717241526
2979,mp-567694,-1.0629320960000022
2980,mp-5915,-0.987506863666669
2981,mp-23583,-1.8073422646455946
2982,mp-557391,-2.4624030520474145
2983,mp-22602,-0.6394497387499989
2984,mp-20007,-0.25920189931034443
2985,mp-775202,-2.362304837584033
2986,mp-555194,-2.0816462827083346
2987,mp-766452,-3.8525662248000008
2988,mp-996956,-0.9910842090624996
2989,mp-977534,-0.41568866375000013
2990,mp-780288,-2.297724281666667
2991,mp-974335,0.03435010375000047
2992,mp-1008661,2.247474876249999
2993,mp-542874,-3.1915510805833334
2994,mp-753541,-2.1667789247222218
2995,mp-555211,-3.253195799791667
2996,mp-18246,-1.1864509465438857
2997,mp-977564,-0.37706008375000266
2998,mp-21562,-1.8230648976874988
2999,mp-19245,-2.7307754490862073
3000,mp-767632,-2.694719098690477
3001,mp-568237,-0.7079298269999988
3002,mp-779783,-2.3737485201221262
3003,mp-540951,-2.8093709411226335
3004,mp-30489,-0.13621607236841626
3005,mp-14207,-0.6088550874999982
3006,mp-864696,-0.14224146749999722
3007,mp-782643,-2.4804270528357977
3008,mp-699266,-1.8379698697800007
3009,mp-755391,-1.9233487985517244
3010,mp-759172,-2.270804531861111
3011,mp-867181,-0.4596356637500021
3012,mp-16969,-3.863396421979168
3013,mp-642238,-0.7489502063888867
3014,mp-9489,-3.3488600171018055
3015,mp-764502,-2.302062820072463
3016,mp-9951,-0.3240806020881245
3017,mp-778594,-2.340349007728636
3018,mp-851029,-2.341632898333333
3019,mp-740719,-1.8209165031321837
3020,mp-571540,-1.5556586130555567
3021,mp-772822,-1.4745791584444439
3022,mp-5992,-0.5747661847222219
3023,mp-21194,-0.7298105841666663
3024,mp-735530,-2.628824755267857
3025,mp-774523,-2.432997072946428
3026,mp-975596,-1.0771753287499977
3027,mp-976935,0.19722874500000032
3028,mp-571147,-0.7734388960000018
3029,mp-781753,-2.404669163406593
3030,mp-560649,-1.3161127729035713
3031,mp-5694,-2.13508399015625
3032,mp-769207,-1.9886533936488964
3033,mp-554083,-2.148398067954545
3034,mp-29561,-0.7379697391666663
3035,mp-867347,-0.35496799250000066
3036,mp-756142,-4.2130850117500005
3037,mp-29537,0.0034749224999994035
3038,mp-30625,-0.38063757666666714
3039,mp-29577,-0.8556953374425292
3040,mp-865812,-0.5175036254166727
3041,mp-19435,-1.5971998666666671
3042,mp-998786,-1.6927190636666687
3043,mp-721217,-2.3486262702912084
3044,mp-571582,-0.5771836698148177
3045,mp-40161,-3.2500183211282145
3046,mp-753766,-3.637388602236824
3047,mp-23097,-1.4264735760555556
3048,mp-1018055,-0.9288918700000011
3049,mp-1008832,-0.35946300500000206
3050,mp-972494,-0.051760571249997334
3051,mp-18344,-0.8923897741470592
3052,mp-684817,-3.1225647226600532
3053,mp-29720,-0.2080317589423079
3054,mp-29301,-1.8716099459615378
3055,mp-773884,-1.5674493118367363
3056,mp-777567,-2.7257714980555554
3057,mp-704942,-2.611828072603519
3058,mp-16821,-2.5599858901111125
3059,mp-558135,-1.545230513070175
3060,mp-770173,-2.193256119137931
3061,mp-971819,-0.5489967316666657
3062,mp-9381,-0.622619307037035
3063,mp-865919,-0.16776019208333182
3064,mp-863944,-2.8092397295833336
3065,mp-84,0.12017831000000001
3066,mp-23046,-2.9965288450000003
3067,mp-933,-1.8181175462500008
3068,mp-776093,-1.8886558909310325
3069,mp-10816,-0.890194894375
3070,mp-780855,-1.4528381029166677
3071,mp-555507,-4.086739320131579
3072,mp-4959,-2.588583703571428
3073,mp-19092,-1.9183046841666662
3074,mp-755760,-2.093222128273809
3075,mp-13,0.0
3076,mp-768665,-2.394983023518518
3077,mp-707491,-1.4956005179999992
3078,mp-706631,-2.5298607258548853
3079,mp-772273,-1.8515249010314578
3080,mp-1018656,-1.0145797981250004
3081,mp-862761,-0.6096350629166665
3082,mp-639154,-0.08944752224138107
3083,mp-768368,-1.4168959677142854
3084,mp-865461,-0.2818618816666669
3085,mp-999200,0.116633199999999
3086,mp-774465,-1.9941205205220298
3087,mp-558332,-1.368802641625
3088,mp-21171,-0.23019723135775827
3089,mp-23956,-0.3358669620714281
3090,mp-8392,-0.8633582757142843
3091,mp-770426,-0.9650729356249999
3092,mp-779893,-2.8224980931190458
3093,mp-781767,-1.5081770619999995
3094,mp-631468,1.2909383233333338
3095,mp-23963,-0.8971710532500005
3096,mp-974341,0.045083864999998724
3097,mp-20575,-0.841868851999999
3098,mp-569098,-0.5954277651847286
3099,mp-8263,-2.2572514841678992
3100,mp-27184,-2.4587422901801794
3101,mp-694952,-2.301588621916667
3102,mp-698576,-2.4337888755000003
3103,mp-646102,-1.4724638452499992
3104,mp-24674,-2.4226026760150376
3105,mp-770707,-2.488819323333333
3106,mp-30587,-0.10344702527777667
3107,mp-11904,-2.742124424333332
3108,mp-7024,-0.4122985929999999
3109,mp-686705,-2.2203700704999996
3110,mp-13265,-0.5448585794444385
3111,mp-31380,-0.8843563675000006
3112,mp-772434,-2.1782411714814813
3113,mp-11526,-0.3383141900000008
3114,mp-771303,-2.49773327134419
3115,mp-754892,-1.4299567055000004
3116,mp-7748,-2.864141727844827
3117,mp-723002,-0.716890268731884
3118,mp-601817,-0.024672684910714997
3119,mp-636232,-0.6333426766666692
3120,mp-30094,-0.17720506725000007
3121,mp-669421,-2.5198258797619055
3122,mp-770023,0.08231893853333076
3123,mp-24761,-2.5522231351468254
3124,mp-555850,-3.2722800463888917
3125,mp-19048,-2.7291284775000015
3126,mp-559243,-3.3418517372820506
3127,mp-27258,-0.16322673278571073
3128,mp-685300,-0.8577417551945398
3129,mp-694942,-2.73221805017433
3130,mp-20870,-0.9471411820000014
3131,mp-14638,-3.089520904083334
3132,mp-2186,-1.3150603206250011
3133,mp-769261,-1.9846988189922707
3134,mp-625824,-1.3654583081481486
3135,mp-4035,-2.3544667574999942
3136,mp-752438,-1.5455443031428582
3137,mp-780398,-1.734892595266544
3138,mp-772082,-1.8330968428571432
3139,mp-707874,-0.5077762272685189
3140,mp-867164,-0.5168827881250024
3141,mp-690516,-2.0861856350000005
3142,mp-10056,-0.42919855472222207
3143,mp-11495,-0.46846053833333556
3144,mp-978498,-0.2366135212499998
3145,mp-863358,-3.3793378245603445
3146,mp-861985,-0.9427768949999971
3147,mp-671510,-0.5198663606250005
3148,mp-673145,-1.9454302248630952
3149,mp-274,-0.36048569333333247
3150,mp-505249,-1.0232230888571408
3151,mp-410,-1.2127867650000042
3152,mp-653697,-0.47653113063333163
3153,mp-4957,-3.157008141
3154,mp-768536,-2.146985310923646
3155,mp-866658,-0.6445693264516134
3156,mp-760513,-3.892252445555556
3157,mp-23850,-0.44465465476293087
3158,mp-9117,-2.240519861410257
3159,mp-560589,-1.6618230959374998
3160,mp-703595,-0.7719902780487798
3161,mp-18774,-2.5015902723331824
3162,mp-768074,-2.6602489559074076
3163,mp-776731,-2.2944296799393706
3164,mp-865736,-0.7594079274999999
3165,mp-775925,-0.8047395917401952
3166,mp-18820,-2.3926769262499996
3167,mp-644504,-0.10148990729166574
3168,mp-626293,-1.3773532898148146
3169,mp-865031,-0.4542519903333336
3170,mp-622565,-0.15299160187499616
3171,mp-603609,-1.2618231172368424
3172,mp-777664,-2.852659445238095
3173,mp-1294,-0.14596481000000003
3174,mp-1019611,-2.872368412680547
3175,mp-757671,-2.8624680217797627
3176,mp-769050,-1.3987729473611097
3177,mp-30437,-0.8061516041666644
3178,mp-761910,-2.4025417338461534
3179,mp-22744,-0.7463913740198426
3180,mp-545359,-1.3349603116681035
3181,mp-510560,-4.304972757083333
3182,mp-674506,-2.932111338899999
3183,mp-540619,-1.0024792445357105
3184,mp-19873,-0.8273873438888835
3185,mp-767798,-1.4918817540259743
3186,mp-5977,-3.8423564404545427
3187,mp-554885,-2.6801982606818187
3188,mp-675680,-2.240895431666667
3189,mp-607225,-0.14595642842364498
3190,mp-28947,-1.5860162529849169
3191,mp-850750,-2.4015609633761903
3192,mp-1579,-0.1939256933333328
3193,mp-2142,-0.15907392166667003
3194,mp-558489,-3.915013209347825
3195,mp-19299,-2.6201185768333333
3196,mp-29251,-1.3400194552631575
3197,mp-720825,-1.877897946002015
3198,mp-38099,-1.5594736357142858
3199,mp-790064,-2.5114855724404745
3200,mp-758855,-2.3986168295833337
3201,mp-771061,-2.186021626013957
3202,mp-12802,-0.20196853000000026
3203,mp-22416,-3.5915734946666675
3204,mp-775256,-2.6918004576910732
3205,mp-31169,-0.3283480037499995
3206,mp-707940,-2.0047982856896556
3207,mp-684508,-2.379534400403438
3208,mp-7505,-0.5163213717571417
3209,mp-982880,0.04244225687499892
3210,mp-277,-1.8523831939285722
3211,mp-676168,-0.04019273183332264
3212,mp-971951,-0.49139677500000545
3213,mp-775823,-2.1884569159999985
3214,mp-776016,-1.2134567327499994
3215,mp-34337,-0.7006324683333336
3216,mp-983426,-0.2070955231250018
3217,mp-1595,-3.0266677264285726
3218,mp-20648,-0.539233050833334
3219,mp-861644,-0.8375533199999978
3220,mp-684815,-3.4649673231034503
3221,mp-616218,-0.6918262328787873
3222,mp-21505,-0.5010530149999997
3223,mp-5447,-3.134779229090907
3224,mp-543052,-1.0015026675000023
3225,mp-31207,-0.7329385233333343
3226,mp-12505,-0.5783277172222228
3227,mp-31102,-3.3440882593181813
3228,mp-762067,-2.6552164147619046
3229,mp-768954,-2.864746119250001
3230,mp-4578,-1.6848467614285698
3231,mp-560450,-2.1813989786666657
3232,mp-9195,-2.1200223230859376
3233,mp-18388,-0.4101904641176475
3234,mp-567290,-1.5589625843749992
3235,mp-977362,-0.6160169893749989
3236,mp-21379,-0.80019506777778
3237,mp-18929,-2.6937022125925916
3238,mp-981376,-2.2706785369999993
3239,mp-11660,-1.9047627092857138
3240,mp-21520,-3.0587822934695463
3241,mp-24712,-1.564490646217533
3242,mp-10847,-0.3084356796874985
3243,mp-780075,-2.3891413987500014
3244,mp-541010,-0.6016571304365073
3245,mp-559521,-0.8421946270833325
3246,mp-862906,-0.30589877437500057
3247,mp-14005,-1.5770947878749997
3248,mp-568419,-0.32141599833333184
3249,mp-29662,-0.5126263132812454
3250,mp-17114,-2.97475702772727
3251,mp-567156,-0.45253437969696947
3252,mp-569803,-0.3207388524999999
3253,mp-998985,-0.47585178333333644
3254,mp-51,0.0016723733333336988
3255,mp-11388,-0.4563353300000017
3256,mp-690733,-1.5377392371428573
3257,mp-764465,-2.2735051567424236
3258,mp-697305,-3.0001224841022456
3259,mp-3886,-0.7529604862500019
3260,mp-972327,-0.5311077474999983
3261,mp-29629,-0.147852862232142
3262,mp-557233,-3.2767013713888677
3263,mp-641314,-0.8542756203571409
3264,mp-355,-0.7667472249999984
3265,mp-32616,-0.7970522076875
3266,mp-14260,-2.3041166184353736
3267,mp-769504,-2.0766436745751222
3268,mp-29458,-1.7780622644642865
3269,mp-571135,-1.679719660520833
3270,mp-21201,-0.8062491424999981
3271,mp-4860,-3.0591071542857153
3272,mp-27310,-2.771431959736308
3273,mp-981211,0.09933025375000071
3274,mp-565711,-2.507311037278911
3275,mp-7497,-0.6298689999999993
3276,mp-26,0.0
3277,mp-973539,-0.42866265041666374
3278,mp-8676,-0.4536178896666684
3279,mp-560068,-1.3770575122359912
3280,mp-695396,-2.9857425598735636
3281,mp-773242,-2.2690818673333326
3282,mp-863656,-0.4886025706250017
3283,mp-763243,-1.82075326888889
3284,mp-680400,-1.1903926735260413
3285,mp-780097,-2.165499038333333
3286,mp-1009695,-0.19184305208333421
3287,mp-752395,-2.143403017894088
3288,mp-3539,-0.3336815393750001
3289,mp-764661,-1.3720344610000013
3290,mp-29289,-1.2285456023611054
3291,mp-26725,-2.4353030218537413
3292,mp-1018101,-0.15542592999999805
3293,mp-756654,-2.116874485
3294,mp-622602,-1.917377008764368
3295,mp-28982,-1.3319081972222193
3296,mp-865877,-0.7411143114583325
3297,mp-561920,-2.126198402264367
3298,mp-21006,-0.785322481
3299,mp-22787,-0.35657968833333226
3300,mp-776667,-1.6381975649999996
3301,mp-11194,-0.32420300208333447
3302,mp-865284,-0.2528325275000034
3303,mp-757102,-2.365510500357143
3304,mp-632693,-0.6499817909090873
3305,mp-638424,-1.803163485769232
3306,mp-770504,-2.2303592885823766
3307,mp-13972,-3.3267442824687508
3308,mp-676851,-1.3927641834500002
3309,mp-11295,-0.243690109166665
3310,mp-21527,-3.1424157632053293
3311,mp-15520,-2.928356961911765
3312,mp-780342,-3.7716163818181823
3313,mp-631564,0.6940951314583335
3314,mp-756888,-3.5578460950000013
3315,mp-866640,-0.39524678537037045
3316,mp-1174,-0.025009859999999495
3317,mp-23516,-0.660020283
3318,mp-555251,-3.255319074166666
3319,mp-621131,0.11080614458333393
3320,mp-558625,-3.263935958273809
3321,mp-2206,-0.2453091638888895
3322,mp-31005,-2.368701328791208
3323,mp-755393,-1.839677740714286
3324,mp-510349,-0.4515596728333321
3325,mp-555131,-1.896073517413794
3326,mp-767539,-1.0940197544444443
3327,mp-12448,-2.8429345188333337
3328,mp-770632,-2.180159844375
3329,mp-27786,-1.1078344071875001
3330,mp-775290,-2.125860550476191
3331,mp-20608,-0.4890193166666658
3332,mp-756755,-2.5807385061403507
3333,mp-5788,-3.287362495775843
3334,mp-977117,-1.5835671506091955
3335,mp-30294,-1.6008423487499985
3336,mp-972591,-0.053697312931034434
3337,mp-8439,-0.8593428873076903
3338,mp-6566,-1.9284332296018065
3339,mp-669364,-1.236948106533252
3340,mp-865840,-0.8466084554166677
3341,mp-4283,-1.1098696500000003
3342,mp-23751,-0.3180755966810357
3343,mp-21459,-0.5585517876562491
3344,mp-755464,-3.0242675766666665
3345,mp-10892,-0.6365393826436782
3346,mp-555268,-2.4841675295416663
3347,mp-19488,-2.512320745948277
3348,mp-1008530,-0.3942140649999999
3349,mp-864796,-0.45969671500000686
3350,mp-758453,-1.6515391823029566
3351,mp-23553,-1.8393026121875007
3352,mp-27798,-0.08526796329861162
3353,mp-1009130,-0.3115266166163799
3354,mp-67,0.0
3355,mp-669594,-0.5252252501041639
3356,mp-867896,-0.2553761687499998
3357,mp-716723,-2.4704152125
3358,mp-779763,-3.7855602986363635
3359,mp-849583,-2.9212082038888902
3360,mp-695843,-0.8663963950735298
3361,mp-570593,-0.5269207643663201
3362,mp-16742,-2.077695108333333
3363,mp-570645,-1.4016584133333347
3364,mp-780282,-2.376219543809524
3365,mp-7438,-0.5108005562499992
3366,mp-541339,-1.5191824385156254
3367,mp-4663,-0.8627220469999998
3368,mp-756344,-2.6944413614814815
3369,mp-33332,-1.4869248114285714
3370,mp-722780,-2.4284191554255954
3371,mp-11831,-0.5170215333333346
3372,mp-27278,-1.6609300888492067
3373,mp-21367,-0.660547583333333
3374,mp-559065,-1.016346651781611
3375,mp-464,-1.9614646920312495
3376,mp-697683,-0.8623396669387751
3377,mp-29499,-0.4263317822023812
3378,mp-775938,-3.495808560833333
3379,mp-555967,-1.029708269350339
3380,mp-1006059,-0.03246405875000136
3381,mp-29279,-1.0347295149999998
3382,mp-42264,-1.4715585382639254
3383,mp-2740,-0.10321151166666691
3384,mp-27454,-0.25745816291666657
3385,mp-16932,-0.061865569473683844
3386,mp-574122,-0.2103811449999995
3387,mp-3523,-3.650157833571427
3388,mp-754857,-2.405872076363636
3389,mp-757100,-0.955331842083333
3390,mp-10417,-1.8814564380624992
3391,mp-21375,-0.3538917074999996
3392,mp-556819,-1.7771498371929833
3393,mp-676449,-2.7919426981465527
3394,mp-13954,-3.04578065222222
3395,mp-707334,-2.395395972265977
3396,mp-998749,-2.2148692024499996
3397,mp-557359,-2.513358363408488
3398,mp-15805,-0.4505751194396538
3399,mp-361,-0.6445054383333334
3400,mp-756054,-2.0816331210000003
3401,mp-8217,-3.0518748593678127
3402,mp-18784,-3.209243283611112
3403,mp-8511,-2.9191402416071432
3404,mp-38284,-3.788480477272726
3405,mp-768291,-1.5250355297222227
3406,mp-27017,-2.4646886989965986
3407,mp-773910,-3.3684277084374994
3408,mp-617247,-1.7532713829642859
3409,mp-772856,-0.7355182456250011
3410,mp-12627,-1.3868600864285727
3411,mp-1004525,-0.24101712923076946
3412,mp-504348,-2.3448038720918367
3413,mp-22268,-1.1212931323809496
3414,mp-28232,-3.4225441520833346
3415,mp-17569,-2.914182676944445
3416,mp-780137,-2.469464965364817
3417,mp-22880,-0.7966675133333343
3418,mp-559264,-1.3249956314285722
3419,mp-1020010,-0.5937141645075741
3420,mp-757303,-2.6217589376363644
3421,mp-1019094,-0.8218377322222233
3422,mp-556020,-3.4791585471666644
3423,mp-733604,-0.46198349049999954
3424,mp-707337,-0.25104727330357185
3425,mp-556995,-3.773280861666664
3426,mp-767710,-2.598236944246032
3427,mp-1013586,-0.6829273324285715
3428,mp-4906,-1.6421244505833321
3429,mp-644143,-0.7760730412499983
3430,mp-22344,-0.16549729350000178
3431,mp-22731,-0.24933087744252802
3432,mp-997030,-1.871892160416666
3433,mp-757457,-3.244713615
3434,mp-540862,-4.0412615685
3435,mp-675585,-1.155155292895833
3436,mp-4093,-1.8668385945604398
3437,mp-560058,-2.6739523426457725
3438,mp-17850,-2.9537472777607747
3439,mp-13055,-3.5066615782333344
3440,mp-30885,-0.3328432208333325
3441,mp-295,-1.7986194837499987
3442,mp-866662,-3.3110585740416667
3443,mp-560478,-3.588372896250001
3444,mp-13898,-2.996247198735633
3445,mp-754730,-1.8345139354166673
3446,mp-16695,-2.595199219273809
3447,mp-28630,-0.6793939791666664
3448,mp-626094,-2.017718666964286
3449,mp-770932,-2.101960166666666
3450,mp-29342,-2.2729247578061225
3451,mp-5399,-0.6463438553333318
3452,mp-984756,-1.320384183931035
3453,mp-27987,-1.3262467791666663
3454,mp-558270,-0.2951985324166666
3455,mp-558572,-3.5828631730842866
3456,mp-630875,-0.6128993983333417
3457,mp-540530,-2.508613935538847
3458,mp-7376,-0.6018834928571449
3459,mp-4626,-2.686548403500005
3460,mp-675545,-2.6273520430370385
3461,mp-758179,-1.8424327391220237
3462,mp-849538,-2.209420888199234
3463,mp-29887,-0.9858763947916671
3464,mp-540636,-2.6498026866666664
3465,mp-976368,-0.8044286747222221
3466,mp-755165,-3.932606217
3467,mp-974933,1.2047173593749996
3468,mp-775201,-2.259469276995799
3469,mp-778715,-2.9254804217744255
3470,mp-554648,-0.5147132127777768
3471,mp-1018148,-0.8795857516666672
3472,mp-756131,-1.9121532433333333
3473,mp-28170,-0.32596320381944466
3474,mp-541853,-0.2574450670689714
3475,mp-560086,-1.5577413421052635
3476,mp-1017511,0.27022528750000063
3477,mp-12382,-0.8244866349999995
3478,mp-631535,0.8665872387500002
3479,mp-21540,-3.3539575491666667
3480,mp-561216,-1.6023685334999995
3481,mp-978596,-1.7419438183333336
3482,mp-1014111,0.6202391299999999
3483,mp-973443,-0.4030460243749996
3484,mp-977445,-0.47838634124999935
3485,mp-976587,-0.7033304180941555
3486,mp-541193,-0.5082979179166731
3487,mp-1018720,-0.7784115266666684
3488,mp-754840,-2.5654204116388883
3489,mp-131,0.0
3490,mp-20451,-1.1178960872222268
3491,mp-557109,-2.61009372454844
3492,mp-11826,-0.36633101000000085
3493,mp-570595,-0.6132902653333332
3494,mp-542881,-0.44612153636363544
3495,mp-559918,-1.4159273720238101
3496,mp-23093,-2.7851759777500007
3497,mp-560611,-1.59056209953126
3498,mp-19156,-2.482170176086207
3499,mp-28006,-0.404767493571429
3500,mp-998308,-1.9267409939310347
3501,mp-540645,-0.6269530253571458
3502,mp-2694,-0.544782338333332
3503,mp-768451,-1.4624239842647053
3504,mp-553432,-3.358393413055555
3505,mp-562613,-2.398106894540817
3506,mp-31436,-0.7730992097916669
3507,mp-556524,-2.456659464090909
3508,mp-1016884,-2.579209944
3509,mp-753108,-3.7521962881770854
3510,mp-541595,-0.06240733970238515
3511,mp-642821,-0.4410176094444438
3512,mp-699375,-1.4402885523148152
3513,mp-4960,-0.4202501296296298
3514,mp-7575,-0.4234695334722218
3515,mp-626620,-1.5125440812499995
3516,mp-753445,-1.9717269899999992
3517,mp-558016,-2.8849519153125
3518,mp-557989,-1.9720473638295446
3519,mp-541164,-1.1257224647413815
3520,mp-24112,-1.6299994670967737
3521,mp-5850,-0.8918884712499979
3522,mp-2323,-0.10024430750000057
3523,mp-571608,-0.24941444799999885
3524,mp-4212,-0.5794290863690483
3525,mp-645172,-0.7028021477810699
3526,mp-797,-0.9265313987500008
3527,mp-12383,-1.4792766970000002
3528,mp-767568,-2.3762547240427385
3529,mp-24277,-2.4525885896491597
3530,mp-16992,-0.45348791052083
3531,mp-570227,-1.8314231581944445
3532,mp-557845,-1.9910424135153253
3533,mp-3668,-0.15083163273809497
3534,mp-758836,-2.9896512555555557
3535,mp-861654,-0.8259064604166646
3536,mp-770830,-2.798783189499999
3537,mp-561241,-2.843933375217391
3538,mp-983123,-0.5695663937499962
3539,mp-36864,-2.977037725833334
3540,mp-12987,-0.4962341822222211
3541,mp-20249,-0.633445749191298
3542,mp-12557,-0.9286288908333328
3543,mp-777904,-3.034193229761906
3544,mp-13190,-3.0661400459749997
3545,mp-850934,-1.3954131422222222
3546,mp-567871,-0.6232783687499968
3547,mp-541175,-1.3572567427500069
3548,mp-26267,-2.4603519484335847
3549,mp-865599,-0.9258572508333316
3550,mp-1358,-0.8244604622222175
3551,mp-19194,-2.908108217019705
3552,mp-781622,-2.2660013148809526
3553,mp-4385,-1.7549635269999997
3554,mp-672376,-1.0637062791666676
3555,mp-19906,-0.5022126568333363
3556,mp-684804,-1.6447668042307693
3557,mp-1019100,-0.5730016883333325
3558,mp-768081,-2.23946764186679
3559,mp-1013953,-2.033778094294218
3560,mp-6800,-2.3026884347261896
3561,mp-41057,-2.2653514965000006
3562,mp-15521,-0.3942126338888888
3563,mp-735531,-1.1298964486666663
3564,mp-560560,-2.5356085155000017
3565,mp-31677,-2.4244326476256597
3566,mp-5795,-0.9967938875000002
3567,mp-21460,-0.558999433333331
3568,mp-17718,-2.617462862212883
3569,mp-24240,-0.45446650041964176
3570,mp-11118,-1.582029620558848
3571,mp-997023,-0.29511368124999926
3572,mp-8851,-2.648014421753247
3573,mp-778021,-2.1782612928122282
3574,mp-30612,-0.647701149999999
3575,mp-553961,-3.4662618066666675
3576,mp-865810,-0.4459874016666667
3577,mp-2317,-0.2817098875000011
3578,mp-982388,-0.04286506625000097
3579,mp-707219,-2.4080262165571282
3580,mp-12670,-3.5927844434999976
3581,mp-557917,-1.9540299754166668
3582,mp-5921,-0.4667821468333351
3583,mp-779228,-1.4175620477847437
3584,mp-13287,-2.0253173529166664
3585,mp-560378,-3.5949610109206356
3586,mp-764452,-2.4044224926666677
3587,mp-27420,-2.479091758922414
3588,mp-485,-0.458455523749997
3589,mp-572794,-1.2168588747402602
3590,mp-31468,-0.7978766309722225
3591,mp-686540,-3.0735428263013143
3592,mp-862787,-0.8639210584375008
3593,mp-863731,-1.0589316651666671
3594,mp-561197,-3.5696201670555574
3595,mp-971922,-0.4384645062499999
3596,mp-5984,-0.571063631296296
3597,mp-777623,-1.9785432903288638
3598,mp-979274,0.3672246699999988
3599,mp-542297,-2.727015809722224
3600,mp-976273,-0.7658539860000075
3601,mp-770403,-2.6277697241553297
3602,mp-999355,-0.8636485668749998
3603,mp-769268,-3.393430841644445
3604,mp-541686,-1.3222657638214288
3605,mp-31058,-1.2093286257499982
3606,mp-541353,-0.9956153549431793
3607,mp-24164,-1.1707946651988634
3608,mp-2606,-0.3390985766666634
3609,mp-4982,-0.7348071148333346
3610,mp-980061,-0.6412156093750063
3611,mp-982981,0.3718928388362066
3612,mp-10616,-0.939694690277778
3613,mp-8456,-1.1557683524999998
3614,mp-865402,-0.5154702644444455
3615,mp-774182,-2.625688556139456
3616,mp-27162,-0.1194411512500011
3617,mp-770898,-2.946630920000002
3618,mp-996965,-1.1049527741666667
3619,mp-4586,-0.9251746466666662
3620,mp-20712,-0.8080123675000017
3621,mp-541013,-1.0311894256666647
3622,mp-976969,0.036780824166667024
3623,mp-755954,-1.940530818888889
3624,mp-772410,-2.2066452089394057
3625,mp-458,-3.3034396343333343
3626,mp-554699,-1.9292281529999977
3627,mp-568446,-0.8151093176851892
3628,mp-569662,-0.6934281017499992
3629,mp-16646,-0.5655288647222202
3630,mp-27321,-0.7928564603761753
3631,mp-558928,-0.3712750888888892
3632,mp-974492,-0.0015839231249969998
3633,mp-1288,-0.39539135520833213
3634,mp-759798,-2.3048851260227283
3635,mp-19810,-0.5926384189166685
3636,mp-23819,-2.019754627921428
3637,mp-17189,-2.949903627216836
3638,mp-541289,-2.382647370687501
3639,mp-971751,-0.4316565775000001
3640,mp-752949,-2.180617778333335
3641,mp-495,-0.5136466041666665
3642,mp-5167,-0.699670193
3643,mp-30100,-0.622424615405093
3644,mp-24359,-1.6889245210156245
3645,mp-555934,-2.99788726
3646,mp-980006,-0.07022839125000502
3647,mp-23144,-0.7271068850208344
3648,mp-1557,-0.3921716604166665
3649,mp-1781,-0.14326404916666982
3650,mp-592,-0.8397397358333336
3651,mp-17984,-0.33424265649305485
3652,mp-776056,-2.4040186256013953
3653,mp-850875,-2.2665328908333335
3654,mp-19230,-2.0457933173663796
3655,mp-6651,-3.4795655039743587
3656,mp-766596,-3.2986736116203708
3657,mp-976578,-0.6655914338541654
3658,mp-771912,-2.079547901882716
3659,mp-998352,-2.111422738499999
3660,mp-23918,-0.20913664814655183
3661,mp-780488,-2.0308923982705025
3662,mp-37386,-2.395920842142857
3663,mp-559773,-2.8726655382657214
3664,mp-779311,-2.2780781787500004
3665,mp-973992,-0.240991323749995
3666,mp-675271,-1.220164251594828
3667,mp-677028,-2.5352156245
3668,mp-1020118,-3.2125511478750006
3669,mp-771055,-3.5468716999999996
3670,mp-561549,-3.1457936325800007
3671,mp-1384,-0.30442587416666694
3672,mp-778824,-2.298027052666666
3673,mp-4207,-0.4407220549999975
3674,mp-28488,-1.7253967706249993
3675,mp-559764,-3.557609714107142
3676,mp-756638,-2.212486449166667
3677,mp-31215,-1.537480792083333
3678,mp-17193,-1.7076779870000014
3679,mp-9539,-3.8856199525000004
3680,mp-979919,-1.8058272893333331
3681,mp-559771,-3.2366197095588225
3682,mp-865866,-0.9626634954166704
3683,mp-565679,-0.9532224896691204
3684,mp-15438,-2.4791718994419645
3685,mp-11106,-1.0650814683333323
3686,mp-556433,-0.4549649497222248
3687,mp-19234,-3.3539148659999993
3688,mp-27164,-0.36438044171428413
3689,mp-769333,-3.44902702831111
3690,mp-13718,-2.2894900235153934
3691,mp-20308,-0.8622462099999998
3692,mp-21496,-3.1673029602380955
3693,mp-997095,-0.8277594062500011
3694,mp-13676,-2.058387272162699
3695,mp-557683,-2.2800949125757572
3696,mp-24398,-2.1748400228869045
3697,mp-27396,-1.0366436700000008
3698,mp-776873,-2.3200299962499997
3699,mp-769643,-1.7465027851515165
3700,mp-755790,-2.985043061999999
3701,mp-30481,-0.6005806966666682
3702,mp-29369,-2.6443456163194443
3703,mp-30584,-0.2791086583333353
3704,mp-553974,-3.299420875625
3705,mp-5193,-2.0777919164999985
3706,mp-560456,-1.1724706051893947
3707,mp-571011,-0.9757700474310385
3708,mp-22989,-1.3185838792758637
3709,mp-568545,-0.4430814711706341
3710,mp-18639,-3.6642856788636355
3711,mp-780786,-2.019794996824784
3712,mp-867160,-0.36756647666666353
3713,mp-764013,-2.2922084589215683
3714,mp-767088,-0.6851804473437495
3715,mp-1005719,0.3697015815624951
3716,mp-10289,-0.4295137490000016
3717,mp-1011696,-1.1927918180513661
3718,mp-696969,-0.6499108003571428
3719,mp-31052,-1.0249226968749998
3720,mp-541558,-0.9233692517647081
3721,mp-989595,-2.915848840132184
3722,mp-743761,-2.2855895677125844
3723,mp-29585,-0.4030098405714274
3724,mp-644431,-0.44283756565476
3725,mp-560387,-2.991625041573072
3726,mp-10895,-0.3176246139655188
3727,mp-541954,-1.991200773193277
3728,mp-555740,-3.2505266166666673
3729,mp-29440,-0.5983315423863641
3730,mp-781055,-2.3405783572222223
3731,mp-690543,-1.7463004494088676
3732,mp-29979,-0.7018207807967006
3733,mp-761869,-3.273532843115943
3734,mp-865251,-0.14133801305146676
3735,mp-16777,-2.899156918924092
3736,mp-554129,-1.1025149206944447
3737,mp-38394,-1.1324659795238088
3738,mp-763198,-2.6186464402777783
3739,mp-567705,-0.472738088055556
3740,mp-766942,-2.9403324740122128
3741,mp-972180,-0.3203722824999993
3742,mp-567485,-0.6220695137500002
3743,mp-559352,-2.1824592680689654
3744,mp-709021,-2.931290467310606
3745,mp-22618,-2.0611750685714543
3746,mp-16863,-1.2452153224553566
3747,mp-7591,0.04514922208333516
3748,mp-754999,-2.8013298985714292
3749,mp-560904,-1.3807889647500011
3750,mp-13270,-0.28114091666666735
3751,mp-625788,-2.234019956964286
3752,mp-861983,-0.3384483286494273
3753,mp-867626,-1.3680856214062516
3754,mp-569089,-1.034877172190474
3755,mp-3303,-0.5030968420000022
3756,mp-982597,0.3016377324999979
3757,mp-11742,-1.6109349251221268
3758,mp-5620,-0.4840453330555583
3759,mp-1008911,-0.28703404292145684
3760,mp-14457,-3.3199070664152304
3761,mp-766202,-2.8564224134722225
3762,mp-721312,-1.8040592547509589
3763,mp-11121,-1.5847414563921813
3764,mp-776894,-2.7088778324281613
3765,mp-781681,-2.4955876758242095
3766,mp-37167,-1.338264491971408
3767,mp-752413,-3.6698924778571427
3768,mp-975288,-3.0775452282500018
3769,mp-15179,-2.3653422278541654
3770,mp-626563,-1.3447439000000005
3771,mp-755834,-1.3498479333333329
3772,mp-628305,-1.0181253567882536
3773,mp-40374,-2.874417007485633
3774,mp-38417,-2.278637804285712
3775,mp-7638,-3.251229771277778
3776,mp-22209,-0.33774679849999956
3777,mp-27194,-0.7447498127777779
3778,mp-775811,-2.1627751201190475
3779,mp-19038,-2.6709813605555563
3780,mp-631529,1.2053574490364585
3781,mp-763317,-2.2454169341666663
3782,mp-773628,-2.364493805911329
3783,mp-973069,-0.28297289708333384
3784,mp-1827,-0.4723716520000011
3785,mp-865508,-0.3950802405952379
3786,mp-754300,-2.7849631219999997
3787,mp-560119,-2.9920473091666677
3788,mp-40251,-3.434776796733334
3789,mp-756299,-2.7600083375925926
3790,mp-19968,-0.4044633787500018
3791,mp-752695,-1.871130287777778
3792,mp-13415,-0.7222628973999974
3793,mp-756448,-1.587102582857145
3794,mp-1016851,-0.8271473795000013
3795,mp-768159,-2.25560782254329
3796,mp-19210,-1.0353325800000004
3797,mp-17704,-3.8274684203125027
3798,mp-867343,-0.1753756374999993
3799,mp-776466,-3.150557372142856
3800,mp-28716,-1.7695571775369459
3801,mp-1013710,0.6185962629999995
3802,mp-542828,-0.8295555888888878
3803,mp-674503,-2.01957203388889
3804,mp-30402,-0.24456870889285653
3805,mp-560570,-3.7374677570459767
3806,mp-755659,-2.981936420104165
3807,mp-8808,-0.848008271499998
3808,mp-636380,-1.9875210519047621
3809,mp-974856,1.5577053737499993
3810,mp-763007,-2.6267104820881224
3811,mp-754120,-3.387768535757574
3812,mp-756690,-2.1231018379166535
3813,mp-568224,-1.7022769531874986
3814,mp-1133,-1.1369394277777773
3815,mp-780098,-1.8314713683333335
3816,mp-4802,-2.686276199655174
3817,mp-12490,-1.2767332991091909
3818,mp-675244,-2.2635906644642865
3819,mp-767407,-0.914510267023809
3820,mp-23018,-1.8414490133333363
3821,mp-27336,-1.2495016444310338
3822,mp-672972,-2.4314994228021978
3823,mp-706588,-2.6545216919027093
3824,mp-8723,-2.3866107912500003
3825,mp-695308,-3.4175498320238082
3826,mp-30383,-0.47882607000000615
3827,mp-754503,-2.4348992100000006
3828,mp-675813,-4.128825371785715
3829,mp-686653,-3.2978488445296623
3830,mp-999390,0.12222914000000173
3831,mp-760217,-3.2501944375419995
3832,mp-561185,-0.7845301964540236
3833,mp-8096,-3.1672358949999997
3834,mp-850899,-2.543262786149425
3835,mp-849609,-2.425274753850575
3836,mp-561176,-2.684247803067226
3837,mp-555871,-0.892086762179802
3838,mp-6896,-0.28375722446120744
3839,mp-28719,-2.20941216272727
3840,mp-676646,-3.743253054425287
3841,mp-11372,-0.3890932612499993
3842,mp-25317,-1.5650319644444437
3843,mp-1407,-0.45499951749999923
3844,mp-510623,0.05671033062500008
3845,mp-561447,-2.8737607343549376
3846,mp-27147,-1.7252567421250002
3847,mp-5908,-1.8019252726041703
3848,mp-541601,-2.91038274736045
3849,mp-777268,-1.5747868612684732
3850,mp-504884,-0.246626640510911
3851,mp-773205,-2.4964386932886335
3852,mp-542995,-0.418410443793102
3853,mp-1556,-1.1032046777083266
3854,mp-557744,-3.1538832175682465
3855,mp-3048,-1.6318421784687474
3856,mp-570451,-0.6760085160000002
3857,mp-558772,-1.559196623392857
3858,mp-560045,-0.44210865987500014
3859,mp-571189,-1.4127169870108949
3860,mp-30219,-1.8906384553750006
3861,mp-18762,-1.4644034231896557
3862,mp-5572,-2.197887281166678
3863,mp-755141,-3.1593629353448254
3864,mp-779087,-2.4498154174090043
3865,mp-31455,-0.2765935691666641
3866,mp-24051,-1.6100123270833333
3867,mp-976365,-0.20743211062499878
3868,mp-1008755,0.12886528574074063
3869,mp-8977,-1.358631708204366
3870,mp-757817,-2.6994445721886438
3871,mp-8470,-2.950143315761494
3872,mp-556120,-1.8377964613194446
3873,mp-758953,-0.5287840899675328
3874,mp-780492,-2.228985056126598
3875,mp-6361,-3.0594066351253915
3876,mp-555076,-3.017143212625478
3877,mp-765775,-2.4580226007291666
3878,mp-973004,-0.04753609874999931
3879,mp-8672,-2.98257549
3880,mp-12524,-0.05821597088888729
3881,mp-29314,-1.5489104461666685
3882,mp-582023,-0.5231664051041681
3883,mp-5676,-0.3641176626436741
3884,mp-555077,-2.0487714966666677
3885,mp-2120,-0.3234174294444448
3886,mp-721300,-2.738492540583333
3887,mp-583740,-1.1670794139610388
3888,mp-3541,-0.7251379499999988
3889,mp-13542,-0.6019163933333355
3890,mp-760411,-1.7706846912500023
3891,mp-21497,-1.8348697915625038
3892,mp-778723,-2.386812724190614
3893,mp-776281,-2.1872077207500014
3894,mp-31412,-0.8249456638888853
3895,mp-3715,-0.1379537149999995
3896,mp-570076,-0.5124101610416676
3897,mp-762050,-2.0241659049070853
3898,mp-12174,-0.5176182102499979
3899,mp-12787,-3.270059158333334
3900,mp-8449,-2.497921002962963
3901,mp-5584,-0.8706521481730767
3902,mp-643069,-1.5860835865833334
3903,mp-22214,-2.4914545516666653
3904,mp-4276,-0.6351220208333359
3905,mp-20868,-0.0232689924999967
3906,mp-29393,-3.2368272664999993
3907,mp-772739,-1.1523977459259263
3908,mp-8226,-2.9892131300000044
3909,mp-755389,-3.181973046250002
3910,mp-1014252,-1.0178687107500024
3911,mp-29988,-1.260414578706897
3912,mp-766328,-1.4356312413821142
3913,mp-570673,-0.28342065083333284
3914,mp-1007906,-0.42906371520833275
3915,mp-8388,-2.5383665763571424
3916,mp-20378,-0.7679717808333303
3917,mp-976751,0.1453266668750004
3918,mp-581968,-0.8425832760000105
3919,mp-780200,-2.04409697204762
3920,mp-571212,-0.23067421624999795
3921,mp-19334,-2.135016239551723
3922,mp-2684,-0.784619903333334
3923,mp-560019,-2.401851138401962
3924,mp-2667,-0.3605588449999999
3925,mp-13956,-0.3363640391679065
3926,mp-677335,-2.5919077086904765
3927,mp-552802,-2.692752169062496
3928,mp-18678,-0.8172705354999976
3929,mp-934,-0.2555997633333327
3930,mp-961663,-1.0416166722222215
3931,mp-865905,-0.8764586381250012
3932,mp-777181,-2.828291664199734
3933,mp-1018076,-0.1622020637499979
3934,mp-689943,-2.064404396190477
3935,mp-510377,-0.4637381588333341
3936,mp-23568,-0.8193634001923081
3937,mp-34459,-2.3233624107142847
3938,mp-556986,-3.160746806666667
3939,mp-22626,-2.0727480000000003
3940,mp-18383,-1.470959260843749
3941,mp-755357,-2.8005706024999983
3942,mp-752706,-3.8065805550000027
3943,mp-3191,-0.648340226999997
3944,mp-862759,-0.32945275166666654
3945,mp-779257,-2.0661287643303563
3946,mp-763752,-1.367121767057472
3947,mp-1876,-0.38045513140625076
3948,mp-542772,-1.5192040140804601
3949,mp-1013712,-0.2644589809285705
3950,mp-31140,-0.27775866166666735
3951,mp-676306,-1.3360615115909076
3952,mp-764888,-2.2963104535507237
3953,mp-18919,-0.81094781
3954,mp-772060,-2.1213067633333327
3955,mp-773599,-1.885443015531609
3956,mp-757388,-1.4171274743452382
3957,mp-778149,-2.8674357754813666
3958,mp-760361,-0.4261179089999999
3959,mp-10302,-2.7803704155000006
3960,mp-973114,-0.4056082404166643
3961,mp-768149,-2.9952347806666677
3962,mp-975528,-0.35454964645833265
3963,mp-24412,-0.3440702700000003
3964,mp-879,-1.8453096495238082
3965,mp-625548,-1.3123716294999987
3966,mp-570351,-0.3252517524999992
3967,mp-850935,-1.4289389729166668
3968,mp-601322,-0.6449993888461543
3969,mp-776,-0.3060015175000004
3970,mp-973896,0.4318389787500001
3971,mp-20727,-1.9003055799999982
3972,mp-30738,-0.2201415066666641
3973,mp-3501,-0.2958978857142855
3974,mp-561166,-2.5685502393965507
3975,mp-888,-1.2745101029166672
3976,mp-753803,-1.9373225688620697
3977,mp-225,-0.30748914138888966
3978,mp-30387,-0.6508338190000018
3979,mp-569531,-1.5330883300000018
3980,mp-19006,-1.979201203965518
3981,mp-20941,-0.3025366387499986
3982,mp-1018025,-2.7088829570833317
3983,mp-542138,-0.5080494668749997
3984,mp-768301,-3.2867516867777766
3985,mp-768231,-2.8476985753125
3986,mp-753318,-3.4640023881666657
3987,mp-779404,-2.0723980584999993
3988,mp-7129,-1.2763960803703713
3989,mp-2319,-0.6073711853174615
3990,mp-27140,-1.9721775643823534
3991,mp-1013529,-0.11248128250000064
3992,mp-505034,-1.3198989790215534
3993,mp-21008,-0.24728016250000096
3994,mp-976772,0.1896411599999972
3995,mp-505431,-0.5508561190833335
3996,mp-675759,-3.6773051647674433
3997,mp-11750,-0.6854489058333336
3998,mp-24214,-2.134448158564286
3999,mp-978264,0.49715697874999876
4000,mp-755798,-2.8412140934999996
4001,mp-23262,-1.6417272150000037
4002,mp-705295,-2.245103732283549
4003,mp-36836,-2.4499920443333325
4004,mp-19956,-2.865998735238095
4005,mp-505772,-1.7518238102849617
4006,mp-10969,-0.02748262437499882
4007,mp-582828,-1.5722842043750012
4008,mp-600186,-1.7278009303201987
4009,mp-773514,-1.6289508352777784
4010,mp-19277,-2.070559804642857
4011,mp-27355,-2.206529123
4012,mp-558362,-2.867154420714285
4013,mp-998307,-1.2357343149310345
4014,mp-756639,-3.2584553259259255
4015,mp-772435,-2.6674668125000007
4016,mp-21108,-0.005493935714280188
4017,mp-6676,-2.8669802899999994
4018,mp-560174,-2.559930456004135
4019,mp-541081,-2.0310564996955813
4020,mp-850409,-2.2843919159999992
4021,mp-17481,-3.2403028306444486
4022,mp-29892,-1.9601458102777787
4023,mp-2895,-3.213125702857142
4024,mp-758916,-1.623353574185268
4025,mp-570870,-0.48689984321428675
4026,mp-21066,-0.7647801683024085
4027,mp-780353,-2.3030781350842244
4028,mp-19417,-2.7176715776666667
4029,mp-643276,-0.3365929447348483
4030,mp-3802,-0.6390505755416669
4031,mp-23493,-1.336918337941175
4032,mp-695316,-1.8910132726136366
4033,mp-734,-0.5792650962499977
4034,mp-7349,-0.4672511236666665
4035,mp-774,-0.11096845000000026
4036,mp-850957,-2.5128376709961686
4037,mp-28257,-1.9521808971875
4038,mp-37263,-1.7553122903571452
4039,mp-999002,-0.3295779777083334
4040,mp-752849,-2.52819351772727
4041,mp-22645,-0.8999801922222245
4042,mp-6571,-1.9701728240909084
4043,mp-504790,-0.6649650386111094
4044,mp-996960,-0.4978294429166663
4045,mp-574620,-1.6449113219477371
4046,mp-972077,0.2695101681250023
4047,mp-20336,-0.12497000374999612
4048,mp-752989,-3.353443061984128
4049,mp-1018665,-1.9162784365624965
4050,mp-30252,-0.25489657625187395
4051,mp-6704,-2.9651516888888887
4052,mp-12241,-1.0371304664285705
4053,mp-777474,-2.782089015555556
4054,mp-766336,-1.8551958347058821
4055,mp-31309,-1.1489631178385427
4056,mp-697855,-2.5594590643581783
4057,mp-674367,-1.832058724833333
4058,mp-6031,-0.902513281790124
4059,mp-972246,-0.5551524545000006
4060,mp-558466,-1.6008164161363636
4061,mp-865916,-0.4649533904166674
4062,mp-616559,-1.2544974155555542
4063,mp-17213,-1.7440038945689658
4064,mp-21509,-0.47606539805555553
4065,mp-985439,-0.8750821998809535
4066,mp-27556,-2.832048803681034
4067,mp-22690,-3.106195263958333
4068,mp-5124,-0.2664577769540202
4069,mp-28523,-1.3204149919083334
4070,mp-1018828,-2.4101434670312507
4071,mp-557691,-3.8445393063333353
4072,mp-776023,-2.508809583
4073,mp-755318,-2.9066416128125
4074,mp-989608,-1.8214406228189652
4075,mp-755585,-0.8280755112499989
4076,mp-771261,-1.6094510353160913
4077,mp-28102,-2.2355064967592586
4078,mp-571262,-0.43747289666666705
4079,mp-862777,-0.4537478500000063
4080,mp-707732,-2.053062063582433
4081,mp-720312,-2.4325824583045987
4082,mp-866140,-0.658109770208327
4083,mp-690544,-2.0642659346428576
4084,mp-557260,-2.8119615569999996
4085,mp-26952,-2.3735601196218483
4086,mp-2334,-0.2658724674999995
4087,mp-770884,-2.003946511180555
4088,mp-761540,-1.2514753066666675
4089,mp-998430,-1.153630304764365
4090,mp-554142,-1.6970890025925935
4091,mp-616564,-1.248388385277777
4092,mp-3788,-3.4642884175
4093,mp-1009206,0.1322354827586203
4094,mp-20404,-0.9019008129999975
4095,mp-29959,-0.29764898893749886
4096,mp-6929,-2.509705237272703
4097,mp-768092,-2.428187950333333
4098,mp-10191,-1.9468657982440487
4099,mp-771043,-3.8370713693181813
4100,mp-541537,-2.466005657125
4101,mp-973748,-0.19613700166666703
4102,mp-760507,-1.3847985629166655
4103,mp-976713,-2.32344434375
4104,mp-570084,-0.24691155437500237
4105,mp-971739,-0.3598968274999983
4106,mp-21011,-1.485694948214286
4107,mp-570959,-1.7692832596726196
4108,mp-554012,-1.4988192854999993
4109,mp-555462,-2.0224499648214294
4110,mp-560717,-1.062745886666667
4111,mp-558696,-1.2387397263333333
4112,mp-582406,-0.39763798318181837
4113,mp-30443,-0.27794520487500024
4114,mp-773079,-1.689043346129033
4115,mp-1018043,-0.07175955833333347
4116,mp-862932,-0.21802279249999756
4117,mp-569385,-0.6342360204166653
4118,mp-23985,-1.0723265040555552
4119,mp-1002222,0.9711865358333327
4120,mp-505525,-0.19620525535714353
4121,mp-778503,-2.7047992993849204
4122,mp-583800,-0.0690232870833339
4123,mp-30454,-1.1666932127777823
4124,mp-971767,0.1149379187499946
4125,mp-768877,-1.9690255138636352
4126,mp-27386,-1.045989369166671
4127,mp-1006146,-0.5371447850000024
4128,mp-560767,-2.786374037827107
4129,mp-707508,-1.0945619381603444
4130,mp-622620,-0.6682833075000053
4131,mp-19446,-3.112735602793105
4132,mp-775168,-1.9855971411042692
4133,mp-556902,-2.4980947432348497
4134,mp-1307,-0.3798733658333333
4135,mp-31298,-0.9057349983333352
4136,mp-26591,-2.7675370448478827
4137,mp-961694,-0.012492179444444437
4138,mp-29513,-1.397630332183909
4139,mp-24312,-1.4214683706034488
4140,mp-697084,-1.1202849734374993
4141,mp-5160,-2.4238108029761896
4142,mp-773513,-2.7439759438235285
4143,mp-561076,-2.3947443609999994
4144,mp-29628,-1.1419720379166671
4145,mp-568546,-1.041482054027777
4146,mp-989631,-1.1135275380000054
4147,mp-24286,-0.6368644741666666
4148,mp-15549,-3.463870031283333
4149,mp-20491,-0.2714202279166664
4150,mp-779428,-3.3454698327272725
4151,mp-698654,-2.1148636618821843
4152,mp-552857,-2.2759119127083336
4153,mp-555074,-0.4794700900000019
4154,mp-758594,-0.5212178747186132
4155,mp-861941,-0.6704483924999973
4156,mp-19816,-0.48016214499999893
4157,mp-8969,-0.47301459244047567
4158,mp-864807,-0.4307054824999996
4159,mp-754060,-1.96540869952381
4160,mp-505400,-4.092935191923076
4161,mp-774387,-3.1293557468750004
4162,mp-20899,-0.5331592515332583
4163,mp-695278,-3.3716278473333348
4164,mp-17998,-1.7927919242857098
4165,mp-11055,-0.4061828668749996
4166,mp-3733,-2.702845068452382
4167,mp-998974,-0.36153024520833377
4168,mp-30883,-0.07320986611111063
4169,mp-677056,-1.2785148299361424
4170,mp-21207,-0.41463393666666803
4171,mp-540627,-1.5052789492407401
4172,mp-698611,-1.6581430134415593
4173,mp-765543,-1.472616113137254
4174,mp-981368,-0.5616684475000002
4175,mp-560812,-3.1168321539543644
4176,mp-672248,-1.4366698377797618
4177,mp-554905,-3.1109428619230766
4178,mp-9273,-0.5525112789062518
4179,mp-722272,-0.9987791927150532
4180,mp-21793,-0.9591961605555533
4181,mp-756724,-3.4094140421212127
4182,mp-7170,-0.9654253609920621
4183,mp-777730,-2.6529766143827165
4184,mp-677039,-0.8547465072222215
4185,mp-568448,-1.393412923097701
4186,mp-773982,-2.1283165628571417
4187,mp-1006282,0.05589427675000138
4188,mp-11649,-1.6121761485000001
4189,mp-11573,-0.5186999783333341
4190,mp-31072,-0.7950038537037061
4191,mp-7610,-3.0303690320833327
4192,mp-3626,-3.654475072000001
4193,mp-13738,-2.542729353291697
4194,mp-448,0.10286146062500023
4195,mp-20268,-0.7103129894444441
4196,mp-22286,-0.8022593106410232
4197,mp-558358,-2.970921704558823
4198,mp-556841,-2.4337909545208314
4199,mp-694876,-3.4893750348189667
4200,mp-721896,-0.38504973218750127
4201,mp-7181,-3.353239764478449
4202,mp-867926,-0.6129045441666676
4203,mp-19165,-3.1028706809375013
4204,mp-11692,-0.8022187861111097
4205,mp-697283,-0.46309364225000044
4206,mp-973265,0.9782274927499994
4207,mp-1521,0.002706001000001379
4208,mp-541131,-0.5556171785714257
4209,mp-999317,0.23951953250000102
4210,mp-27407,-3.1807229608620693
4211,mp-559939,-2.9809590779761885
4212,mp-21659,-0.6520793930555553
4213,mp-16970,-2.899542786695403
4214,mp-774461,-2.382076348087753
4215,mp-30889,-2.5927989159090887
4216,mp-775990,-2.2613073489682542
4217,mp-973676,-0.37395098250000336
4218,mp-9274,-0.4619976090624993
4219,mp-558523,-1.9344897016071425
4220,mp-865307,-0.663302307500004
4221,mp-998196,-1.2007867865000008
4222,mp-757418,-3.424676279195578
4223,mp-867826,-0.44409909041666573
4224,mp-754092,-3.5394477636666672
4225,mp-554805,-2.1656874537207025
4226,mp-865080,-0.49779012784482557
4227,mp-752840,-1.6579378302729886
4228,mp-756195,-1.248875063787878
4229,mp-769578,-2.094307773179013
4230,mp-850359,-1.7784121744444452
4231,mp-984697,-3.818009987976193
4232,mp-18199,-1.5476998249791674
4233,mp-781504,-2.605195045079365
4234,mp-684446,-2.450671254783549
4235,mp-616512,-0.1295599039999999
4236,mp-580631,-2.514094751322701
4237,mp-12631,-2.3778703065
4238,mp-8578,-0.7982889609999972
4239,mp-1687,-0.5777905816666659
4240,mp-764354,-2.605525790537768
4241,mp-510529,-2.9249645055833327
4242,mp-12108,-0.5436441933333356
4243,mp-1331,-0.2928468566666673
4244,mp-779077,-2.2972074435185186
4245,mp-561256,-3.988032033833334
4246,mp-556878,-2.2252786062053573
4247,mp-4368,-0.4438037513541673
4248,mp-12793,-0.38886983374999673
4249,mp-779522,-3.133953209398497
4250,mp-776593,-3.9827987593333334
4251,mp-10455,-0.7888306588888957
4252,mp-28127,-0.6075186095089283
4253,mp-30060,-0.4517072187179477
4254,mp-569405,-0.07412543827651714
4255,mp-21536,-0.09826849821428141
4256,mp-1016836,-0.9592664469999995
4257,mp-549158,-1.4826663604166654
4258,mp-2585,-1.0670417956250002
4259,mp-23193,-2.2477488536249997
4260,mp-985443,0.03182462187499979
4261,mp-768234,-3.966440516875002
4262,mp-7895,-1.2329935612500003
4263,mp-604245,-1.5070381475
4264,mp-795,-0.16207277104166673
4265,mp-865963,-0.212278126666666
4266,mp-22003,-0.16524831906250004
4267,mp-753183,-1.9387276822916668
4268,mp-28787,-0.3348208535000026
4269,mp-6340,-3.194587714333333
4270,mp-15281,-3.28051356840909
4271,mp-31463,-0.8462108800000081
4272,mp-23947,-0.28725027474616893
4273,mp-989551,-2.5925431786666673
4274,mp-569380,-1.7938816400000028
4275,mp-23505,-1.3698556112407405
4276,mp-11360,-0.394775053750001
4277,mp-554320,-1.904524799935064
4278,mp-555259,-2.2564454992361114
4279,mp-567584,-0.5627135116666722
4280,mp-6135,-2.6720464501666656
4281,mp-27126,-1.6852106243501328
4282,mp-705676,-1.1580845914615385
4283,mp-554134,-0.39338853890625103
4284,mp-601867,-0.7639145642857146
4285,mp-631442,0.5148594237499999
4286,mp-690711,-1.920012393497025
4287,mp-35327,-0.13521286428571447
4288,mp-756817,-1.6245778019444448
4289,mp-5063,-0.6537106988888881
4290,mp-19482,-2.627190911888026
4291,mp-675195,-0.4166226589229467
4292,mp-27180,-2.3573653916666673
4293,mp-983585,0.036298491250000176
4294,mp-1020624,-2.841275167170846
4295,mp-13545,-2.770795553750001
4296,mp-3385,-0.8248441598571418
4297,mp-22570,-0.04891924833333304
4298,mp-769368,-1.5204240299999996
4299,mp-31347,-0.7305562711111091
4300,mp-560104,-2.759043833520833
4301,mp-755705,-1.859093753571429
4302,mp-637206,-1.514544332834822
4303,mp-557894,-3.2513156152083327
4304,mp-31135,0.0151680274074082
4305,mp-771853,-2.2491428980747123
4306,mp-28556,-1.4425368827339908
4307,mp-754846,-3.8128632904545445
4308,mp-36165,-1.6252489201649178
4309,mp-758435,-2.3284760330208334
4310,mp-5759,-0.10331645779411795
4311,mp-22816,-0.9703058813888875
4312,mp-775492,-2.4138911594355497
4313,mp-560404,-1.5300916307514878
4314,mp-626014,-0.9553925026041661
4315,mp-776686,-2.3721013181130948
4316,mp-767145,-2.789331305517241
4317,mp-540477,-2.603497492798375
4318,mp-642458,-0.4376942069444425
4319,mp-540789,-0.9210956183333323
4320,mp-6812,-3.0405401474132665
4321,mp-755138,-2.8730843203333314
4322,mp-555120,-2.631724604972222
4323,mp-1901,-0.9068322404597696
4324,mp-6596,-3.1545255121428575
4325,mp-645301,-2.432804767892857
4326,mp-9006,-2.601431290999998
4327,mp-730823,-1.3948802145974024
4328,mp-18677,-3.4531768689166666
4329,mp-23538,-1.5745818139499999
4330,mp-12543,-0.7616403719999993
4331,mp-752463,-1.7938909266666674
4332,mp-30442,-0.06402199741071612
4333,mp-977538,-0.6963999724999983
4334,mp-622491,-1.3604785824137902
4335,mp-762250,-0.43699036550000014
4336,mp-776141,-1.817383681547619
4337,mp-624397,-0.2741834898229676
4338,mp-542782,-0.6633992197058819
4339,mp-976598,-0.5352274958333316
4340,mp-22983,-2.0559350505555547
4341,mp-19946,-0.37696516166668204
4342,mp-697263,-2.305963577575758
4343,mp-574,-0.23479523822221773
4344,mp-24126,-2.0911952015517237
4345,mp-850876,-2.6820766515
4346,mp-704637,-2.954560287500001
4347,mp-17770,-2.920340307771848
4348,mp-17823,-0.6727081101562504
4349,mp-6964,-3.1269361682614933
4350,mp-19713,-0.37704939874999965
4351,mp-11454,-0.5318465066666676
4352,mp-557090,-1.7508430925000005
4353,mp-7243,-0.6606084395833314
4354,mp-1006352,-0.5651152660000008
4355,mp-10244,-0.5582189327272729
4356,mp-761592,-1.8662260816666674
4357,mp-12807,-2.9019306004062493
4358,mp-15123,-0.3512189455555554
4359,mp-568137,-2.280208284913794
4360,mp-866141,-0.6748571133333341
4361,mp-29828,-0.6408361253148142
4362,mp-1018140,-0.13608739749999987
4363,mp-23165,-0.6577550981249983
4364,mp-2873,-0.5803184449999984
4365,mp-23321,-2.6321991240909095
4366,mp-3079,-3.426525166208333
4367,mp-454,-0.13876810627586167
4368,mp-5012,-2.882894919444446
4369,mp-763240,-2.3296893383333344
4370,mp-19834,-0.28605080999999544
4371,mp-705854,-1.877606699589947
4372,mp-6217,-3.4720356045833327
4373,mp-23049,-1.8024409480362085
4374,mp-763365,-1.9414351915325672
4375,mp-600078,-3.2435774379629643
4376,mp-775276,-1.1266276565460531
4377,mp-606703,-1.5284702542105246
4378,mp-4511,-3.5583565615000006
4379,mp-555443,-1.9604102097857143
4380,mp-864901,-0.6836931550000012
4381,mp-17188,-0.2198079269565211
4382,mp-8680,-0.7168388816666635
4383,mp-23948,-0.28371244902777765
4384,mp-17009,-2.3881671898809542
4385,mp-18216,-3.427818641
4386,mp-27501,-2.5709735210344813
4387,mp-753957,-3.849523806923076
4388,mp-2877,-0.6278194554999998
4389,mp-31415,-3.8255799138484834
4390,mp-16981,-3.617742581666668
4391,mp-19188,-2.427450099297083
4392,mp-9956,-0.1722291462500003
4393,mp-600059,-3.259422532647059
4394,mp-28274,-3.5691101193137253
4395,mp-756194,-3.3171072604000007
4396,mp-631472,0.7441179919444446
4397,mp-17691,-0.2656677702712947
4398,mp-755378,-1.1738147728448274
4399,mp-865046,-0.8606044241666666
4400,mp-568144,-0.5358912593750027
4401,mp-998298,-2.752244161931034
4402,mp-774171,-2.592644660057471
4403,mp-510488,-1.7373279332327591
4404,mp-850402,-2.4411891874099614
4405,mp-776283,-2.0396502283333326
4406,mp-626225,-1.3510201468518528
4407,mp-554116,-2.8839720616666664
4408,mp-6076,-3.379169608472223
4409,mp-769061,-1.6423578372368433
4410,mp-722912,-0.5499298378571496
4411,mp-29531,-0.6585908918402796
4412,mp-21524,-0.6453442023611129
4413,mp-720593,-2.2754941703192153
4414,mp-27889,-1.2860594898981483
4415,mp-1016850,-1.9144298250000005
4416,mp-555121,-2.377408641309524
4417,mp-1007852,0.028938069999999705
4418,mp-757173,-1.7752960369230768
4419,mp-510503,-0.6890194359374995
4420,mp-650328,-0.6687333711666668
4421,mp-6499,-2.958859195833334
4422,mp-757084,-1.7254518739285711
4423,mp-21161,-1.0571581597222206
4424,mp-755941,-3.7812064011212105
4425,mp-675,-0.13960109833333453
4426,mp-23261,-0.7564620653571416
4427,mp-775269,-2.275262395151515
4428,mp-621960,-0.5643354877631565
4429,mp-11498,-0.016988674166668716
4430,mp-18195,-3.8398053113541675
4431,mp-13944,-1.0450837983333336
4432,mp-560833,-2.028255984999999
4433,mp-20816,-0.7376901869999998
4434,mp-721463,-2.326714632983516
4435,mp-762644,-2.510166298809525
4436,mp-770734,-2.4057846207692313
4437,mp-6109,-3.4762016504166677
4438,mp-11370,-0.5532015666666652
4439,mp-558891,-3.259668037500001
4440,mp-35663,-0.8943321171428558
4441,mp-867290,-1.5498521650000008
4442,mp-771780,-1.6857664798214285
4443,mp-556601,-2.0944111441666657
4444,mp-769211,-2.5508931962121197
4445,mp-770677,-1.8510400983333335
4446,mp-1002063,-0.39731088520833185
4447,mp-769271,-3.4249879949777786
4448,mp-2233,-0.06417755055554863
4449,mp-695965,-2.1207065234036335
4450,mp-6179,-2.3024945475833323
4451,mp-672289,-0.1925924257142871
4452,mp-983581,-0.9299678574999994
4453,mp-4725,-0.8359773114999995
4454,mp-561170,-2.678928534000001
4455,mp-1006390,-0.93145134681818
4456,mp-34210,-2.8937759842857136
4457,mp-757466,-2.6356774910256413
4458,mp-542781,-0.120511559035092
4459,mp-504613,-0.6298784223076924
4460,mp-865167,-0.4925391674999986
4461,mp-626378,-1.5759993306249995
4462,mp-22756,-1.5582758803333323
4463,mp-761512,-1.0098129172222226
4464,mp-12956,-0.5035798341596627
4465,mp-775485,-2.080539872694806
4466,mp-616185,-2.0097077025
4467,mp-866482,-0.13851051812499904
4468,mp-8921,-0.5997514267546586
4469,mp-1018697,-0.5372550300000007
4470,mp-568909,-2.294414949187192
4471,mp-571,-0.3473606516666665
4472,mp-972997,-0.28890025374999695
4473,mp-774976,-2.439370832284483
4474,mp-19456,-2.711788936428572
4475,mp-560010,-2.5226564421794864
4476,mp-18622,-1.1557943424458947
4477,mp-769485,-2.2995738883610426
4478,mp-567252,-0.5828450561328129
4479,mp-774303,-2.4807506708237543
4480,mp-5544,-0.11759277769230672
4481,mp-12765,-0.30499059000000034
4482,mp-23054,-1.5802607072758668
4483,mp-11613,-2.9573345916666667
4484,mp-699284,-0.5742408469791669
4485,mp-18583,-0.7109280435555566
4486,mp-31483,-0.25420363916666766
4487,mp-762517,-2.356162594166666
4488,mp-558415,-1.0143793395027463
4489,mp-1008632,-0.5373942466666671
4490,mp-761342,-1.6055217194047624
4491,mp-27385,-1.5440190234305582
4492,mp-13018,-0.08880178416666477
4493,mp-758004,-2.9634879728189656
4494,mp-15437,-2.697408374598214
4495,mp-12263,-2.0151054005555555
4496,mp-1009639,-1.4268663452083317
4497,mp-642844,-1.638864442125
4498,mp-693753,-3.2057067893424716
4499,mp-771295,-2.4380017984051725
4500,mp-10601,-0.4521555745000015
4501,mp-1018721,-3.968927069166663
4502,mp-866691,-0.8693988911607162
4503,mp-58,0.015213726250000725
4504,mp-765729,-1.2710895288888888
4505,mp-757587,-2.342733042083334
4506,mp-31498,-0.7489619924999991
4507,mp-1019747,-3.2045387544166664
4508,mp-770210,-3.6969840839285717
4509,mp-555173,-2.8214370435714256
4510,mp-3019,-0.44506448666666953
4511,mp-677042,-3.128607387665805
4512,mp-3647,-1.2768754327083336
4513,mp-675964,-0.5132638287962968
4514,mp-689979,-2.3657960566017304
4515,mp-557023,-3.1625646137500008
4516,mp-695214,-3.2874515795000008
4517,mp-765476,-3.966479024625
4518,mp-7841,-1.36306374919643
4519,mp-17470,-0.8162519216666672
4520,mp-673151,-1.8465051594172928
4521,mp-560794,-2.7429841320882935
4522,mp-722988,-1.4156696876861474
4523,mp-758599,-2.3030304949056624
4524,mp-7603,-3.529553975
4525,mp-3771,-3.3629366456666654
4526,mp-744001,-1.0636477927500005
4527,mp-558804,-2.6462493043462643
4528,mp-778734,-2.4781941315714286
4529,mp-505088,-0.40182648444444463
4530,mp-973793,-0.7504407872632577
4531,mp-558063,-0.78785236340625
4532,mp-554610,-4.146020411904762
4533,mp-21228,-2.142419674335937
4534,mp-864800,-0.9886688875000047
4535,mp-505598,-0.8051231720408164
4536,mp-766540,-1.5472030504629624
4537,mp-764102,-2.497077373666666
4538,mp-707958,-1.0209956855187083
4539,mp-782657,-2.335621775693988
4540,mp-20497,-0.4031571770833331
4541,mp-28874,-0.22494676023809687
4542,mp-8348,-2.6254829241666684
4543,mp-567769,-0.8152043420000012
4544,mp-12525,-2.738560688583334
4545,mp-780866,-2.5097972271527773
4546,mp-561472,-1.8887006492346958
4547,mp-698695,-2.494762093081633
4548,mp-20970,-0.3083796909434848
4549,mp-14793,-0.599896006249999
4550,mp-556708,-2.913150250854909
4551,mp-559951,-2.827292055333334
4552,mp-675430,-1.6445265865184295
4553,mp-723109,-1.1885608980405409
4554,mp-569815,-0.5617403383333345
4555,mp-674328,-0.8060035630357122
4556,mp-775439,-2.5599928258886044
4557,mp-29898,-0.40882017379629804
4558,mp-17092,-0.8716138166666698
4559,mp-650619,-0.8726955048677522
4560,mp-781712,-1.6817931085517237
4561,mp-773980,-1.1785230285555561
4562,mp-636105,-0.2220363176259945
4563,mp-12442,-1.8185166921562494
4564,mp-554737,-1.7760839609655175
4565,mp-18351,-0.9205362554894189
4566,mp-760489,-0.9322293377142856
4567,mp-976311,-0.36737927124999814
4568,mp-568450,-0.40739133517857135
4569,mp-558992,-1.6429778648039213
4570,mp-552488,-2.196142779335938
4571,mp-567771,-1.3135101953333332
4572,mp-850982,-2.100362096111111
4573,mp-570311,-0.6660048524848484
4574,mp-772771,-3.3678508392000004
4575,mp-556837,-1.086225823923611
4576,mp-30002,-1.4334638261538468
4577,mp-976182,-0.3416295020833333
4578,mp-4071,-0.5865435013636344
4579,mp-1009238,-0.030792373333336325
4580,mp-849952,-2.2283029480952385
4581,mp-2863,-0.3221847624999974
4582,mp-600024,-3.248780622083333
4583,mp-622278,-2.073954743194445
4584,mp-19796,-2.8760714015625
4585,mp-755376,-3.0313404544444458
4586,mp-677431,-2.989740895123564
4587,mp-569674,-0.7838149180000016
4588,mp-11841,-0.06319438083333129
4589,mp-540469,-2.347840150227744
4590,mp-634,-0.23582434666666666
4591,mp-1018954,-1.6794613472916637
4592,mp-760791,-2.1641060397435896
4593,mp-850251,-3.2892096332586203
4594,mp-989577,-2.645506138750002
4595,mp-3938,-1.3684150858333364
4596,mp-540332,-2.848373201113443
4597,mp-20965,-0.36718781333333556
4598,mp-662919,-1.7317541751354164
4599,mp-979945,0.23714135624999955
4600,mp-757541,-2.4540422400000015
4601,mp-4289,-0.9263301324999986
4602,mp-22255,-0.9108616893749986
4603,mp-1018679,-1.3337502900000022
4604,mp-561134,-0.5965152399999996
4605,mp-541330,-2.4787722882692305
4606,mp-30591,-0.32586152291666615
4607,mp-769870,-1.9071713858333328
4608,mp-13497,-0.01771865499999829
4609,mp-13009,-0.38410837600000036
4610,mp-1761,-0.8471208155555546
4611,mp-631389,0.7759303825000003
4612,mp-770390,-1.7304895108771932
4613,mp-973300,-0.29817492499999787
4614,mp-2970,-2.0090362322796937
4615,mp-604429,-1.6730203332261264
4616,mp-20918,-0.7369731900000005
4617,mp-4604,-0.9590333469097215
4618,mp-4439,-0.7900744283333324
4619,mp-989632,-0.591896226
4620,mp-3676,-0.12155869500000094
4621,mp-1247,-0.45282265916666614
4622,mp-260,-0.4006685562500003
4623,mp-761549,-2.562335476558175
4624,mp-554889,-0.9620553897395835
4625,mp-29206,-0.5488040782327586
4626,mp-631621,-1.8856922847500002
4627,mp-19909,-0.3472510479999983
4628,mp-617281,-0.39453985964285365
4629,mp-555528,-3.4316825319354844
4630,mp-1341,-0.2859711689999983
4631,mp-653429,-1.815585361929393
4632,mp-699437,-2.1538604217991066
4633,mp-626564,-1.363462576851852
4634,mp-972658,-0.439968133750007
4635,mp-4355,-3.6027808691666663
4636,mp-758848,-3.371850255925927
4637,mp-20987,-0.5921585825000003
4638,mp-28529,-1.5194881712833337
4639,mp-626271,-1.3625953327777776
4640,mp-1018068,-0.23806202000000098
4641,mp-10893,-0.6880260594827581
4642,mp-31502,-0.12508960374999845
4643,mp-570767,-0.43681795811111407
4644,mp-30354,-0.18631707499999947
4645,mp-780217,-1.8113065227777774
4646,mp-776435,-2.960937885666669
4647,mp-754823,-2.7413953683333343
4648,mp-556867,-3.140609015662908
4649,mp-760251,-2.349647873920361
4650,mp-11416,-0.20079970933333513
4651,mp-997003,-2.563249235
4652,mp-1018164,0.9112256662500009
4653,mp-679987,-1.2196653799285713
4654,mp-621930,-0.23129547400000472
4655,mp-864949,-0.529181723857759
4656,mp-10867,-1.2278275354365107
4657,mp-867908,-0.6793637937500012
4658,mp-771996,-1.7897026928571438
4659,mp-779689,-0.3269665875000003
4660,mp-675786,-0.6069589526086964
4661,mp-704981,-0.025948323760262935
4662,mp-7604,-2.7247529650000004
4663,mp-752798,-4.215373725555555
4664,mp-20606,-1.3566252176874998
4665,mp-780859,-2.8160802716071416
4666,mp-761495,-2.4882346561967417
4667,mp-985610,-1.4697001097557472
4668,mp-24452,-1.941634085736606
4669,mp-768071,-2.1628737264552558
4670,mp-10776,-0.8667852744999994
4671,mp-4875,-3.6930033878888877
4672,mp-861883,-0.3422987462500018
4673,mp-20083,-0.6776734888888889
4674,mp-6442,-3.2437593473958337
4675,mp-29558,-1.587302590000001
4676,mp-761825,-1.5692268884313725
4677,mp-776172,-2.055902871
4678,mp-1018100,-0.24409026249999854
4679,mp-11155,-0.47871971666666646
4680,mp-768572,-3.5086665855000008
4681,mp-833,-0.714624360000002
4682,mp-556609,-0.7747746941535703
4683,mp-764357,-2.9925911174999995
4684,mp-722397,-1.7028430559340655
4685,mp-27849,-1.4993420694444453
4686,mp-1019257,-0.5628913708333343
4687,mp-706235,-2.5540584808189655
4688,mp-559549,-3.1035668814999995
4689,mp-8860,-0.5104412006249994
4690,mp-1221,-0.33502465250000046
4691,mp-23763,-0.9421317397058824
4692,mp-17659,-0.01016705500000008
4693,mp-8566,0.0
4694,mp-673,-0.45932984833333396
4695,mp-28252,-1.9318443141666657
4696,mp-693340,-2.2100723624748886
4697,mp-759312,-1.9979176276923076
4698,mp-505546,-0.6324393144971268
4699,mp-22460,-0.36629966333333286
4700,mp-19712,-0.4530451027777727
4701,mp-559872,-3.263423301666668
4702,mp-773164,-3.110372110454546
4703,mp-30119,-2.0003329861206898
4704,mp-579779,-1.0175687695436497
4705,mp-952,-0.3972812799999967
4706,mp-17889,-2.649284270595813
4707,mp-759883,-2.2035383383333556
4708,mp-559135,-1.814907556910345
4709,mp-2572,-0.09016126666666698
4710,mp-773455,-2.259000095750001
4711,mp-768400,-1.2677817157777775
4712,mp-601846,-0.44420027727272265
4713,mp-555980,-2.687640255031746
4714,mp-3415,-0.9595751510000013
4715,mp-28511,-1.078520665621693
4716,mp-568802,-0.6767324345598211
4717,mp-570194,-0.46621278689393947
4718,mp-975064,-0.6526114370833346
4719,mp-978842,-2.1777825109999993
4720,mp-558828,-2.8775654310041943
4721,mp-27703,-1.4868695422222196
4722,mp-571184,-0.9621440485227278
4723,mp-978282,-0.11453607687500167
4724,mp-3717,-0.8880950878333322
4725,mp-775437,-2.5790097475840335
4726,mp-24805,-0.6422015465000002
4727,mp-37829,-2.131377053363095
4728,mp-14482,-3.088678538695652
4729,mp-755116,-1.519275636666668
4730,mp-759767,-2.353447345340136
4731,mp-776444,-3.0310874166584822
4732,mp-977543,-0.8231572387499959
4733,mp-4179,-3.3723316838293655
4734,mp-971944,-6.678624999967298e-05
4735,mp-979988,0.02759834124999827
4736,mp-989594,-0.210122951568966
4737,mp-675199,-2.046113204322916
4738,mp-4612,-0.4998818170833337
4739,mp-675640,-1.9113315413888903
4740,mp-6592,-1.0745180931333331
4741,mp-777804,-2.7445010249305555
4742,mp-694892,-2.8876109585862073
4743,mp-9726,-3.9183972641666673
4744,mp-27456,-2.5807169366666702
4745,mp-752475,-2.1287071205882353
4746,mp-559405,-1.3167067231250023
4747,mp-571146,-0.9482559633333336
4748,mp-979437,-0.138904952499999
4749,mp-974467,0.8074653325000005
4750,mp-556890,-3.344343857413783
4751,mp-863726,-0.7872124312499977
4752,mp-540169,-1.8754095303726717
4753,mp-762863,-2.3833649672222226
4754,mp-3177,-0.5889873174999991
4755,mp-20695,-0.3042345312500032
4756,mp-2719,-0.668548079499999
4757,mp-637436,-0.27958456777777885
4758,mp-560014,-1.7299703656249985
4759,mp-867352,-0.09063705249999998
4760,mp-579560,-1.5428482959975385
4761,mp-542200,-0.5322799706547607
4762,mp-631398,0.44871908333333366
4763,mp-30640,-0.02227314684210575
4764,mp-560740,-2.4930587012500016
4765,mp-984776,0.4611265012500012
4766,mp-767692,-3.0813393857407414
4767,mp-720912,-1.2574211813409093
4768,mp-12630,-1.8707510703906252
4769,mp-772660,-2.7474836829166662
4770,mp-978564,-0.3647204104166679
4771,mp-18932,-2.638953635833334
4772,mp-570325,-0.1364068407812482
4773,mp-768267,-3.001009271999999
4774,mp-17287,-0.3650779623333378
4775,mp-893,-0.9831583137499997
4776,mp-19385,-3.027483251919541
4777,mp-43068,-2.908767748730635
4778,mp-559129,-1.4270854213392872
4779,mp-780146,-1.6159224561111114
4780,mp-978825,0.35880356124999935
4781,mp-850397,-1.9540476407971006
4782,mp-19019,-1.739861825000002
4783,mp-19983,-0.23237526888888974
4784,mp-6813,-3.293435558798913
4785,mp-28574,-1.5689442361874981
4786,mp-561455,-1.5280570447580633
4787,mp-22125,-0.3892985997499977
4788,mp-977164,-0.5629544717187498
4789,mp-1018136,-1.1799115600000032
4790,mp-8880,-0.732814428988096
4791,mp-675822,-2.0848889656910528
4792,mp-744713,-1.8260157628808937
4793,mp-989527,-1.797488716568966
4794,mp-35651,-1.9572295249107137
4795,mp-1018087,-0.6405005124999992
4796,mp-16164,-3.71828213
4797,mp-1237,-0.39624812333333165
4798,mp-775262,-2.220151382
4799,mp-11643,-0.9733716048043827
4800,mp-18915,-2.3479514325680273
4801,mp-29901,-0.8632282035185163
4802,mp-769472,-1.8280032469841272
4803,mp-764745,-2.4151426779166663
4804,mp-556356,-3.2951850413984656
4805,mp-23958,-1.4720154843181819
4806,mp-568333,-1.5280859805
4807,mp-27318,-2.3242749942857146
4808,mp-4840,-0.5736508945312497
4809,mp-20947,-2.226688614500003
4810,mp-18065,-4.100849135500001
4811,mp-9200,-0.879719693349999
4812,mp-555435,0.08076914250000015
4813,mp-761087,-2.7482325118031605
4814,mp-7881,-0.2959449239999984
4815,mp-753673,-2.1325795016666684
4816,mp-510219,-0.09360177833333694
4817,mp-1018751,-2.0455707081249934
4818,mp-604273,-1.622687504022988
4819,mp-631368,0.8139082989583457
4820,mp-862941,-0.5857218106250004
4821,mp-976799,0.17344036671875074
4822,mp-648,-1.2692445342708336
4823,mp-780164,-1.9753538538198512
4824,mp-30404,-0.6000528383333332
4825,mp-676855,-1.4699495986309523
4826,mp-715438,-1.5348637935714282
4827,mp-31491,-0.8287769209999987
4828,mp-559807,-1.9932711192499997
4829,mp-864783,-0.7855255674999952
4830,mp-12657,-0.5144840866666675
4831,mp-23382,-1.2969378870000008
4832,mp-10039,-0.23128765722222228
4833,mp-581403,-3.369319869588906
4834,mp-3486,-0.3912804007499974
4835,mp-542569,-0.7284091325000013
4836,mp-27878,-1.7985575675985217
4837,mp-625654,-1.3518534155833337
4838,mp-771217,-1.8422132575985217
4839,mp-15066,-3.440315098690477
4840,mp-3829,-0.11699921750000009
4841,mp-1016092,-2.0258683645833333
4842,mp-18737,-2.9751331642857144
4843,mp-27716,-1.191447635194449
4844,mp-977368,-1.5015960211715995
4845,mp-3217,-2.507833255781249
4846,mp-19082,-2.9546040562528737
4847,mp-2599,-1.6327002231249992
4848,mp-38487,-1.9806555430952386
4849,mp-865415,-1.4005556362499973
4850,mp-548691,-2.5565004992500002
4851,mp-996978,-0.6980129299999991
4852,mp-5556,-0.8083393839999999
4853,mp-29761,-2.821639237142857
4854,mp-776922,-1.1305932611111114
4855,mp-772046,-2.1969268411904763
4856,mp-976330,-0.5524095066666668
4857,mp-21332,-3.2138417527083334
4858,mp-9789,-1.2369621332827379
4859,mp-756436,-1.3658911025
4860,mp-29911,-1.611382191249998
4861,mp-19308,-1.721651177333333
4862,mp-680333,-0.5642133258533645
4863,mp-568636,0.0913164519444436
4864,mp-504876,-0.5127830534574497
4865,mp-30835,-0.45240659244444714
4866,mp-1992,0.298661862031258
4867,mp-21508,-0.8997386459999973
4868,mp-773667,-0.5857131505000005
4869,mp-4978,-1.2863784517708332
4870,mp-997035,-0.8761598825000001
4871,mp-721252,-1.0539184540297617
4872,mp-6942,-1.9445848871428544
4873,mp-555646,-1.7808432261538463
4874,mp-755615,-3.0426904688888885
4875,mp-568522,-0.6854256955555569
4876,mp-763784,-2.8777384187994897
4877,mp-27917,-3.3770564064814814
4878,mp-675625,-1.41037420945
4879,mp-604153,-0.4288392216666684
4880,mp-531914,-3.2812291204320982
4881,mp-735586,-1.47068668489375
4882,mp-35889,-0.9410564782222216
4883,mp-556438,-3.011719499292146
4884,mp-542170,-0.8836924775438574
4885,mp-560605,-3.1522000238095234
4886,mp-1000,-2.003574658333334
4887,mp-769111,-2.293267796176471
4888,mp-694932,3.833676469362069
4889,mp-562569,-0.9776288366854377
4890,mp-1018685,-0.5400989466666655
4891,mp-2723,-1.2608928416666647
4892,mp-755933,-0.7460628318518508
4893,mp-11985,-0.361751663333337
4894,mp-620325,-1.8135884618939395
4895,mp-24456,-1.4224450552500003
4896,mp-698623,-1.4426395596800001
4897,mp-850225,-2.4806307467016815
4898,mp-28701,-0.44357537148437487
4899,mp-4877,0.020098730879309558
4900,mp-542298,-1.3870746944047558
4901,mp-2371,-0.29883116142857247
4902,mp-1009831,-0.5424264947083373
4903,mp-19259,-3.2960812725925925
4904,mp-778680,-2.444949979187739
4905,mp-971928,0.18702794124999933
4906,mp-975769,-0.3146350379166667
4907,mp-23245,-1.009372189166669
4908,mp-29996,-1.6607090524489803
4909,mp-775134,-2.6117285211042685
4910,mp-758374,-2.7854743953875816
4911,mp-758899,-2.4235470506818184
4912,mp-505537,-0.2325341956896562
4913,mp-752477,-1.8772967130117555
4914,mp-867879,-0.44687482812500434
4915,mp-16516,-0.6346038441666657
4916,mp-20027,-0.5353095164285703
4917,mp-776205,-2.2942619129999997
4918,mp-778102,-4.303168757857143
4919,mp-1008874,-0.21922312486590081
4920,mp-756936,-3.1386160570138895
4921,mp-31362,-2.3585453724137926
4922,mp-7786,-0.6124818376041669
4923,mp-624,-0.20918894107142855
4924,mp-555650,-2.3314955685156247
4925,mp-2474,-0.32741243250000096
4926,mp-11987,-0.3366050033333351
4927,mp-7939,-1.1840839107812489
4928,mp-761573,-2.641871363703338
4929,mp-504506,-2.07859499534721
4930,mp-2052,-1.5856766587499997
4931,mp-629082,-1.0130314014583348
4932,mp-752677,-2.3826410000000005
4933,mp-6456,-2.6146367394791667
4934,mp-676643,-1.7733440812499999
4935,mp-776213,-2.3843534872500016
4936,mp-975383,0.22479138562500012
4937,mp-13381,-0.6525053522222208
4938,mp-7692,-0.38110427100000094
4939,mp-704210,-2.3193245994047627
4940,mp-777453,-2.907398064479167
4941,mp-11170,-1.6478634321428558
4942,mp-759766,-1.59501055898718
4943,mp-555569,-0.9933775114999974
4944,mp-758289,-3.444971993293334
4945,mp-142,0.0
4946,mp-567722,-1.3467963426315783
4947,mp-559062,-2.8739160348988104
4948,mp-556481,-2.4994181341406243
4949,mp-706608,-1.9421997834047617
4950,mp-11411,-0.6774599400000003
4951,mp-18002,-2.234858861361111
4952,mp-554724,-0.38957817511904597
4953,mp-24818,-0.32417049541666676
4954,mp-557997,-2.3069270359687524
4955,mp-561179,-2.1677920900000025
4956,mp-9983,-0.8427346813708312
4957,mp-756919,-2.448505776538461
4958,mp-29104,-2.9791833144230733
4959,mp-30516,-0.523812147249999
4960,mp-559051,-2.233427010999999
4961,mp-9306,-0.7217466805000001
4962,mp-771298,-2.5288985692797623
4963,mp-7088,-0.6790556048888874
4964,mp-778460,-2.5473622838775505
4965,mp-1443,-2.706412687272727
4966,mp-41283,-3.186556689026438
4967,mp-30312,-0.7394271080000003
4968,mp-770327,-2.232215733690477
4969,mp-6721,-2.5817301612121213
4970,mp-5986,-3.490321403666664
4971,mp-18997,-2.633428733343891
4972,mp-541318,-3.0021855668246573
4973,mp-622930,-2.3051352428260863
4974,mp-3196,-3.053719460000001
4975,mp-780049,-3.4085660412222234
4976,mp-558934,-0.4736931678333375
4977,mp-29204,-1.1373370718131857
4978,mp-561481,-2.4106055500000014
4979,mp-19722,-0.6555518003663785
4980,mp-756374,-1.3772283481249952
4981,mp-867680,-1.1075561907375502
4982,mp-769550,-1.9556049729200877
4983,mp-9915,-0.5810539359920638
4984,mp-755887,-3.028526543500001
4985,mp-2463,-0.17480684388888554
4986,mp-19398,-1.6775606656944433
4987,mp-554264,-1.49501083377619
4988,mp-18532,-1.199412282579362
4989,mp-867739,-1.2831440294999994
4990,mp-554826,-3.534881557142857
4991,mp-2104,-1.1454940887500058
4992,mp-568156,-0.2908243141666584
4993,mp-706579,-1.4023399029739576
4994,mp-557807,-1.2540321606925282
4995,mp-555620,-2.9720629400607903
4996,mp-27608,-2.572461434305555
4997,mp-22449,-0.28764453728273337
4998,mp-287,-3.9632777893333326
4999,mp-865165,-0.39075806875000296
5000,mp-556761,-2.7115708227380955
5001,mp-40204,-2.9429100563916677
5002,mp-7097,-1.2156351716666667
5003,mp-626506,-1.472541665876437
5004,mp-752414,-3.8781090220833168
5005,mp-133,0.046442370000001176
5006,mp-998964,-0.4717893527083339
5007,mp-999336,-0.8156138987499997
5008,mp-973285,-0.9720623679166636
5009,mp-865191,-0.16126536374999922
5010,mp-760319,-1.7155004078846163
5011,mp-997017,-0.24256467166666607
5012,mp-27330,-2.7808863276666766
5013,mp-769542,-1.9777055431927348
5014,mp-867955,-2.651693542978059
5015,mp-537,-0.22692338666666245
5016,mp-669375,-3.727048895952381
5017,mp-3824,-0.9168304130000005
5018,mp-752983,-3.780457149166667
5019,mp-753755,-1.8212424412500017
5020,mp-1019363,-1.3573854725000036
5021,mp-769500,-2.1671256274048365
5022,mp-4618,-1.80256207176339
5023,mp-972810,-0.31123015624999795
5024,mp-28912,-1.0712479109195414
5025,mp-28075,-3.0576752862407424
5026,mp-755776,-2.245565171388888
5027,mp-554164,-2.6130137626974204
5028,mp-1006277,-0.2140041889285718
5029,mp-981933,-0.2554379974999996
5030,mp-645962,-3.159417003185186
5031,mp-540635,-2.35182028357143
5032,mp-768490,-1.858549197941177
5033,mp-772051,-2.156497160769231
5034,mp-681992,-0.37525825500000565
5035,mp-21885,-0.9885028500000033
5036,mp-568495,0.021947803461537994
5037,mp-673071,-2.5352158629960315
5038,mp-558431,-2.400873266590136
5039,mp-755137,-1.357832416666665
5040,mp-1007776,0.20813198867856997
5041,mp-629443,-1.473810968333333
5042,mp-23414,-2.292971107272715
5043,mp-999469,1.0989392731249987
5044,mp-776201,-2.0990443659999998
5045,mp-975638,0.21282626125000093
5046,mp-778517,-2.24156733843089
5047,mp-558229,-2.2056812178771548
5048,mp-998605,-1.8286296054999986
5049,mp-974042,-0.7321203665476184
5050,mp-774349,-2.3568010464703075
5051,mp-1208,-0.5729111911111104
5052,mp-2892,-3.513417046785715
5053,mp-541843,-1.8751825816666674
5054,mp-758844,-2.3072221633333334
5055,mp-510564,-0.43578493011904385
5056,mp-755288,-0.7326361916666656
5057,mp-2738,-0.4484231458333303
5058,mp-647096,-1.5765767331696452
5059,mp-769877,-2.025914533690476
5060,mp-721586,-2.244087048088235
5061,mp-677103,-2.4832401584375003
5062,mp-570985,-0.30589595583333457
5063,mp-996964,-0.864512115416666
5064,mp-27210,-2.49662617388889
5065,mp-982772,-1.0243831912500028
5066,mp-759825,-2.1796181883333343
5067,mp-541756,-1.157768648666667
5068,mp-530141,-3.263676677393939
5069,mp-850511,-1.8646108306770834
5070,mp-540830,-2.042238045208331
5071,mp-772898,-2.8201032385000007
5072,mp-743579,-1.768012420000001
5073,mp-989404,-1.1015622153333333
5074,mp-2818,-0.993906082499997
5075,mp-850229,-2.3972573657761904
5076,mp-557154,-2.2052311944073275
5077,mp-540996,-2.973140654270834
5078,mp-756086,-1.2007729041666664
5079,mp-22303,-1.2569234880952374
5080,mp-569511,-0.23687496416666676
5081,mp-12386,-0.681858158
5082,mp-6122,-3.0134353197500006
5083,mp-3782,-2.606330456875
5084,mp-680153,-0.8252074899999993
5085,mp-555112,-2.945749475740741
5086,mp-770729,-2.432313661145833
5087,mp-10973,-1.0381160736302082
5088,mp-673700,-0.027746308571425158
5089,mp-780237,-2.0686849155803566
5090,mp-2352,-1.4257386859195398
5091,mp-758218,-2.8269982194047616
5092,mp-27293,-1.0498388209848522
5093,mp-569048,-0.4440093702777774
5094,mp-774763,-2.7074360922244898
5095,mp-559676,-0.44357706140625197
5096,mp-15691,-1.6019123280208352
5097,mp-30585,-0.20424017583333173
5098,mp-8794,-2.6296852469000003
5099,mp-603612,-1.9788054300680276
5100,mp-12056,-0.6706663098571426
5101,mp-20112,-0.18520410999999815
5102,mp-1018017,-0.31079031932471324
5103,mp-1018672,-0.27043709500000074
5104,mp-28868,-1.174327239545456
5105,mp-759028,-2.4246793814835153
5106,mp-772779,-1.7498698746875003
5107,mp-6113,-2.559215438333333
5108,mp-12625,-2.504719901333324
5109,mp-13596,-3.653356084944442
5110,mp-760403,-1.8489888287499987
5111,mp-706632,-0.5461075436979167
5112,mp-1785,-1.4281947458333306
5113,mp-684517,-0.2727789437142844
5114,mp-622197,-1.9193035258881925
5115,mp-19034,-2.752985765000001
5116,mp-1018145,0.3255353485344834
5117,mp-27769,-0.5797595515000011
5118,mp-867913,-0.59292876833333
5119,mp-18100,-1.0560782526454735
5120,mp-559142,-2.7001274273619047
5121,mp-707977,-3.1086161541071413
5122,mp-777595,-2.764798389722222
5123,mp-772160,-1.7953667342857145
5124,mp-560973,-3.2380276938888897
5125,mp-8868,-0.3319699782758622
5126,mp-11452,-0.8459137749999996
5127,mp-556041,-3.526169748888889
5128,mp-8126,-0.7350355066666646
5129,mp-30698,-0.1140001363095219
5130,mp-757551,-2.4583429935989014
5131,mp-556834,-1.5414856175000005
5132,mp-18893,-2.416973564137931
5133,mp-6301,-2.669351850666668
5134,mp-27888,-3.3855436679166657
5135,mp-752584,-1.1594333056758626
5136,mp-754065,-1.6203834302777764
5137,mp-15541,-3.1207837375522636
5138,mp-866695,-0.9489167891443461
5139,mp-15161,-2.5896548243939397
5140,mp-18691,-0.8454138460416681
5141,mp-760376,-2.6624601971166664
5142,mp-755382,-1.6185311820000003
5143,mp-626151,-2.9654263603124997
5144,mp-754875,-1.0216240161111128
5145,mp-780106,-2.128447954107143
5146,mp-769266,-3.473256686128205
5147,mp-30656,-0.5492847036111113
5148,mp-768143,-2.2090022428201963
5149,mp-753890,0.03887980375000074
5150,mp-757256,-1.1340691619999996
5151,mp-772282,-1.4288036281818173
5152,mp-20095,-0.8869592088571437
5153,mp-17308,-3.657226894848477
5154,mp-27288,-1.6360758408333322
5155,mp-989526,-2.7244716269893687
5156,mp-773146,-2.2906560864136907
5157,mp-930,-1.3306511873214308
5158,mp-35759,-2.809083267380953
5159,mp-1018077,-0.7313678041666662
5160,mp-568671,-0.6106065856249998
5161,mp-504353,-2.5190531306613764
5162,mp-983062,0.06827416718750001
5163,mp-558102,-2.976013061731481
5164,mp-1990,-0.78755513925
5165,mp-7475,-2.508305558187499
5166,mp-30477,-0.5611635127777785
5167,mp-1018094,-0.5414035909375001
5168,mp-17974,-0.23126353700000096
5169,mp-23,0.0
5170,mp-5391,-3.1629429714285715
5171,mp-772798,-3.5286886354761915
5172,mp-770520,-2.3229204646428565
5173,mp-978499,0.6606230593749984
5174,mp-29198,-0.6052610313194451
5175,mp-769228,-1.8681350853275884
5176,mp-757045,-2.457461196842105
5177,mp-849433,-2.803664447380953
5178,mp-4171,-0.8349661191666673
5179,mp-755159,-1.6244855646969727
5180,mp-25935,-2.8709703046547626
5181,mp-558199,-0.4493062249999993
5182,mp-768140,-2.261253049783456
5183,mp-1822,-1.0538638458333338
5184,mp-9228,-1.0485126309687538
5185,mp-28202,-1.3763610286562495
5186,mp-1769,-0.4319554574999991
5187,mp-23674,-1.3314544345474135
5188,mp-779156,-1.3086114308072887
5189,mp-672950,-2.353422261974789
5190,mp-556503,-1.4935774355729174
5191,mp-996962,-1.1042049549999993
5192,mp-27692,-3.022734623993055
5193,mp-774186,-2.0504629396593907
5194,mp-4423,-3.7336461274242425
5195,mp-5004,-0.7135303529543816
5196,mp-31275,-0.5134393967006788
5197,mp-13946,-3.6591365394444413
5198,mp-8877,-3.3748636851086946
5199,mp-720861,-1.2011975869374993
5200,mp-1014281,2.0967774656249984
5201,mp-20997,-0.12101825999999605
5202,mp-631313,0.8569873377083255
5203,mp-31363,-2.0013961468703703
5204,mp-1019744,-3.190578273205883
5205,mp-631371,0.5267977122222286
5206,mp-554006,-3.4306442915476185
5207,mp-17322,-1.024511623541666
5208,mp-567734,-0.873118734739584
5209,mp-977557,-0.6324551068749988
5210,mp-769631,-1.933180654318555
5211,mp-33932,-2.4743070367499995
5212,mp-862965,-0.6401601443749954
5213,mp-17235,-3.637195456136357
5214,mp-259,-0.2583363537500034
5215,mp-560334,-3.14732338966133
5216,mp-554141,-3.3774189335185194
5217,mp-557805,-0.8459528145862073
5218,mp-861588,-0.13750002253787486
5219,mp-12193,-3.7309717765151516
5220,mp-2675,-0.21048284208333357
5221,mp-30772,-0.006437292115383942
5222,mp-20557,-0.8022721808333344
5223,mp-556058,-1.6198605417097696
5224,mp-21537,-0.3817182027380938
5225,mp-31160,-0.5168056933333327
5226,mp-770799,-2.5336260710606058
5227,mp-865833,-0.33520284749999973
5228,mp-2080,-0.05053587214285825
5229,mp-8810,-2.7275799751373624
5230,mp-556515,-2.1747304314583333
5231,mp-735022,-2.816329743520408
5232,mp-975822,-0.3091725222916657
5233,mp-996963,-0.8687514466666659
5234,mp-690541,-1.3986720006944477
5235,mp-972220,-0.9137797691666663
5236,mp-13863,-2.6960012115000014
5237,mp-30013,-1.2672929406666669
5238,mp-7704,-0.35477174999999905
5239,mp-643384,-2.0346657446875
5240,mp-15225,-3.6089857975
5241,mp-570838,-0.4061938631818203
5242,mp-703253,-1.5163928533806816
5243,mp-774146,-1.325208809
5244,mp-865710,-0.38896137208333137
5245,mp-765406,-2.9330092021428578
5246,mp-42227,-3.165908233264369
5247,mp-13356,-2.730477315666667
5248,mp-22812,-0.2606054191666658
5249,mp-772464,-1.89428505547619
5250,mp-784630,-0.03934875000000204
5251,mp-690495,-1.6585653610714286
5252,mp-23053,-1.068326577499999
5253,mp-973666,-1.0488444539999995
5254,mp-27660,-1.1502988628571416
5255,mp-557381,-2.998623806071429
5256,mp-971718,0.1775809224999989
5257,mp-29387,-0.3377874412500006
5258,mp-510545,-1.992559744447369
5259,mp-2847,-0.6533872466666679
5260,mp-541156,-2.022314588690476
5261,mp-677716,-3.0236475735
5262,mp-19318,-1.251052689761907
5263,mp-781051,-2.0502174965833335
5264,mp-29652,-0.7429552311302103
5265,mp-30644,-0.5368445712500041
5266,mp-27835,-1.237443363833331
5267,mp-14734,-2.3282116820258665
5268,mp-19934,-0.8297022472222232
5269,mp-17593,-0.40993436708333064
5270,mp-850952,-2.4475830154682217
5271,mp-28704,-0.1039799903571433
5272,mp-9970,-0.8856036224999997
5273,mp-504304,-2.176161533639455
5274,mp-696983,-0.2897631762083333
5275,mp-867787,-0.1586403985416709
5276,mp-8717,-1.114751237523707
5277,mp-2163,-0.9074884874999984
5278,mp-757788,-2.5507561406613752
5279,mp-778822,-1.870093086815416
5280,mp-694868,-2.6285307870488714
5281,mp-5372,-1.0083591781249996
5282,mp-1868,-1.1455063974999993
5283,mp-865516,-0.3655750375000011
5284,mp-541433,-1.550261877678572
5285,mp-30171,-0.6609993740384769
5286,mp-31352,-2.352124214430804
5287,mp-29118,-0.9234033056249977
5288,mp-757197,-3.9663173634166653
5289,mp-369,-0.4772813874999997
5290,mp-770800,-2.8573776408333336
5291,mp-568511,-0.6182178143495928
5292,mp-20687,-2.9030109491666662
5293,mp-1009493,-0.9943796837499974
5294,mp-543011,-0.9500676567633926
5295,mp-764224,-2.5427960919696972
5296,mp-22551,-2.768167373285713
5297,mp-7535,-2.492909137666666
5298,mp-1019534,-3.447166220625
5299,mp-504567,-1.516291251830238
5300,mp-770907,-2.8755261850000013
5301,mp-760786,-2.0054189788541663
5302,mp-972408,-0.8348648383333455
5303,mp-866281,-0.7054425974999976
5304,mp-19378,-1.6847351029166662
5305,mp-769390,-3.453840850743589
5306,mp-18765,-1.2996285245517243
5307,mp-766888,-1.7693793977040821
5308,mp-19315,-2.7678794977931025
5309,mp-675208,-0.5471699794252893
5310,mp-16304,-1.515127039325397
5311,mp-778509,-2.9933311871666666
5312,mp-1780,-1.0312111024999968
5313,mp-2486,-0.23832087833333068
5314,mp-568885,-0.4167027966666666
5315,mp-978266,-0.5081330124999992
5316,mp-754768,-2.4495714007575766
5317,mp-777488,-2.9550842705
5318,mp-3907,-1.0853372900000011
5319,mp-1009878,0.20576350750000216
5320,mp-26172,-2.394810706456045
5321,mp-672374,-0.21166450624999822
5322,mp-754462,-2.1342664537037033
5323,mp-777624,-2.24515610212766
5324,mp-978984,-1.051589876250003
5325,mp-605333,-1.480011692037037
5326,mp-759680,-2.735161069833334
5327,mp-557802,-3.0987251487941174
5328,mp-2070,-0.454813428541667
5329,mp-775820,-1.9854966088333341
5330,mp-973741,0.1981040516666681
5331,mp-559655,-1.956052571994049
5332,mp-25380,-1.7293471042346933
5333,mp-677164,-1.3567448652272722
5334,mp-505319,-1.4565338046428573
5335,mp-763002,-2.1361458958333324
5336,mp-766238,-2.1885901407500015
5337,mp-30342,-0.353462816249996
5338,mp-980053,-0.8702825391666664
5339,mp-555464,-2.5948528492250005
5340,mp-23837,-1.7545999912500003
5341,mp-867805,-0.30047535416666626
5342,mp-2495,-2.28349878723958
5343,mp-639138,-2.0314180137239592
5344,mp-1020013,-2.0959345735606054
5345,mp-778086,-4.227516775882353
5346,mp-639682,-3.2380699813333345
5347,mp-213,-0.64545575
5348,mp-649470,-1.4676292937621953
5349,mp-637308,-0.5298669968749952
5350,mp-768422,-3.0257951759375015
5351,mp-3522,-0.32565874499999836
5352,mp-773089,-2.857350029535402
5353,mp-8963,-2.4392034731157666
5354,mp-759759,-2.1771621971893187
5355,mp-977376,-0.6618680241666652
5356,mp-764589,-2.2689175599242417
5357,mp-558099,-1.1930892720833346
5358,mp-28069,-2.2619880482142856
5359,mp-642651,-0.7121693008333365
5360,mp-622576,-2.2224496037500003
5361,mp-755511,-2.3800541005555567
5362,mp-980193,-0.3181823495238092
5363,mp-772533,-1.898994502627552
5364,mp-18084,-3.25075140037037
5365,mp-12904,-1.112067171249997
5366,mp-569416,0.0021008912500004584
5367,mp-568293,-0.9283447760000001
5368,mp-2802,-0.9023381424999997
5369,mp-752856,-1.0939429061231885
5370,mp-740731,-1.5435080091259765
5371,mp-978084,-0.5027697113333346
5372,mp-372,-0.4545510150000034
5373,mp-770950,-3.3458798966974563
5374,mp-643898,-2.5819809734821426
5375,mp-510751,-0.7632606959374995
5376,mp-777760,-3.5393336019444432
5377,mp-567858,-1.3076743327142846
5378,mp-16804,-3.1045189630442174
5379,mp-541626,-2.622575167702382
5380,mp-774364,-2.502603815782313
5381,mp-773454,-1.8808890366666666
5382,mp-567486,-1.069835427159863
5383,mp-504802,-1.4267552333333338
5384,mp-623088,-3.467047286035714
5385,mp-30859,-1.1355758848333324
5386,mp-626062,-3.1088845161666656
5387,mp-773182,-2.204320371726191
5388,mp-27687,-0.19070094749999988
5389,mp-7002,-2.782783946178161
5390,mp-756686,-2.740240361500001
5391,mp-608655,-0.2797488663608395
5392,mp-772049,-3.120236325092593
5393,mp-554856,-2.8787024103065133
5394,mp-29337,-0.6325818116666662
5395,mp-28242,-1.0863214943181878
5396,mp-989548,-2.713977800971265
5397,mp-1607,-0.20909298916666805
5398,mp-756467,-2.5722198585515863
5399,mp-20742,-1.1070341585327383
5400,mp-9223,-0.7940395022222222
5401,mp-8250,-0.9925994168571435
5402,mp-1234,-0.5502402655555537
5403,mp-555515,-0.7985137456944434
5404,mp-37381,-4.145272121666667
5405,mp-1368,-0.10845411461538472
5406,mp-505727,-0.19816286583333328
5407,mp-757747,-2.2746167868630955
5408,mp-631515,0.9203296866666673
5409,mp-19123,-2.367439304166667
5410,mp-13827,-3.087739108809524
5411,mp-765781,-3.029588784047619
5412,mp-560323,-1.228251754759617
5413,mp-1009733,-0.5342576716666679
5414,mp-707055,-1.3091329968336929
5415,mp-12598,-0.8034840654166624
5416,mp-672645,-0.9702719519444436
5417,mp-560105,-3.116710351359375
5418,mp-23166,-1.8072203021875008
5419,mp-769558,-1.9625291211264382
5420,mp-722980,-0.7721995450694463
5421,mp-6356,-0.8115381298958324
5422,mp-614981,-2.211208898958333
5423,mp-5951,-0.2690976946551717
5424,mp-975591,0.28728242624999467
5425,mp-23331,-2.464400845000001
5426,mp-899,-0.4996034000000016
5427,mp-780301,-2.782404940421456
5428,mp-322,-0.4507195741666705
5429,mp-667291,-1.504287073750005
5430,mp-999201,-0.1825618869827581
5431,mp-768257,-1.9118815871487866
5432,mp-862372,-0.8194979575000003
5433,mp-23911,-1.3642622178205117
5434,mp-10635,0.03763386499999655
5435,mp-27747,-0.5030042899999986
5436,mp-6250,-3.2969268208333347
5437,mp-17977,-0.06672212691176369
5438,mp-767740,-2.627560148763737
5439,mp-557420,-2.947935847536458
5440,mp-677638,-2.789745149011678
5441,mp-972022,-0.6470748200000029
5442,mp-680197,-0.23707040509400024
5443,mp-976181,-0.3687403995833331
5444,mp-721753,-1.4562396174275085
5445,mp-23222,-0.6278293687499996
5446,mp-756281,-3.775944358500001
5447,mp-24831,-1.4179425335087719
5448,mp-11352,-0.5889631464583331
5449,mp-861953,-0.5959234474999988
5450,mp-705541,-1.7885979828947367
5451,mp-631525,0.88730901427083
5452,mp-22205,-0.11770066687499892
5453,mp-770839,-2.0931757773333333
5454,mp-866301,-1.2108690945238092
5455,mp-16627,-0.5581525004545437
5456,mp-760679,-1.5966889777777777
5457,mp-771050,-1.5331933254301071
5458,mp-705562,-2.3152429666125554
5459,mp-571642,-2.8053670341666663
5460,mp-583278,-0.8878374926802653
5461,mp-11234,-0.10157140833333234
5462,mp-17832,-3.0272095931632648
5463,mp-16180,-2.087912511663287
5464,mp-556983,-3.0928946734999996
5465,mp-20327,-0.8524718525396816
5466,mp-4001,-1.7826291849666653
5467,mp-336,-0.07874223833333478
5468,mp-675741,-2.407361903379629
5469,mp-12661,0.04173347250000248
5470,mp-6951,-2.6964746145000014
5471,mp-779056,-2.570515454246031
5472,mp-560365,-1.369478456851853
5473,mp-760165,-2.2866478224585918
5474,mp-760179,-1.277191183571429
5475,mp-570168,-1.739864938571429
5476,mp-776274,-1.8565669021213052
5477,mp-9078,-0.915530580714286
5478,mp-764885,-2.203390619674796
5479,mp-685968,-1.7428806545535696
5480,mp-540773,-1.682223793928571
5481,mp-17794,-0.7879836893750021
5482,mp-755420,-3.5867377207142854
5483,mp-3143,-2.201549107894088
5484,mp-22968,-1.004300452729885
5485,mp-30208,-0.9644749189880955
5486,mp-3323,-3.6067499170000006
5487,mp-8447,-3.4262291407386356
5488,mp-625789,-1.4416131205555547
5489,mp-761471,-1.1696145799999988
5490,mp-28477,-1.2330844788888886
5491,mp-542435,-1.0498281918749985
5492,mp-561499,-1.7022037460416648
5493,mp-15698,-1.2492793440625007
5494,mp-30981,-1.3077337241666669
5495,mp-762671,-1.8133196875615778
5496,mp-570419,-0.7047076563636355
5497,mp-781049,-3.130113608125
5498,mp-14970,-2.8627464254629635
5499,mp-977387,-0.3397336608333328
5500,mp-23922,-0.06445735437500044
5501,mp-7883,-0.4364520039999974
5502,mp-634657,-0.8103591055208336
5503,mp-755054,-2.582307274375001
5504,mp-10960,-3.3106356472727274
5505,mp-766350,-2.4584392965476196
5506,mp-31078,-0.9957238012499987
5507,mp-32959,-1.2547779483333337
5508,mp-754408,-1.964583933888889
5509,mp-558941,-3.4027745472619038
5510,mp-768095,-2.4029382769779404
5511,mp-624253,-0.9952272372697368
5512,mp-21233,-0.9302428203333335
5513,mp-770805,-2.9669320769999996
5514,mp-504927,-1.3518617241666664
5515,mp-638236,-0.9767037154545452
5516,mp-20217,-1.2886633367827387
5517,mp-861914,-0.6938655350000005
5518,mp-568555,-1.01757647416668
5519,mp-707734,-1.405356684553571
5520,mp-1908,-0.9126630953703625
5521,mp-777292,-2.38417314617647
5522,mp-756137,-2.620458544249999
5523,mp-16526,-0.921647513333331
5524,mp-17337,-2.5855132285714286
5525,mp-631555,0.5608096126724126
5526,mp-755205,-2.0906081055000003
5527,mp-12017,-0.42149738999999986
5528,mp-767222,-2.3884611871245416
5529,mp-769404,-2.499224003468754
5530,mp-976408,-0.1210302612499996
5531,mp-25225,-1.7294137845454538
5532,mp-583193,-1.1262839884979226
5533,mp-862336,-1.0001604424999977
5534,mp-556679,-3.217685707653257
5535,mp-11407,-0.4297353981250023
5536,mp-978563,-0.4572512608333321
5537,mp-10835,-1.8840230390624995
5538,mp-28334,-0.6693635839120399
5539,mp-15433,-0.42974045832142693
5540,mp-22680,-0.3779117587500025
5541,mp-29489,-1.9628449554929308
5542,mp-556100,-1.9481931623333328
5543,mp-570272,-0.27037395261904557
5544,mp-11091,-0.8851744997222224
5545,mp-720461,-1.0379895263839292
5546,mp-770589,-2.642158604791667
5547,mp-4628,-1.2335547507812485
5548,mp-2767,-0.4716357154166664
5549,mp-15642,-0.35853339416666685
5550,mp-756035,-3.317378679743589
5551,mp-769048,-1.3197197059374997
5552,mp-770581,-2.2890054565862066
5553,mp-569512,-0.9620189865000001
5554,mp-753605,-0.8850414044444435
5555,mp-768084,-2.4614855628455294
5556,mp-643776,-1.488347683286638
5557,mp-29287,-1.6443158009961687
5558,mp-776715,-2.8170665737500005
5559,mp-763491,-1.4422019400000003
5560,mp-734123,-2.2516981660403728
5561,mp-680671,-0.11926880999999981
5562,mp-698587,-2.576704852666667
5563,mp-19287,-2.9448251228879316
5564,mp-774382,-3.0139508067282432
5565,mp-759472,-1.2668992698333326
5566,mp-770092,-3.180673676928573
5567,mp-8640,0.08898112999999341
5568,mp-27335,-0.15227345333333275
5569,mp-767341,-2.753752843859127
5570,mp-758658,-3.424325745961539
5571,mp-13007,-0.39943659199999787
5572,mp-510608,-1.4886352398611118
5573,mp-22750,-2.2993723137912077
5574,mp-17929,-1.4644141540909077
5575,mp-861651,-0.3609401016666651
5576,mp-675214,-2.761035454375
5577,mp-756443,-3.814804013541668
5578,mp-772150,-3.2385652598648638
5579,mp-706367,-2.3832456586839283
5580,mp-3318,-3.2633145450369456
5581,mp-863722,-0.7493619687500015
5582,mp-37859,-2.246160954226188
5583,mp-28520,-0.7997832179166675
5584,mp-759386,-4.051168095909089
5585,mp-13512,-0.5391021912499996
5586,mp-756715,-3.4112711201666657
5587,mp-343,-1.5457938252083316
5588,mp-977592,-0.5190168671428564
5589,mp-28728,-0.4207951588214251
5590,mp-768906,-3.1224464916666697
5591,mp-30536,-0.1664376311111116
5592,mp-28412,-0.770539328214285
5593,mp-570823,-0.8903812985995359
5594,mp-691043,-2.9143288643666665
5595,mp-1971,-0.2765887125000006
5596,mp-2531,-0.08413210526315813
5597,mp-14484,-2.2854785030568547
5598,mp-568966,-0.49376642400000037
5599,mp-862631,-0.9366391824999996
5600,mp-720379,-2.319028808334643
5601,mp-606102,-0.46157563749999575
5602,mp-9270,-0.5905719459375026
5603,mp-2628,-0.1832207838888872
5604,mp-12097,-1.0799492930000028
5605,mp-754698,-2.8449829687500006
5606,mp-4453,-0.767922832083336
5607,mp-559927,-2.9447367739506167
5608,mp-30726,-0.4095197768750012
5609,mp-682284,-1.8462847241666671
5610,mp-555369,-1.5341953571153844
5611,mp-3889,-2.6078228876364946
5612,mp-1018121,-0.6480812155555545
5613,mp-11814,-0.2986391490000013
5614,mp-29597,-1.6059433945833324
5615,mp-3896,-1.0575200730000005
5616,mp-17441,-1.2609242303571426
5617,mp-556094,-0.9455957438333339
5618,mp-975564,-2.26484911258333
5619,mp-867348,-0.5543333755555544
5620,mp-510453,-0.7097687249999982
5621,mp-30375,-0.8569172288888909
5622,mp-758201,-2.8025940946320347
5623,mp-768137,-2.2127316902001226
5624,mp-530984,-3.3492442036842114
5625,mp-758020,-1.4361007014583338
5626,mp-560189,-2.467089902994663
5627,mp-9610,-0.8028615141666677
5628,mp-769532,-2.0830245467784176
5629,mp-22367,-1.149602967499999
5630,mp-585266,-2.310911360971675
5631,mp-680502,-1.0574403314473693
5632,mp-583266,-0.057322459999999964
5633,mp-23550,-1.9725755245416663
5634,mp-561886,-2.9157951619848106
5635,mp-20685,0.09220284625000019
5636,mp-13463,-0.2088248350000006
5637,mp-675436,-3.665890645909091
5638,mp-555159,-3.7237433238333306
5639,mp-8800,-0.24321863135418198
5640,mp-762248,-2.3561434403730157
5641,mp-776502,-3.006099874662698
5642,mp-767279,-2.781554743164682
5643,mp-16495,-0.16421593499999965
5644,mp-15939,-3.2634116402777775
5645,mp-974108,-0.922363726999999
5646,mp-1018097,-2.8653447399999994
5647,mp-27898,-1.1175050137499993
5648,mp-1001788,-0.05488467952381119
5649,mp-23980,-1.6609773817787874
5650,mp-530429,-4.107272085789475
5651,mp-559484,-2.523989859615384
5652,mp-631361,0.7261369308333308
5653,mp-554371,-2.9325587756018527
5654,mp-770891,-2.5288646033333335
5655,mp-753794,-3.3921739249450553
5656,mp-567777,-1.1245097919642855
5657,mp-4856,-0.46450287892857134
5658,mp-669357,-0.8268718127878796
5659,mp-7592,-1.227301378333332
5660,mp-1009504,-0.5423162166666676
5661,mp-21560,-1.5695444068181807
5662,mp-764735,-1.5662035571886979
5663,mp-780274,-2.385268461999999
5664,mp-1008653,2.236464982916667
5665,mp-865568,-0.19804405874999986
5666,mp-626721,-1.5121599145833329
5667,mp-18838,-2.512095173630095
5668,mp-12262,-3.4036504474310347
5669,mp-16934,-3.5169982153571433
5670,mp-684816,-2.973494078087931
5671,mp-18846,-1.4545688854206895
5672,mp-978973,-0.38044488312500313
5673,mp-559931,-3.219729958750001
5674,mp-567702,-1.5389253425814158
5675,mp-554280,-3.3586079309126973
5676,mp-23008,-1.8136669583333302
5677,mp-32727,-2.135785200178572
5678,mp-21297,-0.2563319397222206
5679,mp-977574,-0.9240500164716003
5680,mp-3093,-0.481723831388886
5681,mp-30979,-0.5064977069543654
5682,mp-978093,-2.368371556687498
5683,mp-557498,-1.4115611279310347
5684,mp-21491,-0.31120876892857197
5685,mp-4971,-1.0379901068499995
5686,mp-768961,-3.0389687185555565
5687,mp-14871,-0.9500168649259264
5688,mp-780157,-1.5222541889444443
5689,mp-999133,-0.3669117136666671
5690,mp-559159,-1.2394670060000001
5691,mp-780314,-2.5336484317063497
5692,mp-8761,-0.31772017937499974
5693,mp-600051,-3.2511583462499996
5694,mp-18101,-1.0093713418055552
5695,mp-696949,-1.9420064519907412
5696,mp-541495,-2.9095179031011895
5697,mp-567076,-0.4719298454166676
5698,mp-555482,-3.044959928475
5699,mp-771074,-2.073353044166666
5700,mp-8881,-0.6196376862499999
5701,mp-19900,-0.687281581000002
5702,mp-3286,-0.38204573599999314
5703,mp-10477,-0.5731757745312483
5704,mp-971701,0.36555284687499956
5705,mp-999446,0.4001099299999993
5706,mp-19502,-3.332654179396551
5707,mp-775216,-1.9862328162500003
5708,mp-20971,-0.40170538499999964
5709,mp-7249,-3.0713094083333337
5710,mp-12287,-3.7208461800000006
5711,mp-989497,-1.2245903782499994
5712,mp-974066,0.024900389375002163
5713,mp-559067,-1.3130274891681026
5714,mp-866019,-0.33529008687500284
5715,mp-31256,-2.5767910133333323
5716,mp-571471,-0.582735417708335
5717,mp-510654,-1.6577778925992064
5718,mp-556195,-2.108265367587513
5719,mp-30434,-0.3850916755555662
5720,mp-865122,-0.2592804113864968
5721,mp-861510,-0.5995394877083338
5722,mp-757375,-2.6238385551111114
5723,mp-37695,-0.5118082090350885
5724,mp-29934,-3.128782125151514
5725,mp-770676,-1.3247420298333332
5726,mp-504935,-1.559884134083332
5727,mp-7499,-0.6676181854629664
5728,mp-23930,-0.38400511843750085
5729,mp-772633,-3.7244648111904763
5730,mp-772659,-2.0905906040624993
5731,mp-769495,-2.1537805012472906
5732,mp-570755,-1.1355535187083348
5733,mp-19479,-2.3362111023806373
5734,mp-765504,-1.8114129852083325
5735,mp-3884,-3.0274258377272716
5736,mp-766303,-1.8569660796296295
5737,mp-974617,0.06367128062499527
5738,mp-558269,-1.7748458117578103
5739,mp-12265,-3.0501953133333344
5740,mp-560121,-1.1199897866249997
5741,mp-560515,-1.3347524878823525
5742,mp-8347,-1.5855437032327577
5743,mp-867873,-0.24169031166666954
5744,mp-1019714,-3.2834186061338073
5745,mp-20030,-0.08690717566666421
5746,mp-985471,-0.203573703125
5747,mp-10784,-1.9556917980468764
5748,mp-4973,-3.233830567499997
5749,mp-849671,-2.2418433432456144
5750,mp-11228,-0.4684286025000013
5751,mp-626864,-2.538495444642856
5752,mp-505622,-0.29569692933620784
5753,mp-998429,-1.8558230593333331
5754,mp-632759,-1.4638848950000007
5755,mp-755783,-2.8828750080303034
5756,mp-770871,-2.1560878539999995
5757,mp-769868,-1.5238022278947363
5758,mp-15650,-0.3045737837500013
5759,mp-778111,-2.2839468758637866
5760,mp-916,-1.2161304049999917
5761,mp-558628,-2.4585614590119045
5762,mp-764460,-1.653154320215517
5763,mp-35005,-2.1455120728493644
5764,mp-559092,-4.2941519249999995
5765,mp-26224,-2.3430559563775506
5766,mp-771165,-3.8376121755208334
5767,mp-17965,-0.9034295795208331
5768,mp-19820,-0.2142253924999986
5769,mp-567172,-2.400583374999999
5770,mp-17812,-3.2173772408333337
5771,mp-626308,-1.3440385303703712
5772,mp-971724,-2.1316377112962974
5773,mp-30696,0.024077038571428084
5774,mp-23356,-2.0865759573888907
5775,mp-558073,-2.166417535927734
5776,mp-36465,-2.839391702857143
5777,mp-540839,-1.2632267449310368
5778,mp-9244,-0.37430803916666733
5779,mp-10454,-0.6200101194444455
5780,mp-764245,-2.5690311222772997
5781,mp-1014296,0.31068654312499966
5782,mp-772568,-1.6478530139473684
5783,mp-11233,-0.5293452850000016
5784,mp-220,-0.43362542999999104
5785,mp-676311,-3.6093695599999993
5786,mp-686458,-2.8179174386918615
5787,mp-769152,-0.8931898865625003
5788,mp-2067,-0.7449632983333316
5789,mp-541629,-3.520282357142858
5790,mp-2369,-0.5018371575000025
5791,mp-2082,-0.47138817932539706
5792,mp-772055,-2.8059125437777768
5793,mp-28679,-1.4772059614798845
5794,mp-780860,-2.246760297878788
5795,mp-943466,-2.2033065795
5796,mp-571046,-0.7937796400000001
5797,mp-686583,-3.1323396013032085
5798,mp-567932,-0.11215172638888839
5799,mp-631560,1.003735553850575
5800,mp-14213,-1.118488307850528
5801,mp-27830,-1.5626993412949008
5802,mp-559446,-0.8501582815745944
5803,mp-977062,0.08530955508620686
5804,mp-30151,-0.39325670322916534
5805,mp-767039,-1.9863026032298141
5806,mp-974627,0.03153900372916518
5807,mp-9027,-1.58728328111111
5808,mp-931,-1.731013593988088
5809,mp-985562,-0.475514359270831
5810,mp-722271,-0.8503350406481489
5811,mp-20533,-0.659990643333332
5812,mp-11445,-0.5354747238095224
5813,mp-759450,-1.7715342151923077
5814,mp-569689,-1.516143607410716
5815,mp-757280,-2.0628242065789486
5816,mp-973875,0.08742118812500088
5817,mp-767240,-1.1919389006798036
5818,mp-16183,-0.2872567544034103
5819,mp-767605,-3.171758533958333
5820,mp-680443,-0.23147775511893087
5821,mp-22909,-1.55689979
5822,mp-654199,-0.8660201261715703
5823,mp-510452,-2.4830311367187496
5824,mp-722979,-0.4405536789666674
5825,mp-11322,-0.9840065624999994
5826,mp-779316,-2.8014430150000003
5827,mp-771123,-2.779514111333333
5828,mp-762852,-1.8322249824842873
5829,mp-631522,0.7587291362499986
5830,mp-30457,-0.71176266055555
5831,mp-4051,-3.119440272440476
5832,mp-1008600,-0.24985981638888669
5833,mp-705312,-2.463468104948979
5834,mp-549970,-2.5338580862499995
5835,mp-774762,-0.817834084166666
5836,mp-755881,-3.158356351666666
5837,mp-568823,-0.7966987574999962
5838,mp-20756,-0.7280030705555541
5839,mp-504937,-0.5521352610937501
5840,mp-752535,-2.332168056121212
5841,mp-19408,-2.4288185669791673
5842,mp-866807,-1.897308452628205
5843,mp-975405,-0.5241850445000005
5844,mp-676002,-4.214894901666666
5845,mp-10598,0.009223705000000137
5846,mp-780336,-2.5680941532142865
5847,mp-29617,-0.20126767000000143
5848,mp-17173,-0.610465406187501
5849,mp-703312,-1.92317813064935
5850,mp-570138,-0.6391857048148147
5851,mp-2604,-0.8494175952777757
5852,mp-28549,-2.4350391874444446
5853,mp-755911,-2.2806763840000004
5854,mp-32645,-2.35113461025
5855,mp-776268,-1.2147171667916665
5856,mp-626791,-2.0745819071875005
5857,mp-504962,-1.647056361780459
5858,mp-24659,-0.4504776240625006
5859,mp-778512,-2.7261273478472225
5860,mp-16569,-0.22083206289855142
5861,mp-23146,-1.694854434166667
5862,mp-998732,-1.314082980000001
5863,mp-5186,-0.6283357933333337
5864,mp-651707,-3.2609719395238104
5865,mp-21525,-0.21714202656250192
5866,mp-567415,-0.5791514071428574
5867,mp-20999,-1.0585751067499956
5868,mp-18219,-3.346426772897134
5869,mp-769605,-2.4198448158333337
5870,mp-26301,-2.2831445097089946
5871,mp-505789,-0.8592874352747242
5872,mp-6255,-3.5968357132500004
5873,mp-8768,-0.9068635288374992
5874,mp-504630,-0.8669961631944435
5875,mp-698056,-1.7939234640925592
5876,mp-21660,-0.49562482175000183
5877,mp-776146,-2.340023019761905
5878,mp-781601,-1.948167040143679
5879,mp-559498,-1.6805086496388895
5880,mp-8993,-2.9278534334999984
5881,mp-2923,-2.2371363377272684
5882,mp-6485,-1.7192688465060766
5883,mp-12233,-2.687527499618058
5884,mp-570562,-0.4323707290000073
5885,mp-676555,-0.006262964166656578
5886,mp-569491,-1.211583213580673
5887,mp-29582,-1.7890022230952383
5888,mp-561196,-0.9624634303348216
5889,mp-26304,-1.8679906142274052
5890,mp-542826,-1.5743093055357105
5891,mp-542208,-2.3333826787586207
5892,mp-559643,-0.992865257019703
5893,mp-771304,-2.330644334230769
5894,mp-542220,-0.21569561578304994
5895,mp-755650,-3.820042391000001
5896,mp-1018125,-0.35224859527777613
5897,mp-676248,-0.14236440124999916
5898,mp-555109,-3.5836585325000008
5899,mp-567540,0.0819748969999992
5900,mp-558967,-1.1916201811822908
5901,mp-974970,0.6891168873922413
5902,mp-764620,-2.227581687380953
5903,mp-1042,-0.8552623112500015
5904,mp-30727,-0.1464924120833322
5905,mp-861944,-3.099782156958812
5906,mp-30465,-0.754885816249999
5907,mp-979073,-0.022633213750000714
5908,mp-11190,-0.45454413777777664
5909,mp-24436,-2.1049006549358986
5910,mp-600050,-3.2027378962500004
5911,mp-722278,-2.6755502582305186
5912,mp-2691,-0.8370525111718745
5913,mp-763740,-2.5010701647619036
5914,mp-1019537,-1.940020584642857
5915,mp-758997,-1.6349020705555561
5916,mp-1013878,-2.671769407363095
5917,mp-771256,-2.6968897565384613
5918,mp-554782,-1.0741208737878778
5919,mp-1718,-0.2806834233333338
5920,mp-6638,-0.6016120585714292
5921,mp-541214,-1.7055220741250003
5922,mp-7858,-3.4572803774999983
5923,mp-769229,-2.532796064090908
5924,mp-30893,-1.0474375821428623
5925,mp-866110,-0.20701202249999806
5926,mp-567207,-0.2585777273333306
5927,mp-769464,-3.2055855203136976
5928,mp-27761,-3.5652380850000003
5929,mp-758337,-2.855925476314286
5930,mp-24662,-0.3244338554411762
5931,mp-11453,-0.8964716100000025
5932,mp-27425,-2.1146129774999993
5933,mp-706670,-1.436446337272727
5934,mp-553278,-3.006239250639204
5935,mp-774258,-2.8906212690145505
5936,mp-560875,-2.1689745777444442
5937,mp-23326,-2.5615167736363635
5938,mp-768812,-2.4172048124074075
5939,mp-865164,-0.08946806499999926
5940,mp-774355,-2.3986325643333335
5941,mp-31488,-2.7170967846874996
5942,mp-30852,-0.49484625518518516
5943,mp-767521,-2.3107847720056776
5944,mp-976155,-0.9560967629166646
5945,mp-557232,-2.2986236137083336
5946,mp-9856,-1.6115635493902676
5947,mp-8743,-0.7371078212499977
5948,mp-762279,-3.3724588965246936
5949,mp-775287,-2.5233646203333335
5950,mp-29194,-0.8747453294773696
5951,mp-862601,-0.3551194683333326
5952,mp-779059,-2.7970949454901963
5953,mp-555704,-2.398526329791667
5954,mp-765256,-2.4142045859523806
5955,mp-5416,-1.7952078387670618
5956,mp-776006,-2.40960435327381
5957,mp-2226,-0.9281805375000012
5958,mp-759874,-2.2694723936369043
5959,mp-7594,-3.0046333844971267
5960,mp-6013,-0.9685262467447915
5961,mp-675554,-1.230867703928571
5962,mp-604964,-0.9198096030733085
5963,mp-707095,-2.5258947081250005
5964,mp-754761,-3.59542025607143
5965,mp-974565,0.41184229672618855
5966,mp-29550,-2.7018315462500007
5967,mp-554206,-2.500848698408488
5968,mp-3595,-0.19129557750000004
5969,mp-545659,-2.8251768061666667
5970,mp-569532,-0.5649003063690472
5971,mp-1483,-0.8000810787500008
5972,mp-27947,-0.42160194595237954
5973,mp-755353,-3.1527415326190473
5974,mp-680690,-1.569322291750001
5975,mp-554328,-1.7339570481465518
5976,mp-27292,-2.135548649558822
5977,mp-541852,-0.10455105000000167
5978,mp-693682,-3.0937590464919067
5979,mp-570423,-1.9066669416071444
5980,mp-619775,-1.329865968636364
5981,mp-540881,-1.3209108730795034
5982,mp-571458,-1.021950393500002
5983,mp-1017447,-1.1727622385000012
5984,mp-676591,-2.8410155502824868
5985,mp-686042,-2.126864173076923
5986,mp-559366,-1.1305412211607138
5987,mp-21656,-0.726053365924598
5988,mp-12901,-0.5863420611111102
5989,mp-779314,-2.327800102755951
5990,mp-862630,-0.08701416937500284
5991,mp-21077,-0.7774648062500003
5992,mp-998979,-0.0298378141666662
5993,mp-616135,-0.4357826985112215
5994,mp-567371,-0.7205221348888888
5995,mp-973136,-2.2906269146666665
5996,mp-578628,-2.0333507299999996
5997,mp-865514,-0.6816236487499978
5998,mp-697797,-2.512045959327731
5999,mp-758054,-1.944523644166666
6000,mp-24075,-2.244273694107142
6001,mp-18744,-3.113661218499999
6002,mp-972657,-0.6036777862500005
6003,mp-755414,-1.6422621560416655
6004,mp-6496,-1.788666265531609
6005,mp-864999,-0.8725378233333307
6006,mp-23059,-1.888469903333333
6007,mp-12060,-0.8463998224999983
6008,mp-8188,-3.093135745562499
6009,mp-3887,-0.7052411462500009
6010,mp-2423,-1.6763183639062547
6011,mp-770833,-2.336329271666666
6012,mp-541368,-1.822846709102569
6013,mp-27669,0.08083673916406156
6014,mp-4394,-2.9552872180302994
6015,mp-558106,-0.606163464012606
6016,mp-29066,-0.3213371253124997
6017,mp-776461,-2.8128786291666663
6018,mp-706910,-1.9965081080208327
6019,mp-582767,-1.8504077397916656
6020,mp-4815,-1.0708560823333322
6021,mp-976407,0.1806265768749995
6022,mp-7976,-2.9796423343750016
6023,mp-640118,-0.29189903624999936
6024,mp-6336,-2.546880178577879
6025,mp-571258,-1.0856357442307685
6026,mp-22444,-0.40036144232936505
6027,mp-764547,-2.2680882540151512
6028,mp-558206,-3.083181360881249
6029,mp-767208,-0.22593084736150681
6030,mp-759289,-2.4929030506613747
6031,mp-391,-0.5812863116666662
6032,mp-567443,-0.7216154614492754
6033,mp-42054,-3.129271671233333
6034,mp-30359,-0.3500561933333349
6035,mp-13654,-0.9369433720000074
6036,mp-21116,-0.5707676369999988
6037,mp-768476,-1.2996422271874994
6038,mp-850364,-2.1402628791666665
6039,mp-975390,0.21772340812500013
6040,mp-619791,-2.3007771421875
6041,mp-30282,-1.7778815228571427
6042,mp-755071,-2.0200348016666667
6043,mp-5905,-3.6812032614285712
6044,mp-8365,-0.5281828934913779
6045,mp-21500,-0.47007365000000334
6046,mp-768166,-0.9861611582291712
6047,mp-3555,-0.9994050800000013
6048,mp-27413,-0.504240016913918
6049,mp-6903,-3.3623642405919525
6050,mp-27342,-2.4986737547058815
6051,mp-773359,-2.1507721858333335
6052,mp-722860,-1.8574455816328603
6053,mp-541114,-3.280319894250001
6054,mp-542038,-3.7295415401470584
6055,mp-631480,1.2225166662500007
6056,mp-676325,-1.765678220238097
6057,mp-753903,-2.0111917903030303
6058,mp-554542,-3.4145471484166676
6059,mp-867909,-0.6000478612499984
6060,mp-1179,-0.32757857194444523
6061,mp-21901,-0.3410104986111122
6062,mp-675118,-4.254853682931033
6063,mp-762266,-2.231134840151515
6064,mp-772521,-2.445641585
6065,mp-961690,0.2746831583002229
6066,mp-19452,-2.6017271470748304
6067,mp-773100,-2.9274190575000016
6068,mp-755610,-3.092502083333333
6069,mp-972411,0.03630212125000298
6070,mp-4304,-0.8232309699999973
6071,mp-862945,-1.3133058668750017
6072,mp-22935,-1.9528160232183909
6073,mp-4720,-0.4608305791666665
6074,mp-684502,-2.312732458761905
6075,mp-16773,-2.9186639329160045
6076,mp-38843,-3.3821137905185177
6077,mp-626112,-1.1142677086607147
6078,mp-1910,-0.34413840833333253
6079,mp-753848,-1.1124665361904766
6080,mp-542054,-1.6276102612438441
6081,mp-764741,-2.244240837751937
6082,mp-10985,-0.6152740595833327
6083,mp-571443,-0.29218654299999824
6084,mp-11525,-0.4979065900000039
6085,mp-781080,-1.7105195704166658
6086,mp-686086,-0.43600642375000415
6087,mp-20708,-0.5483744554761886
6088,mp-26835,-2.443650985733083
6089,mp-632402,-3.816355449393939
6090,mp-631532,0.4167823083333331
6091,mp-22542,-0.5580291750000057
6092,mp-554615,-2.9251457596289683
6093,mp-768908,-3.165496117333332
6094,mp-1018942,-0.43304568555555534
6095,mp-559822,-3.187253551733334
6096,mp-752895,-2.6128197475
6097,mp-8039,-3.8586870412500005
6098,mp-674361,-2.8894612342666677
6099,mp-762292,-2.45755789754386
6100,mp-1007693,-0.1638579074999882
6101,mp-631336,0.6505071599999992
6102,mp-775190,-2.2168181561904774
6103,mp-864906,-0.3313009074999984
6104,mp-756897,-2.000623767638888
6105,mp-18812,-3.1752927812500005
6106,mp-982448,0.03813375937500041
6107,mp-24001,-2.3549776551367865
6108,mp-27295,-2.786944513953489
6109,mp-768094,-2.2391406087417898
6110,mp-567271,-0.257738349583326
6111,mp-20647,-0.7730081049999967
6112,mp-766664,-2.5030343848809533
6113,mp-23942,-1.7729738619126978
6114,mp-39387,-3.409136437090909
6115,mp-30526,-0.18574687703148499
6116,mp-975463,-2.226777475
6117,mp-674297,-1.353750147275862
6118,mp-996942,-0.9320697473333333
6119,mp-3248,-2.844339936527779
6120,mp-19996,-3.4188992390000004
6121,mp-753306,-3.879947882499996
6122,mp-156,0.01936170500000145
6123,mp-974603,-1.6436407558333344
6124,mp-775442,-2.05714438547619
6125,mp-765484,-1.4799112675307886
6126,mp-557933,-3.2594026877777784
6127,mp-1013849,-1.8134784629999998
6128,mp-557049,-0.8858759719999991
6129,mp-5152,-3.7784762018749998
6130,mp-1008929,0.0780509674999994
6131,mp-540292,-2.4514059016220227
6132,mp-31417,-3.7456433427121225
6133,mp-6244,-1.23645850658854
6134,mp-37070,-2.292050788333332
6135,mp-763950,-2.5587822072222224
6136,mp-29861,-1.2335747530220291
6137,mp-774714,-2.522000160663265
6138,mp-561270,-1.3058958576923072
6139,mp-20911,-0.3988872126190479
6140,mp-5080,-0.24260706999999984
6141,mp-196,-0.42809385035714137
6142,mp-559375,-1.6563798708035917
6143,mp-998398,-1.047631763333333
6144,mp-864922,-0.41613972875000016
6145,mp-541612,-2.3291283956896556
6146,mp-706995,-0.674109861693548
6147,mp-628768,-0.5996840966666608
6148,mp-676684,-3.208372448000001
6149,mp-971844,-0.31004535472222966
6150,mp-22682,-0.6045200566666674
6151,mp-767393,-3.056304059817351
6152,mp-31011,-0.9596104779999998
6153,mp-29483,-1.4748971498333319
6154,mp-1018819,-0.31572783527777776
6155,mp-770494,-1.5104712864285712
6156,mp-9460,-0.04292280300000044
6157,mp-1084,-0.2255286780769235
6158,mp-555472,-3.116680973834154
6159,mp-6094,-3.374635929583333
6160,mp-775285,-1.2838733449404762
6161,mp-542724,-3.5581928091666675
6162,mp-705333,-2.4707486783432544
6163,mp-559493,-1.4081958891726187
6164,mp-3521,-3.228677522590996
6165,mp-29156,-1.1911929105198453
6166,mp-972542,-0.5651232795833367
6167,mp-999318,0.026048007500001802
6168,mp-976405,0.32038161086206784
6169,mp-1020613,-1.6423773769999983
6170,mp-7790,-1.4334219290277777
6171,mp-20114,-0.5009609959770138
6172,mp-13744,-1.8299430271428558
6173,mp-568247,-0.7942506437499972
6174,mp-776005,-1.7657390303333336
6175,mp-977364,-0.4132828532812596
6176,mp-558769,-4.047624774715255
6177,mp-975170,-0.21248978625000864
6178,mp-13974,-3.4005203564687476
6179,mp-865125,-0.6831364531249982
6180,mp-10418,-1.864373579375
6181,mp-770416,-3.3098719263425918
6182,mp-974768,0.19157399000000006
6183,mp-2721,-3.6889471109999996
6184,mp-9473,-0.7742038698571421
6185,mp-540942,-2.6683524388083333
6186,mp-755713,-2.9896756146666674
6187,mp-6287,-0.41923352590000035
6188,mp-30426,-0.5109697500000014
6189,mp-975236,-0.8889363144999998
6190,mp-29417,-1.9580637254137905
6191,mp-976126,0.620991614687501
6192,mp-1994,-1.084847615000001
6193,mp-9573,-0.3796838329597711
6194,mp-756296,-3.644023935166667
6195,mp-851,-0.9603271716666697
6196,mp-770386,-2.538269037680624
6197,mp-10219,-4.196186996666667
6198,mp-669347,-2.35601416845
6199,mp-20875,-0.7443161044444397
6200,mp-9437,-0.4020708866666685
6201,mp-21372,-2.2273166961607123
6202,mp-10731,-2.9880088001666665
6203,mp-669521,-2.15878320365942
6204,mp-29704,-1.8032474931650242
6205,mp-570298,-0.6094389680000034
6206,mp-773510,-2.269430502380953
6207,mp-973528,0.26478334115625035
6208,mp-13541,-3.1848742784848483
6209,mp-558469,-0.24570019716703465
6210,mp-7784,-1.7273867954166662
6211,mp-33551,-1.6385234959523811
6212,mp-560921,-2.194514815352665
6213,mp-6493,-3.360924786785714
6214,mp-777477,-2.7736975197222216
6215,mp-558065,-2.4978299786943152
6216,mp-866696,-2.195395254375
6217,mp-13283,-2.3802718929999997
6218,mp-5109,-0.6881894820000014
6219,mp-568771,-0.622559889705883
6220,mp-22767,-0.47452015499999806
6221,mp-22994,-1.384245133666667
6222,mp-974068,0.07731056187500229
6223,mp-7656,-1.805002025939655
6224,mp-644481,-3.2404897350000006
6225,mp-705900,-2.074633520045076
6226,mp-12710,-0.674469673888891
6227,mp-721249,-2.494364972304762
6228,mp-580930,-0.7950263756249987
6229,mp-16984,-2.6381719445454546
6230,mp-975079,-0.10375533112068958
6231,mp-30550,-0.3296978980000025
6232,mp-772025,-2.3295878804393926
6233,mp-625812,-1.0380172100000002
6234,mp-558195,-3.2787234781944434
6235,mp-556030,-2.4497540156249995
6236,mp-684768,-3.412713637000001
6237,mp-773061,-3.3225880956770837
6238,mp-560624,-2.561572092727832
6239,mp-17344,-1.4692030799999998
6240,mp-29459,-1.4475684326785714
6241,mp-752429,-2.4558159716666688
6242,mp-943462,-1.9150350907870386
6243,mp-1619,-0.36752021785714106
6244,mp-765705,-2.3709525143842365
6245,mp-554605,-2.062817200625
6246,mp-761036,-1.3100962353906234
6247,mp-631301,0.7496155531746022
6248,mp-763353,-1.844316200833332
6249,mp-776076,-3.3650933417499997
6250,mp-669471,-0.09765259181818209
6251,mp-762311,-0.7265957903124995
6252,mp-559094,-0.9977723154166667
6253,mp-752724,-3.8086840847916665
6254,mp-19214,-3.147866788333333
6255,mp-554159,-2.964120770208333
6256,mp-755652,-3.8607882133939366
6257,mp-13470,-0.45038248250000096
6258,mp-29187,-0.3133490452040815
6259,mp-2648,-1.3293706066666633
6260,mp-23526,-1.083207109958335
6261,mp-758840,-2.4708415390151095
6262,mp-27583,-2.8504518415142717
6263,mp-19376,-2.918284943752874
6264,mp-569427,-1.043067210780092
6265,mp-965,-0.608675188333334
6266,mp-556125,-2.1835397440250413
6267,mp-774810,-2.492271209056123
6268,mp-772748,-2.8463147497142853
6269,mp-776726,-3.084364303833334
6270,mp-1019511,-3.095414375357142
6271,mp-568747,-0.7006981323874996
6272,mp-24563,-2.037924505157563
6273,mp-2157,0.10872505875000016
6274,mp-5737,-1.60526750890625
6275,mp-569218,-0.3431717706249988
6276,mp-580589,-2.5000453540689653
6277,mp-556051,-2.0763890654166652
6278,mp-34891,-1.7073378213394337
6279,mp-2988,-0.48710504104166663
6280,mp-34770,-2.1791949401785757
6281,mp-8953,-1.2831765058333373
6282,mp-27262,-0.6556539261363681
6283,mp-600033,-3.2587295361111117
6284,mp-22817,-0.5859819597999987
6285,mp-20680,-1.224334623571431
6286,mp-981384,0.09903331625000078
6287,mp-765230,-2.977491400555556
6288,mp-793,-0.5542452931250015
6289,mp-975838,0.5412564908749999
6290,mp-570775,-0.7227073774999999
6291,mp-780897,-2.18936479285807
6292,mp-683949,-1.1497726675892856
6293,mp-754779,-1.3751915648611106
6294,mp-8999,-0.6376841447619057
6295,mp-733653,-2.724018262368422
6296,mp-769778,-2.538643234259259
6297,mp-541041,-2.7115141339021154
6298,mp-973738,-1.0106709258333333
6299,mp-2053,-0.34550683750000033
6300,mp-8062,-0.3057778925000001
6301,mp-570306,-0.849844910972226
6302,mp-559663,-2.9896298625925932
6303,mp-862702,-0.38885600062500103
6304,mp-974861,-1.20204872342912
6305,mp-971979,-0.37458726250000396
6306,mp-999441,0.2867424774999989
6307,mp-560120,-1.091131615408349
6308,mp-771387,-2.1310742489090377
6309,mp-622105,-2.1882570089743583
6310,mp-19475,-2.884990487254901
6311,mp-633099,-1.8081350131818177
6312,mp-766034,-1.8465381596551733
6313,mp-559722,-0.7589517222115402
6314,mp-771317,-2.5981693270987654
6315,mp-1113,-0.24568312916666457
6316,mp-9071,-0.6898967597435899
6317,mp-8267,-0.9572971788785651
6318,mp-510661,-1.4743499513461547
6319,mp-9625,-2.9465851014965985
6320,mp-631388,0.622512745477645
6321,mp-707775,-2.293330449851448
6322,mp-555349,-3.2775912614583356
6323,mp-865234,-0.3442264143333347
6324,mp-15706,-0.5605418896875012
6325,mp-764595,-2.294211682806514
6326,mp-759786,-3.3284096108788326
6327,mp-16958,-0.8108710309920658
6328,mp-19763,-0.6486200240000024
6329,mp-561,-0.9978607266071435
6330,mp-17128,-2.9250557466607368
6331,mp-861909,-0.35746503937499874
6332,mp-1009483,0.9701725316666661
6333,mp-1018020,-0.37278645658854126
6334,mp-28921,-0.5582132001692734
6335,mp-4022,-0.8617908279999981
6336,mp-758265,-2.104887682592588
6337,mp-684591,-3.3011647952500005
6338,mp-978099,-2.9667078090025427
6339,mp-722246,-1.9377144820238092
6340,mp-33667,-2.0890929599999994
6341,mp-583684,-0.15627476333333354
6342,mp-30433,-0.681184819000002
6343,mp-541448,-1.0366694399999987
6344,mp-769511,-2.3863766182212642
6345,mp-16596,-3.081576141160257
6346,mp-643727,-1.2369773840624996
6347,mp-695955,-1.3387727691732807
6348,mp-771977,-2.8586232129166667
6349,mp-603633,-1.8391363953061233
6350,mp-21495,-0.557252527380952
6351,mp-672341,-3.683017185357142
6352,mp-568021,-0.4309181769999995
6353,mp-7206,-1.5259704811111163
6354,mp-29332,-1.2831919528571416
6355,mp-983583,-0.303155337499998
6356,mp-570557,-0.0744627054166666
6357,mp-22902,-0.4151564158333336
6358,mp-755592,-2.3948322001944433
6359,mp-643385,-2.0238944984375005
6360,mp-20582,-0.6487694074999979
6361,mp-8950,-1.1789072233333353
6362,mp-15442,-0.9112089370370365
6363,mp-754140,-2.2851010909687517
6364,mp-1007857,0.12453846500000054
6365,mp-1148,-0.5191005466666638
6366,mp-689940,-2.088793268690478
6367,mp-541937,-0.7462561203826498
6368,mp-1018694,-0.6621560427777785
6369,mp-976948,0.5097134040625004
6370,mp-755805,-1.9824641742857128
6371,mp-764909,-2.512404395139006
6372,mp-583234,-0.16186584400000542
6373,mp-971941,-0.16911967499999925
6374,mp-28705,-0.6132523613888891
6375,mp-766175,-2.5197825752579366
6376,mp-866025,-0.5685817830706067
6377,mp-38089,-1.6422256167616187
6378,mp-770199,-2.391588839431217
6379,mp-557911,-3.192612444444444
6380,mp-31301,-0.2823388860416647
6381,mp-13039,-2.4236812635714315
6382,mp-4967,-2.396851434166665
6383,mp-39412,-2.7620745470862063
6384,mp-7941,-2.1320907020512823
6385,mp-19035,-2.1022565076666653
6386,mp-772528,-1.7210616045862075
6387,mp-697180,-0.07422344041666484
6388,mp-974432,0.5538399125000026
6389,mp-558539,-2.453567828394397
6390,mp-773024,-3.146191273802083
6391,mp-769365,-1.3072955095572911
6392,mp-1175,-1.1801481721093747
6393,mp-29936,-1.0153931541666692
6394,mp-972320,-0.4835038631944452
6395,mp-865014,-0.07005457499999916
6396,mp-777082,-2.377536913088624
6397,mp-568,-0.408970595555554
6398,mp-760402,-2.3872927062222224
6399,mp-16644,-0.8655565655555537
6400,mp-540949,-3.2635678793333343
6401,mp-580155,-0.47692993835497854
6402,mp-977382,-0.3139983324166664
6403,mp-16819,-1.6326734050833338
6404,mp-6880,-1.912244272222222
6405,mp-866094,-0.19679169749999836
6406,mp-677093,-0.832997405476189
6407,mp-697806,-1.6807464488509323
6408,mp-983365,-0.021142629687499692
6409,mp-772141,-1.9374404177500004
6410,mp-28730,-1.2371757783854171
6411,mp-27741,-0.2648358805555529
6412,mp-5792,-0.45146605874999857
6413,mp-567478,-0.5600307245237068
6414,mp-19965,-3.2067343679499984
6415,mp-17323,-2.80553174632353
6416,mp-17325,-0.620258596874999
6417,mp-756721,-1.6321654350985193
6418,mp-697815,-2.103953685389611
6419,mp-752420,-4.287512381470588
6420,mp-763248,-2.0670602458823537
6421,mp-998151,-2.187154794666668
6422,mp-2653,-1.3182748731250022
6423,mp-554704,-2.7624703058407745
6424,mp-767945,-1.693552856696429
6425,mp-570610,-0.8268369065641016
6426,mp-755428,-1.471404287500001
6427,mp-2983,-1.0379808983503402
6428,mp-29910,-1.9786053713636362
6429,mp-542115,-1.017421652158204
6430,mp-571216,-0.5001967333333326
6431,mp-30668,-0.23880907662500306
6432,mp-776641,-1.4772543431896552
6433,mp-30840,-0.6144632066666702
6434,mp-568029,-0.39742051613636353
6435,mp-570245,-0.6563462725000001
6436,mp-561424,-3.647770959541667
6437,mp-975050,0.8572649243749999
6438,mp-4376,-4.043544049642857
6439,mp-1001837,0.19826044601190773
6440,mp-16234,-0.58239625405711
6441,mp-557853,-1.452971211319445
6442,mp-972751,0.5275526387499987
6443,mp-9668,-2.147024222314816
6444,mp-30292,-2.03018731329861
6445,mp-569168,-1.2376389456130266
6446,mp-10898,-0.6274300212499995
6447,mp-769045,-3.1683676988333342
6448,mp-621852,-0.6590012285000014
6449,mp-2093,-0.1877412187499985
6450,mp-209,-2.1738531932708325
6451,mp-19172,-2.3618496547708325
6452,mp-767572,-2.933570659324713
6453,mp-581736,-0.8146155849999985
6454,mp-19189,-1.607684705380681
6455,mp-26390,-2.844751375966387
6456,mp-996979,-1.7076398941666642
6457,mp-31452,-0.3079247500000015
6458,mp-20146,-0.5689627439999996
6459,mp-780440,-2.350852942665229
6460,mp-867287,-0.4581023866666669
6461,mp-865232,-0.18658769750000204
6462,mp-1018141,0.17763013666666674
6463,mp-766023,-2.586342292982456
6464,mp-560936,-3.115939426637931
6465,mp-974038,-0.056308182857139046
6466,mp-769073,-2.9860913179445707
6467,mp-559068,-1.3998115159573934
6468,mp-11974,-0.9031449805555588
6469,mp-560098,-1.8336508283333235
6470,mp-28395,-0.3262236497108851
6471,mp-765721,-2.262387023701149
6472,mp-569346,-0.33453556833333176
6473,mp-781613,-1.4589435936904758
6474,mp-17650,-1.2927190064999987
6475,mp-632692,-2.34921354127619
6476,mp-769460,-1.9619381172352217
6477,mp-560468,-1.8146400828571427
6478,mp-775335,-2.109076540119047
6479,mp-22758,-0.8008096099999988
6480,mp-28534,-1.824617550333334
6481,mp-3731,-2.899517651666666
6482,mp-569267,-0.8546726594999996
6483,mp-759882,-0.7181428556089753
6484,mp-16795,-4.031178039285714
6485,mp-541569,-1.0581757104833336
6486,mp-865808,-0.47049519608333057
6487,mp-631546,0.8453412447777803
6488,mp-17987,-3.4434415894623642
6489,mp-13435,-0.3883306591666666
6490,mp-1649,-0.07291882749999878
6491,mp-2324,-0.3952124038888864
6492,mp-673023,-2.533631231772487
6493,mp-752888,-2.3140231639583337
6494,mp-583553,-1.3883896355952392
6495,mp-631502,0.40069030875000067
6496,mp-6962,-0.7519927030000005
6497,mp-756912,-2.3766995583333332
6498,mp-604459,-2.3158437578070177
6499,mp-12678,-0.13131666043295334
6500,mp-557900,-1.9032218853571428
6501,mp-560297,-3.1945872472708343
6502,mp-607,-0.2821043816666619
6503,mp-510099,-0.1396743726923065
6504,mp-31739,-2.546215657011905
6505,mp-16184,-0.8198785858854181
6506,mp-505815,-1.8191139642537717
6507,mp-766881,-1.2049967805921054
6508,mp-973920,-2.6863378481111115
6509,mp-13074,-0.4064118277777698
6510,mp-569813,-0.43229448250000196
6511,mp-568336,-0.9409387188333298
6512,mp-866062,-0.799965855
6513,mp-971891,-0.3881260274999998
6514,mp-552056,-1.4644022879999994
6515,mp-672339,-0.2275167681728791
6516,mp-684503,-2.50068604587585
6517,mp-1006132,-0.03981742250000764
6518,mp-753649,-2.7538005566341983
6519,mp-769036,-1.3705181527192976
6520,mp-1019108,-0.6672801233333345
6521,mp-607990,-0.7334071536111095
6522,mp-3503,-0.9521768727272734
6523,mp-8177,-1.7027978508333355
6524,mp-23508,-1.6947219500000001
6525,mp-634434,-0.4180774030258618
6526,mp-561356,-3.0063605170425762
6527,mp-772417,-2.0683527708333336
6528,mp-643,-4.36779017333333
6529,mp-567598,-0.9121505640909032
6530,mp-769533,-2.518501732213099
6531,mp-541754,-0.4882426986111123
6532,mp-600154,-1.4845090086851855
6533,mp-20405,-0.269418501428571
6534,mp-24058,-2.162864122314816
6535,mp-754184,-3.6955496079999994
6536,mp-5679,-1.82365355375
6537,mp-14001,-0.9948720494444458
6538,mp-37501,-0.015232855166664904
6539,mp-758070,-1.8324889922470238
6540,mp-760690,-1.9693960362222223
6541,mp-1719,-1.6748510637499976
6542,mp-631533,1.8847966298412615
6543,mp-628951,-2.5769437491758245
6544,mp-12846,-0.5852841283333348
6545,mp-675426,-4.18312217897436
6546,mp-764559,-2.2642499626515145
6547,mp-756432,-1.9159368933333336
6548,mp-559702,-3.333508415615384
6549,mp-558226,-1.2689445127777779
6550,mp-5688,-0.651195774
6551,mp-763194,-2.4175779020480666
6552,mp-569788,-0.24967411166666645
6553,mp-19867,-0.9375004945833325
6554,mp-570561,-0.6758494286666632
6555,mp-865793,-0.5495435108333329
6556,mp-558831,-2.2765922624583332
6557,mp-23803,-1.8842076659374998
6558,mp-1878,-0.17547948321428614
6559,mp-553977,-2.4412341618194446
6560,mp-623087,-0.5111344814215684
6561,mp-757325,-2.8083045501870743
6562,mp-769287,-2.0103958154166666
6563,mp-557055,-1.000060060416666
6564,mp-999130,-0.435747960833333
6565,mp-770209,-2.728034570972223
6566,mp-680677,-0.1499195775000004
6567,mp-977535,-0.33059408583333116
6568,mp-18901,-1.4053438477380962
6569,mp-1018160,-1.7272287331250027
6570,mp-770703,-2.069703236203703
6571,mp-767304,-2.924201613799489
6572,mp-19955,-0.07822026500000163
6573,mp-569748,-0.4978285339999985
6574,mp-559257,-1.1464252671666664
6575,mp-36223,-2.323321349047618
6576,mp-14216,-1.9100771963157885
6577,mp-760819,-1.7335726879629623
6578,mp-558042,-1.7251807893750002
6579,mp-5488,-2.061352058749999
6580,mp-24092,-0.7383978058333321
6581,mp-862898,-0.6538971368749937
6582,mp-27484,-0.8140924155555626
6583,mp-560165,-1.3631298192857142
6584,mp-558198,-2.032487770981432
6585,mp-17894,-1.354177886198979
6586,mp-771495,-1.8279685272681332
6587,mp-1007819,0.3538175716666636
6588,mp-4364,-0.31061607437499994
6589,mp-862937,-0.34405693312500096
6590,mp-979939,0.44268977624999195
6591,mp-2580,-0.8092043887500004
6592,mp-9324,-0.8111519632758595
6593,mp-865796,-0.6920993941666644
6594,mp-505121,-0.6986142636398489
6595,mp-5065,-3.3768698634375003
6596,mp-769604,-2.3224837218394914
6597,mp-774749,-2.643367490971423
6598,mp-24354,-1.0383343133398446
6599,mp-643702,-0.2995328000239468
6600,mp-570530,-1.2364957982427045
6601,mp-18972,-2.9606349314285723
6602,mp-19310,-1.0488458515517245
6603,mp-567653,-0.41299813285714243
6604,mp-413,-0.9250981203174623
6605,mp-14817,-2.8222259851190463
6606,mp-780243,-2.2120308081666678
6607,mp-24341,-0.20423279668103547
6608,mp-762307,-3.962195683250002
6609,mp-32531,-2.8205224225000003
6610,mp-554185,-3.1061970447321428
6611,mp-29400,-1.6452707609310344
6612,mp-720712,-0.5302466653947375
6613,mp-674355,-0.7107473778571419
6614,mp-16929,-1.4755299704999998
6615,mp-1017509,-0.26005051437500093
6616,mp-2898,-1.4662158792857096
6617,mp-11651,-1.5457810287500025
6618,mp-7283,-0.6274805885000007
6619,mp-759926,-2.899257620075757
6620,mp-621092,0.03837031242424225
6621,mp-5777,-3.492277977666666
6622,mp-557016,-0.9902109741190461
6623,mp-698690,-2.36128471450431
6624,mp-34011,-2.3657320466071092
6625,mp-764512,-2.2742944595555556
6626,mp-11738,-1.4930934389100972
6627,mp-17666,-3.0918860211363466
6628,mp-759235,-2.434658257083334
6629,mp-27442,-1.0003969310000003
6630,mp-505001,-1.8052502713888883
6631,mp-762501,-1.364188243571429
6632,mp-976793,-0.37410183833333477
6633,mp-773192,-2.7203049926470575
6634,mp-976847,-0.08220966250000039
6635,mp-24741,-1.52656504859375
6636,mp-7703,-3.7336660264999986
6637,mp-755026,-2.371595123181819
6638,mp-972640,-0.33158715916666415
6639,mp-778729,-2.536754208199234
6640,mp-642740,-0.5114048326652304
6641,mp-26675,-2.48752887260582
6642,mp-780569,-3.205701243333334
6643,mp-556047,-1.040416694449999
6644,mp-19284,-0.7995898191666662
6645,mp-557103,-2.528180391225491
6646,mp-16531,-2.049230424722222
6647,mp-530953,-3.769406522291666
6648,mp-631440,0.8968141258333256
6649,mp-867932,-0.7701477490000002
6650,mp-570791,-0.3058256272368432
6651,mp-1565,-3.757945188333334
6652,mp-541750,-1.747215950715517
6653,mp-540578,-2.0410873020443345
6654,mp-6037,-3.0407220915
6655,mp-774245,-1.975029003180077
6656,mp-541025,-1.6924867901639342
6657,mp-754211,-3.5984850914285715
6658,mp-540439,-2.467611273989201
6659,mp-554819,-1.6366722830272102
6660,mp-30439,-0.1994557158275864
6661,mp-3579,-0.960272645781251
6662,mp-758829,-3.3131002515909085
6663,mp-553907,-1.1278364728819439
6664,mp-767636,-2.270245924885058
6665,mp-17037,-3.1350080442222237
6666,mp-770686,-2.702623713994253
6667,mp-634751,-0.7997319708333327
6668,mp-861978,-0.7476996806249954
6669,mp-18469,-3.1184218451623367
6670,mp-777151,-2.6804928773333336
6671,mp-11606,-1.902475528406248
6672,mp-11547,-0.726733002222223
6673,mp-19997,-0.3662188808333351
6674,mp-1019740,-0.8275218715625012
6675,mp-31163,-0.891101538333333
6676,mp-571363,-1.2266864750000035
6677,mp-758731,-2.5210936278061227
6678,mp-557130,-1.4697520819270835
6679,mp-861595,-0.22915599866666697
6680,mp-769636,-1.7715592142982448
6681,mp-775131,-2.17018867389881
6682,mp-936,-0.12306363999999803
6683,mp-9425,-2.29533932625
6684,mp-779435,-1.688578933928571
6685,mp-10904,-1.1310158500000007
6686,mp-554160,-2.4040318565654757
6687,mp-32927,-3.5018293296666663
6688,mp-767679,-2.2928831166163786
6689,mp-505700,-1.13291374277604
6690,mp-504946,-2.766302109455783
6691,mp-998762,-2.5955563612528705
6692,mp-555699,-1.4878244047499998
6693,mp-758259,-2.175919673452381
6694,mp-28126,-0.7841297337380949
6695,mp-978279,0.010343071249999447
6696,mp-865867,-0.3240808433333342
6697,mp-23355,-1.0039595611904637
6698,mp-556442,-2.0683455813636376
6699,mp-761568,-1.4517935991666668
6700,mp-621964,-1.1545184162901785
6701,mp-769624,-1.4744007839999995
6702,mp-504457,-3.5057649042500003
6703,mp-570816,-0.4638048984374956
6704,mp-3706,-0.7903124863095227
6705,mp-676036,-1.1231053457142843
6706,mp-568914,-1.7532491471666656
6707,mp-530850,-2.774847067601851
6708,mp-756458,-3.7633603204999977
6709,mp-1019589,-3.810555288749999
6710,mp-540950,-3.4044608436444452
6711,mp-11718,-2.8729893312499994
6712,mp-866314,-1.3816264341176474
6713,mp-20335,-0.8121053025246306
6714,mp-13853,-0.7332847372321432
6715,mp-773197,-1.6946304437719293
6716,mp-7124,-1.2916623524999977
6717,mp-2964,-1.2261921065948274
6718,mp-6793,-3.1903301794444445
6719,mp-972238,-0.5512849641666655
6720,mp-573376,-1.817586091666667
6721,mp-755340,-3.389087203135415
6722,mp-753783,-2.0132016693333328
6723,mp-3583,-1.6281520479999982
6724,mp-864661,-0.4042525499999994
6725,mp-22735,-0.6472885424999978
6726,mp-38685,-2.4821432099999994
6727,mp-764374,-2.8080495022260537
6728,mp-32383,-2.4876435654960307
6729,mp-779775,-2.917955947037038
6730,mp-31286,-0.5012231678125
6731,mp-581716,-0.4675963164285721
6732,mp-677192,-2.022221064910098
6733,mp-4135,-2.68106058217857
6734,mp-648072,-2.5864494667044333
6735,mp-541787,-0.1654236009090911
6736,mp-867178,-0.3041159916666656
6737,mp-1751,-1.0829929199999953
6738,mp-894,-0.5652836399999992
6739,mp-692,-0.41731169666666784
6740,mp-754505,-2.6618883631333348
6741,mp-22876,-1.1135194705387932
6742,mp-510367,-2.3522108017532464
6743,mp-18257,0.08109436999999957
6744,mp-780107,-2.5854111224680607
6745,mp-753611,-1.2095137049285711
6746,mp-623064,-1.7027979503846145
6747,mp-565692,-2.4581429913054516
6748,mp-1885,-1.0706027599999999
6749,mp-23571,-1.3028549630277786
6750,mp-17504,-0.9451046286111099
6751,mp-641010,-1.7384456116666658
6752,mp-775869,-2.2860137806060608
6753,mp-1016820,-1.8664681469999997
6754,mp-530546,-3.2556068341975313
6755,mp-570774,-0.46232112388888896
6756,mp-675379,-1.869384753047619
6757,mp-849545,-2.5446610701436794
6758,mp-974620,0.03639666375000006
6759,mp-760170,-1.881227906206896
6760,mp-1013830,-1.9915083155153943
6761,mp-679984,-1.3476151697718053
6762,mp-772635,-1.464917692658047
6763,mp-14386,-3.3210013442187503
6764,mp-10851,-3.263757990555557
6765,mp-774347,-2.1740625612250066
6766,mp-1019519,-1.4488419515948276
6767,mp-406,-0.5607400050000031
6768,mp-862750,-0.48099039624999973
6769,mp-12647,-3.566975817777776
6770,mp-558842,-3.6130215369797187
6771,mp-865176,-0.08826496249999938
6772,mp-772842,-2.122380988639846
6773,mp-673168,-2.5864463222222227
6774,mp-22019,-2.3266439730000004
6775,mp-22418,-0.5869383472727298
6776,mp-867193,-0.9549747737500027
6777,mp-2762,-0.8006966500000002
6778,mp-675892,-0.422141090714287
6779,mp-976118,-0.6051819095833336
6780,mp-753305,-3.047561937380952
6781,mp-758281,-2.6189089584246035
6782,mp-705861,-3.071719742968425
6783,mp-778748,-2.2410134137962965
6784,mp-707227,-1.831466239166666
6785,mp-1871,0.060147375000000856
6786,mp-2343,-0.1670987783333319
6787,mp-733581,-1.9780596257604166
6788,mp-23611,-2.7825485456904775
6789,mp-572833,-1.3641614150536594
6790,mp-30302,-1.8161050383333333
6791,mp-7288,-3.4087673845000004
6792,mp-1001827,1.220723241249999
6793,mp-865876,-0.7029357108333336
6794,mp-24073,-2.2098071605357155
6795,mp-974545,0.7425340274999996
6796,mp-11007,-1.0519848980327395
6797,mp-30986,-1.8603299907142856
6798,mp-560066,-2.256325136944444
6799,mp-2292,-3.8741430962500027
6800,mp-1018815,-1.0652850441666633
6801,mp-679975,-2.1636725294687498
6802,mp-971909,-0.31889551124999915
6803,mp-756553,-1.7837684923333335
6804,mp-865213,-1.1252727325000005
6805,mp-4789,-2.4712704253333406
6806,mp-5039,-2.685668052378569
6807,mp-774371,-2.9759964480662604
6808,mp-1020109,-2.9729691145701045
6809,mp-556689,-3.802127061988101
6810,mp-4759,-2.0862511285416527
6811,mp-9958,-0.8805467483333338
6812,mp-569871,-0.4452436255555633
6813,mp-623134,-0.21930670166666655
6814,mp-18743,-2.9013905242924314
6815,mp-1009827,0.16620096666666603
6816,mp-17334,-0.4484043540909087
6817,mp-18954,-2.983540803252874
6818,mp-752404,-2.4632591813636355
6819,mp-768402,-2.3946581941176475
6820,mp-1008999,-2.0206779420312486
6821,mp-27256,-1.711118435344827
6822,mp-28319,-0.41580178833333764
6823,mp-561474,-2.4309905013981483
6824,mp-11473,-0.0033331037500019534
6825,mp-985,-0.3008321500000015
6826,mp-7444,-0.514117671249998
6827,mp-703550,-2.144975024797619
6828,mp-28017,-2.8596225328778195
6829,mp-961713,-1.1673852016666662
6830,mp-510294,-2.472931554
6831,mp-775991,-2.161926772023809
6832,mp-16481,-0.5586570722222272
6833,mp-863708,-2.921963576199996
6834,mp-531530,-3.353518839999999
6835,mp-29288,-0.6864664226666679
6836,mp-35841,-0.3197511254166674
6837,mp-30176,-0.23289523666666412
6838,mp-4196,-0.6177511081250007
6839,mp-780121,-1.2211230558333324
6840,mp-766207,-3.5560670402000003
6841,mp-975341,0.002887337499999809
6842,mp-541986,-1.4338111372241384
6843,mp-772869,-3.179010143444444
6844,mp-367,-1.2260479450000008
6845,mp-769997,-3.6377991560714285
6846,mp-568855,-0.7782633984407471
6847,mp-8799,-1.2121177237931038
6848,mp-774859,-2.7611834328720235
6849,mp-21466,-2.5203998392857137
6850,mp-12433,-0.13195507736110793
6851,mp-775731,-1.7013588269736848
6852,mp-1009219,-1.0342734266666653
6853,mp-29717,-0.8251726423412686
6854,mp-14563,-2.4965008919435734
6855,mp-30303,-1.5692018181818215
6856,mp-18860,-2.765965153518519
6857,mp-771,-0.27228574396551775
6858,mp-21651,-0.5581275034374986
6859,mp-675942,-0.16089819666666605
6860,mp-555387,-3.1980533833333333
6861,mp-562394,-2.9463519568624945
6862,mp-541177,-3.252683904
6863,mp-17177,-2.7647865047222218
6864,mp-6562,-1.9530175465625006
6865,mp-770848,-2.238254834
6866,mp-18866,-2.640345206785715
6867,mp-714,-0.28562209600000016
6868,mp-28899,-0.22273587291667063
6869,mp-704189,-2.0830309474404762
6870,mp-28805,-0.6605015174358974
6871,mp-697111,-1.2800029933333334
6872,mp-571053,-0.2665459908333325
6873,mp-773918,-1.5994923509090921
6874,mp-706273,-1.1532327777249995
6875,mp-4649,-1.077457179335938
6876,mp-2284,-1.4690175297222208
6877,mp-758063,-2.8180975566774893
6878,mp-779973,-2.3867407277499977
6879,mp-12071,-0.5619415440625009
6880,mp-697253,-1.1951047790740736
6881,mp-558616,-2.845789504935064
6882,mp-349,-0.6674931537500015
6883,mp-721086,-1.5332850182970132
6884,mp-756804,-1.8966309165699409
6885,mp-31473,-0.23769597444444596
6886,mp-770887,-2.0604147837499993
6887,mp-30187,-1.7145790515686268
6888,mp-39288,-3.3130658790000007
6889,mp-4908,-0.5976583380000001
6890,mp-647813,-2.0674135809729095
6891,mp-36582,-0.8084177605208337
6892,mp-557019,-2.2814493831054685
6893,mp-975138,-2.0409458445000004
6894,mp-559933,-2.4767428106944447
6895,mp-585305,-2.5687424242274046
6896,mp-27887,-0.6559744659890109
6897,mp-568062,-1.6116100182812474
6898,mp-13271,-1.3003023369444453
6899,mp-31756,-2.48591545325
6900,mp-29232,-3.1636019660714285
6901,mp-22027,-0.17187131080459514
6902,mp-23752,-0.2979989499014794
6903,mp-1008555,-0.19345201249999988
6904,mp-21307,-3.079937876030378
6905,mp-652479,-2.545254627121598
6906,mp-12226,-2.902104047636124
6907,mp-18832,-2.797331468375
6908,mp-699403,-3.2423577491666657
6909,mp-676527,-1.6414206259807351
6910,mp-23038,-1.5827578839310383
6911,mp-6168,-1.0177748840208334
6912,mp-21878,-0.27375388402777645
6913,mp-997182,0.014401535000001076
6914,mp-697816,-2.372258544496337
6915,mp-632815,-2.519420708904762
6916,mp-973818,-2.244521940666665
6917,mp-20343,-1.0813436303448274
6918,mp-867887,-0.5488407323611106
6919,mp-773699,-1.7205269602976188
6920,mp-777472,-2.732477100138889
6921,mp-996980,-0.45604135291666736
6922,mp-22859,-0.44356670375000296
6923,mp-28276,-2.1993314745208354
6924,mp-14836,-3.082009341324869
6925,mp-1323,-3.8542737998437495
6926,mp-759030,-1.4205911666562503
6927,mp-626256,-1.0540013676562499
6928,mp-504806,-1.9075615027626258
6929,mp-935267,-2.424256888991227
6930,mp-754725,-2.270865616499999
6931,mp-1018784,-0.7783612054365067
6932,mp-10600,-0.2830682734999982
6933,mp-11568,-0.37424301416667083
6934,mp-1019529,-3.2479615535915505
6935,mp-20478,-0.7389298794444414
6936,mp-775025,-2.1579382193513954
6937,mp-2315,-0.0787114517187506
6938,mp-989645,-1.201808497250002
6939,mp-867220,-0.6387111583333382
6940,mp-20384,-0.770841540416666
6941,mp-621612,-1.0990943833333322
6942,mp-1046,-0.11715708833333356
6943,mp-768218,-2.7921031167757935
6944,mp-867306,-0.25772352000000076
6945,mp-982005,-0.03387159965517226
6946,mp-569333,-0.3955946533333332
6947,mp-21351,-0.4818838550000019
6948,mp-555909,-2.9369996674010417
6949,mp-642493,-0.7435239459090894
6950,mp-626083,-2.5590615675
6951,mp-769610,-3.4342318383055557
6952,mp-542545,-1.0221616776488975
6953,mp-29743,-3.629398166590907
6954,mp-505418,-1.4718860772643674
6955,mp-2629,-3.917592265263155
6956,mp-755835,-2.388447550740741
6957,mp-769394,-3.278819089977778
6958,mp-21124,-0.47832751861111333
6959,mp-559691,-3.4430584679166665
6960,mp-27821,-0.04616663662414818
6961,mp-11912,-2.6212972601379314
6962,mp-763941,-2.833672429865901
6963,mp-23202,-0.6524206583333321
6964,mp-849468,-1.6772867802380955
6965,mp-8180,-1.3867624986666656
6966,mp-764497,-2.1961626079960315
6967,mp-6591,-3.8757705592592595
6968,mp-704220,-2.306356226329365
6969,mp-6105,-3.0912862545013904
6970,mp-984762,0.7168820927011481
6971,mp-561550,-1.2012752898809513
6972,mp-758100,-2.160842623282312
6973,mp-971702,-0.36574908562499786
6974,mp-757800,-1.640395188333333
6975,mp-12826,-0.18058348636363517
6976,mp-19166,-2.2742021234090903
6977,mp-676473,-0.7467220494186043
6978,mp-781618,-2.5645944912547893
6979,mp-22044,-0.7621618180000042
6980,mp-779742,-1.4259413965805752
6981,mp-569806,-1.189826083997707
6982,mp-768663,-2.283334479549071
6983,mp-35236,-2.0103575599999988
6984,mp-5451,-0.4484186839999943
6985,mp-17988,-0.6575870217939236
6986,mp-974779,0.06624425562500846
6987,mp-9581,-0.7709506778571352
6988,mp-556771,-3.6057128311363638
6989,mp-753942,-2.2624793803333327
6990,mp-4079,-0.6796490030000001
6991,mp-759821,-2.3455823562499996
6992,mp-2930,-0.004132007381407732
6993,mp-19767,-0.6880297222222183
6994,mp-16480,-0.28178494340909827
6995,mp-1525,-1.571865663333332
6996,mp-13434,-0.19381255416666576
6997,mp-20131,-0.5224845400000007
6998,mp-7543,-1.3357500845833323
6999,mp-976122,0.28563934125000046
7000,mp-780421,-3.6398261900000013
7001,mp-865358,-0.3546317316666654
7002,mp-690508,-2.6596292920927196
7003,mp-644483,-0.4339768377499979
7004,mp-8411,-0.47684958437500136
7005,mp-510728,-0.23116641869555335
7006,mp-628782,-2.032018669523809
7007,mp-27700,-1.5204478536363617
7008,mp-13675,-0.9253138156249987
7009,mp-559608,-3.1829624022053573
7010,mp-11892,-2.673883322137931
7011,mp-867296,-2.323798486020409
7012,mp-631409,0.6241605778125034
7013,mp-24798,-0.5060406184821434
7014,mp-6782,-2.496664910333334
7015,mp-5962,-0.7864752741666668
7016,mp-9607,-3.1431914013095232
7017,mp-763303,-1.940208180977011
7018,mp-846,-0.4807930450000015
7019,mp-690435,-2.026578636918446
7020,mp-2714,-0.5281174411111097
7021,mp-203,-0.15369370250000003
7022,mp-19363,-1.540064954583335
7023,mp-13202,-0.6007280266666678
7024,mp-980945,0.08445038499999846
7025,mp-99,0.01244172166666857
7026,mp-32857,-0.10436636964285959
7027,mp-760121,-1.449872521000001
7028,mp-780892,-1.7936042578895273
7029,mp-3813,-2.1735884828571415
7030,mp-541810,-0.2531960570000001
7031,mp-862375,-0.268722304375002
7032,mp-570203,-0.1727582972270104
7033,mp-867266,-0.2666861554166693
7034,mp-560639,-1.716882107954545
7035,mp-752711,-1.9337203886111114
7036,mp-543019,-0.41390075500000023
7037,mp-561189,-3.001223165641019
7038,mp-773453,-2.2505268345119043
7039,mp-690004,-2.352884290661376
7040,mp-614964,-2.0203676215476185
7041,mp-978535,0.0371948612500006
7042,mp-27891,-1.338651716499998
7043,mp-2128,-0.1489697250000006
7044,mp-977570,-0.06268312999999992
7045,mp-975256,-0.19250953062500997
7046,mp-12699,-0.8282316014285739
7047,mp-19178,-1.0056161991666661
7048,mp-541367,-2.712450513670635
7049,mp-722267,-1.4802261233829876
7050,mp-764643,-2.2806779577777783
7051,mp-677573,-2.536743130443965
7052,mp-16847,-0.3849126426041316
7053,mp-980387,-0.8049817729166664
7054,mp-697076,-0.44176757964285784
7055,mp-772562,-3.1338971318181823
7056,mp-669923,-0.037400820000002
7057,mp-559808,-2.465980221076048
7058,mp-554255,-1.5672991626373511
7059,mp-28179,-1.9283840726515793
7060,mp-566150,-2.15299094067619
7061,mp-772750,-2.583922128434066
7062,mp-997038,-0.6587361541666654
7063,mp-504474,-2.9108665244791663
7064,mp-756531,-3.0535684137301593
7065,mp-18902,-2.336457405952381
7066,mp-864959,-0.31250953749999866
7067,mp-11492,-0.5162520129166657
7068,mp-581584,-3.1982746119661796
7069,mp-865689,-0.5108913612499985
7070,mp-5181,-0.9190374991666665
7071,mp-770190,-2.702138206553289
7072,mp-23116,-0.8328612005859384
7073,mp-569028,-1.5713690522222206
7074,mp-985292,-0.5466139891666664
7075,mp-997002,-1.1440430680624996
7076,mp-8070,-2.969780010208333
7077,mp-774335,-2.3213588336850646
7078,mp-685266,-0.8371450412500008
7079,mp-31189,-0.18534650047619042
7080,mp-11703,-0.8528676698437501
7081,mp-631521,1.1871788166666672
7082,mp-705354,-2.4531127963501427
7083,mp-677445,-1.9808603504296887
7084,mp-673682,-2.2573141294642847
7085,mp-31171,-0.15600592624999976
7086,mp-624187,-0.8411287368749996
7087,mp-8469,-1.9249122617777767
7088,mp-863370,-2.9136248261382987
7089,mp-8754,-1.1292506987931035
7090,mp-650442,-0.3956708762500014
7091,mp-7768,-2.2334680133125007
7092,mp-555280,-0.962023470572916
7093,mp-6294,-2.877480758499999
7094,mp-556377,-2.9872975289379076
7095,mp-999136,-0.7381845813645818
7096,mp-626264,-1.3706229750000007
7097,mp-560131,-3.1754108170833333
7098,mp-770856,-2.2603897708872127
7099,mp-721013,-1.9346654090756303
7100,mp-574438,-0.3105159849999997
7101,mp-541636,-2.9187766374067454
7102,mp-706325,-2.8163863759597705
7103,mp-669564,-1.023868638869732
7104,mp-766834,-3.237525571030303
7105,mp-31167,-0.7782292927083354
7106,mp-754711,-2.492317274545454
7107,mp-3982,-1.3747728230624996
7108,mp-11031,-0.49224179045454525
7109,mp-738654,-1.223864592364865
7110,mp-726,-1.1541435741145836
7111,mp-866650,-1.3312513115384628
7112,mp-723044,-0.835630828571429
7113,mp-758413,-1.4379684748017234
7114,mp-1018161,-0.015090736666666752
7115,mp-557505,-2.914592609995535
7116,mp-8630,-0.5933227426041677
7117,mp-561172,-1.6869654476923088
7118,mp-972876,-0.1563676812499999
7119,mp-582736,-0.7983284470000015
7120,mp-759346,-2.181389073193027
7121,mp-541846,-2.357238610274727
7122,mp-571305,-1.4628043029999998
7123,mp-770812,-3.53247994142857
7124,mp-1013583,-0.6891100179999995
7125,mp-505104,-1.1712706423124994
7126,mp-10180,-0.7130762483333335
7127,mp-1014332,3.1926663543749987
7128,mp-672306,-0.47493978277777654
7129,mp-7720,-0.432178749615385
7130,mp-569484,-2.2116406471880135
7131,mp-754019,-2.562992238926725
7132,mp-780526,-2.1188595676748085
7133,mp-20610,-0.9924840172222211
7134,mp-851257,-3.0417637840625
7135,mp-558706,-1.1440596519444446
7136,mp-557599,-0.805905350714286
7137,mp-988939,-0.001772031250000694
7138,mp-722686,-1.4389631273000003
7139,mp-8065,-3.3474554256904776
7140,mp-850669,-3.483537554961539
7141,mp-25960,-2.342077105210084
7142,mp-13361,-2.140788739175835
7143,mp-3890,0.04393392421052729
7144,mp-971669,-0.1670100881249983
7145,mp-12049,-1.0132587466666696
7146,mp-697236,-1.624817587471591
7147,mp-776816,-2.8363954661458335
7148,mp-30910,-0.18074614416666798
7149,mp-29978,-4.116040574130435
7150,mp-505528,-0.6365586055357149
7151,mp-556085,-1.513940912270833
7152,mp-977424,-0.38132614124999975
7153,mp-1608,-0.06165371937500774
7154,mp-30559,-0.018662681785715205
7155,mp-768334,-2.669187779077267
7156,mp-11546,-0.48063484083333563
7157,mp-765733,-1.8889477530603453
7158,mp-766,-0.4567363066666677
7159,mp-15641,-0.6504774483333335
7160,mp-9010,-0.9275967750000008
7161,mp-20092,-3.452298534685183
7162,mp-778219,-1.9720136165476185
7163,mp-23025,-3.3999122616666675
7164,mp-27301,-1.3933968973214284
7165,mp-570594,-1.568526409700521
7166,mp-20950,-1.0289084674999998
7167,mp-5881,-0.37052628010416794
7168,mp-865237,-0.6882077600000045
7169,mp-5001,-1.0067859029166673
7170,mp-1009048,-0.5784837046388874
7171,mp-752670,-1.0924720753571424
7172,mp-30651,-0.11457907166666696
7173,mp-4189,-0.5848783722222193
7174,mp-11364,-0.055840630833333904
7175,mp-979459,0.01699068333333346
7176,mp-22858,-0.8653483916666698
7177,mp-21872,-3.913910493666665
7178,mp-554651,-1.8804933093333327
7179,mp-560512,-3.5268186800000003
7180,mp-989556,-2.7692565010689654
7181,mp-555026,-3.8528529217499994
7182,mp-867351,0.004149037499999508
7183,mp-645743,-1.6412560863541659
7184,mp-18373,-1.372878197773443
7185,mp-790,-1.184483194166667
7186,mp-20802,-0.7919073121904716
7187,mp-569348,-1.2665629299305579
7188,mp-568018,-0.40910000750000347
7189,mp-778532,-2.859550244047619
7190,mp-30801,-0.30546085291666775
7191,mp-720391,-1.9334264341666667
7192,mp-1001824,1.4245052662500015
7193,mp-1008676,-0.32394572944444394
7194,mp-782667,-2.6452486140122122
7195,mp-30293,-1.5707055491964372
7196,mp-1018728,-1.7675977677083334
7197,mp-771208,-2.647840733
7198,mp-638206,-0.7184533290952373
7199,mp-540728,-1.7293066886333317
7200,mp-559917,-0.9126359413095236
7201,mp-569983,-0.28664048091647204
7202,mp-12813,-0.7006431762500007
7203,mp-558427,-2.2623967204916973
7204,mp-542730,-0.6140482616851879
7205,mp-780799,-2.439387535201149
7206,mp-752890,-1.4881987702777775
7207,mp-981391,0.4596685812499999
7208,mp-978969,0.07767259624999667
7209,mp-531064,-1.2236987848636367
7210,mp-770359,-2.5807658945555545
7211,mp-1387,-0.1690278587500007
7212,mp-15021,-3.4327734963768104
7213,mp-21780,-0.9519794253703695
7214,mp-580886,-1.464268726666668
7215,mp-1020025,-2.772310767037036
7216,mp-763577,-2.7941331031111116
7217,mp-998391,-1.393226987166668
7218,mp-754163,-1.7706152166666669
7219,mp-997084,-0.9608348172916665
7220,mp-541066,-0.34966187833333345
7221,mp-760378,-3.204690599285714
7222,mp-16903,-3.3645796746428567
7223,mp-754204,-3.1733347670833343
7224,mp-23931,-1.9604412447108845
7225,mp-19821,-0.07481430749999873
7226,mp-775922,-2.809961184166667
7227,mp-705894,-1.6013290464961387
7228,mp-20022,-0.8855562308333352
7229,mp-647218,-2.3049027372857154
7230,mp-983566,-0.5064037787500002
7231,mp-1097,-0.8638211649166685
7232,mp-763259,-2.5466071625445235
7233,mp-777919,-1.5299758709482754
7234,mp-981367,-1.624270145666668
7235,mp-554420,-3.7561577234375
7236,mp-977579,-0.604305191249999
7237,mp-769316,-3.2496008863580244
7238,mp-772876,-1.9739232558333357
7239,mp-567583,-1.5385551824568977
7240,mp-753506,-0.9201449845833336
7241,mp-541637,-1.136746772777777
7242,mp-22414,-1.0667400959687499
7243,mp-780893,-2.0766628525517246
7244,mp-15155,-3.3530525554563892
7245,mp-2981,-2.3995365387777774
7246,mp-20011,-2.001695280275862
7247,mp-556369,-1.0704766932343766
7248,mp-776343,-0.27670568437500265
7249,mp-8426,-1.2399382956145828
7250,mp-997086,-1.8261176741666656
7251,mp-27843,-2.016907164615384
7252,mp-680154,-2.3568032198888886
7253,mp-23656,-2.6556552760007497
7254,mp-1820,-2.1567424389062495
7255,mp-6299,-2.3814855897105263
7256,mp-1050,-0.6585213785714268
7257,mp-625663,-2.9704737703124993
7258,mp-18898,-1.254240238076923
7259,mp-3405,-3.3604041219440863
7260,mp-4006,-3.512368879107143
7261,mp-555727,-2.9226304737632267
7262,mp-697921,-2.09649716909091
7263,mp-10366,-0.42858023333333267
7264,mp-567963,-0.7433404733333343
7265,mp-559463,-1.5811611723999999
7266,mp-30622,-0.34900407904761316
7267,mp-555314,-3.451624391285715
7268,mp-18262,-1.565599189166663
7269,mp-9322,-0.9910240713020824
7270,mp-568790,-1.1437299875000007
7271,mp-774455,-2.337717104318848
7272,mp-780882,-2.1412315628407215
7273,mp-622591,-3.805277780208333
7274,mp-985608,-2.680034604285715
7275,mp-33775,-2.0812189575297606
7276,mp-19014,-2.618560415
7277,mp-560863,-2.152323822968748
7278,mp-5967,-0.6587187822222234
7279,mp-557319,-1.3322446574305558
7280,mp-769466,-3.0210322781818153
7281,mp-998147,-1.0514978251666698
7282,mp-764874,-2.2470436091472865
7283,mp-570226,-1.5711496192838539
7284,mp-1006150,0.5966979612500012
7285,mp-28995,-0.17165926029304046
7286,mp-980195,-0.4182532786206919
7287,mp-761472,-1.1424835964285711
7288,mp-21245,-1.233589757499999
7289,mp-766237,-3.9419797609999976
7290,mp-15081,-2.1980478374374997
7291,mp-866620,-2.2164637468671535
7292,mp-23170,-0.6964737262500004
7293,mp-776741,-2.07796491360427
7294,mp-18596,-2.565611808749999
7295,mp-684623,-0.9983573618421067
7296,mp-631352,0.5964332604487197
7297,mp-989607,-0.5750231845000002
7298,mp-5394,-3.4193516524999996
7299,mp-675643,-2.068612170119046
7300,mp-30537,-2.822881313869047
7301,mp-19306,-1.6295829685714278
7302,mp-19049,-2.150592575128206
7303,mp-758673,-2.716891397619047
7304,mp-850404,-2.2925133231944446
7305,mp-5936,-1.073230758999997
7306,mp-625836,-0.9996782090909093
7307,mp-16907,-1.631723435390625
7308,mp-8053,-0.13187324000000267
7309,mp-669393,-0.6569404393333322
7310,mp-21251,-0.325144682499998
7311,mp-1019563,-3.2440308335714287
7312,mp-9947,-0.305930113928572
7313,mp-705305,-2.5803696899175823
7314,mp-9810,-0.50454981575521
7315,mp-722262,-2.4951216768750006
7316,mp-33449,-2.1129006239285704
7317,mp-2014,-1.8563658714880944
7318,mp-27686,-2.3405214667532444
7319,mp-776608,-3.119269011190475
7320,mp-743742,-1.6270710346078425
7321,mp-778584,-1.6001995407073388
7322,mp-29956,-0.4672141517857172
7323,mp-8351,-3.1356282209113298
7324,mp-20717,-0.1856117475000003
7325,mp-558050,-2.9848745444310345
7326,mp-581165,-1.4668470151945816
7327,mp-5916,-0.8702775470000006
7328,mp-677014,-3.0966329689085215
7329,mp-559817,-1.3770172287931035
7330,mp-997034,-1.99196457625
7331,mp-756770,-3.0546324343478264
7332,mp-554726,-1.7370844885061578
7333,mp-8136,-3.4304611374999987
7334,mp-861964,-0.6724856791666669
7335,mp-569568,-0.6346313861666649
7336,mp-770496,-2.3048569682327575
7337,mp-755316,-2.7257448257575745
7338,mp-762293,-2.2897839340476196
7339,mp-776532,-3.982831039166664
7340,mp-17401,-0.3368500484375003
7341,mp-770888,-2.6514877897619056
7342,mp-22212,-1.9649369122758622
7343,mp-8624,-1.7424623656428548
7344,mp-558775,-3.205139440925925
7345,mp-13936,-2.9614581922500007
7346,mp-7247,-0.259160623333333
7347,mp-636953,-0.4565053337931043
7348,mp-16886,-0.21100203055554959
7349,mp-30676,-0.5124433767708343
7350,mp-1915,-0.30749344472222145
7351,mp-36738,-1.46090413452381
7352,mp-5032,-2.5479291161764706
7353,mp-27628,-0.5372453364999987
7354,mp-695799,-2.139977348361607
7355,mp-768524,-1.825448261818181
7356,mp-23888,-1.4693435596376812
7357,mp-567542,-0.9210801758333318
7358,mp-772265,-2.4114148691789823
7359,mp-777514,-3.8636456055000004
7360,mp-29368,-3.779916136320512
7361,mp-17615,-0.38599991395832944
7362,mp-8375,-0.6975774539999975
7363,mp-4899,-0.34213799249999965
7364,mp-781670,-2.4735869751215107
7365,mp-11507,-0.0347525619999999
7366,mp-24289,-0.05627730437499956
7367,mp-865114,-0.3188946312500036
7368,mp-10254,-2.3311703542857143
7369,mp-757688,-2.863603719130435
7370,mp-557686,-3.676535540000007
7371,mp-28892,-0.4562642425074408
7372,mp-7792,-2.2753331596874986
7373,mp-460,-0.299014215833334
7374,mp-13089,-0.1734624253333313
7375,mp-617283,-1.1104443584375003
7376,mp-557133,-2.9846198556560357
7377,mp-27594,-0.6541452704464271
7378,mp-7337,-3.234371249708333
7379,mp-7192,-0.8804195516666672
7380,mp-21359,-0.3750520916666649
7381,mp-756544,-3.1810686583333334
7382,mp-541310,-0.613581221666666
7383,mp-27466,-0.6970075187499992
7384,mp-998713,-1.374230396000001
7385,mp-559738,-0.7494748106250002
7386,mp-504540,-2.6777389414116364
7387,mp-28603,-1.3719808060763878
7388,mp-999053,-0.2650053435416675
7389,mp-13342,-0.6244984711111101
7390,mp-17960,-3.5750714624999986
7391,mp-753425,-1.6802986963888895
7392,mp-584134,-2.512037952510822
7393,mp-29748,-0.4466029038888877
7394,mp-21577,-0.5298573299503969
7395,mp-570001,-0.19584407214285754
7396,mp-768503,-3.0328199890842487
7397,mp-673024,-2.327332105863095
7398,mp-29362,-1.3148972354166668
7399,mp-29594,-1.6056009992360916
7400,mp-999205,-0.004059435857142191
7401,mp-775445,-1.5719199506666675
7402,mp-7120,-0.4342377119999995
7403,mp-26897,-2.4955939430187075
7404,mp-10086,-3.2809137341666665
7405,mp-16877,0.01622673875000184
7406,mp-961685,-1.0461259208333331
7407,mp-27792,-1.8680409705217391
7408,mp-3050,-3.675374461249997
7409,mp-13935,-2.933922713000001
7410,mp-769633,-2.066906303729287
7411,mp-1374,-0.21693030379309997
7412,mp-4117,-3.015912327407407
7413,mp-11183,-3.158382339916666
7414,mp-2542,-3.1028558024999997
7415,mp-590,-0.2914816912499987
7416,mp-19344,-2.033889613571429
7417,mp-694964,-2.7663036032758623
7418,mp-505139,-2.1599220305833327
7419,mp-37727,-3.660454618953488
7420,mp-768604,-2.8153364546428574
7421,mp-29404,-1.1835709712500027
7422,mp-571341,-0.7358668167592618
7423,mp-770957,-1.7900182014285977
7424,mp-655448,-0.8713823907142861
7425,mp-766463,-2.6382217178414473
7426,mp-756365,-3.619638707999999
7427,mp-754897,-1.6665694441666687
7428,mp-10445,-0.7170950092592574
7429,mp-777019,-1.2545514894444438
7430,mp-1008923,1.2204936525
7431,mp-7580,-1.0224469253571462
7432,mp-569203,-0.8006368307142877
7433,mp-16775,0.012524586666664561
7434,mp-558870,-2.2927261937637335
7435,mp-30838,-0.7787477937499929
7436,mp-770368,-2.5664670349074066
7437,mp-675681,-4.337826748541667
7438,mp-1009071,1.4549496716666634
7439,mp-3683,-0.6229643468181791
7440,mp-865223,-0.23318390041666692
7441,mp-18021,-0.08898276055555875
7442,mp-22962,-1.7109803175977008
7443,mp-690591,-1.3251768802758628
7444,mp-780179,-2.309101976614402
7445,mp-22511,-0.6462788629999977
7446,mp-795639,0.14050859611111122
7447,mp-1014244,-1.155319141875001
7448,mp-569240,-0.4044799199107132
7449,mp-556400,-1.7816462860477018
7450,mp-625238,-1.7075165893333348
7451,mp-6569,-1.1025921167125006
7452,mp-759131,-1.7934179713095237
7453,mp-19302,-2.769133845911331
7454,mp-631581,0.9689386731250011
7455,mp-5996,-3.1604904934616864
7456,mp-4252,-0.4002034097827405
7457,mp-7910,-0.47700404821428527
7458,mp-16043,-0.5171838922727287
7459,mp-567588,-0.744798209444443
7460,mp-756489,-1.1419064477272727
7461,mp-631570,1.5137066778333341
7462,mp-980757,-1.121722890000001
7463,mp-569335,-0.3573254239999983
7464,mp-626843,-1.2262506285
7465,mp-1019510,-3.109963765877976
7466,mp-8622,-1.0745416579375013
7467,mp-998965,-0.03774522999999963
7468,mp-778756,-2.471147359583334
7469,mp-779846,-3.492700559384614
7470,mp-20880,-0.5761480291666649
7471,mp-626654,-1.9917637298214288
7472,mp-558585,-1.4099213988492083
7473,mp-19747,-0.30562680687499927
7474,mp-768139,-0.7938166044696967
7475,mp-771255,-2.203128711235632
7476,mp-1013532,-0.7607700471369071
7477,mp-22653,-0.3457733376666667
7478,mp-34898,-3.053089222045455
7479,mp-850904,-2.619114758310346
7480,mp-1016197,-0.2973325612500002
7481,mp-714911,-2.51969036875
7482,mp-675103,-2.460687109736842
7483,mp-677217,-1.0454456406250001
7484,mp-764328,-1.911032364729064
7485,mp-754153,-1.3968450876666672
7486,mp-10935,-3.3622630507527713
7487,mp-1747,-1.2220047158333334
7488,mp-780126,-2.706941164840848
7489,mp-21032,-0.6262856920833317
7490,mp-1009792,0.4538444662500005
7491,mp-856,-2.107482005
7492,mp-551900,-2.276744804583334
7493,mp-3400,-0.3225660603271446
7494,mp-30326,-0.48203653020833315
7495,mp-764738,-2.2319940057142866
7496,mp-977162,-0.11401581333333155
7497,mp-699660,-2.39138184009375
7498,mp-758272,-3.0676719945454547
7499,mp-41701,-2.220694913360615
7500,mp-18950,-2.106169527857143
7501,mp-12645,-3.2993611233333313
7502,mp-505138,-0.7569747819567326
7503,mp-997100,-1.8154016966666662
7504,mp-849327,-2.384631119539683
7505,mp-978797,0.17489729874999682
7506,mp-865206,-0.6039427575000005
7507,mp-637052,-0.40251292507836406
7508,mp-861726,0.1699630828125036
7509,mp-774418,-2.6577877606232487
7510,mp-30279,-2.1228674837499972
7511,mp-982443,-0.3296717453448248
7512,mp-31360,-1.8749009904642844
7513,mp-559354,-2.805655039775862
7514,mp-30569,-0.20158460655172294
7515,mp-861892,-0.7474745770833309
7516,mp-984713,-0.3074128896875017
7517,mp-27267,-0.38840573338095224
7518,mp-7422,-0.6355070871904758
7519,mp-5450,-3.655146486055552
7520,mp-17649,-2.4737152206481507
7521,mp-769296,-1.1049056653611113
7522,mp-758450,-1.4635147614583337
7523,mp-17564,-1.0579432456250002
7524,mp-5942,-0.7075563926562491
7525,mp-14716,-2.233037328303571
7526,mp-557606,-1.4510334465624999
7527,mp-561254,-2.2319488507088123
7528,mp-767780,-2.3504308124833337
7529,mp-8975,-1.2401901521153884
7530,mp-18612,-1.2413464621428558
7531,mp-29096,-0.6122714735714323
7532,mp-11601,-3.1781251722198256
7533,mp-715574,-1.8651783237500013
7534,mp-983850,-0.5549946937500003
7535,mp-757202,-1.5127242220187505
7536,mp-505545,-0.6921401923148127
7537,mp-776051,-2.4576134283228663
7538,mp-762358,-1.8091261801562506
7539,mp-723082,-1.3619555977115259
7540,mp-568326,-0.25437630366666325
7541,mp-712,-0.22700687999999936
7542,mp-540883,-0.23662250460362538
7543,mp-11501,-0.23613481112068868
7544,mp-571598,-0.0849347496296273
7545,mp-26533,-2.76981404901455
7546,mp-568266,-1.207597279000001
7547,mp-559332,-1.344543247777778
7548,mp-17307,-0.7528143367166673
7549,mp-769593,-2.4160973761458333
7550,mp-7068,-0.4666177128571434
7551,mp-19733,-0.4069658766666606
7552,mp-1016109,-0.0863209914705896
7553,mp-26794,-2.34340052887755
7554,mp-553991,-2.55084869948718
7555,mp-1638,-0.27150349333333307
7556,mp-19341,-1.6987105345238132
7557,mp-770472,-3.9932626388333334
7558,mp-11291,-0.17549402124999958
7559,mp-29526,-0.5361104965000003
7560,mp-674341,-3.611415811575756
7561,mp-510633,-1.4772572343749992
7562,mp-14901,-1.9314949100779972
7563,mp-22179,-0.7370282455555568
7564,mp-1340,-0.7008674644374991
7565,mp-865527,-0.4745201125000005
7566,mp-18979,-2.5797836329999995
7567,mp-20789,-0.7196049061111106
7568,mp-3219,-3.1096238191071435
7569,mp-761481,-2.3994793454232797
7570,mp-9323,-2.3906826406875012
7571,mp-686836,-2.516721744416666
7572,mp-2583,-0.7413721266666666
7573,mp-560356,-1.739951111428572
7574,mp-2309,-2.3588757471874997
7575,mp-781505,-3.0810711994999975
7576,mp-7239,-0.4675392380555555
7577,mp-976923,-2.0725533177758626
7578,mp-755,-0.10082353333333553
7579,mp-555805,-1.2886033074999987
7580,mp-15707,-0.6161464124999991
7581,mp-560506,-2.8374701308180317
7582,mp-555785,-3.6908133833333325
7583,mp-755950,-3.507443436666667
7584,mp-12896,-0.5162427445833325
7585,mp-774356,-2.5890797837241375
7586,mp-542503,-2.4156568250000023
7587,mp-30779,-0.08270753749999837
7588,mp-571404,-0.3650691053125027
7589,mp-12175,-1.2395686383333289
7590,mp-766416,-1.9667290919800007
7591,mp-646392,-0.14247770374999824
7592,mp-777860,-2.62584188037037
7593,mp-7137,-3.270821998749999
7594,mp-549127,-2.3933816906249996
7595,mp-12161,-1.1713048792954546
7596,mp-781077,-1.727360162333334
7597,mp-12951,-0.6907301133333353
7598,mp-17008,-2.3953194894666656
7599,mp-22326,-0.6295251079411744
7600,mp-757094,-3.9141936256250016
7601,mp-554643,-2.454281473363636
7602,mp-12607,-1.1020103783333344
7603,mp-984707,0.36316678999999397
7604,mp-1163,-0.05834520428571415
7605,mp-567391,-2.1528052419196433
7606,mp-29243,-1.531505142000002
7607,mp-570607,-1.4288030739583317
7608,mp-753515,-1.8580060556250002
7609,mp-17856,-0.2714027507499992
7610,mp-573763,-1.1238805736590034
7611,mp-8751,-1.344921642777777
7612,mp-4583,-0.1097094162500003
7613,mp-631527,0.9178466289583334
7614,mp-675130,-1.9537262425551456
7615,mp-13536,-0.4549868322222213
7616,mp-2874,-2.683866170757575
7617,mp-5221,-0.5731287975000008
7618,mp-6304,-2.6297341187499987
7619,mp-775821,-1.9845631468333351
7620,mp-972633,-0.2683836362499994
7621,mp-555271,-3.2044435879166664
7622,mp-559228,-1.5765946024999988
7623,mp-27483,-1.8645345721249995
7624,mp-545706,-2.119538461818181
7625,mp-775184,-2.829295865966386
7626,mp-865303,-0.21123146000000226
7627,mp-764789,-2.6539919988136282
7628,mp-17918,-2.481164714375
7629,mp-651301,-2.0382713712954987
7630,mp-16866,-1.6221119063125
7631,mp-549720,-1.4323743112500003
7632,mp-626411,-1.5478492000595239
7633,mp-754516,-0.6599926340004506
7634,mp-773129,-2.5093424280423275
7635,mp-29645,-0.39271961000000033
7636,mp-983565,-0.18640755765624917
7637,mp-550111,-2.3168228750000006
7638,mp-8251,-0.3856115643809517
7639,mp-754368,-1.851742965344827
7640,mp-11594,-0.6186925749999972
7641,mp-641651,-0.3450931386904748
7642,mp-13221,-0.1618468793749989
7643,mp-752422,-0.3884129750000002
7644,mp-975789,-0.06711258541666787
7645,mp-555214,-0.9489801546754819
7646,mp-11166,-2.709266310625001
7647,mp-866132,-0.41582611249999957
7648,mp-2264,-0.8526977424999966
7649,mp-17817,-0.9240942674338615
7650,mp-977997,0.17724069041666368
7651,mp-676694,-2.8915023660000014
7652,mp-29226,-2.7388893073958336
7653,mp-556757,-2.6113159875879313
7654,mp-755991,-0.15986117986111084
7655,mp-4305,-0.6156334446666676
7656,mp-32502,-2.638722917328042
7657,mp-720294,-0.9860166368103449
7658,mp-650228,-2.0607411074097235
7659,mp-974729,-0.34502167057692207
7660,mp-672274,-0.4537037066666632
7661,mp-540284,-1.837937719107142
7662,mp-568318,-0.8192553546166664
7663,mp-772319,-1.2978889501190471
7664,mp-867330,-0.4992086899999997
7665,mp-541000,-0.2569728015535705
7666,mp-559895,-1.91602781530303
7667,mp-558763,-0.9140723493655304
7668,mp-769855,-2.5740807395000003
7669,mp-973276,-0.2832938429166658
7670,mp-22592,-2.702762577666666
7671,mp-561182,-1.8576053089035103
7672,mp-556017,-3.557437455329672
7673,mp-30543,-0.37682686409722105
7674,mp-972692,0.1431317349999972
7675,mp-554602,-1.175087052272727
7676,mp-14536,-2.4934508985208184
7677,mp-867179,-0.360776323750005
7678,mp-989638,-0.5733301422500006
7679,mp-7961,-1.6425350620000003
7680,mp-1019804,-2.1393154294930548
7681,mp-30747,-0.2258458138461536
7682,mp-4073,-0.5088066146666691
7683,mp-775289,-2.2282760828236183
7684,mp-639526,-0.48529985727272806
7685,mp-19455,-2.0837522504884896
7686,mp-24446,-1.7430294244791664
7687,mp-3901,-3.5175252495833313
7688,mp-2123,-0.18568260199999714
7689,mp-556975,-1.8422904766666655
7690,mp-13753,-2.823380161535714
7691,mp-27925,-4.225110933099998
7692,mp-12736,-0.5938319166666682
7693,mp-28994,-0.5819312166041666
7694,mp-13914,-0.21183492458333308
7695,mp-555257,-2.709739127464286
7696,mp-561067,-2.933862450225
7697,mp-2963,-3.454407959880952
7698,mp-3991,-0.38791059437500053
7699,mp-4478,-1.0773073500000028
7700,mp-634378,-1.9011926225184723
7701,mp-14099,-1.9979097893333324
7702,mp-770698,-2.4184753758333333
7703,mp-756550,-2.7782570833333344
7704,mp-540957,-1.0703948151085547
7705,mp-978525,0.2704461775000002
7706,mp-676262,-2.684087633883337
7707,mp-559113,-1.0744526369545466
7708,mp-510273,-1.8541863074137943
7709,mp-554894,-1.6546803429190482
7710,mp-775018,-2.7503756748015875
7711,mp-572284,-1.5541386104166666
7712,mp-978513,-0.06951272124999885
7713,mp-37605,-1.9115091468229188
7714,mp-770968,-2.222635345483137
7715,mp-581868,-1.4436729681321836
7716,mp-755491,-3.1506585369047606
7717,mp-765739,-2.6380272879166675
7718,mp-998434,-2.4361644646666685
7719,mp-771575,-2.382050965628079
7720,mp-583168,-0.18891688333333434
7721,mp-707395,-1.4524000367153826
7722,mp-691091,-2.076047775772114
7723,mp-28566,-1.1727930481812738
7724,mp-1018681,-0.5394212799999968
7725,mp-2196,-0.8492804044444466
7726,mp-558603,-3.064247861966668
7727,mp-971705,-0.17966207208333884
7728,mp-781603,-2.463191903074712
7729,mp-9870,-3.055646548604166
7730,mp-569383,-0.8501182997727273
7731,mp-769662,-2.3213958450000005
7732,mp-706518,-1.4833482520138908
7733,mp-769021,-1.2533137655517237
7734,mp-568540,-0.38926681752164555
7735,mp-697096,-0.45214413785714264
7736,mp-683957,-2.3156097145833323
7737,mp-571370,-0.38295869928571324
7738,mp-28002,-1.5945946361135064
7739,mp-29160,-1.8721297306944447
7740,mp-10883,-0.22062925874999806
7741,mp-744025,-2.7779586323750003
7742,mp-672257,-0.4342933527272741
7743,mp-684509,-2.497155506054422
7744,mp-28503,-3.3379358890322575
7745,mp-982016,-0.3025253887500057
7746,mp-910,-0.5358045699999998
7747,mp-11203,-0.5971422588888878
7748,mp-643791,-2.174769913705357
7749,mp-690518,-1.129204899137931
7750,mp-555506,-3.5709133387500005
7751,mp-655613,-1.5067951521162943
7752,mp-27776,-0.9237187224999996
7753,mp-3179,-0.6818103772727294
7754,mp-972202,0.35974533500000305
7755,mp-669304,-2.2494785723070643
7756,mp-995282,-0.08612548160353602
7757,mp-649608,-1.4668680377459347
7758,mp-759211,-1.4100598603813552
7759,mp-585,-0.3071470198275866
7760,mp-2662,-0.6152445087869465
7761,mp-23567,-0.632861437812501
7762,mp-27450,-1.4588930594500007
7763,mp-6478,-2.7561113569583338
7764,mp-11276,-0.6078159224999995
7765,mp-706339,-1.762524513945313
7766,mp-2998,-3.477498397666666
7767,mp-541668,-2.387248134428595
7768,mp-770630,-2.518617068039216
7769,mp-999027,-0.17853670875000027
7770,mp-567022,-1.8517309574144747
7771,mp-974045,-0.4970091422916691
7772,mp-22705,-2.9749174518333334
7773,mp-1800,-0.3175600509999981
7774,mp-540829,-2.017774129791666
7775,mp-31744,-2.306514077329193
7776,mp-19168,-2.994589143586208
7777,mp-673635,-0.1547842253124987
7778,mp-672254,-0.6225449733333358
7779,mp-862694,-1.1308659574999993
7780,mp-30723,-0.20360681249999857
7781,mp-556214,-3.025380696493055
7782,mp-973325,-0.2719599366666663
7783,mp-770510,-2.0577498407097705
7784,mp-760798,-2.388507173333334
7785,mp-11799,-0.28558292583333333
7786,mp-15922,-3.1963483615624995
7787,mp-28727,-1.8030250030208435
7788,mp-998610,-1.0111538749999984
7789,mp-21571,-1.5353885849573858
7790,mp-865149,-0.6048477849999969
7791,mp-560282,-1.379379104133333
7792,mp-850365,-2.023284495125661
7793,mp-556605,-3.796956807499999
7794,mp-672313,-0.5580088700000012
7795,mp-12648,-0.19858864166666698
7796,mp-542570,-0.11949234390624852
7797,mp-777465,-2.4979223316964294
7798,mp-771911,-2.073124101291209
7799,mp-21167,-0.47382519154761993
7800,mp-776363,-2.191401206750001
7801,mp-30572,-0.4683503683333375
7802,mp-555421,-3.0649221868567653
7803,mp-554549,-2.7355754636249996
7804,mp-30800,-0.3679232941666684
7805,mp-560777,-1.4751784437763165
7806,mp-13791,-3.339448230758621
7807,mp-10796,-0.964944491640626
7808,mp-5540,-3.0168960001388885
7809,mp-705680,-2.793216375000001
7810,mp-770486,-1.784013984166667
7811,mp-1001602,0.20834670775641284
7812,mp-4259,-0.41355985000000006
7813,mp-775225,-2.692674508760505
7814,mp-18978,-2.695346935418719
7815,mp-38,0.014565703333335733
7816,mp-34376,-1.843084071190475
7817,mp-581114,-3.3055543214200194
7818,mp-761269,-2.3885197676190475
7819,mp-585339,-2.221381058189483
7820,mp-1005831,-0.5827429168333331
7821,mp-756495,-1.6515036658333333
7822,mp-973894,-0.31339008812499847
7823,mp-769582,-3.477598544763891
7824,mp-977575,-0.21622489125000044
7825,mp-560966,-1.1917278547000003
7826,mp-4549,-1.4095123212500003
7827,mp-865944,-0.4048492975000002
7828,mp-561942,-1.7470824655249053
7829,mp-12889,-0.7467565422222214
7830,mp-1001015,-1.9295407531377538
7831,mp-31149,-1.204245116750002
7832,mp-28429,-2.2990447261542144
7833,mp-510593,-0.743824890416664
7834,mp-554105,-0.5835034179166647
7835,mp-7433,-0.7227659013541677
7836,mp-694955,-3.4369442967682007
7837,mp-757305,-2.7473934343080364
7838,mp-752943,-2.444268620841269
7839,mp-559151,-3.487807100424242
7840,mp-974832,0.007015786875000707
7841,mp-638009,-0.970266135663264
7842,mp-2960,-0.7273320772222244
7843,mp-644533,-0.5848416326666666
7844,mp-768735,-1.9820126402777778
7845,mp-754435,-3.722812292333333
7846,mp-641367,-1.5715473499999995
7847,mp-16922,-0.9623563912499982
7848,mp-541415,-1.6825140743235285
7849,mp-560658,-1.908905668646553
7850,mp-10461,-2.734771699216301
7851,mp-698313,-1.5491466628571435
7852,mp-757669,-1.6182735403703714
7853,mp-977403,-0.09414016249999868
7854,mp-697408,-0.9996411585526324
7855,mp-556009,-1.5008888638333338
7856,mp-657300,-0.8672310940476183
7857,mp-763176,-2.136726015421456
7858,mp-504771,-0.6466085964200678
7859,mp-23065,-1.2550038982758622
7860,mp-772342,-2.8703953813461536
7861,mp-11240,-0.838420510833334
7862,mp-20231,-0.719297537916666
7863,mp-850257,-2.5319517485582015
7864,mp-8535,-1.0593570483333323
7865,mp-774586,-2.7526476034663867
7866,mp-762412,-2.0739090204963433
7867,mp-715035,-2.422587112708335
7868,mp-552234,-2.2302929850000006
7869,mp-6428,-2.8311144150000005
7870,mp-646749,-2.0763642635000017
7871,mp-760533,-3.666831877857142
7872,mp-20832,-0.6145036685714302
7873,mp-35630,-1.6894958203869044
7874,mp-27344,-0.24247656518939403
7875,mp-862378,-0.5072878362499988
7876,mp-27221,-3.9384587583999995
7877,mp-7421,-0.4652934132500004
7878,mp-554479,-3.2105253719841262
7879,mp-672227,-0.1453751689285718
7880,mp-1019315,-1.0253808688888881
7881,mp-28950,-0.5932334753246742
7882,mp-755450,-3.893460453636365
7883,mp-560443,-0.6809799182407422
7884,mp-769025,-2.244047649928572
7885,mp-864961,-0.6840280950000004
7886,mp-32958,-1.776019953666667
7887,mp-30792,-0.26995095499999877
7888,mp-697670,-3.2449517274807684
7889,mp-23319,-1.8713215715000018
7890,mp-29259,-1.408942188214287
7891,mp-7251,-3.444694518
7892,mp-989399,-0.9645934090000005
7893,mp-754663,-2.4045906896798033
7894,mp-568346,-1.8276010683333344
7895,mp-11532,-0.16232694807692438
7896,mp-1431,-0.36073170099137997
7897,mp-557569,-1.7315185633333339
7898,mp-883,-2.0596644168749982
7899,mp-1169,-0.2565679075000009
7900,mp-773140,-0.9272572229166668
7901,mp-761021,-1.5767698438333333
7902,mp-9480,-3.1842369638928565
7903,mp-2588,-0.06666458000000001
7904,mp-568685,-0.9473090383333371
7905,mp-977011,-0.9382042636458335
7906,mp-865432,-0.6048011850000004
7907,mp-1018054,-1.1764843600000034
7908,mp-1018022,-1.1141725204166661
7909,mp-768537,-1.3416208503284064
7910,mp-767471,-0.9195708841666662
7911,mp-941221,-0.34603674625000047
7912,mp-30639,-0.06267894416666467
7913,mp-770765,-2.187534427787356
7914,mp-1016874,-1.7200487435000014
7915,mp-19242,-2.465712242000001
7916,mp-568759,-1.5251614743842363
7917,mp-672676,-0.16647632027779005
7918,mp-697540,-1.4350622679250002
7919,mp-569941,-0.8636731299999978
7920,mp-772625,-2.1329360599521063
7921,mp-867155,-1.2090491911538461
7922,mp-989515,-1.0718826400000012
7923,mp-3591,-0.6962872313333321
7924,mp-753517,-1.7610202196666687
7925,mp-730691,-2.3143187000000003
7926,mp-865520,-0.709564330000001
7927,mp-28155,-3.1665357991249996
7928,mp-551135,-2.5904780203703712
7929,mp-861943,-0.040951215624993154
7930,mp-865181,-2.6008537469999995
7931,mp-30858,-1.1221514137500037
7932,mp-600220,-1.4674482181140358
7933,mp-561045,-2.992093305641025
7934,mp-504539,-3.8521262079761907
7935,mp-560528,-3.011579851829669
7936,mp-863737,-0.24399049791666094
7937,mp-2752,-0.1125830499999978
7938,mp-753923,-2.1959496741379327
7939,mp-1001613,-0.7140119558333318
7940,mp-623590,-2.128239048394886
7941,mp-558557,-2.4432977863636363
7942,mp-754596,-2.05098305875
7943,mp-18984,-2.7248032032422738
7944,mp-5836,-3.826331624166665
7945,mp-697784,-2.2400433901256616
7946,mp-861979,-0.4872473386875015
7947,mp-567975,-1.4097183355803575
7948,mp-985281,1.5572960199999955
7949,mp-977354,-0.3386437455833331
7950,mp-763342,-2.0388929061111116
7951,mp-685126,-0.05810350408898049
7952,mp-639506,-3.253925137500001
7953,mp-28485,-1.5973186573076914
7954,mp-9930,-1.1311335123288682
7955,mp-561233,-2.340932952894736
7956,mp-12854,-0.39786391520833275
7957,mp-1009135,0.03783357371305396
7958,mp-763447,-2.1071537930555557
7959,mp-977576,-0.5862758443749994
7960,mp-28587,-1.56863557875001
7961,mp-625832,-1.0347626545454545
7962,mp-867297,-0.550708905625001
7963,mp-981,-4.229514713333333
7964,mp-542804,-0.5414248338888888
7965,mp-39140,-2.957191427573635
7966,mp-6044,-3.2494171878869054
7967,mp-983152,0.8359992687499993
7968,mp-12075,-0.4313013869999992
7969,mp-862321,-0.510555619791667
7970,mp-989602,-0.9229014007500013
7971,mp-669358,-0.824962836363636
7972,mp-560527,-3.2538026766666674
7973,mp-769253,-3.352528703135415
7974,mp-579552,-3.275854045937501
7975,mp-567589,-0.45651819124999804
7976,mp-766374,-2.482239865952381
7977,mp-972119,-0.49382606999999723
7978,mp-978625,-0.24785554958333478
7979,mp-756238,-1.9177141922222225
7980,mp-14152,-3.5379609583333327
7981,mp-18698,-2.5362492983821845
7982,mp-686722,-1.0767932666841582
7983,mp-540809,-0.7353782572619058
7984,mp-13203,-0.5841547516666689
7985,mp-7032,-0.9675499626587241
7986,mp-11098,-0.7149410083333313
7987,mp-13097,-0.41495760962643696
7988,mp-28614,-0.5153459865000002
7989,mp-569853,-1.3947957543534475
7990,mp-862995,-0.4153418910416633
7991,mp-782647,-2.553530020220391
7992,mp-30967,-0.14882054236842035
7993,mp-778274,-3.701482152962962
7994,mp-18851,-2.2452359196982754
7995,mp-759704,-2.302439253344672
7996,mp-504805,-1.1691348676026276
7997,mp-569877,-0.8034714730000019
7998,mp-1018708,-0.3834568433333345
7999,mp-997589,-3.5674334321666663
8000,mp-781772,-2.1688180589614126
8001,mp-567513,-1.086479175000001
8002,mp-760062,-3.1863941905853546
8003,mp-672238,-0.749206370000004
8004,mp-677703,-2.020379727631579
8005,mp-776589,-2.5409906920845478
8006,mp-776260,-2.1884903720000013
8007,mp-12620,-3.027479124947916
8008,mp-694873,-2.4279070704999994
8009,mp-769486,-1.98640798297494
8010,mp-9820,-2.765672497144395
8011,mp-559994,-2.180761291785715
8012,mp-13994,-1.493799035999995
8013,mp-30278,-0.95150623624999
8014,mp-850186,-1.8581800926498349
8015,mp-559373,-2.022244144642857
8016,mp-762240,-2.5400236488333334
8017,mp-21845,-0.1082513349999985
8018,mp-7310,-3.5408728118749986
8019,mp-775337,-1.684660799940476
8020,mp-571150,-1.310087956582515
8021,mp-570192,-1.2120390328448274
8022,mp-28628,-0.5139934816666667
8023,mp-567966,-2.204679977391305
8024,mp-558392,-1.4689356063636347
8025,mp-20469,-0.4630038537499992
8026,mp-27471,-0.9643808857142856
8027,mp-976446,-1.8755301935862072
8028,mp-762011,-1.8822504440476189
8029,mp-558170,-2.496436364642857
8030,mp-540133,-2.3077786520562764
8031,mp-779269,-2.6328894647044336
8032,mp-19264,-2.1560043518681318
8033,mp-634430,-2.1025578891666683
8034,mp-652548,-1.8255471822352223
8035,mp-850401,-2.6786813427380953
8036,mp-2763,-3.7758873809999978
8037,mp-677391,-3.9796935210526327
8038,mp-30902,-2.6067901540909078
8039,mp-1033,-0.46828125249999974
8040,mp-558326,-3.2560967631481494
8041,mp-581877,-3.2491865215684856
8042,mp-7586,0.08418333624999974
8043,mp-767276,-2.5618288969918694
8044,mp-568727,-0.5271918430000013
8045,mp-568670,-2.4964509047356325
8046,mp-637609,-0.7921886083333305
8047,mp-555313,-2.771496174
8048,mp-21276,-0.7840503037499977
8049,mp-755435,-0.02824139333334112
8050,mp-19959,-0.6977305716666725
8051,mp-647556,0.08839522798742555
8052,mp-780497,-2.4184819144109193
8053,mp-972275,-0.6359912952083349
8054,mp-15965,-0.7861504581250038
8055,mp-28065,-2.3151889700000012
8056,mp-22440,-1.1183893688888904
8057,mp-20456,-0.3498121473214277
8058,mp-29770,-0.7578427641662262
8059,mp-30677,-0.7138836034375018
8060,mp-774318,-1.6898026756862747
8061,mp-555030,-2.8974592994417083
8062,mp-542816,-0.8928237216666667
8063,mp-979074,-1.9916963612500016
8064,mp-4219,-0.7452239566666657
8065,mp-1716,-1.0714212435000001
8066,mp-662,-0.25534403203124967
8067,mp-989540,-1.158692742
8068,mp-975296,-2.300576585499999
8069,mp-6875,-3.297985820102171
8070,mp-757365,-3.5242971501538465
8071,mp-569841,0.0061892247354497915
8072,mp-675896,-4.1653314195833335
8073,mp-24066,-2.3050373715625003
8074,mp-19282,-2.663847809000001
8075,mp-639135,-1.6607197589285718
8076,mp-4076,-0.18939748999999986
8077,mp-643367,-1.2429353800000058
8078,mp-30197,-2.4920594461749985
8079,mp-28927,-0.6536033355102019
8080,mp-950995,-1.2908898040109886
8081,mp-631320,0.5069312188888659
8082,mp-6919,-0.7841686600000012
8083,mp-769545,-1.5320347100833338
8084,mp-567907,-0.4898726459598226
8085,mp-9003,-1.1693720467343751
8086,mp-11982,-2.8037404886666666
8087,mp-560866,-2.9424519467724872
8088,mp-673244,-1.5306237630000012
8089,mp-9791,-0.5222848573214343
8090,mp-975200,-1.3587918005000006
8091,mp-20622,-0.6013364706250002
8092,mp-4009,-1.4710953824999997
8093,mp-555769,-2.7707475025
8094,mp-770689,-2.6796616049634276
8095,mp-558303,-1.7160547556249977
8096,mp-21594,-0.8896565311363609
8097,mp-560208,-2.258836051283334
8098,mp-2562,-1.1258302186476286
8099,mp-696127,-1.038369361629762
8100,mp-770954,-2.6043845636904766
8101,mp-14307,-2.064758899999999
8102,mp-756325,-3.48750892107143
8103,mp-568746,-0.1984527500000013
8104,mp-7560,-3.5691515161666687
8105,mp-756599,-3.247844016071429
8106,mp-15492,-3.4175342623333314
8107,mp-849542,-2.3978773084101905
8108,mp-29841,-0.6062629511309513
8109,mp-757963,-1.764086942586956
8110,mp-754064,-0.431280275738916
8111,mp-29157,-0.4557231951587326
8112,mp-27304,-1.8126525902701158
8113,mp-36538,-1.985748114285715
8114,mp-555904,-2.8298692323399015
8115,mp-13008,-0.4031874843333327
8116,mp-29241,-1.767366990000001
8117,mp-975134,-1.1842323344499994
8118,mp-3463,-3.3463786559523805
8119,mp-569175,-2.2677143500000008
8120,mp-772511,-1.943085261011905
8121,mp-608398,-1.1333305880555555
8122,mp-6698,-3.1671409585515864
8123,mp-769032,-1.396420788125
8124,mp-35482,-1.9039596356410244
8125,mp-17966,-2.6116539071093072
8126,mp-770500,-2.342595209941537
8127,mp-504944,-2.114307901690271
8128,mp-780132,-2.148411580354405
8129,mp-12187,-3.1227455945103446
8130,mp-776751,-2.1676877401190473
8131,mp-974799,0.13683376687499993
8132,mp-6622,-3.6494072715625006
8133,mp-20350,-0.3020772505555532
8134,mp-4822,-0.9437063280000011
8135,mp-696128,-1.1886923753047614
8136,mp-764957,-2.495667078645834
8137,mp-29345,-1.0067712746666664
8138,mp-542662,-1.2914224955303022
8139,mp-5373,-3.74501564060606
8140,mp-630883,-0.46871397119048197
8141,mp-38816,-1.6318358752564093
8142,mp-556562,-1.9303651893137252
8143,mp-24308,-0.7358874741911767
8144,mp-696019,-1.956455898338978
8145,mp-997008,-0.7695588245833349
8146,mp-2179,-0.44871637458332714
8147,mp-775286,-1.5135248904761909
8148,mp-2632,-2.095710055208336
8149,mp-6988,-0.3137454275000007
8150,mp-1008867,-0.6863907787931035
8151,mp-774350,-2.8501285243103447
8152,mp-754329,-1.8377478320000016
8153,mp-14092,-0.43926148875000237
8154,mp-558608,-2.7366174907407435
8155,mp-541600,-3.3820455538333323
8156,mp-756810,-3.5777038461587303
8157,mp-15614,-0.48147113589285645
8158,mp-541740,-3.1077591034965986
8159,mp-984705,0.12980286000000163
8160,mp-978514,0.04977068499999149
8161,mp-752728,-2.1160462345454545
8162,mp-755792,-3.165389938333334
8163,mp-32787,-2.341740573104167
8164,mp-32684,-0.4946902881249997
8165,mp-18271,-2.9440710005741773
8166,mp-697692,-2.3680530508432542
8167,mp-16505,-0.42103565249999925
8168,mp-998314,-1.1578162702643702
8169,mp-21052,-0.9437069620000045
8170,mp-12381,-0.8310376988888896
8171,mp-568624,-0.45913413491071864
8172,mp-771903,-2.2015168163293644
8173,mp-559441,-3.03283544610119
8174,mp-612670,-0.5032424835416665
8175,mp-999516,-0.457607183786946
8176,mp-976884,-0.6926631279166662
8177,mp-20525,-1.5091072404166663
8178,mp-864835,-0.6748442850000007
8179,mp-676586,-1.2563594801970441
8180,mp-705390,-2.3225191454538687
8181,mp-571550,-0.3771459882708328
8182,mp-766570,-4.172632269999997
8183,mp-780184,-1.6826360188294018
8184,mp-20722,-0.5044549950000018
8185,mp-680781,-2.179588050263158
8186,mp-754655,-2.700365508468754
8187,mp-977053,0.026896489791663925
8188,mp-4228,-0.6978640054999999
8189,mp-597,-0.37315426500000054
8190,mp-864951,-0.26129458448275855
8191,mp-759870,-2.1719411406250013
8192,mp-676711,-1.519279632142857
8193,mp-18960,-3.212660742500001
8194,mp-761873,-3.449530881555555
8195,mp-778057,-1.720972566051723
8196,mp-29002,-0.30688925812500045
8197,mp-765394,-2.3035361629251696
8198,mp-511,-0.922415920833334
8199,mp-754871,-1.8447312116644559
8200,mp-542522,-0.8021178096774204
8201,mp-1013706,-0.5196700380000003
8202,mp-540331,-2.541030345268655
8203,mp-1798,-0.054588338749999465
8204,mp-30182,-0.6543779616666665
8205,mp-19737,-0.6145346348275851
8206,mp-644295,-3.138478141875
8207,mp-28967,-1.1246288721428581
8208,mp-504729,-2.412652801034484
8209,mp-571405,-0.3873206754166709
8210,mp-976892,-0.5019769292857136
8211,mp-607080,-0.14681218803571383
8212,mp-759686,-2.949310692638889
8213,mp-7951,-2.0232578668749945
8214,mp-3128,-0.7373207399999995
8215,mp-759288,-1.0250925768749994
8216,mp-769009,-2.7845655415
8217,mp-3456,-0.6412724780000019
8218,mp-9364,-2.0807296543750002
8219,mp-850280,-1.6304283477356327
8220,mp-696701,-1.3124982584374996
8221,mp-19847,-1.2240402537500017
8222,mp-12623,-2.8513117333333327
8223,mp-777917,-2.053016501904762
8224,mp-21014,-0.8744328691666725
8225,mp-17105,-0.23942527053571286
8226,mp-1018088,1.306076984999999
8227,mp-542863,-3.4799468768333326
8228,mp-5227,-1.0120311621904747
8229,mp-695830,-1.3555513002507835
8230,mp-558768,-0.9644783249999976
8231,mp-556585,-2.9664838634770123
8232,mp-996995,-1.4314501023994257
8233,mp-972941,-0.09507664000000204
8234,mp-30734,-0.7268013762499947
8235,mp-752959,-2.5317624313043487
8236,mp-773671,-2.3515677306013956
8237,mp-561454,-1.6769908489374998
8238,mp-28760,-1.1764838865833325
8239,mp-14439,-1.3931796522083335
8240,mp-721707,-0.715360119375001
8241,mp-37906,-0.8117910368055554
8242,mp-21054,-0.8979202922222242
8243,mp-29570,-0.5139294183333334
8244,mp-9512,-3.3342792616190478
8245,mp-5077,-0.7055747683333333
8246,mp-643941,-2.6231631634375
8247,mp-4562,-0.9055550730000028
8248,mp-12783,-0.33262087699999726
8249,mp-720583,-2.356551098275861
8250,mp-5313,-0.49303110555555446
8251,mp-974584,0.6551073612500034
8252,mp-684743,-1.0930376246551718
8253,mp-542314,-2.2610391749999996
8254,mp-600049,-3.2366732602083332
8255,mp-8179,-1.4590466741666681
8256,mp-644097,-0.45069871839285724
8257,mp-568718,-0.4372827699999995
8258,mp-28878,-0.6236098982142845
8259,mp-540884,-1.7745731550000006
8260,mp-622624,-2.0992869275000006
8261,mp-865471,-0.30492847249999855
8262,mp-557417,-1.7236994336363636
8263,mp-23614,-2.6803581721428578
8264,mp-28657,-2.1586940125369454
8265,mp-2095,-0.9586328204999998
8266,mp-7193,-3.72417785166666
8267,mp-21175,-0.3577449343333363
8268,mp-753947,-3.0484940494791672
8269,mp-556821,-2.382658171875
8270,mp-977441,-0.6218891287500004
8271,mp-10552,-0.8327932337395836
8272,mp-30746,-0.7990102449999998
8273,mp-12902,-1.1080936124999976
8274,mp-4360,-2.6605154452758635
8275,mp-617632,-1.809153059930555
8276,mp-158,0.0
8277,mp-863404,-2.2279784815151515
8278,mp-771948,-2.9183720242307696
8279,mp-770857,-1.8433700310294119
8280,mp-4660,-0.4400581559999992
8281,mp-556549,-1.6252174355000029
8282,mp-23586,-0.5192553203571452
8283,mp-16511,-0.2377006802917794
8284,mp-24165,-1.6704360071510422
8285,mp-631316,-0.49841570213767916
8286,mp-7739,-3.6217471388888893
8287,mp-764318,-2.628309046904762
8288,mp-13036,-0.4567856525000007
8289,mp-631558,0.9424658864583293
8290,mp-19410,-2.277238717857142
8291,mp-1013719,-0.5302363620000005
8292,mp-1001017,-0.8019417846726183
8293,mp-774239,-1.3718437576190479
8294,mp-850980,-2.4494607304682225
8295,mp-28353,-0.8624332472916668
8296,mp-6709,-3.4255014665705135
8297,mp-981378,0.2806434887499982
8298,mp-977547,-0.4248217887500001
8299,mp-978554,0.43896639062499787
8300,mp-1019805,-1.9326085276958325
8301,mp-770873,-3.278912853055554
8302,mp-13841,-1.711578916
8303,mp-588,-2.927120863125
8304,mp-629690,-0.7212978627272729
8305,mp-20255,-0.5644328797222258
8306,mp-16433,-2.7683882716666677
8307,mp-752415,-3.10588651875
8308,mp-699482,-1.3973806874377397
8309,mp-559940,-1.0196945324999998
8310,mp-782669,-1.8847581497270116
8311,mp-17777,-2.8508906958333333
8312,mp-556906,-3.281046608033662
8313,mp-27852,-0.5753064994047629
8314,mp-774416,-2.7449475896428575
8315,mp-571149,-0.0027602596491243204
8316,mp-22895,-0.33633597749999966
8317,mp-4826,-2.1268807149999995
8318,mp-10116,-0.5119832597222201
8319,mp-29619,-0.9151627383333315
8320,mp-767442,-2.10848392827381
8321,mp-510752,-0.790010206249999
8322,mp-975786,-0.2614204390462973
8323,mp-770470,-1.5799750686111114
8324,mp-29492,-1.2323127794999995
8325,mp-559452,-2.558976996219725
8326,mp-540885,-1.2267235002744
8327,mp-764535,-2.2512020644961237
8328,mp-14116,-0.9612006149999992
8329,mp-28857,-1.0513171166666682
8330,mp-558340,-3.1939516562499994
8331,mp-1009696,0.5606591462499999
8332,mp-2266,-0.36856195500000055
8333,mp-540995,-3.366523677685186
8334,mp-680158,-2.377613964855555
8335,mp-556246,-1.9363996046428587
8336,mp-6065,-2.61723140975
8337,mp-675978,-2.7627911999687496
8338,mp-571474,-0.7442683142857186
8339,mp-752525,-2.1032347837499996
8340,mp-23260,-2.0507047124999995
8341,mp-761337,-2.5866648080000005
8342,mp-559307,-0.3957385848901095
8343,mp-570430,-0.19337846661111038
8344,mp-249,-0.45052716500000045
8345,mp-761401,-2.4906910568537413
8346,mp-626680,-1.3601813594999996
8347,mp-18365,-0.7226372223958334
8348,mp-556500,-0.9284596035714284
8349,mp-21575,-1.8366354971874983
8350,mp-755020,-1.8294060722222223
8351,mp-1373,-0.26631882749999924
8352,mp-675678,-1.6463684326722756
8353,mp-977409,-0.259307798750001
8354,mp-8911,-0.16154873982639137
8355,mp-776167,-3.617263174
8356,mp-21478,-0.7276730941904759
8357,mp-41734,-3.0195070048069135
8358,mp-777053,-2.012399996504516
8359,mp-972924,-0.051746367068965314
8360,mp-5807,-0.49606403653324904
8361,mp-622558,-2.4799393246969688
8362,mp-558607,-2.1190834281388895
8363,mp-764508,-2.2658564328787874
8364,mp-3772,-0.8853534391964288
8365,mp-772624,-1.4225238650000014
8366,mp-720570,-1.5398044177796124
8367,mp-777580,-2.2521129805882367
8368,mp-510278,-3.6176026786666666
8369,mp-10068,-1.520320355122126
8370,mp-754358,-1.3547368712239571
8371,mp-6761,-3.020120663165252
8372,mp-772019,-2.8611980421739136
8373,mp-555598,-2.90718741060119
8374,mp-684066,-2.706944250574534
8375,mp-29398,-1.5088818365900336
8376,mp-972062,-0.570860657499999
8377,mp-12520,-0.4183285737500011
8378,mp-19304,-2.5111777220391858
8379,mp-18633,-0.48568834023076674
8380,mp-680167,-1.4122053541666666
8381,mp-10266,0.01259336300000058
8382,mp-1728,-0.8302495005555528
8383,mp-772628,-2.629550492777778
8384,mp-13922,-0.4921682749999974
8385,mp-644302,-1.4535999596390086
8386,mp-861850,-1.320777778666666
8387,mp-675563,-3.670053144833334
8388,mp-12684,-0.470004778749999
8389,mp-757595,-1.0710317321874996
8390,mp-7176,-2.041494886796875
8391,mp-510315,-0.7855447499999968
8392,mp-36088,-2.420765690714286
8393,mp-770612,-1.6061238621825398
8394,mp-19879,-0.47868793553571454
8395,mp-998758,-1.8372671244166696
8396,mp-14636,-1.2638004233333326
8397,mp-760382,-4.010769561666664
8398,mp-21915,-0.34510057299999913
8399,mp-11541,-0.6671038675000034
8400,mp-650024,-2.0089833298263904
8401,mp-530695,-4.09969153144737
8402,mp-571397,-2.2690228947534785
8403,mp-19134,-2.871509720616883
8404,mp-773505,-2.876227499375
8405,mp-559093,-0.6716710800793658
8406,mp-754041,-3.938316614375001
8407,mp-8289,-2.7523000799999995
8408,mp-975530,0.6585364362500001
8409,mp-865648,-0.3895105375000014
8410,mp-1016852,-2.356205420586207
8411,mp-2348,-0.468447070000001
8412,mp-779318,-2.270608033276942
8413,mp-612918,-0.8698395057142859
8414,mp-777356,-1.891518465745614
8415,mp-756389,-3.020721381111111
8416,mp-976679,-0.5273847668749951
8417,mp-769482,-2.2390450240993784
8418,mp-13200,-0.629942448888888
8419,mp-31492,-0.6125861447222197
8420,mp-685318,-1.661546209634148
8421,mp-30373,-0.2738158937500006
8422,mp-763099,-2.610498750277778
8423,mp-567997,-0.6937945794444447
8424,mp-553975,-1.6250138108675283
8425,mp-10328,-1.7604868705
8426,mp-8872,-2.2459139192036126
8427,mp-768453,-2.6821203250490164
8428,mp-976313,-2.2358917560468754
8429,mp-12012,-1.407838550470237
8430,mp-777529,-3.1131508481481482
8431,mp-850,-0.5209218083333328
8432,mp-8864,-0.632509055627705
8433,mp-766955,-1.770014516589196
8434,mp-560314,-1.6303699407291665
8435,mp-698666,-2.1046653138194444
8436,mp-775831,-2.2861204965772677
8437,mp-572551,-2.241132945478927
8438,mp-554119,-0.8015104105937478
8439,mp-979981,-0.5005962431250026
8440,mp-626227,-1.3939010896296298
8441,mp-753532,-3.031407700714285
8442,mp-771092,-2.5368033085412547
8443,mp-9468,-3.2778954122771737
8444,mp-863377,-2.486131639246031
8445,mp-715517,-2.424621426458335
8446,mp-1018081,0.050002915000000314
8447,mp-22167,-0.4072379938888907
8448,mp-18779,-1.9831485689655162
8449,mp-561407,-1.2958966634374995
8450,mp-770704,-2.488014498645833
8451,mp-542374,-0.2809978386249985
8452,mp-542737,-2.496834717619047
8453,mp-754199,-1.9644224150000003
8454,mp-27533,-0.253580006428568
8455,mp-675879,-0.25177431949999873
8456,mp-767737,-1.2134036410714282
8457,mp-975512,0.030218802500005637
8458,mp-862924,-0.7980361068750028
8459,mp-782648,-2.502945719435322
8460,mp-19393,-2.6099724363577597
8461,mp-556078,-2.180949041666667
8462,mp-568851,-0.7208672468055551
8463,mp-7507,0.021185714333331874
8464,mp-37449,-2.1131596754464255
8465,mp-849482,-2.5568922270881234
8466,mp-504662,-1.4012979166666655
8467,mp-758863,-0.43331396625000024
8468,mp-31258,-0.2557803431666656
8469,mp-776752,-2.4097679914263126
8470,mp-850556,-3.274476783571429
8471,mp-9711,-1.340124068000002
8472,mp-862882,-0.8781849018749952
8473,mp-16831,-3.099354685176871
8474,mp-768409,-3.628116425500001
8475,mp-9439,-0.6692528183333385
8476,mp-6533,-1.4461708742528732
8477,mp-4883,-0.8116797078571452
8478,mp-22850,-1.0051259062499995
8479,mp-568005,-1.8053148135000014
8480,mp-19989,-0.29612407939393587
8481,mp-569249,-0.054570624250004585
8482,mp-722310,-1.7710396387991076
8483,mp-865252,-0.8356537712500014
8484,mp-28626,-3.0516124800000006
8485,mp-861980,-0.2793429799999956
8486,mp-766268,-1.839568289242425
8487,mp-559934,-2.5460684047108835
8488,mp-574272,-0.504584270208332
8489,mp-555050,-3.205801718055556
8490,mp-551905,-1.527730192
8491,mp-769153,-2.372769111060606
8492,mp-646586,-0.19707843129629607
8493,mp-624769,-2.40897969538961
8494,mp-562366,-2.870472926792555
8495,mp-6963,-0.790205908999998
8496,mp-558309,-2.9369527463809524
8497,mp-10409,-1.7872914101809205
8498,mp-11584,-0.3266379866666658
8499,mp-7652,-1.480701408272985
8500,mp-772668,-2.430324807533157
8501,mp-15277,-0.537127037242063
8502,mp-989584,-1.3063368739999994
8503,mp-779424,-3.8026981506666675
8504,mp-762089,-1.1950464461384607
8505,mp-555236,-2.205418816916681
8506,mp-714904,-1.1429497000000002
8507,mp-557470,-2.525315605966666
8508,mp-770487,-2.5665204340740746
8509,mp-755794,-2.255936357738094
8510,mp-864674,-0.3736830974999972
8511,mp-20520,-1.0709861642857195
8512,mp-777461,-2.3088776627976193
8513,mp-625145,-1.1202787739772726
8514,mp-558294,-2.849447464458333
8515,mp-8429,-1.5262567298888854
8516,mp-865612,-0.19269878416666408
8517,mp-18782,-1.924714834583333
8518,mp-3316,-3.589194142000001
8519,mp-756135,-3.7171619672727263
8520,mp-12047,-1.7013023237949503
8521,mp-17265,-2.3912998520833324
8522,mp-9741,-1.5308048536781602
8523,mp-560786,-2.0838015682219804
8524,mp-735514,-0.6943284894982323
8525,mp-984350,-0.807921742499996
8526,mp-1008483,0.9604628524999992
8527,mp-32939,-1.4587677839999997
8528,mp-757,-0.8412325693750002
8529,mp-5440,-3.1084765384126984
8530,mp-4555,-2.227475808333334
8531,mp-780313,-1.801291367421769
8532,mp-4678,-1.2573207592708364
8533,mp-696941,-1.5971485741999998
8534,mp-540391,-2.084703074940478
8535,mp-607848,-0.28553304499999965
8536,mp-698358,-0.3205151347000003
8537,mp-653930,-1.4353280295999997
8538,mp-216,-3.9687326407499994
8539,mp-695984,-2.2552220346428586
8540,mp-557564,-3.4714655074999974
8541,mp-1016875,-0.8457294909999995
8542,mp-19120,-2.1854973408333334
8543,mp-504948,-2.876009241904761
8544,mp-557266,-0.06408288500000185
8545,mp-18451,-4.302724565160714
8546,mp-569832,-0.4574735802272727
8547,mp-545847,-2.3615410114583337
8548,mp-29095,-1.480878889250001
8549,mp-1564,-0.16612902500000004
8550,mp-12046,-1.705534862419951
8551,mp-776041,-2.2548473871428576
8552,mp-292,-0.5148442456249995
8553,mp-17660,-1.7664246093663198
8554,mp-17756,-0.6333048992708304
8555,mp-616204,-1.4755940895000006
8556,mp-667342,-1.5947809093939378
8557,mp-675621,-0.5284849278439149
8558,mp-18055,-0.8451044459999977
8559,mp-3598,-2.164239095333334
8560,mp-20410,-0.4395845796666634
8561,mp-705336,-2.3487976910973094
8562,mp-760515,-2.9288347089285707
8563,mp-5033,-2.9377454085185186
8564,mp-12054,-0.31681963949999953
8565,mp-677131,-3.845216944666667
8566,mp-755413,-1.346765707586207
8567,mp-12814,-0.8872129459999997
8568,mp-809,-0.04542617833333414
8569,mp-974395,-0.016668392500001517
8570,mp-753495,-1.798018929090908
8571,mp-570965,-1.8900565358823505
8572,mp-735519,-2.9289765593541666
8573,mp-562001,-0.7818787620504936
8574,mp-721943,-1.7750275111538458
8575,mp-721255,-2.6331066689047624
8576,mp-21724,-2.381144441607142
8577,mp-19880,-0.4619950761111126
8578,mp-757070,-1.881982101666667
8579,mp-771515,-2.319179365714286
8580,mp-775297,-1.974806886607143
8581,mp-766923,-2.8342378347619044
8582,mp-550553,-1.475107493
8583,mp-20801,-0.519555554166665
8584,mp-6203,-1.9442622340909088
8585,mp-555661,-3.227572116092592
8586,mp-567330,-2.043381956458333
8587,mp-760980,-0.3359588959999996
8588,mp-762274,-1.9033091451130943
8589,mp-676813,-0.6687853346666657
8590,mp-972021,-2.1154600563333332
8591,mp-505322,-0.6819976182693965
8592,mp-15317,-3.59294307013793
8593,mp-21906,-0.25247807064102273
8594,mp-2713,-0.9215836550000027
8595,mp-23764,-2.5857456252777786
8596,mp-996161,-0.5207483058333319
8597,mp-867325,-0.21786539749999534
8598,mp-1019532,-3.424094721458333
8599,mp-23630,-2.002326596964287
8600,mp-2656,-2.3159505562499993
8601,mp-777942,-0.37435607089774103
8602,mp-645,-1.8576392289880985
8603,mp-647489,-0.8269972663809524
8604,mp-15349,-2.3221209661111097
8605,mp-768827,-1.911686005555556
8606,mp-765341,-2.183258042638889
8607,mp-764733,-1.5992387178333332
8608,mp-8216,-3.5211455498333364
8609,mp-567915,-0.7842781458812232
8610,mp-754044,-3.7953783816666657
8611,mp-560545,-2.0298357169872965
8612,mp-557296,-2.5672257067931037
8613,mp-1020621,-2.890801567499999
8614,mp-625402,-2.223578186964287
8615,mp-866165,-0.6685394862499985
8616,mp-1250,-0.4409798527777771
8617,mp-626241,-1.3544190205555557
8618,mp-1410,-2.020705376875
8619,mp-662599,-0.30236748243303524
8620,mp-12463,-0.2985156310000008
8621,mp-4699,-3.0596627382425283
8622,mp-8121,-0.7035757583333341
8623,mp-14037,-2.210706690804599
8624,mp-979137,-0.4539662571875005
8625,mp-779096,-3.878578741803032
8626,mp-974906,0.2794292267672418
8627,mp-561533,-2.200260621250001
8628,mp-754322,-2.185755024285735
8629,mp-6580,-2.5738786218333343
8630,mp-9309,-3.013451491032184
8631,mp-766984,-2.8545034831944442
8632,mp-770744,-2.269829564940476
8633,mp-997569,-0.0689931739880949
8634,mp-560326,-2.7967668517105273
8635,mp-8702,-2.2707922432142866
8636,mp-556074,-1.3295889916130952
8637,mp-8133,-3.5031943104960326
8638,mp-9406,-3.480496879215687
8639,mp-696138,-1.1997989713047617
8640,mp-567204,-0.1665142581481475
8641,mp-510002,-1.6173990218
8642,mp-15998,-1.084312144687499
8643,mp-22002,-0.32860895357142844
8644,mp-862966,-0.29126743187499926
8645,mp-775007,-2.427338771995798
8646,mp-735483,-1.665262489920977
8647,mp-754517,-1.885161441111111
8648,mp-423,-0.5388015261111102
8649,mp-15813,-0.029914947278322352
8650,mp-3871,-0.7897175870833344
8651,mp-773178,-2.058277383354884
8652,mp-572634,-1.6642789243518519
8653,mp-1019256,-0.3332357477777788
8654,mp-973623,0.23017160124999947
8655,mp-780230,-2.3852700482499984
8656,mp-27796,-0.40541703245833105
8657,mp-972827,-1.8203261810000009
8658,mp-20790,-0.4846051148710302
8659,mp-29396,-0.9810454259999986
8660,mp-18350,-0.7141346001190474
8661,mp-675740,-1.6862751016666664
8662,mp-19395,-1.8058299401436801
8663,mp-849761,-1.6452765415769242
8664,mp-767723,-3.0143534140277777
8665,mp-12295,-3.3730617140079366
8666,mp-572763,-1.0103324717269828
8667,mp-582146,-1.7844265240409491
8668,mp-17924,-2.4349771406168825
8669,mp-28996,-0.9037052553787881
8670,mp-504941,-0.7686785858333344
8671,mp-560152,-3.1692055610416667
8672,mp-777896,-2.289423585476191
8673,mp-753818,-0.9757611061111101
8674,mp-1756,-0.5268706892857153
8675,mp-25372,-1.382593593333333
8676,mp-505522,-0.6554052428571414
8677,mp-27311,-2.1516953550000024
8678,mp-2920,-3.7221933660000035
8679,mp-33797,-1.7472979455555564
8680,mp-22023,-1.7561754952499968
8681,mp-631463,0.6814291816666677
8682,mp-10469,-0.8551658058333373
8683,mp-581991,0.0922893154894182
8684,mp-553956,-2.3002710622527465
8685,mp-973994,0.2989281003125086
8686,mp-8111,-4.2564668050000005
8687,mp-4893,-0.8576912987500016
8688,mp-782631,-1.917084578181819
8689,mp-34489,-0.942057359947917
8690,mp-628643,-0.5548779091666655
8691,mp-6102,-0.45213508847221934
8692,mp-776610,-1.8992876093181819
8693,mp-560366,-0.7929513070535718
8694,mp-764057,-2.412228320833334
8695,mp-677454,-2.2878414951916373
8696,mp-554583,-2.831634451619047
8697,mp-202,-0.5969074789666658
8698,mp-12072,-0.48725831833332717
8699,mp-759405,-2.4473728662499994
8700,mp-1019259,-0.5488131825000018
8701,mp-865662,-0.4191411237499949
8702,mp-26855,-2.5369682773809523
8703,mp-772155,-1.9484946653472217
8704,mp-770745,-1.82412478219697
8705,mp-619067,-1.4208018935416564
8706,mp-756510,-2.377695598037035
8707,mp-18279,-0.4836594321428568
8708,mp-540962,-2.930340037545635
8709,mp-707307,-2.431623399258929
8710,mp-554472,-1.259803718660714
8711,mp-5784,-2.1329814429597698
8712,mp-675219,-2.3312633604347828
8713,mp-24136,-0.42521708903846134
8714,mp-631487,0.6749265475000001
8715,mp-30522,-0.7166474103124969
8716,mp-13572,-1.1392145750000005
8717,mp-31096,-0.3555179397499998
8718,mp-15659,-0.397662213000001
8719,mp-16534,-1.961375711944444
8720,mp-768991,-1.9448106613271596
8721,mp-9778,-0.4389853588690471
8722,mp-561318,-3.2427062757291663
8723,mp-865807,-0.6356605766666661
8724,mp-1866,-0.980193509083333
8725,mp-555458,-1.7053322923333332
8726,mp-695202,-3.238361179322034
8727,mp-1974,-0.6676267045000017
8728,mp-605108,-1.9370855738854682
8729,mp-540586,-1.4974041277777783
8730,mp-4690,-1.7564790782569446
8731,mp-673096,-2.5174814418877562
8732,mp-27229,-1.812846898478262
8733,mp-6702,-2.581947146405914
8734,mp-777679,-2.7609690543055563
8735,mp-776860,-1.8753983490476185
8736,mp-997159,-1.6224787424999993
8737,mp-568083,-0.4412376247222222
8738,mp-18561,-0.5146121890624995
8739,mp-8996,-0.46676427687500066
8740,mp-567763,-0.048270930026042436
8741,mp-6492,-3.075945864
8742,mp-1299,-0.7792132649999957
8743,mp-2399,-0.5859435237500037
8744,mp-570404,-0.2335749299999943
8745,mp-2379,-0.4110784400000019
8746,mp-1018083,-0.3350869433333328
8747,mp-973143,-0.29388966999999955
8748,mp-996988,-1.0579341062499994
8749,mp-2424,-0.3407609433333339
8750,mp-21424,-0.7889508647222213
8751,mp-774708,-0.5902066674999996
8752,mp-752512,-1.8315019859090904
8753,mp-5292,-0.6450805160000002
8754,mp-864975,-0.7936226175000014
8755,mp-505771,-1.7532405009516252
8756,mp-851090,-2.8010100576785715
8757,mp-17816,-1.872106807899687
8758,mp-11,0.011004127499999683
8759,mp-34296,-1.6927976435714283
8760,mp-866096,-0.24672110124999946
8761,mp-541557,-0.6552801813333347
8762,mp-30925,-1.3986615410000014
8763,mp-16718,-0.2864058514285688
8764,mp-11958,-0.6663131699999973
8765,mp-18090,-1.538329979666666
8766,mp-650841,-1.1318140390277793
8767,mp-571193,-0.3549902028004929
8768,mp-21155,-0.4877455465325653
8769,mp-865218,-3.140033187583336
8770,mp-1019786,-2.6482068801359655
8771,mp-1019733,-1.3215865140384624
8772,mp-779913,-2.389649785555555
8773,mp-600029,-3.256047028611111
8774,mp-999193,-0.8350797550000006
8775,mp-8727,-2.467705925000003
8776,mp-560000,-3.6030509804761897
8777,mp-22292,-0.7727289466666699
8778,mp-640712,-0.13262181543859547
8779,mp-19271,-2.3254649040000004
8780,mp-780303,-1.949608897708334
8781,mp-768972,-2.797289450882352
8782,mp-998918,-0.3985807370052106
8783,mp-557810,-2.3279061658333284
8784,mp-560144,-1.01556529095
8785,mp-697075,-0.7666176467857143
8786,mp-757785,-1.6018767098437516
8787,mp-981530,-0.8320596466666679
8788,mp-552098,-1.2569693644687518
8789,mp-381,-0.6468476450000011
8790,mp-758886,-2.1240439950680265
8791,mp-13005,-0.48737738599999714
8792,mp-779287,-3.0093935160714276
8793,mp-540626,-1.1308610450000005
8794,mp-769307,-3.4676156328111176
8795,mp-18864,-2.2487335299999986
8796,mp-945779,-1.0542629474999998
8797,mp-573069,-1.8666098764444448
8798,mp-2573,-0.30263384468749877
8799,mp-568115,-0.8719251650000004
8800,mp-7295,-1.0901500383928442
8801,mp-560806,-0.7702387568005931
8802,mp-628637,-1.1571057003125
8803,mp-28277,-1.707505457333331
8804,mp-684496,-2.2439798424285704
8805,mp-971647,-1.9174102173275855
8806,mp-867241,-0.6652070499999958
8807,mp-23457,-0.4102195140773806
8808,mp-558958,-1.2676467697222218
8809,mp-559833,-3.0500561060258624
8810,mp-555267,-0.5360772075000018
8811,mp-569582,-0.10535970833333626
8812,mp-754085,-1.0255320813333335
8813,mp-675230,-2.12479554765625
8814,mp-40668,-2.300544082451252
8815,mp-867278,-0.16986982625000024
8816,mp-743676,-1.0332667496739134
8817,mp-974386,0.10581207875000143
8818,mp-1008635,0.5193360850000026
8819,mp-21364,-0.9220796100000008
8820,mp-1016823,-2.463637802000001
8821,mp-555438,-4.08410520125
8822,mp-867801,-0.5384206291666667
8823,mp-1019777,-3.148412294641026
8824,mp-755756,-3.1906332993333324
8825,mp-22600,-1.3970521176904753
8826,mp-32028,-2.3892843418530862
8827,mp-555069,-1.731748506354167
8828,mp-722766,-1.227316405916667
8829,mp-758945,-1.7313107870833333
8830,mp-850930,-3.0504982915756704
8831,mp-555958,-2.8542012509090906
8832,mp-19207,-2.603880691500001
8833,mp-760136,-2.3852898505442175
8834,mp-8424,-2.2131116418888888
8835,mp-722188,-2.4830555838168835
8836,mp-27298,-0.9456154535714253
8837,mp-29726,-1.016716155833329
8838,mp-1986,-1.7828301824999992
8839,mp-545603,-2.444242602
8840,mp-560005,-1.0299392578333326
8841,mp-29630,-0.31884316203703694
8842,mp-559385,-3.754535269642855
8843,mp-867474,-0.48585430916666716
8844,mp-628726,-2.2634243418181814
8845,mp-762694,-2.431070082592593
8846,mp-28229,-0.19444558000000306
8847,mp-20450,-0.6550159745833355
8848,mp-796,-0.218436486249999
8849,mp-770811,-2.459652085
8850,mp-23858,-0.7084035196666666
8851,mp-622209,-0.4187757031250001
8852,mp-1657,-0.8711032616666662
8853,mp-15391,-1.8733931307183909
8854,mp-766967,-2.87671320112814
8855,mp-554882,-1.9424780024999995
8856,mp-2306,-0.10987347000000014
8857,mp-30203,-0.6927071563888885
8858,mp-865828,-0.5221110362499957
8859,mp-767688,-2.5989850012292877
8860,mp-510370,-3.0422607819061307
8861,mp-531175,-1.995608452857142
8862,mp-777779,-1.8336554125632183
8863,mp-977384,-0.6848659674999986
8864,mp-755311,-3.2406589545114945
8865,mp-12899,-0.8937567249999958
8866,mp-865341,-0.4087988775000042
8867,mp-781961,-2.113799596297619
8868,mp-680683,-2.829249780818966
8869,mp-29320,-1.4121628689453136
8870,mp-23494,-1.8112921922222214
8871,mp-604008,-0.6028253595833325
8872,mp-30725,-0.4744245550000035
8873,mp-29839,-1.58014964341797
8874,mp-686748,-3.040449417333333
8875,mp-770879,-2.230633351051587
8876,mp-625175,-0.8169217356944445
8877,mp-28865,-0.7531995216666654
8878,mp-763328,-1.950542879375
8879,mp-18749,-1.7113622562499995
8880,mp-23485,-0.5123625465476189
8881,mp-662815,-0.8944596872475363
8882,mp-7303,-0.2305231487499979
8883,mp-989606,-0.7351132354999919
8884,mp-1001012,-1.875742454999999
8885,mp-770382,-2.563325121851852
8886,mp-753708,-3.422507976111113
8887,mp-570254,-0.5870558699999956
8888,mp-1019806,-2.945787132230264
8889,mp-559961,-1.2332864002157768
8890,mp-867422,-0.6827262418750024
8891,mp-680674,-1.602813389568966
8892,mp-956096,-0.33308265749999677
8893,mp-20461,-2.1087983179999994
8894,mp-567956,-0.8169221619687494
8895,mp-974662,0.5838578264583334
8896,mp-6167,-3.3743605727499997
8897,mp-1412,-0.43255627000000274
8898,mp-8842,-0.8147804333333326
8899,mp-1448,-0.6931331762499973
8900,mp-605821,-1.6808579221205358
8901,mp-989195,-3.074055651666667
8902,mp-3574,-0.1308494194827583
8903,mp-3277,-2.130445326111111
8904,mp-768317,-3.8146135282291667
8905,mp-17784,-3.0491926654166663
8906,mp-5618,-2.276241102727271
8907,mp-29416,-1.8715798950520837
8908,mp-557004,-3.2519894955555575
8909,mp-600449,-0.6992661904166644
8910,mp-23914,-1.4208633007142846
8911,mp-861657,-0.22198279124999942
8912,mp-752953,-1.4765478904166658
8913,mp-9702,-2.587786172976191
8914,mp-504928,-0.266854584166668
8915,mp-720279,-1.3524951896023925
8916,mp-560824,-2.938508188697919
8917,mp-2918,-2.7125415749999995
8918,mp-772403,-2.822340059583334
8919,mp-850747,-2.2480295447406453
8920,mp-865132,-2.431969152619047
8921,mp-863665,-0.5235222362499989
8922,mp-7905,-2.8503075149999995
8923,mp-776021,-1.8182856076666667
8924,mp-707424,-1.6108465986572273
8925,mp-22502,-0.21834808375862025
8926,mp-11737,-2.674883012592591
8927,mp-976762,0.18496715750000092
8928,mp-770548,-2.1446863940661625
8929,mp-675464,-1.7642213919047605
8930,mp-9405,-2.044959703232639
8931,mp-23648,-3.095597672753623
8932,mp-631467,0.7485456745833332
8933,mp-754095,-2.1403878034375
8934,mp-770847,-2.671380542500001
8935,mp-22958,-1.0446346494499998
8936,mp-997011,-0.2662113112499993
8937,mp-757205,-4.207758563249999
8938,mp-23002,-2.3600478877777777
8939,mp-755891,-1.6907098150407087
8940,mp-570972,-1.7481333630530018
8941,mp-12729,-2.876566269
8942,mp-977583,-0.3997025067708364
8943,mp-704227,-2.426548707724942
8944,mp-541474,-1.1531761727777772
8945,mp-5127,-1.432946590277778
8946,mp-542622,-2.1307099194155836
8947,mp-764063,-2.216233123611111
8948,mp-11977,-0.4235444177777789
8949,mp-23609,-2.5397652730902784
8950,mp-772583,-2.769308367321428
8951,mp-567846,-0.6405896324940485
8952,mp-730,-0.7895928486507936
8953,mp-777233,-4.275249604285714
8954,mp-7938,-1.4087580168124996
8955,mp-540138,-2.349470745663265
8956,mp-762239,-1.6852072914367824
8957,mp-756317,-2.5423616575000003
8958,mp-505292,-0.6583464247727254
8959,mp-569603,-0.7560053975000006
8960,mp-753677,-1.1592184724999999
8961,mp-23546,-1.3023143347509547
8962,mp-974682,-0.2984818118749999
8963,mp-19979,-0.691006975000002
8964,mp-558411,-3.8419467836363634
8965,mp-865259,-0.39132501187499713
8966,mp-631895,0.8515988900000018
8967,mp-19170,-2.4055859918333327
8968,mp-779738,-2.385457897249998
8969,mp-1023,-0.07850760763157819
8970,mp-557962,-1.505773364999999
8971,mp-1086,-0.6594606036666661
8972,mp-2432,-0.1163174283333331
8973,mp-776110,-2.5862830018333343
8974,mp-23827,-0.887567814999999
8975,mp-554191,-3.0227890546797886
8976,mp-777443,-2.594094796296296
8977,mp-764506,-2.2412848440310076
8978,mp-865000,-0.9944171187499986
8979,mp-556553,-3.1871296699999996
8980,mp-673673,-2.0337779506249998
8981,mp-22893,-0.9202234016666632
8982,mp-644418,-1.918618356562499
8983,mp-557143,-1.4833446901515168
8984,mp-631562,0.9015777523611064
8985,mp-769001,-2.446102053764368
8986,mp-27768,-0.41092450392857166
8987,mp-694629,-2.4965589461697713
8988,mp-971950,0.12423259374999951
8989,mp-314,-0.7547292769999956
8990,mp-557826,-3.2232666026642858
8991,mp-755796,-0.946367579333333
8992,mp-39542,-3.3578986332249996
8993,mp-616577,-1.4723491014583336
8994,mp-759657,-2.5518627685
8995,mp-28675,-2.9901062048979608
8996,mp-1013554,-0.9527194013452401
8997,mp-779820,-2.5587967472727278
8998,mp-557111,-2.481131521500001
8999,mp-865804,-0.5910538055833356
9000,mp-1091,-0.42189018714285964
9001,mp-768185,-3.3920590543192484
9002,mp-540544,-1.7055469925961513
9003,mp-18303,-1.5831563211588329
9004,mp-676666,-2.7071918133333326
9005,mp-631481,1.5750217241954019
9006,mp-644280,-0.47561765437499925
9007,mp-9132,-1.316093814699998
9008,mp-505164,-0.4036820615277759
9009,mp-1001113,0.4898279624999997
9010,mp-13339,-1.9566220166666675
9011,mp-8793,-0.38598615788461643
9012,mp-780192,-1.9949778201666668
9013,mp-22739,-1.2260524504166657
9014,mp-626885,-2.5354736532142845
9015,mp-18953,-2.696657163563218
9016,mp-769590,-2.427746425833333
9017,mp-1002104,-1.2975954149999964
9018,mp-4316,-0.7208339249999994
9019,mp-752546,-3.26351046051282
9020,mp-780862,-2.604692312977012
9021,mp-17395,-2.820029439460785
9022,mp-579628,0.46737612166666054
9023,mp-2083,-0.31080211333333335
9024,mp-5014,-0.16145748815972402
9025,mp-556382,-3.2673173250000045
9026,mp-850231,-2.146936383571428
9027,mp-27377,-3.2627508228095237
9028,mp-21238,-0.7197681062499939
9029,mp-18509,-3.3111164358750003
9030,mp-541325,-2.4987580686538453
9031,mp-862927,-0.5225101247916655
9032,mp-27452,-1.676674889999999
9033,mp-9954,-0.9920402924999987
9034,mp-759441,-2.270798107386905
9035,mp-721236,-1.1916645549047609
9036,mp-1019266,-1.4308816466666674
9037,mp-780172,-3.053953418981482
9038,mp-773016,-3.128658436679199
9039,mp-7440,-0.49986311961309493
9040,mp-626073,-1.9838235744642856
9041,mp-975664,-0.4533102079166653
9042,mp-756593,-3.369297396307692
9043,mp-9841,-2.6704993997058817
9044,mp-30369,-0.5915843412250013
9045,mp-24402,-3.0859900018055564
9046,mp-865315,-0.21346111208333518
9047,mp-783907,-2.4425581020250067
9048,mp-3006,-0.6349645291758228
9049,mp-867201,-0.42768653125000355
9050,mp-1339,-0.6098486812499981
9051,mp-829,-0.8978085200000017
9052,mp-850757,-2.360240520555555
9053,mp-22708,-0.7201878874999977
9054,mp-542428,-1.100275000238092
9055,mp-1006246,0.07793078250000107
9056,mp-12892,-0.34514874666666745
9057,mp-999393,0.5430221274999987
9058,mp-39626,-2.846217888293103
9059,mp-30221,-1.3384717452472528
9060,mp-979751,-0.2850719201666667
9061,mp-35249,-3.9977812672727278
9062,mp-542840,-2.4004717915555553
9063,mp-780894,-2.0014144613075433
9064,mp-554714,-3.448520474642858
9065,mp-760092,-2.1313317875000006
9066,mp-775200,-2.2005774301847283
9067,mp-18963,-1.3939951620881237
9068,mp-29048,-2.1110147628571454
9069,mp-28091,-1.7118207861309571
9070,mp-541332,-2.4810283878846153
9071,mp-18776,-2.7252688553896096
9072,mp-984766,-0.46584116212121207
9073,mp-17166,-2.7716607043205124
9074,mp-578882,-0.7633883131249992
9075,mp-21336,-0.8359469598253982
9076,mp-1018179,-0.31741169666666735
9077,mp-20588,-0.7157343711607149
9078,mp-982387,-0.4401754343750035
9079,mp-27802,-1.2595916695833296
9080,mp-569935,-1.555679080555554
9081,mp-17676,-2.4674178353124994
9082,mp-1018107,-1.0684746383333323
9083,mp-510408,-1.7760848793103463
9084,mp-5419,-0.5660502191666694
9085,mp-29030,-3.141984578409091
9086,mp-703316,-0.4540578611250002
9087,mp-20612,-0.2674396656034486
9088,mp-559730,-1.6452120545340898
9089,mp-528,-0.019792172631575136
9090,mp-662513,-1.0512831028703695
9091,mp-699543,-1.680201099443827
9092,mp-13549,-0.5827636583333309
9093,mp-762600,-1.2856254291071423
9094,mp-18721,-2.5816131941043428
9095,mp-767709,-2.7334601714144307
9096,mp-7589,-1.8881167675000001
9097,mp-733729,-2.3001010813955025
9098,mp-5402,-1.7275091616666711
9099,mp-7104,-3.718484556931034
9100,mp-10129,-0.5115989590277792
9101,mp-9086,-2.1191473076562453
9102,mp-865219,-0.6095200683333326
9103,mp-4851,-2.6390624348214273
9104,mp-763229,-2.801126125416667
9105,mp-556031,-2.356596268344154
9106,mp-193,-0.1341221300000003
9107,mp-20898,-0.3589014779166657
9108,mp-6092,-0.510941508333333
9109,mp-27739,-1.6795332463461556
9110,mp-754444,-0.6901034161904757
9111,mp-3299,-0.8223234918571449
9112,mp-20958,-2.9614097927500005
9113,mp-707485,-1.6655044691896554
9114,mp-570538,-0.16696232156250002
9115,mp-975176,-0.21356119687500152
9116,mp-769540,-2.2389060256211177
9117,mp-865651,-0.3460328558333332
9118,mp-6245,-2.8694532611931804
9119,mp-2868,-0.3945450246341429
9120,mp-1008865,-0.3139738191666647
9121,mp-643573,-0.34585185606191193
9122,mp-760370,-2.3225834489473693
9123,mp-1009732,0.9106934174999992
9124,mp-776406,-1.9684099091156477
9125,mp-1453,-2.1069721282812495
9126,mp-1020616,-2.904985484948979
9127,mp-625154,-1.1282652499999997
9128,mp-973165,0.3875021624999988
9129,mp-779360,-2.806052723750001
9130,mp-776280,-1.9889637855833342
9131,mp-22585,-0.4705154166666669
9132,mp-775935,-3.6831441938888907
9133,mp-998432,-2.3660763720000006
9134,mp-19413,-2.63203482
9135,mp-38818,-0.9005008233333361
9136,mp-676290,-0.6684781254166664
9137,mp-982321,0.3206935524999963
9138,mp-776692,-2.738702727333334
9139,mp-28198,-1.142265570138884
9140,mp-22792,-0.20975325486589944
9141,mp-556592,-0.6401545757619047
9142,mp-6674,-3.059468489833334
9143,mp-31515,-2.4681347772500013
9144,mp-10470,-0.864514320833333
9145,mp-29789,-0.9762314797916707
9146,mp-505499,-0.670550465910253
9147,mp-505357,-0.6619355677951381
9148,mp-510274,-0.9180839286111109
9149,mp-972424,-1.3556204612499982
9150,mp-769049,-2.827434139642858
9151,mp-14765,-0.6355230686974781
9152,mp-541738,-1.1530576709975355
9153,mp-9716,-3.0005036554999998
9154,mp-764415,-2.2453078214921995
9155,mp-768041,-2.5820512346369924
9156,mp-18474,-0.3325019001597203
9157,mp-554649,-2.592374248913786
9158,mp-1853,-0.5431645806862728
9159,mp-971775,0.12077277000000208
9160,mp-774306,-2.4292747066220226
9161,mp-707105,-2.5714238454166676
9162,mp-780874,-1.908194573308748
9163,mp-755856,-2.5920388807142856
9164,mp-761090,-1.6748807180911334
9165,mp-989568,-2.9586466645689655
9166,mp-558977,-2.448090529833332
9167,mp-1020707,-2.655388389947917
9168,mp-555565,-0.8021014560256401
9169,mp-998427,-1.9204629559062496
9170,mp-696485,-2.141073916013484
9171,mp-12961,-0.9050267722222239
9172,mp-767604,-2.8750379171014506
9173,mp-4138,-2.0843878250000003
9174,mp-772787,-3.1403310959774453
9175,mp-949,-0.07315796499999916
9176,mp-23496,-0.8927725588314169
9177,mp-23207,-0.35287193125000077
9178,mp-626295,-1.357903475
9179,mp-770506,-2.5398069682777797
9180,mp-606691,-3.086994967808926
9181,mp-555700,-3.25534563375
9182,mp-30412,-0.06182607312499755
9183,mp-766249,-1.4899675231538472
9184,mp-11605,-1.9077216981979155
9185,mp-12464,-0.2524445386250022
9186,mp-3879,-3.3912202111111016
9187,mp-501,-0.9196565076527795
9188,mp-865355,-0.3995493324999986
9189,mp-865779,-0.27669656125000053
9190,mp-540611,-2.9161949040873014
9191,mp-540760,-1.204018805464289
9192,mp-571107,-0.5660387515277782
9193,mp-974789,0.012934338125000222
9194,mp-27018,-2.353118185982142
9195,mp-3378,-3.8123649239999997
9196,mp-562764,-1.7587041797569445
9197,mp-1006880,0.8213030854166661
9198,mp-9636,-2.921843938706896
9199,mp-10045,-1.0053669578125
9200,mp-541240,-2.402852091999999
9201,mp-973111,0.00714690500000259
9202,mp-865604,-0.014123781388889256
9203,mp-540482,-2.5058329902380936
9204,mp-772199,-1.4298000065
9205,mp-31924,-2.5653248698227356
9206,mp-709350,-2.458472760905173
9207,mp-12011,-1.5361206427023804
9208,mp-560608,-2.4672929015999987
9209,mp-10032,-0.0834786366666691
9210,mp-642991,-1.7527689165705125
9211,mp-849478,-2.403213892921457
9212,mp-999177,-0.7158683749999994
9213,mp-554543,-3.2514870154166666
9214,mp-21433,-0.8068928288888912
9215,mp-817,-0.2302277074999992
9216,mp-779363,-2.8795771837500004
9217,mp-23091,-2.452866078000001
9218,mp-756272,-3.899716204333333
9219,mp-18352,-2.146241022708333
9220,mp-723426,-1.8937556714696218
9221,mp-1518,-0.6572042349999982
9222,mp-3467,-0.47962362999999897
9223,mp-555965,-2.133102561666666
9224,mp-571621,-0.8594699667799195
9225,mp-22913,-0.517612222499999
9226,mp-779904,-0.9030045408333334
9227,mp-676077,-3.8213636928571435
9228,mp-505759,-0.7749566481249985
9229,mp-531132,-3.3223266832417577
9230,mp-1019522,-2.99083868178161
9231,mp-653005,-1.7267430299122806
9232,mp-753490,-0.37582612805555726
9233,mp-754628,-0.37306886937500394
9234,mp-11957,-0.5813631949999998
9235,mp-571580,-0.4761823758749976
9236,mp-1007854,0.04974763500000101
9237,mp-607806,-2.1640406951339304
9238,mp-554873,-2.5106557157246367
9239,mp-17885,-1.0869845000925933
9240,mp-546790,-2.071970654166667
9241,mp-605461,-1.7076015532250002
9242,mp-23009,-1.5017770275000002
9243,mp-9939,-0.7210517066666711
9244,mp-9008,-0.6833865980555555
9245,mp-12564,-0.36049656010100745
9246,mp-850933,-1.4522743304166674
9247,mp-24348,-2.410865821656745
9248,mp-680539,-0.32018120902884395
9249,mp-11905,-2.717315583833334
9250,mp-6595,-2.237133783636364
9251,mp-863659,-0.43869024416666846
9252,mp-4938,-0.5337715422222212
9253,mp-28610,-1.4443564862643659
9254,mp-567462,-0.4900148637499999
9255,mp-861913,-0.24952011416666764
9256,mp-721901,-2.058823672146666
9257,mp-16884,-1.3235291658380681
9258,mp-560882,-1.146464365364584
9259,mp-675300,-3.7733216104545435
9260,mp-4297,-0.45580848199999763
9261,mp-973535,0.6149614614999992
9262,mp-981247,-0.1961434699999991
9263,mp-16960,-0.9238522724999996
9264,mp-22896,-2.8672328850000013
9265,mp-5769,-2.2137175437499943
9266,mp-23651,-2.546126431326837
9267,mp-972323,-0.4744553693333309
9268,mp-3633,-0.4314179307692274
9269,mp-770611,-1.612558675266667
9270,mp-23522,-2.2661357870833396
9271,mp-30732,-0.7252019905555535
9272,mp-30603,-0.11645303166666683
9273,mp-558111,-2.9002206436590034
9274,mp-36982,-1.6197399172666667
9275,mp-10378,-0.5003016124999995
9276,mp-703539,-0.447013033799999
9277,mp-23451,-1.6251751631403937
9278,mp-979266,-0.2377435900000009
9279,mp-11670,-1.4360827007692303
9280,mp-22605,-0.827460379196428
9281,mp-10922,-0.6074128501190466
9282,mp-541878,-1.0400380071666655
9283,mp-12779,-0.5581268500000007
9284,mp-1018047,-0.9260396749999984
9285,mp-1018753,-0.3485934411111155
9286,mp-760758,-1.764112228750002
9287,mp-21156,-0.29645188166666525
9288,mp-772925,-3.1789911516666662
9289,mp-24461,-0.5324960865909099
9290,mp-570930,-0.5381858361458285
9291,mp-593,-0.2331023019230772
9292,mp-29576,-0.1435914114565816
9293,mp-775277,-2.2228163055576924
9294,mp-12759,-0.15582683749999848
9295,mp-560625,-1.891868966785714
9296,mp-556001,-2.9258610732235226
9297,mp-983550,0.17558297749999952
9298,mp-779582,-0.45083646534090926
9299,mp-30719,-0.17293982083333503
9300,mp-632656,-0.7222558086458335
9301,mp-16514,-0.5632505449999989
9302,mp-982017,-0.47896176541666335
9303,mp-382,-1.5578921971428485
9304,mp-770894,-2.6891856058399477
9305,mp-981397,-0.09472888416666692
9306,mp-1008275,0.1761669437499993
9307,mp-542593,-0.7998636449999985
9308,mp-10950,-2.8838319507142858
9309,mp-28639,-0.41140278531250063
9310,mp-4088,-0.584098419
9311,mp-570921,-1.911933923512379
9312,mp-1017,-1.5387357718750012
9313,mp-568565,-0.17219165125000035
9314,mp-2282,-0.5763651724999997
9315,mp-1,0.019341450000002425
9316,mp-695866,-1.450229536833333
9317,mp-989522,-0.4730091689642862
9318,mp-11653,-2.7252711578571436
9319,mp-5972,-1.8935100680818957
9320,mp-8128,-2.9878878134698272
9321,mp-766289,-3.732768266333333
9322,mp-555999,-1.2696587740441183
9323,mp-28299,-2.1654231862187503
9324,mp-12900,-0.8964365874999984
9325,mp-861604,-0.4951783583333347
9326,mp-570885,-0.7180369884999998
9327,mp-769481,-3.3991446230000006
9328,mp-28246,-0.017118973749997934
9329,mp-8184,-2.225629343333333
9330,mp-687090,-2.5197857543939395
9331,mp-762988,-2.9465330252528745
9332,mp-23408,-0.6316266425757597
9333,mp-23033,-1.5729329762499997
9334,mp-557735,-1.8129939043939396
9335,mp-780087,-2.587682251609197
9336,mp-631353,0.5821484698563211
9337,mp-772886,-2.8369588154545458
9338,mp-32689,-2.190777713854166
9339,mp-989604,-1.0928410905000008
9340,mp-755263,-0.869188344999999
9341,mp-542158,-2.077506058080357
9342,mp-1132,-1.3461513474999993
9343,mp-14245,-0.9688911313333322
9344,mp-862555,-0.26196093166666756
9345,mp-764985,-1.697071193596491
9346,mp-510459,-1.9274052068472909
9347,mp-754500,-2.2742659725251824
9348,mp-11521,-0.5071770975000005
9349,mp-774390,-1.774151544899425
9350,mp-36086,-2.6498756837499995
9351,mp-722245,-0.6997330194999992
9352,mp-673174,-0.15444952439393989
9353,mp-552200,-2.9362635307333336
9354,mp-4362,-0.6589879004761902
9355,mp-568949,-1.1510218516666697
9356,mp-2338,-0.44699698333333515
9357,mp-559614,-2.5587676117500004
9358,mp-667292,-3.1180665238500005
9359,mp-766367,-3.3544302001754374
9360,mp-19814,-0.28090666666666664
9361,mp-560042,-1.328151704375
9362,mp-773463,-2.0998655820119048
9363,mp-753459,-3.0550529299999996
9364,mp-24170,-2.17247984454365
9365,mp-976151,-0.07227551041666569
9366,mp-4793,-0.7343721370000026
9367,mp-20293,-1.0874215949999997
9368,mp-11115,-0.7226800792773438
9369,mp-675345,-0.8172734737500004
9370,mp-6600,-3.2211928226333346
9371,mp-775713,-2.299778542440477
9372,mp-770558,-2.381213178721675
9373,mp-505825,-0.052278555862067574
9374,mp-697676,-1.626650663999999
9375,mp-8110,-3.1183578568333337
9376,mp-20517,-0.2632286293749999
9377,mp-1253,-2.283761781171875
9378,mp-20298,-0.6245860299999997
9379,mp-643066,-1.6927066750000006
9380,mp-865524,-0.7898519374999999
9381,mp-999566,0.13271611077586343
9382,mp-759071,-2.457222104272486
9383,mp-26650,-2.451150581147186
9384,mp-1016883,-2.2465582069999996
9385,mp-2286,-1.4516769874652777
9386,mp-3262,-0.7935869020000006
9387,mp-5273,-1.6841606138541678
9388,mp-672265,-0.099534913571428
9389,mp-975909,-0.37749018416666047
9390,mp-961708,0.051087372583339175
9391,mp-763519,-2.158112120611658
9392,mp-775180,-1.7097354754761906
9393,mp-1009460,0.032178136666658474
9394,mp-26875,-2.2903537373511904
9395,mp-505558,-1.5322514642838527
9396,mp-23126,-1.6293164260208333
9397,mp-676951,-3.699847019090907
9398,mp-662534,-1.7219160637962965
9399,mp-558045,-2.6838797668986034
9400,mp-773330,-2.0075730146756974
9401,mp-6280,-3.529615748611111
9402,mp-996969,-1.1475833641666657
9403,mp-30032,-0.8225861330555571
9404,mp-760188,-3.0746754011363633
9405,mp-704197,-2.5369874921886444
9406,mp-977435,-0.9449341024999995
9407,mp-849071,-0.9247021364285705
9408,mp-849429,-2.496064636363636
9409,mp-978829,0.18030723625000178
9410,mp-556826,-3.1117091069047613
9411,mp-758379,-3.7348426140151503
9412,mp-16522,-0.6445759866666663
9413,mp-777787,-2.778398404583332
9414,mp-853240,-1.7087600945833339
9415,mp-24405,-1.9006384830608973
9416,mp-4105,-0.6250300229999993
9417,mp-850914,-3.0139287992424237
9418,mp-30529,-0.049254262826703865
9419,mp-22887,-2.8137383649999994
9420,mp-573202,-1.1530033382135398
9421,mp-975646,-1.8142293629166661
9422,mp-779046,-2.520201857872024
9423,mp-625560,-1.1020703121590913
9424,mp-571617,-0.5268599433333326
9425,mp-21581,-0.11397460897435853
9426,mp-560670,-1.8689105583072916
9427,mp-972205,-0.3719995725000018
9428,mp-21884,-0.5073272430000031
9429,mp-631494,0.12326748000000087
9430,mp-14169,-3.452167908717948
9431,mp-13664,-3.499453334060604
9432,mp-1402,-0.36313556833333394
9433,mp-30942,-3.9366520277450983
9434,mp-770394,-2.25546569404729
9435,mp-980648,-0.47941711749999794
9436,mp-775782,-1.8970324325191572
9437,mp-628618,-2.199069989074075
9438,mp-30872,-0.5878298616666626
9439,mp-8804,-0.859124135
9440,mp-862679,-0.14320691786111203
9441,mp-703231,-2.3524855407959193
9442,mp-17682,-0.08023600708333234
9443,mp-1018946,-0.5351901697222227
9444,mp-863869,-1.9865800842528747
9445,mp-21294,-0.49457612333333145
9446,mp-40685,-3.118503749229363
9447,mp-626435,-2.039267438035715
9448,mp-773721,-2.1997456016550365
9449,mp-1009008,-1.675274395833334
9450,mp-769490,-1.9727833042792877
9451,mp-778268,-2.6672906113293653
9452,mp-9380,-2.338752899642857
9453,mp-557748,-1.9299695301041666
9454,mp-985296,-0.0667762912499974
9455,mp-975586,0.04695810500000164
9456,mp-752671,-2.002679033333333
9457,mp-1007758,-0.09590878000000203
9458,mp-696656,-2.0667254129166666
9459,mp-623027,-0.4475707952777744
9460,mp-30444,-0.041226980000000364
9461,mp-557028,-3.55495382952941
9462,mp-772890,-2.000197782604168
9463,mp-20935,-0.8368851283333356
9464,mp-753022,-2.146415199919951
9465,mp-773906,-2.652387126839515
9466,mp-27757,-0.016717138833332968
9467,mp-1018680,-0.3732856108333304
9468,mp-10614,-1.05522757654762
9469,mp-3034,-0.1748599087499998
9470,mp-769922,-2.550871035
9471,mp-14215,-0.9172534112301578
9472,mp-486,-0.4013556986507929
9473,mp-561124,-2.4810789597187486
9474,mp-640108,-0.4632381133333304
9475,mp-862791,-0.4267712968749997
9476,mp-694994,-0.3245143964880954
9477,mp-531792,-4.118578068377194
9478,mp-760747,-3.3491297409195404
9479,mp-541911,-2.072877409999999
9480,mp-28853,-2.314873115500002
9481,mp-560358,-3.297215261868131
9482,mp-7086,-0.8967297855468761
9483,mp-11287,-0.5177227816666677
9484,mp-631464,0.7478105492500001
9485,mp-680689,-3.288349918333333
9486,mp-542550,-1.1195747570587886
9487,mp-759534,-1.8317589911574075
9488,mp-973977,-2.1318089729999983
9489,mp-6759,-2.9798845178846145
9490,mp-667314,-0.9244693749855072
9491,mp-675751,-3.36552491475
9492,mp-29696,-1.420519377111111
9493,mp-975814,0.845827911249998
9494,mp-15182,-0.2863767323958335
9495,mp-974525,0.8944323137499985
9496,mp-4483,-0.30125162846354137
9497,mp-865588,-0.2985286525000008
9498,mp-26796,-1.7749282325680278
9499,mp-7880,-0.3030315000000002
9500,mp-768959,-1.8863803102969343
9501,mp-15408,-3.0469093768333337
9502,mp-608594,-2.1945899174999988
9503,mp-867848,-0.31252593499999914
9504,mp-1020125,-3.2198757667499995
9505,mp-568744,-0.4527478805555592
9506,mp-1112,-0.23419471666666544
9507,mp-1019557,-2.0028034186111117
9508,mp-23558,-0.9173112705555528
9509,mp-28294,-2.6608833004629626
9510,mp-980038,0.6527258200000006
9511,mp-22953,-0.36539186333333856
9512,mp-11172,-2.2174552241666667
9513,mp-971678,-1.7833984345114953
9514,mp-17495,-2.878090893419913
9515,mp-762344,-2.4796114861494254
9516,mp-770538,-2.410766014438117
9517,mp-780287,-2.591280778724138
9518,mp-1604,-0.8267827357142831
9519,mp-761324,-2.235122678333333
9520,mp-18803,-2.214918839679804
9521,mp-731,-0.11467031812500039
9522,mp-21710,-0.7222714347222213
9523,mp-3827,-0.9958706005625002
9524,mp-13937,-2.9914924659166657
9525,mp-206,-0.7691735312500008
9526,mp-756014,-3.2139503581818185
9527,mp-568509,-0.5697240176666668
9528,mp-7909,-0.5821135314285755
9529,mp-21401,-0.9220374080555528
9530,mp-757479,-2.4861176425749565
9531,mp-15794,-1.9684704936979163
9532,mp-973278,0.10858690675000027
9533,mp-558115,-3.2585876476666678
9534,mp-560845,-0.5076889725
9535,mp-1502,-0.9896899633333286
9536,mp-673706,-0.8750190703333341
9537,mp-550514,-2.0711368834666657
9538,mp-15293,-0.6958948594444507
9539,mp-27403,-3.748839505833334
9540,mp-1018735,-1.6946891927777774
9541,mp-865364,-0.3569883897499988
9542,mp-13938,-2.999338294416667
9543,mp-18710,-1.3357637194744305
9544,mp-867213,-0.6053596824999969
9545,mp-631573,0.8699364542968695
9546,mp-542188,-0.9595810064285705
9547,mp-26248,-2.4584537958412693
9548,mp-759341,-2.4870435631445007
9549,mp-604,-3.017570597142858
9550,mp-761126,-1.5618773090909095
9551,mp-849335,-2.56097521625
9552,mp-1019087,-0.44414865083333527
9553,mp-22397,-0.7256004555000004
9554,mp-9852,-0.6167322266468247
9555,mp-3507,-0.922648139333333
9556,mp-257,-0.5934552324999984
9557,mp-27801,-0.634143947500001
9558,mp-703461,-1.5236585948611117
9559,mp-755210,-3.085859221923076
9560,mp-867701,-1.2223989936363635
9561,mp-531296,-0.7419430933928552
9562,mp-554508,-3.126331969230519
9563,mp-763535,-2.4314898043409863
9564,mp-19937,-0.3919380200624971
9565,mp-697677,-0.41273316312500014
9566,mp-975958,-2.546329767625479
9567,mp-29151,-1.251634133958333
9568,mp-3698,-0.4551222750000008
9569,mp-28110,-1.0330377438888902
9570,mp-10636,-0.7955539666666667
9571,mp-753546,-1.5262051426666663
9572,mp-865120,-3.440691451275864
9573,mp-1018738,-0.6422573390277778
9574,mp-17803,-0.8672512082843156
9575,mp-756875,-1.8548519920833337
9576,mp-13774,-3.2877185646017772
9577,mp-754415,-3.742577128636361
9578,mp-8962,-2.4274268339285707
9579,mp-1019089,-0.6617146915833336
9580,mp-20716,-1.4557368364687513
9581,mp-3546,-0.42944283512821574
9582,mp-980940,0.24481105989583085
9583,mp-771185,-2.142987361240741
9584,mp-866302,-1.8863189281798745
9585,mp-561491,-3.2206291309314663
9586,mp-694979,-2.718061147106343
9587,mp-560673,-2.994910598732041
9588,mp-722867,-2.7423824923255826
9589,mp-14972,-3.2823068269270834
9590,mp-504593,-1.562370397812499
9591,mp-559150,-2.6734167109995233
9592,mp-40830,-3.5018033293218394
9593,mp-12781,-0.6569232937500002
9594,mp-680387,-3.1739994478787876
9595,mp-3727,-3.634401944318181
9596,mp-849430,-2.4972749357453674
9597,mp-540927,-1.6821886770535628
9598,mp-23418,-0.7037210389285684
9599,mp-20002,-0.49559193854166583
9600,mp-22220,-3.9884812013333324
9601,mp-707182,-1.7858987057738087
9602,mp-559427,-3.637355124545455
9603,mp-10738,-1.3411925465476162
9604,mp-694970,-2.7090664361250005
9605,mp-531,-0.029964210555555662
9606,mp-756160,-3.8503711456666663
9607,mp-761293,-2.6998381995000003
9608,mp-555609,-2.492094681034483
9609,mp-31164,-0.27062124299999796
9610,mp-18754,-2.77902229111111
9611,mp-2676,-0.1858409041111114
9612,mp-569608,-1.0668703371626986
9613,mp-976263,0.7039487474999993
9614,mp-7388,-2.0024036818965523
9615,mp-35264,-1.946710067053574
9616,mp-18203,-2.4801504786765864
9617,mp-1018674,-0.5112561883333342
9618,mp-558943,-2.7091399706481476
9619,mp-3038,-0.825231304821429
9620,mp-5918,-1.0426353257440475
9621,mp-976,-0.5575320254545463
9622,mp-680578,-0.9415297793181878
9623,mp-698609,-2.5633849270416666
9624,mp-755109,-3.9079494949999996
9625,mp-569103,-0.1051507893750004
9626,mp-581143,-1.7939407808333332
9627,mp-5392,-2.8702787592857137
9628,mp-777814,-1.8681581702183905
9629,mp-771965,-2.105372147292857
9630,mp-765917,-3.0103236785185183
9631,mp-974030,-0.5258433475000004
9632,mp-571641,-0.645003518333335
9633,mp-1072,-0.28939372023809384
9634,mp-5478,-0.9432176497916664
9635,mp-505693,-0.6323077458333316
9636,mp-30892,-0.9117645864285768
9637,mp-779592,-4.128085444166666
9638,mp-18974,-2.5072363839999996
9639,mp-1061,-1.0177236272222256
9640,mp-22508,0.07102309124668583
9641,mp-571177,-0.358116510833336
9642,mp-19421,-2.0226967566666674
9643,mp-33365,-2.890761752499999
9644,mp-765702,-2.2110357576436783
9645,mp-560158,-2.620949977498515
9646,mp-559115,-2.320183180303571
9647,mp-8771,-0.5983011253030306
9648,mp-555838,-2.502110189940477
9649,mp-6948,-1.3149112078764358
9650,mp-1695,-0.23707986600000056
9651,mp-616587,-2.6785896616785707
9652,mp-698032,-0.33839405465909134
9653,mp-1018013,-0.07275007833333369
9654,mp-567431,-2.6537098590000006
9655,mp-18843,-2.460654356818182
9656,mp-757590,-2.406050083460884
9657,mp-766847,-2.4732385959999994
9658,mp-977455,-2.8303952513333477
9659,mp-1001836,-0.2726412222413792
9660,mp-559587,-1.3140479824999995
9661,mp-972130,0.4501605600000005
9662,mp-561380,-1.243297442647058
9663,mp-558153,-3.7989155065079365
9664,mp-3489,-0.5953175214999987
9665,mp-568032,-0.8300780932440469
9666,mp-560161,-1.1034241237500002
9667,mp-5868,-2.3549317370833607
9668,mp-28481,-0.7699863446825402
9669,mp-667380,-1.4700984608536585
9670,mp-26701,-2.5182077031964276
9671,mp-12923,-1.1132831793253974
9672,mp-775679,-2.143387065925697
9673,mp-976280,-1.8358945341666666
9674,mp-21569,-0.5793708849999994
9675,mp-756347,-2.4327507063636364
9676,mp-780171,-0.7083093583333332
9677,mp-5338,-1.5024296932187504
9678,mp-3118,-2.5398395396666666
9679,mp-12362,-1.0058808658333354
9680,mp-9867,-0.43518952444444164
9681,mp-31252,-1.2718330969230793
9682,mp-30495,-0.30837465500000033
9683,mp-1018079,-0.07222095898809577
9684,mp-20920,-0.5382134275000006
9685,mp-989585,-2.7737130566560344
9686,mp-553923,-0.7550770369713522
9687,mp-10862,-0.48653418111110924
9688,mp-754869,-1.5140200366666672
9689,mp-20225,-0.35478822749999583
9690,mp-776688,-2.4391655854999996
9691,mp-567394,-0.8753505581730766
9692,mp-4434,-3.7397041728333336
9693,mp-680679,-1.6518376243157873
9694,mp-6384,-2.1868692069999995
9695,mp-695963,-1.3746242728491378
9696,mp-773067,-3.86699120771212
9697,mp-777550,-2.7961328559722225
9698,mp-568570,-1.1704771589310325
9699,mp-29102,-0.8388001038020865
9700,mp-684083,-2.339184834915966
9701,mp-19136,-2.5794058921666667
9702,mp-720430,-2.1256551198124995
9703,mp-22498,-0.0462333083333372
9704,mp-753090,-2.2427513142424242
9705,mp-16626,-0.5201712418181809
9706,mp-568173,-0.5288990062500014
9707,mp-18823,-1.2133945588409099
9708,mp-5508,-0.9650637099999984
9709,mp-570718,-0.06537383763157915
9710,mp-561187,-2.773980556833334
9711,mp-547517,-1.773729677272727
9712,mp-23311,-2.393062800000004
9713,mp-557904,-1.4236534378906256
9714,mp-754304,-1.759991043928571
9715,mp-26658,-2.267775065428571
9716,mp-720254,-1.809534580436508
9717,mp-15108,-2.022742533281251
9718,mp-680144,-0.82497301491228
9719,mp-29825,-2.9006948921666673
9720,mp-863664,-0.5103258787500025
9721,mp-530149,-3.435694530254237
9722,mp-12753,-0.371217620000003
9723,mp-560163,-3.629882879333333
9724,mp-16848,-0.6725410530803573
9725,mp-776795,-2.3616263499999994
9726,mp-4247,-0.4025635016666674
9727,mp-769159,-1.872863196547619
9728,mp-6922,-3.2637548416666684
9729,mp-540395,-2.24045972362782
9730,mp-570902,-1.9089118988235294
9731,mp-554906,-2.130953433464286
9732,mp-644875,-0.5238895036111124
9733,mp-973869,-2.0650487699999998
9734,mp-560544,-2.1828185068253965
9735,mp-27636,-1.1632019271455913
9736,mp-27264,-3.4483667691187736
9737,mp-30850,-0.7068257280833325
9738,mp-768414,-1.3605719070370366
9739,mp-6732,-2.939900697000001
9740,mp-774848,-1.2248211792023025
9741,mp-28772,-0.9564901143181814
9742,mp-27505,-0.0017319229999984032
9743,mp-779309,-2.953759986875001
9744,mp-23717,-2.6210998515413526
9745,mp-981550,-2.340062960500002
9746,mp-776749,-2.207901110833334
9747,mp-542496,-0.31511325125000134
9748,mp-12885,-2.768880493749999
9749,mp-21165,-0.39195878328125033
9750,mp-11490,-0.2704870604166665
9751,mp-32742,-1.742102248079269
9752,mp-530217,-4.100032981008773
9753,mp-26312,-2.4659809251746028
9754,mp-553912,-2.502631145771073
9755,mp-774386,-2.290420843973727
9756,mp-22720,-3.14837259234375
9757,mp-9248,-0.5291029000140917
9758,mp-752686,-3.7924303211212105
9759,mp-721426,-1.6290880789848112
9760,mp-7429,-0.5234276159999993
9761,mp-2271,-0.4612871666666649
9762,mp-12872,-0.20479133904761884
9763,mp-510084,-0.858906821388893
9764,mp-644332,-3.0136339525362077
9765,mp-20879,-0.3501864175000013
9766,mp-975606,2.332258972812504
9767,mp-570700,-1.2035610370277785
9768,mp-7000,-3.2728313438888907
9769,mp-696275,-0.9355009979411761
9770,mp-5226,-1.8025923552633938
9771,mp-754515,-0.5240123549999994
9772,mp-569754,-1.6838706001290757
9773,mp-2349,-0.25454512374999716
9774,mp-752410,-2.8195511010714287
9775,mp-504601,-1.5267119246120686
9776,mp-19765,-0.40480253964285645
9777,mp-773202,-2.045062144846744
9778,mp-569424,-0.2061931483333339
9779,mp-14424,-1.7522208007142852
9780,mp-556518,-1.1348211197105267
9781,mp-560328,-0.48195322627819487
9782,mp-3375,-0.8768973445454549
9783,mp-555246,-2.6609747724444457
9784,mp-975292,-1.9528968765
9785,mp-13534,-0.3918749194444449
9786,mp-971875,-0.1724258375000005
9787,mp-771907,-2.067442550642447
9788,mp-774557,-3.037896960462963
9789,mp-5061,-2.308089079930556
9790,mp-643356,-1.7095288645833335
9791,mp-555269,-0.20678933263392554
9792,mp-862361,-0.49746957249999824
9793,mp-28671,-1.267670202291665
9794,mp-5105,-0.8930734290000004
9795,mp-28256,-0.4585097978693191
9796,mp-707929,-1.730266618235295
9797,mp-569766,-0.27138625708333386
9798,mp-757053,-2.5626385101058204
9799,mp-772215,-2.3886416151754393
9800,mp-772765,-2.7392715425674594
9801,mp-8016,-0.7563341932812495
9802,mp-17217,-0.43467413857143555
9803,mp-989528,-0.16606216791666598
9804,mp-17989,-1.2407018729866062
9805,mp-560216,-2.59037369514409
9806,mp-777731,-2.4691399145454542
9807,mp-4326,-2.1658808556770826
9808,mp-558566,-3.494424863043479
9809,mp-743878,-1.4550478145643937
9810,mp-11494,-0.17705219666666405
9811,mp-569779,-1.1327451249999996
9812,mp-24292,-0.6912334919444447
9813,mp-23443,-0.7532598612528751
9814,mp-8306,-0.7116533328571423
9815,mp-752615,-1.5228533941025644
9816,mp-1016108,-1.028000667083334
9817,mp-1129,-1.0584659424999998
9818,mp-643458,-1.93676992922619
9819,mp-1869,-0.6400448583333352
9820,mp-27576,-3.3048983708333335
9821,mp-756393,-3.4003248422727266
9822,mp-23349,-2.568614331750001
9823,mp-23944,-1.1732570536250002
9824,mp-770607,-2.7282356455681818
9825,mp-765860,-1.527350056428572
9826,mp-675416,-3.2030519056666673
9827,mp-10388,-0.7436077045054941
9828,mp-19153,-2.938114664017765
9829,mp-685991,-0.5903389078439155
9830,mp-29152,-0.9267144636607147
9831,mp-21526,-0.3621892471874979
9832,mp-4104,-3.5060350782738077
9833,mp-975738,-0.41716752899999676
9834,mp-770687,-1.9709430451041667
9835,mp-625850,-1.1280233893749998
9836,mp-753751,-2.0885939874999995
9837,mp-27144,-2.257728706095238
9838,mp-23396,-1.0230918349999982
9839,mp-774736,-0.9035204661111104
9840,mp-561218,-0.561467046658481
9841,mp-625509,-0.9230439627500004
9842,mp-9007,-0.5445177538095242
9843,mp-18584,-3.342765284042967
9844,mp-5025,-1.461899039374999
9845,mp-29912,-0.3084674166406245
9846,mp-14500,-0.7754965481818203
9847,mp-28144,-2.280801145625002
9848,mp-2795,-1.0136533575000009
9849,mp-776432,-2.1452805604411394
9850,mp-570231,-1.5528036569310344
9851,mp-12774,-1.122721079999991
9852,mp-997033,-0.07940325874999976
9853,mp-1019316,-0.23295873624999786
9854,mp-28356,-1.552821248690473
9855,mp-556869,-1.6061121250000001
9856,mp-554657,-2.6569499147126443
9857,mp-1547,-0.6106647137499989
9858,mp-11456,-1.1841542293750038
9859,mp-558268,-2.7718521787179498
9860,mp-16267,-1.941305193333331
9861,mp-19743,-0.5303394340000096
9862,mp-13364,-0.2776609308333313
9863,mp-768156,-0.950610430757575
9864,mp-685036,-3.3157597132500007
9865,mp-1119,-1.286536387857142
9866,mp-22215,-2.229420791666667
9867,mp-1013552,-0.814036156440477
9868,mp-767433,-3.052269929259259
9869,mp-771906,-2.331791116770834
9870,mp-764856,-2.647954259644704
9871,mp-675801,-1.89249510715625
9872,mp-755219,-2.6802383270833348
9873,mp-31081,-0.33480456744031967
9874,mp-7829,-0.6115613142720299
9875,mp-754263,-3.1174839264285694
9876,mp-770735,-1.65685013375
9877,mp-17708,-1.9797399339285724
9878,mp-770274,-0.16404994495237873
9879,mp-777480,-3.0569051097926936
9880,mp-777909,-2.5638696971365906
9881,mp-7361,-0.36121922000000095
9882,mp-850944,-1.7066941772340423
9883,mp-645208,-2.137067267222223
9884,mp-9868,-0.6254775112083332
9885,mp-10288,-1.4561003447916665
9886,mp-763610,-2.7661646783333333
9887,mp-18585,-0.6960230001736107
9888,mp-26389,-2.777763071236772
9889,mp-20760,-0.48750918999999726
9890,mp-676519,-3.2087102763235302
9891,mp-1926,-0.09460263999999914
9892,mp-31379,-0.7413615550000022
9893,mp-865300,-0.6638746329166683
9894,mp-558849,-0.9417864935000001
9895,mp-2680,-0.6254828528571424
9896,mp-978285,0.1957906767672415
9897,mp-3349,-3.4925284151388607
9898,mp-772431,-1.3473175035714287
9899,mp-13380,-0.7397249399999962
9900,mp-40451,-3.122880093774817
9901,mp-753056,-3.4678201588333315
9902,mp-684674,-0.9694337261538448
9903,mp-29164,-2.260618635000001
9904,mp-23487,-1.366622997449999
9905,mp-556418,-1.568701435357143
9906,mp-676330,-1.8468766340476193
9907,mp-12662,-0.029093352758622883
9908,mp-695951,-2.044618744894181
9909,mp-625913,-1.350735491333333
9910,mp-674531,-0.5314046761772483
9911,mp-643245,-0.16828074177011487
9912,mp-770575,-2.702815289903274
9913,mp-971924,-0.3130972087499986
9914,mp-555332,-2.8556675794999995
9915,mp-573908,-0.39199487304347813
9916,mp-31084,-0.7537502633333327
9917,mp-973256,-0.298147689166671
9918,mp-735475,-1.8386674978767117
9919,mp-5659,-0.9114862966666687
9920,mp-974959,0.14767377354166666
9921,mp-768788,-2.3924893752777776
9922,mp-22079,-0.5242963187500003
9923,mp-37947,-1.7741758291379326
9924,mp-558689,-2.670997083666667
9925,mp-571452,-0.7977876237848207
9926,mp-770392,-2.416603513214286
9927,mp-961678,-0.9258110738888897
9928,mp-14629,-2.9847616989583337
9929,mp-775900,-2.3697318379094154
9930,mp-1575,-0.13803003333333308
9931,mp-11873,-0.3717808446428584
9932,mp-18859,-2.7855731904761902
9933,mp-6528,-3.4073018945689655
9934,mp-34322,-3.7793223886363645
9935,mp-999047,-0.33391479614942554
9936,mp-554483,-1.247685409445652
9937,mp-769456,-2.2477891316472904
9938,mp-29246,-0.44293521898809374
9939,mp-11404,-0.6733224283333321
9940,mp-3197,-0.9156598811111141
9941,mp-770779,-2.441186287499998
9942,mp-542727,-0.12456846672414447
9943,mp-555359,-3.015423657036206
9944,mp-4997,-1.3036202658333333
9945,mp-775336,-1.8264804547619053
9946,mp-28988,-1.0086346386979157
9947,mp-648414,-0.8532792550686806
9948,mp-769232,-2.0837957935508578
9949,mp-569564,-0.4694336021428569
9950,mp-561303,-0.7175818455665016
9951,mp-753055,-1.9677292961111126
9952,mp-680183,-1.988121836746032
9953,mp-759069,-1.8516184070833341
9954,mp-3854,-0.6711379377931024
9955,mp-5305,-0.23201982510416505
9956,mp-760447,-1.1409578101190487
9957,mp-1207,0.08092121416666724
9958,mp-505600,-0.41647594075000427
9959,mp-19239,-2.8389373430287352
9960,mp-570122,-0.3814633909523814
9961,mp-780109,-2.532606250707849
9962,mp-21582,-1.469990501775571
9963,mp-867859,-0.495227183125003
9964,mp-757002,-2.75973060789935
9965,mp-2050,-1.3424984824999981
9966,mp-20241,-0.7524238751680677
9967,mp-28514,-1.1557875427777786
9968,mp-556994,-3.184553575833334
9969,mp-976008,-0.06921748687500173
9970,mp-756935,-2.0634326014285707
9971,mp-2396,-0.20158497666666383
9972,mp-780196,-2.565018183037767
9973,mp-16771,-1.7574014637109432
9974,mp-634984,-0.46442834435483854
9975,mp-767526,-2.135967272983137
9976,mp-992,-0.5780275900000001
9977,mp-765902,-1.2753799569999997
9978,mp-758842,-1.414470359117647
9979,mp-752773,-2.6963414318333334
9980,mp-27742,-1.4069700808999994
9981,mp-984660,-0.5824967368750009
9982,mp-766163,-2.2331000576111117
9983,mp-12788,-0.8087233375000024
9984,mp-862731,-0.3993826256250017
9985,mp-755707,-3.2432186562376537
9986,mp-677237,-3.90252685
9987,mp-2496,-0.1880115638888903
9988,mp-23197,-0.8453849241666713
9989,mp-776760,-2.6639641391071427
9990,mp-555860,-3.0951811205555564
9991,mp-989563,-1.799521775971265
9992,mp-23476,-0.8433055344747883
9993,mp-30234,-1.8124929221455892
9994,mp-7618,-3.492359346896552
9995,mp-18450,-0.2768107097435892
9996,mp-557531,-2.173664530277777
9997,mp-7972,-2.9609126056250004
9998,mp-559909,-2.360164598750026
9999,mp-1020628,-2.793862971190475
10000,mp-962078,-0.08417796999999953
10001,mp-754226,-3.965580118333333
10002,mp-22981,-0.9688893346666674
10003,mp-555202,-2.371289781895833
10004,mp-17942,-0.5558039005357145
10005,mp-559442,-1.7513619711111128
10006,mp-7013,-3.586752802083332
10007,mp-32662,-2.1810898812499993
10008,mp-703352,-1.8345156818303563
10009,mp-13510,-0.767691381515148
10010,mp-733844,-2.3601967878484498
10011,mp-4632,-3.319221122252747
10012,mp-558375,-1.8057048064583323
10013,mp-559584,-2.9836495442592597
10014,mp-760231,-2.5168420581812163
10015,mp-7812,-2.063292658333335
10016,mp-622171,-2.0195359856250006
10017,mp-12972,-0.8231638077777776
10018,mp-861991,-0.15414768396551715
10019,mp-8187,-1.5774439758999996
10020,mp-763965,-2.6468208312500003
10021,mp-560687,-0.5667286037280699
10022,mp-773547,-2.6100973722727274
10023,mp-4672,-1.2224089617460312
10024,mp-557778,-3.034918442291667
10025,mp-31474,-0.21101027361111335
10026,mp-1009496,0.4918620775000022
10027,mp-773116,-2.5457210712499996
10028,mp-769409,-3.4000874351666672
10029,mp-770759,-1.9060873250757568
10030,mp-764036,-2.1037094552528735
10031,mp-703398,-1.0635581922996789
10032,mp-7128,-1.6966724772222175
10033,mp-569265,-0.5428646720833346
10034,mp-3502,-1.6091611857692298
10035,mp-976159,-0.5752441412499998
10036,mp-556920,-2.3733756097368435
10037,mp-864646,-0.31478544166667
10038,mp-559701,-3.1479612853703696
10039,mp-849783,-0.6540451554569902
10040,mp-8769,-0.9017993219375
10041,mp-1018824,-0.7273595468055613
10042,mp-978275,-0.1578912293750001
10043,mp-606377,-0.3799750278571454
10044,mp-4711,-1.6624233733333333
10045,mp-9755,-3.0578833683333406
10046,mp-707206,-1.4362016639108033
10047,mp-690531,-2.681546492309114
10048,mp-753610,-1.8946549324999993
10049,mp-770343,-2.570221568611112
10050,mp-2489,-0.2554539324999965
10051,mp-632623,0.7029488255172431
10052,mp-768122,-2.0630122387292884
10053,mp-756908,-1.9770016028571429
10054,mp-755714,-3.0818523137500016
10055,mp-569296,-0.6209594119999992
10056,mp-962062,-0.19803607499999978
10057,mp-867773,-0.27762571916666445
10058,mp-14448,-1.302884688809525
10059,mp-779907,-2.1876844455907216
10060,mp-775164,-2.559328634761904
10061,mp-7577,-0.49292535250000036
10062,mp-679944,-0.995039735158729
10063,mp-28201,-0.9451931148724496
10064,mp-680172,-0.8251264204545452
10065,mp-24409,-0.1474943757738091
10066,mp-7810,-0.4917368718750019
10067,mp-562283,-1.6350074155555552
10068,mp-675189,-1.3223823111363644
10069,mp-540310,-2.575388232168737
10070,mp-864984,-0.08009572362068873
10071,mp-10481,-0.5263380809722188
10072,mp-752717,-3.7568721968749994
10073,mp-978536,-0.5692628550000052
10074,mp-23896,-1.5814178759722204
10075,mp-865973,-2.6973023968494902
10076,mp-8046,-1.2691365114537012
10077,mp-37836,-2.028316064821429
10078,mp-758234,-2.3255556940476176
10079,mp-21017,-0.5440004069999957
10080,mp-722369,-2.501749714748564
10081,mp-9694,-0.8842385700000015
10082,mp-42599,-3.3664497520193324
10083,mp-631406,0.5583727856944449
10084,mp-570651,-0.2468676237728925
10085,mp-620032,-0.9861238599479165
10086,mp-752638,-1.6839977563888897
10087,mp-14786,-0.21444591923076983
10088,mp-554433,-3.2206833707250007
10089,mp-850445,-1.6187959757716563
10090,mp-673126,-2.470062192328042
10091,mp-8234,-1.2015982574999984
10092,mp-756672,-2.6532596059057987
10093,mp-764111,-2.5202193866291336
10094,mp-22517,-1.4274169642307704
10095,mp-17077,-3.7423477702500003
10096,mp-19432,-2.4048899123629313
10097,mp-779328,-1.1143872585632189
10098,mp-1019581,-2.0869646635714276
10099,mp-19950,-0.8551573502777754
10100,mp-696794,-1.50585336015625
10101,mp-3718,-2.854193908888887
10102,mp-18686,-0.5866400471031723
10103,mp-779511,-2.864761999583333
10104,mp-27346,-1.5163545836538488
10105,mp-28567,-2.928629402222222
10106,mp-26883,-2.8691044135297625
10107,mp-772867,-2.566325263636364
10108,mp-9515,-3.2749814068750007
10109,mp-18684,-3.0784703249241074
10110,mp-15901,-3.2140000634444434
10111,mp-972367,-3.236607310999998
10112,mp-19361,-2.014279678382353
10113,mp-15701,-1.3166643900000006
10114,mp-559779,-2.0707428407954525
10115,mp-777698,-2.451144455000001
10116,mp-10209,-0.7345551466666664
10117,mp-764701,-2.038509285927037
10118,mp-763206,-1.9934507477777785
10119,mp-556185,-2.7720598537021073
10120,mp-573119,-1.3468585145000005
10121,mp-2611,-0.4805716766666676
10122,mp-680171,-1.3869245352249997
10123,mp-776684,-2.980756329833324
10124,mp-21158,-0.8097056699999996
10125,mp-22779,-1.1917973361111143
10126,mp-676564,-4.238587321250001
10127,mp-891956,-3.018827914756098
10128,mp-2967,-0.4462446079999978
10129,mp-27384,-0.7130686653333328
10130,mp-567753,-1.6494474348697896
10131,mp-774243,-2.1920235694047627
10132,mp-684588,0.2061311024659846
10133,mp-21048,-0.4068013327380946
10134,mp-776523,-2.9586065193658713
10135,mp-675930,-0.5820654744791715
10136,mp-983908,-0.6769501404166647
10137,mp-980200,-0.34694018875000054
10138,mp-13068,-4.039624749416665
10139,mp-2333,-0.7909760593749988
10140,mp-867767,-0.8120918162499997
10141,mp-23318,-1.0130728558333324
10142,mp-6127,-3.0122479517187513
10143,mp-4428,-3.425096944333334
10144,mp-775327,-2.437405645685549
10145,mp-6621,-2.8655752519999993
10146,mp-975359,-0.26475795449999495
10147,mp-2643,-0.13434752285714271
10148,mp-569264,-0.32368150180555705
10149,mp-21023,-0.8783803083333339
10150,mp-765463,-2.0302847073026307
10151,mp-557171,-2.4577612008594762
10152,mp-570777,-0.4770751480000001
10153,mp-17539,-2.5793139806785708
10154,mp-865977,-0.27337055916666486
10155,mp-26446,-2.2429446236278197
10156,mp-861624,-0.5219357516666676
10157,mp-999208,-0.26924373948275804
10158,mp-22924,-0.3811936825000011
10159,mp-19514,-2.788419930178571
10160,mp-753315,-2.6933773856249994
10161,mp-989504,-1.8106554711091953
10162,mp-23227,-0.47606955999999956
10163,mp-622108,-2.195813860384616
10164,mp-570749,-0.4056313833333339
10165,mp-768592,-2.444654029714011
10166,mp-568231,-1.5331131847528747
10167,mp-28345,-1.1926754997368416
10168,mp-769377,-1.9452221408333332
10169,mp-1016107,-0.5616494087500078
10170,mp-769383,-2.18564286288889
10171,mp-569247,-0.6263452040000004
10172,mp-2384,-1.816090526488093
10173,mp-780496,-2.386440232777778
10174,mp-499,-0.4399355433333323
10175,mp-760491,-3.876075379705882
10176,mp-756522,-2.0263805796626984
10177,mp-779884,-2.8439392852272714
10178,mp-779282,-1.808232487222223
10179,mp-27980,-3.674702479999997
10180,mp-561469,-1.987645879285715
10181,mp-557830,-1.4470439835662445
10182,mp-567873,-1.4130037084821427
10183,mp-1006330,0.17109729749999758
10184,mp-973957,-0.2870380075000014
10185,mp-769384,-3.1976829215909093
10186,mp-639511,-3.2517381562500005
10187,mp-780412,-2.1576865611187075
10188,mp-768878,-1.745691165972222
10189,mp-865108,-0.4315855787500027
10190,mp-864841,-0.3401472232142879
10191,mp-768292,-2.2297778426041663
10192,mp-8066,0.0795298349999977
10193,mp-553374,-1.8014263121473457
10194,mp-558239,-3.3471255724038453
10195,mp-9639,-1.7332328919687505
10196,mp-863671,-0.21793904000000097
10197,mp-625961,-0.9856014705208332
10198,mp-559123,-2.875312009000001
10199,mp-978553,-0.10926408791666613
10200,mp-862668,-0.43229546062499935
10201,mp-18837,-2.513649340187501
10202,mp-849656,-2.493450009619049
10203,mp-29209,-0.5920732000000012
10204,mp-849260,-0.33988851044117707
10205,mp-10480,-0.4707349108355273
10206,mp-21101,-0.7763800819999943
10207,mp-977444,-0.316874893749997
10208,mp-555485,-3.1319166178750004
10209,mp-10488,-1.22367205344189
10210,mp-27626,-0.1415466174074077
10211,mp-685257,-1.3751239762499992
10212,mp-11706,-3.055237869642856
10213,mp-674459,-3.9921810793965515
10214,mp-27564,-2.3955432812591435
10215,mp-1008472,0.5245032522619066
10216,mp-11984,-0.32329337833333505
10217,mp-770708,-2.4150992164080454
10218,mp-573548,-0.5040645611111114
10219,mp-779690,-1.19354799925926
10220,mp-510566,-1.8358919272916658
10221,mp-642804,-2.006257130571428
10222,mp-641945,-0.7695822217857133
10223,mp-556005,-0.9615223076562511
10224,mp-37808,-1.8579952405263154
10225,mp-861511,-0.7215064783482177
10226,mp-18833,-2.6265259115384607
10227,mp-775263,-1.2666301124999992
10228,mp-559575,-1.5999618561221594
10229,mp-23092,-2.950329574733334
10230,mp-753405,-2.333128913166666
10231,mp-3195,-0.8016435082758615
10232,mp-7531,-3.437075475869566
10233,mp-676274,-0.42728642277344164
10234,mp-3125,-2.8396933288958333
10235,mp-10152,-1.037242126000001
10236,mp-989622,-0.8219546255000054
10237,mp-30368,-0.7121120562499996
10238,mp-23700,-1.9262826130000001
10239,mp-631319,1.0122025458333326
10240,mp-20729,-0.592019896250001
10241,mp-2402,-0.06936126812500021
10242,mp-676341,-3.5648828614176216
10243,mp-32314,-2.2863483645562765
10244,mp-978511,0.22981074124999168
10245,mp-558637,-1.125950917416666
10246,mp-543056,-2.036313437439025
10247,mp-758044,-3.151682846666666
10248,mp-31284,-0.07192560833333299
10249,mp-505055,-0.49039232720587855
10250,mp-744084,-1.5989737494220941
10251,mp-17025,-3.32911240484375
10252,mp-558703,-3.207679155185184
10253,mp-756742,-3.9369228570000003
10254,mp-1018086,-0.7748391274999982
10255,mp-781591,-2.4006660606666674
10256,mp-971837,-0.6639089545833317
10257,mp-690702,-2.147675433341836
10258,mp-763336,-2.0296324319047625
10259,mp-705551,-1.4415632906451612
10260,mp-705519,-1.1411743664516132
10261,mp-22032,-0.6982928344444415
10262,mp-554818,-1.77594929475
10263,mp-13627,-3.2810966956250005
10264,mp-989643,-0.641243549249998
10265,mp-766931,-2.5895899686363646
10266,mp-20820,-1.0686415127777664
10267,mp-626127,-1.0700457908035712
10268,mp-781507,-1.8445269533333324
10269,mp-39684,-2.7835351125757573
10270,mp-998367,-0.7521960137500002
10271,mp-567970,-0.6322301508974354
10272,mp-754005,-2.0380622671428577
10273,mp-4993,-0.8422504016666661
10274,mp-554002,-2.0374307205357147
10275,mp-1017514,-1.0634531462500005
10276,mp-567437,-0.27752420465909144
10277,mp-569522,-0.35947862796715907
10278,mp-540833,-1.8689020957692304
10279,mp-1018165,1.4822802012499992
10280,mp-555439,-3.018237603081897
10281,mp-752656,-3.6062463164285723
10282,mp-17461,-2.840055451045305
10283,mp-13909,-0.11740503366666309
10284,mp-16828,-2.817122843371212
10285,mp-24396,-1.5271860231481473
10286,mp-705134,-1.990669390122549
10287,mp-771189,-3.431557339411766
10288,mp-1020060,-1.9081729228749993
10289,mp-35907,-1.7184468929762287
10290,mp-554686,-2.0619609785869573
10291,mp-567347,-0.367986953333332
10292,mp-12878,-3.095266208000001
10293,mp-927,-0.15631046115079408
10294,mp-754213,-2.4458410070833327
10295,mp-757156,-2.4588031207983185
10296,mp-31250,-2.290466749833336
10297,mp-30143,-1.8209303972727255
10298,mp-35143,-1.7465312854999993
10299,mp-7289,-0.8630979730000007
10300,mp-26630,-2.9533654200119046
10301,mp-9855,-1.5218820332916654
10302,mp-540313,-2.523708880161565
10303,mp-972993,-0.6821153145833314
10304,mp-7083,-0.8145220474999988
10305,mp-776361,-1.9867672240833343
10306,mp-998198,-2.2599620264999998
10307,mp-13478,-0.7313519062500013
10308,mp-18926,-2.8237114133333345
10309,mp-740750,-2.200483281089265
10310,mp-624299,-0.23135375534090874
10311,mp-1394,-1.1299987866666665
10312,mp-31411,-0.20297519146153647
10313,mp-19746,-1.1296711287499992
10314,mp-20972,-0.26533188785713996
10315,mp-30123,-0.9193113068554708
10316,mp-25385,-1.0921938147619048
10317,mp-8736,-1.0337116568333349
10318,mp-770680,-2.196633055418103
10319,mp-20661,-0.6623352983333319
10320,mp-29303,-0.6614990201587303
10321,mp-559391,-3.254973632333332
10322,mp-762224,-2.225625571853741
10323,mp-866296,-0.630123789999999
10324,mp-31139,-0.43534600583333294
10325,mp-763931,-1.5894890905555559
10326,mp-29920,-0.8579937192500022
10327,mp-755666,-3.2245924075000034
10328,mp-11564,-0.9775269550000019
10329,mp-505070,-3.4702690113076917
10330,mp-772959,-3.1527691866353384
10331,mp-558330,-0.94040068875
10332,mp-632802,-1.978087302948718
10333,mp-542382,-0.25879688916666055
10334,mp-8490,-0.24740237270833218
10335,mp-28234,-3.4289828259375
10336,mp-777546,-1.348088182126436
10337,mp-29060,-1.0083417557692316
10338,mp-861587,-0.440987726060602
10339,mp-554025,-0.47355041472222265
10340,mp-17093,-1.0115760345833316
10341,mp-754377,-2.295040512481481
10342,mp-9929,-0.606855818125001
10343,mp-7366,-0.37273311200000026
10344,mp-985277,-1.9036034749023427
10345,mp-11398,-0.3595071262499996
10346,mp-10486,-1.6593478690909094
10347,mp-557027,-2.974367648076923
10348,mp-764344,-2.541662714895833
10349,mp-1514,-0.6175201900000028
10350,mp-989782,0.012339934999999969
10351,mp-771545,-1.9493447919540232
10352,mp-761716,-1.6141878063218396
10353,mp-10965,-0.7011950508333307
10354,mp-638141,-0.4802785000925904
10355,mp-18642,-2.407047725892858
10356,mp-505207,-0.3220417752083347
10357,mp-3803,-0.5638284867916568
10358,mp-866115,-0.6506070974999991
10359,mp-638051,-0.6570018304166663
10360,mp-8256,-2.0324697725
10361,mp-761872,-1.6871750911083738
10362,mp-10118,-0.44506613192118244
10363,mp-753257,-2.2103201105555517
10364,mp-561413,-3.6410489743181818
10365,mp-772596,-1.2918184897619045
10366,mp-10476,-2.535232650114942
10367,mp-24144,-2.0745257893534483
10368,mp-27579,-2.6034465621002267
10369,mp-7572,-2.402174846249999
10370,mp-23497,-1.1594875452380948
10371,mp-37949,-0.5992806058333334
10372,mp-558660,-2.710524105714286
10373,mp-557561,-1.7640432565740696
10374,mp-765731,-2.7225966376436777
10375,mp-22489,-0.582629535
10376,mp-862967,-0.5152247993749981
10377,mp-4738,-0.8192487938888865
10378,mp-18795,-1.9202525790459775
10379,mp-975385,-0.5978283683333337
10380,mp-22232,-0.6729150770312486
10381,mp-10572,-0.8074272015055426
10382,mp-767715,-0.8464889385374149
10383,mp-23582,-1.9852024683750007
10384,mp-10415,-0.9455481222727258
10385,mp-971820,0.3267331499999999
10386,mp-5914,-1.0037213562500007
10387,mp-560331,-1.5554177401071425
10388,mp-754011,-1.5742188863333346
10389,mp-981387,0.11578425124999825
10390,mp-779608,-3.1013887898484853
10391,mp-540146,-2.3599514500123164
10392,mp-6276,-1.998486268921052
10393,mp-975647,0.023750533333334545
10394,mp-6598,-2.4804980101616536
10395,mp-9673,-0.40694808490000156
10396,mp-978489,-2.171974545
10397,mp-705495,-2.2664899469852933
10398,mp-541096,-3.235346197183908
10399,mp-600067,-3.2393904517857135
10400,mp-780764,-2.309414955553221
10401,mp-16813,-0.725558209097222
10402,mp-5019,-0.4647404897222221
10403,mp-695816,-2.446216848874458
10404,mp-757791,-3.946509419625
10405,mp-559984,-1.3108842864062495
10406,mp-7958,-3.0045629105625
10407,mp-10495,-1.6022389726562487
10408,mp-1357,-0.6524061184821424
10409,mp-865129,-0.7131732046666684
10410,mp-16744,-0.3537748257692313
10411,mp-23444,-1.6790378558333343
10412,mp-11100,-0.48934177357142516
10413,mp-770667,-2.2283563053879316
10414,mp-777853,-1.3404686301340998
10415,mp-653450,-1.0769928646913574
10416,mp-690112,-1.6632413345833328
10417,mp-6404,-1.0571414985884346
10418,mp-631495,0.8405989183333334
10419,mp-643260,-0.3201156064285716
10420,mp-775274,-2.043013091714286
10421,mp-27047,-2.3005676451636905
10422,mp-866833,-0.9981712384999988
10423,mp-14941,-3.2456635836764707
10424,mp-568945,-0.1547536954166636
10425,mp-31153,-0.9069371558333312
10426,mp-771328,-1.5173996547222208
10427,mp-781671,-1.8322039162336514
10428,mp-34569,-2.0501841883333336
10429,mp-865015,-0.7764169798706888
10430,mp-975424,0.046989763534483094
10431,mp-753403,-1.5706338998484854
10432,mp-977325,0.24118245468749855
10433,mp-776475,-3.3915165632500015
10434,mp-753594,-2.21492267166669
10435,mp-23232,-0.7636172024999981
10436,mp-974415,0.9921363037500015
10437,mp-561202,-0.8344472975909089
10438,mp-1034,-0.09556743166666593
10439,mp-9351,-0.7774390055555548
10440,mp-763022,-2.037685382083334
10441,mp-772077,-1.7889805153571428
10442,mp-1018893,-0.5646826888888873
10443,mp-754912,-1.3435718058333328
10444,mp-567538,-0.30286873000000014
10445,mp-1882,-0.11010331000000069
10446,mp-14387,-3.6903356036250003
10447,mp-21719,-0.6249022819444442
10448,mp-8603,-0.9997084205555554
10449,mp-769026,-1.819617046944445
10450,mp-28275,-2.5542175127083357
10451,mp-704204,-2.555278688261906
10452,mp-754920,-4.273562566428572
10453,mp-6416,-3.2695810959210525
10454,mp-1013553,-0.9626716771369047
10455,mp-28516,-0.509471069899425
10456,mp-773598,-2.4583846939219587
10457,mp-95,0.061362349999999566
10458,mp-680087,-0.9621155848315742
10459,mp-778079,-4.295307543571429
10460,mp-28222,-1.4972595091071421
10461,mp-769543,-2.595848674724139
10462,mp-776008,-2.276909493088625
10463,mp-558491,-3.542292739895833
10464,mp-849797,-0.29046604268749976
10465,mp-568186,-0.3002151283333312
10466,mp-27938,-0.7695796397727309
10467,mp-10834,-1.8712216028124993
10468,mp-626219,-0.9079533988541666
10469,mp-5878,-2.8119468024500005
10470,mp-765172,-1.8670600685714283
10471,mp-9600,-1.3558092
10472,mp-766558,-1.8850407965172415
10473,mp-615850,-1.1796530221033652
10474,mp-974572,0.39903966062499974
10475,mp-753171,-2.56957765595238
10476,mp-504617,-0.5435433698333384
10477,mp-492,-1.9426672827083333
10478,mp-699466,-1.0675695211696443
10479,mp-978785,-0.6652515303125028
10480,mp-27291,-2.3366253689999987
10481,mp-19402,-1.9699339681372559
10482,mp-971826,0.4085980287499993
10483,mp-779720,-2.4530890704166666
10484,mp-13222,-0.1669589458333327
10485,mp-626568,-1.9997954976785712
10486,mp-5901,-0.651657767370688
10487,mp-559798,-2.3172844399999994
10488,mp-778,-0.4570883226587294
10489,mp-542704,-1.5603120051810344
10490,mp-582080,-2.547586700146554
10491,mp-559061,-1.4095385597500008
10492,mp-30243,-2.4456135691666665
10493,mp-1006887,1.9901083212500001
10494,mp-757218,-1.3650854290267798
10495,mp-865896,-0.3223893681249983
10496,mp-559251,-0.9390850736589271
10497,mp-4452,-0.8257759216071422
10498,mp-2403,-1.0664538675000017
10499,mp-754646,-3.046913139848485
10500,mp-774413,-2.484092525758476
10501,mp-771081,-2.562836901622808
10502,mp-973434,-0.8583679349999986
10503,mp-569072,-1.1439688430208337
10504,mp-1722,-0.030845707142856633
10505,mp-973886,-0.6226170433333342
10506,mp-735489,-1.6204347815208335
10507,mp-780534,-0.3693027149621212
10508,mp-631946,0.6048636940773875
10509,mp-24658,-0.7623552291666679
10510,mp-30301,-1.00801586513889
10511,mp-770427,-2.847773842142858
10512,mp-6441,-2.7660773373775505
10513,mp-769096,-0.30657985896715917
10514,mp-10924,-0.617763947597391
10515,mp-555056,-0.7145175499999997
10516,mp-8870,-2.378664632619047
10517,mp-30855,-0.9113287825
10518,mp-546679,-3.0254920492857145
10519,mp-1697,-1.2170297833333354
10520,mp-9969,-0.8583969000000007
10521,mp-7609,-2.199821948541669
10522,mp-7863,-1.7204352542857149
10523,mp-982619,0.002350798750001104
10524,mp-29626,-0.8848432061666661
10525,mp-11189,-2.952021454583333
10526,mp-780312,-1.848594704215686
10527,mp-767952,-2.1714133455866547
10528,mp-13765,-0.3668372592592593
10529,mp-756444,-3.1150627421428565
10530,mp-555617,-1.3878518011904735
10531,mp-16135,-3.024022469545456
10532,mp-755928,-0.45895985350000074
10533,mp-4053,-0.9269083487500005
10534,mp-625616,-1.1439023199107143
10535,mp-1002206,0.4367983606315793
10536,mp-558911,-0.7326978161547544
10537,mp-867174,-0.3951499266666656
10538,mp-865210,-0.03347403916666991
10539,mp-29292,-0.09124897069293564
10540,mp-554658,-1.6386806038888888
10541,mp-683943,-0.39636901051023726
10542,mp-642823,-3.2356722416666654
10543,mp-3368,-2.9806407040277776
10544,mp-12860,-1.5904564678448274
10545,mp-27953,-0.36008341000000027
10546,mp-21839,-0.3217030333333329
10547,mp-581425,-0.9620291524578385
10548,mp-540064,-2.35952419621693
10549,mp-29457,-2.4961285964285715
10550,mp-764552,-2.2774510142424247
10551,mp-999396,0.03277577249999908
10552,mp-554678,-2.4994784274999997
10553,mp-1020146,-2.780659908383791
10554,mp-770125,-2.834475006071429
10555,mp-999454,-1.2545524390948275
10556,mp-9907,-0.7204691393750018
10557,mp-557998,-1.8105443227083313
10558,mp-774946,-2.3738767447619042
10559,mp-28925,-0.9652512373724481
10560,mp-22967,-1.3617694709523807
10561,mp-6068,-2.8482116766666663
10562,mp-19200,-2.9109138771212133
10563,mp-708992,-1.2892858451249993
10564,mp-3849,-0.6195093345833342
10565,mp-505421,-1.6651760836945815
10566,mp-756812,-2.234606177142856
10567,mp-989565,-2.834797800583334
10568,mp-23454,-1.3428074928304614
10569,mp-567948,-1.152171241666666
10570,mp-961719,-0.3659477624999994
10571,mp-2781,-0.9086216924999988
10572,mp-7565,-0.1555212300000015
10573,mp-981699,-0.44765989888888785
10574,mp-6667,-3.0860292065178574
10575,mp-14100,-1.2079608014285685
10576,mp-550805,-2.4052359870833335
10577,mp-795582,-1.4822344930555558
10578,mp-23905,-1.679157045804349
10579,mp-13082,-0.3452583739655175
10580,mp-26150,-2.3521098766806716
10581,mp-559088,-3.0913220336111116
10582,mp-3441,-1.114880482000001
10583,mp-676121,-0.2533497424999986
10584,mp-999249,-0.1863644832327589
10585,mp-9918,-0.2808007504166663
10586,mp-690703,-1.6834282591666667
10587,mp-39681,-2.830933748804598
10588,mp-17714,-3.3748147729999993
10589,mp-30110,-1.8040814475000004
10590,mp-619928,-1.2438754228977276
10591,mp-978847,-0.5194814759375004
10592,mp-15514,-0.6857838314583328
10593,mp-558984,-2.0628502390277785
10594,mp-757301,-2.448960731590136
10595,mp-18332,-1.9569235624404757
10596,mp-543001,-0.6570043188888898
10597,mp-16600,-3.2880807903333324
10598,mp-22538,-1.9750714904444446
10599,mp-581967,-3.0342052746938792
10600,mp-769008,-1.740530835222223
10601,mp-638261,-3.330141265312501
10602,mp-567178,-0.9210123294444365
10603,mp-776500,-2.7364701607692314
10604,mp-9061,-2.1086847204499994
10605,mp-905,-4.489867450833334
10606,mp-21858,-3.529201394374998
10607,mp-773206,-2.5796533322435895
10608,mp-771902,-2.4899638576190477
10609,mp-27202,-0.12072963402777741
10610,mp-707151,-1.705678375684309
10611,mp-23077,-2.3414845965900373
10612,mp-976953,0.05827981187500164
10613,mp-861965,-0.6486921674999984
10614,mp-570053,-0.9063052189473696
10615,mp-686183,-1.6051895190551193
10616,mp-21328,-0.30013971925000504
10617,mp-505081,-0.7500777209226186
10618,mp-13568,-2.0159357227083325
10619,mp-1501,-0.9792966056250023
10620,mp-696944,-1.8865173628125014
10621,mp-1377,-0.2013621566666668
10622,mp-644246,-0.5908135382500006
10623,mp-763003,-2.9515812185862074
10624,mp-23719,-0.1347618958928573
10625,mp-23300,-0.9420215337500046
10626,mp-776661,-2.4202447807142855
10627,mp-1594,-0.23266785500000017
10628,mp-16281,-1.7739353118181815
10629,mp-708,-1.847575358749996
10630,mp-30492,-0.18419653443965367
10631,mp-1008726,0.4245995352777771
10632,mp-772105,-3.2231845140740756
10633,mp-554688,-2.1285239748148137
10634,mp-561099,-2.0697197565517245
10635,mp-556578,-1.0121621124999995
10636,mp-541168,-2.9214712156150804
10637,mp-866071,-0.17512255058333004
10638,mp-567913,-0.7727737493372814
10639,mp-753519,-1.879111585357143
10640,mp-34932,-0.8929288191666677
10641,mp-8683,-0.4245572214062503
10642,mp-756439,-2.4045429750000005
10643,mp-763344,-2.2736109319444453
10644,mp-13026,-1.1008967966666698
10645,mp-976885,-0.027183797777777723
10646,mp-555132,-1.5491495663636383
10647,mp-635426,-0.8434288550000062
10648,mp-773498,-1.8693245768850573
10649,mp-778754,-2.353807886206896
10650,mp-7651,-3.790654651666666
10651,mp-631492,0.9014312783333333
10652,mp-861483,-0.6643380683333326
10653,mp-557407,-2.4535804580594367
10654,mp-31075,-0.5108024045982152
10655,mp-697981,-1.4902433291562498
10656,mp-5859,-3.1094857406349212
10657,mp-541819,-0.6351787290997025
10658,mp-562338,-2.328941733105469
10659,mp-20329,-1.3924170608333224
10660,mp-21563,-3.2279325754166663
10661,mp-771699,-1.6689724225000009
10662,mp-755074,-4.084325441666668
10663,mp-1019378,-1.4099479918750006
10664,mp-758038,-3.6859673896428577
10665,mp-775275,-2.2295700450485363
10666,mp-774236,-2.498921508269231
10667,mp-35739,-1.744562756875002
10668,mp-766267,-3.968920960499999
10669,mp-32586,-2.3570386306875006
10670,mp-558126,-1.9071081328124997
10671,mp-28645,-0.7942890616666661
10672,mp-30091,-0.4402782255681824
10673,mp-639900,-0.751230216482142
10674,mp-17141,-0.5896025254545468
10675,mp-27563,-1.8943283266666646
10676,mp-765416,-2.9134529894086016
10677,mp-11470,-0.08040443833333673
10678,mp-34787,-0.5068031816666667
10679,mp-17250,-1.8156306434642846
10680,mp-558713,-3.1909736261904764
10681,mp-973441,-2.420968008
10682,mp-28755,-1.2695695949999977
10683,mp-10510,-3.5421433873958335
10684,mp-9361,-2.141000711875
10685,mp-11038,-0.3023508544444474
10686,mp-2062,-0.7082368199999985
10687,mp-651005,-0.6818589603124998
10688,mp-7914,-3.190776871594827
10689,mp-754668,-2.9834642718750004
10690,mp-34139,-2.189480853694581
10691,mp-10994,-0.8993939812500003
10692,mp-626093,-1.1089127259821434
10693,mp-669496,-0.4330000667500002
10694,mp-865147,-0.24822540999999987
10695,mp-640553,-3.1787959394444454
10696,mp-765481,-2.240690312604167
10697,mp-7614,-0.2859062704583323
10698,mp-776332,-0.2794526519932099
10699,mp-505148,-1.2746002112499992
10700,mp-707014,-0.583448496409774
10701,mp-557970,-1.8293405805000007
10702,mp-978840,-1.2227529460185187
10703,mp-28688,-2.0400656781250013
10704,mp-644923,-3.2559822414583337
10705,mp-973834,-0.09164175499999772
10706,mp-22862,-2.100018835689655
10707,mp-21043,-2.7444599424999994
10708,mp-28997,-0.6346373975
10709,mp-17240,-2.6236429144899427
10710,mp-555253,-3.0615084075416674
10711,mp-18026,-0.19524842333333345
10712,mp-1008762,-0.6951922323055536
10713,mp-5693,-1.192343681594826
10714,mp-5852,-0.6809038623333322
10715,mp-972649,-0.2503871799999997
10716,mp-866075,-0.5456193755833336
10717,mp-12755,-1.0082400074999924
10718,mp-757878,-1.4509888270330453
10719,mp-556538,-1.371228103088456
10720,mp-770860,-2.4319523024263128
10721,mp-568512,-0.05028746189655086
10722,mp-978278,-0.3615554013461541
10723,mp-12762,-0.5475135952380948
10724,mp-166,0.02121779000000057
10725,mp-15931,-1.6851896454999995
10726,mp-35986,-4.3159788571875
10727,mp-977357,-0.43794802304167035
10728,mp-541682,-0.49651151570833285
10729,mp-569918,-0.6331169866343563
10730,mp-684583,-0.9312647415517242
10731,mp-30764,-0.49592311222222446
10732,mp-768061,-2.170341459904837
10733,mp-999558,-0.2830543664655183
10734,mp-775843,-2.188524859749998
10735,mp-24148,-2.86370298279762
10736,mp-1018027,-1.3525279193749995
10737,mp-961666,0.32608087152298754
10738,mp-558310,-2.9828016685416663
10739,mp-5900,-4.1606286175000005
10740,mp-560789,-1.8911455592499997
10741,mp-768347,-1.3914863907777766
10742,mp-1007961,0.17519384517857262
10743,mp-1222,-0.24404875222222067
10744,mp-16621,-0.5686721831818162
10745,mp-29927,-2.420595578095237
10746,mp-626037,-2.5694577669444447
10747,mp-935811,-2.8443974524500013
10748,mp-8412,-3.0893887602083323
10749,mp-974938,0.14514899354166677
10750,mp-722862,-1.1760702172499997
10751,mp-978997,-0.2983667290000014
10752,mp-572543,-2.913337414438515
10753,mp-690552,-2.8210860282931045
10754,mp-4989,-0.2125355624999988
10755,mp-768518,-3.669252299333336
10756,mp-982393,-0.3083411312500033
10757,mp-6820,-1.568615287954546
10758,mp-759849,-3.0193851969135808
10759,mp-2776,-0.2331286300000007
10760,mp-559469,-1.6906620817187497
10761,mp-1006245,0.6838113834375008
10762,mp-26542,-2.3713700303571423
10763,mp-510438,-0.5714708929999972
10764,mp-776360,-2.189271769250001
10765,mp-704488,-2.5233255580808085
10766,mp-2733,-0.38162391545454644
10767,mp-647426,-1.9675619642289317
10768,mp-765566,-1.77690362
10769,mp-3344,-0.8916973124999998
10770,mp-758662,-2.8227067171509734
10771,mp-771321,-1.854216484846744
10772,mp-975346,-1.3780881580862072
10773,mp-777447,-2.6492097003333335
10774,mp-625578,-1.0453106314062506
10775,mp-16807,-0.5629376740909083
10776,mp-722,-2.1487453487499977
10777,mp-556615,-2.399999724792627
10778,mp-767538,-2.7321256682747417
10779,mp-28431,-2.05442515
10780,mp-31176,-0.6765381811111061
10781,mp-4044,-1.432454579713541
10782,mp-7940,-1.2146626542343748
10783,mp-11684,-3.2591054741666667
10784,mp-2502,-0.2915944300000035
10785,mp-11696,-0.09276986950000037
10786,mp-849772,-2.502685172166666
10787,mp-730585,-2.583052676805555
10788,mp-866834,-1.5520270749999996
10789,mp-752529,-1.304836018666667
10790,mp-1018662,-1.0659854716666668
10791,mp-862912,-0.6545130362500018
10792,mp-561947,-2.246411671431038
10793,mp-23549,-2.4353786585416684
10794,mp-714929,-1.8631402600000004
10795,mp-8883,-0.4408126312500009
10796,mp-28896,-0.2119536974999979
10797,mp-25871,-2.3866440628159333
10798,mp-961703,0.19207614559387073
10799,mp-29760,-3.318827082264808
10800,mp-5020,-3.4922369876666663
10801,mp-17375,-1.4526352391971276
10802,mp-22432,-0.9739886383333334
10803,mp-778861,-3.037072476481482
10804,mp-34381,-0.5033844175000013
10805,mp-265,-0.7576419043333331
10806,mp-12055,-0.3404951616666653
10807,mp-763204,-2.3392729705603443
10808,mp-472,-0.240338696666664
10809,mp-3952,-3.6444226207142854
10810,mp-28662,-0.46936900361111294
10811,mp-684027,-0.09993407547226364
10812,mp-771669,-2.0446989771055386
10813,mp-768971,-1.5760793333333347
10814,mp-5029,-2.6108797469444434
10815,mp-3440,-0.6402934958333333
10816,mp-699453,-1.571865657343749
10817,mp-774417,-2.483796874789916
10818,mp-975055,0.4832852287499998
10819,mp-754353,-1.8003902528571436
10820,mp-33683,-0.3975374553385409
10821,mp-753720,-1.1827775446428568
10822,mp-774247,-2.1483213546772766
10823,mp-851357,-0.17731581011904582
10824,mp-778859,-2.4498072237978925
10825,mp-27148,-0.3193830660119031
10826,mp-972529,-0.44843093285714275
10827,mp-555580,-3.2585601770816313
10828,mp-2596,-1.6285575687499971
10829,mp-6989,-2.3180791194687487
10830,mp-773469,-1.885605225821018
10831,mp-849513,-2.310054099940476
10832,mp-570757,-0.7691176960069457
10833,mp-763331,-2.9786249442744257
10834,mp-16740,-0.6851481861111108
10835,mp-24142,-2.652558236923077
10836,mp-26767,-2.593350152328042
10837,mp-699352,-2.1861441026256614
10838,mp-6019,-3.46656378
10839,mp-971707,-3.155564397222223
10840,mp-765311,-2.404784103242297
10841,mp-29682,-0.521217914345237
10842,mp-949028,0.04169834065217144
10843,mp-704184,-2.4556536284630996
10844,mp-7874,-0.26736549027777673
10845,mp-772875,-2.0067293544444444
10846,mp-696125,-2.616900460704762
10847,mp-754815,-2.30537281125
10848,mp-556775,-0.9619322998437507
10849,mp-1654,-0.3760651233333334
10850,mp-1018737,-0.6289962922976192
10851,mp-764333,-2.844568743636364
10852,mp-772572,-1.4915383909999984
10853,mp-17216,-0.8415825722222192
10854,mp-1007694,-2.5328648860204086
10855,mp-13903,-2.7481234506249996
10856,mp-780895,-1.4576704433333336
10857,mp-766168,-3.1738136698888884
10858,mp-989570,-2.208534905431035
10859,mp-772781,-3.2826345840000006
10860,mp-7907,-1.1007739499107134
10861,mp-984791,-0.30374973750000267
10862,mp-766983,-3.149551102552083
10863,mp-18882,-2.7472908507142857
10864,mp-694885,-3.1629360387931036
10865,mp-569421,-0.2654048012857171
10866,mp-1013526,-1.1831249233333334
10867,mp-777235,-2.2131057150000006
10868,mp-769609,-2.4200482008333335
10869,mp-707027,-3.2558080697500014
10870,mp-774995,-2.324256956333333
10871,mp-782065,-2.216372410580357
10872,mp-582394,-0.27397787145210845
10873,mp-569120,-0.8483444918749967
10874,mp-770367,-2.0984207467129625
10875,mp-21357,-0.15102722799999527
10876,mp-626716,-1.5456322528333335
10877,mp-570971,-0.7763978817045476
10878,mp-32884,-0.10776626593749938
10879,mp-10857,-0.5349006060000022
10880,mp-676400,-0.7578049145833354
10881,mp-687204,-2.575887152727272
10882,mp-561551,-3.648074786818182
10883,mp-780886,-1.6136933964080467
10884,mp-772456,-1.8200563025328418
10885,mp-767065,-2.782214058723316
10886,mp-862700,-0.6037735600000005
10887,mp-22583,-0.8197346105183972
10888,mp-567729,-1.4479209017499997
10889,mp-866189,-0.331581483333333
10890,mp-28072,-3.4918676244444447
10891,mp-759280,-3.1628627379034393
10892,mp-778864,-2.5368770289694162
10893,mp-557115,-2.6770940762873563
10894,mp-1007652,-0.38081474124999914
10895,mp-18835,-2.7006946757738106
10896,mp-559916,-2.2661389058802173
10897,mp-555559,-2.7928846070028417
10898,mp-779571,-3.2908789056666676
10899,mp-559516,-2.2240651589270826
10900,mp-10251,-3.2739008149999984
10901,mp-8301,-2.523420492999999
10902,mp-766360,-2.4513571663793114
10903,mp-849516,-1.8477072081734136
10904,mp-6507,-2.5763235405968166
10905,mp-505513,-0.4265018564285746
10906,mp-747,-0.7261650133333332
10907,mp-530933,-0.951430400409226
10908,mp-31232,-2.2818666291220246
10909,mp-23559,-1.0499283412820513
10910,mp-9047,-1.0174446263333237
10911,mp-12964,-0.4933073626388875
10912,mp-504748,-2.2679489120918364
10913,mp-764345,-2.5739355932738093
10914,mp-973055,0.15080763822916765
10915,mp-771360,-2.5137958950197046
10916,mp-12996,-0.5294970237500003
10917,mp-9994,-0.836694129285713
10918,mp-4253,-0.1782002289999994
10919,mp-850898,-2.421163056138975
10920,mp-768369,-4.23005034725
10921,mp-779358,-2.2399222773922416
10922,mp-568436,-0.7386749267857147
10923,mp-644739,-0.41435003785714336
10924,mp-541462,-3.431262843708332
10925,mp-2557,-0.39753075833333423
10926,mp-542081,-1.3546703719821427
10927,mp-677489,-2.927415691998723
10928,mp-764557,-2.7246189850000007
10929,mp-20619,-0.5287125749999966
10930,mp-16726,-0.15396874458333354
10931,mp-555393,-1.6573149230735307
10932,mp-570061,-2.5284592619999993
10933,mp-28293,-1.2845888195129944
10934,mp-13554,-1.4535172545000017
10935,mp-8248,-1.8322962761111097
10936,mp-10106,-1.1104946641666658
10937,mp-975601,-0.28348825625000007
10938,mp-555066,-0.9291264579999999
10939,mp-776655,-3.218824381833335
10940,mp-580357,-0.09511308250000106
10941,mp-31116,-3.9505633779999996
10942,mp-974435,-0.08897282156249986
10943,mp-764786,-2.4430469637515966
10944,mp-556953,-0.9794650449285669
10945,mp-1646,-0.2939551318750002
10946,mp-975650,-0.36310890645833505
10947,mp-530274,-0.06909047513698618
10948,mp-675420,-1.6435781497235569
10949,mp-21371,-0.5443772966666695
10950,mp-867200,0.0
10951,mp-864913,-3.4736603603448266
10952,mp-770430,-3.4823608682307676
10953,mp-2134,-0.4523578258333316
10954,mp-778347,-2.3498162576388886
10955,mp-558134,-1.9547798616666703
10956,mp-631537,0.8464212311111107
10957,mp-696490,-2.2367907584615376
10958,mp-18531,-0.8479909854074061
10959,mp-867812,-0.3687005816666673
10960,mp-20595,-0.4041807250000005
10961,mp-773602,-1.2342805098275857
10962,mp-2017,-1.7366828795833307
10963,mp-574529,-1.321299250669642
10964,mp-626279,-1.3799647212962969
10965,mp-722189,-0.7058412673333336
10966,mp-17288,-2.641684768020833
10967,mp-865986,-0.42275544541666665
10968,mp-31419,-2.1827053336111115
10969,mp-995183,-0.7771149775000001
10970,mp-16236,-0.8119760387534715
10971,mp-467,-1.884495004999995
10972,mp-13630,-3.2990570245628077
10973,mp-2951,-1.8570413364999994
10974,mp-998159,-2.0670502716666683
10975,mp-30321,-3.15568769781955
10976,mp-581864,-0.8614602885856693
10977,mp-641919,-3.3560221340304235
10978,mp-571622,-0.09428849615384613
10979,mp-610522,-0.1606247477873571
10980,mp-3769,-0.8142960758333345
10981,mp-761916,-0.9483151930316094
10982,mp-561033,-0.4464572882986112
10983,mp-777883,-2.830780777272727
10984,mp-774235,-2.0555878254166657
10985,mp-774365,-2.9718634936494253
10986,mp-568203,-1.0297761393014875
10987,mp-559757,-2.136130307272728
10988,mp-10240,-1.2027551957142844
10989,mp-753858,-3.5633972933333347
10990,mp-5200,-0.6683155041666623
10991,mp-1601,-0.34622566616666717
10992,mp-22014,-0.8673649403333329
10993,mp-19128,-1.2714185662500004
10994,mp-771040,-1.3488817111111109
10995,mp-554175,-3.1688811729166666
10996,mp-2831,-0.06369045999999923
10997,mp-7800,-3.178103438958333
10998,mp-776627,-2.9834281548333235
10999,mp-781598,-2.464913868190905
11000,mp-864994,-0.4066805731250014
11001,mp-603347,-0.37845085166666603
11002,mp-30771,-0.44505851222222265
11003,mp-13254,-0.2730501237499996
11004,mp-979340,-1.6634672691458352
11005,mp-17224,-2.2325364082539645
11006,mp-20452,-0.36364582900000036
11007,mp-555983,-3.836669838750007
11008,mp-1006112,0.6614984313362067
11009,mp-778795,-2.4194651316444453
11010,mp-705362,-2.454015545429607
11011,mp-23218,-0.4786431393749986
11012,mp-504265,-1.8873355966071432
11013,mp-768110,-2.9825733069047615
11014,mp-757514,-2.465885658859649
11015,mp-760414,-1.4549544309999987
11016,mp-7944,-0.44872332249999936
11017,mp-972763,-0.08664157749999646
11018,mp-29878,-1.1387691346651785
11019,mp-755530,-1.3458455036063182
11020,mp-31147,-0.35156586833333375
11021,mp-756177,-2.3759885953333333
11022,mp-16491,-0.40754275583333427
11023,mp-755065,-3.6603345446969686
11024,mp-768315,-1.3454585463888888
11025,mp-780113,-2.4120020114000074
11026,mp-31100,-0.6292123575000007
11027,mp-29642,-0.27491492499999737
11028,mp-628614,-0.8625799370833332
11029,mp-569984,-1.1991178711853452
11030,mp-27480,-2.2049733169999994
11031,mp-18093,-0.21010948375000046
11032,mp-972767,-0.29880135625000026
11033,mp-9055,-2.8820794348148144
11034,mp-770692,-2.189594627222222
11035,mp-573150,-2.055193100718393
11036,mp-18804,-2.062001783974359
11037,mp-30837,-0.6580990577777754
11038,mp-22318,-0.2850754433333324
11039,mp-601401,-0.5066533173350667
11040,mp-5156,-3.2784534771785716
11041,mp-12637,-3.35878035975
11042,mp-1001021,-1.7675823984821426
11043,mp-989519,-1.8166160951810348
11044,mp-861636,-0.3269754749999976
11045,mp-756246,-3.5634469955
11046,mp-768983,-2.8349375982500007
11047,mp-772848,-2.296817968568681
11048,mp-24422,-1.5125889504166679
11049,mp-2491,-1.9252824361979144
11050,mp-27349,-2.5228999101851812
11051,mp-697170,-0.8057393040909088
11052,mp-757660,-1.8166595295833332
11053,mp-631563,0.6178523472916666
11054,mp-570547,-0.6058358301724133
11055,mp-9710,-1.4193674939999994
11056,mp-556910,-2.0619196175
11057,mp-10010,-0.4701490699999994
11058,mp-28483,-0.9345107228571438
11059,mp-570850,-0.5610815137499993
11060,mp-849493,-2.8896232130952377
11061,mp-776313,-1.9845588840833344
11062,mp-984358,0.19653586375000032
11063,mp-705361,-2.5539543927380937
11064,mp-769573,-2.882482311428571
11065,mp-555845,-3.976786868555555
11066,mp-698475,-2.4212153288296703
11067,mp-16737,-2.723872338609195
11068,mp-504139,-2.2523640885714284
11069,mp-779539,-2.295021557038691
11070,mp-28357,-2.339890498750009
11071,mp-549695,-2.3570321000000005
11072,mp-29644,-0.22652501333333439
11073,mp-28558,-1.4168271675000004
11074,mp-29240,-0.6597766483333333
11075,mp-9550,-0.6005869531992355
11076,mp-20127,-1.1109870078645905
11077,mp-10923,-0.6892207139285712
11078,mp-3686,-0.8939846434999993
11079,mp-861504,-3.4464973886666668
11080,mp-867254,-0.5835602516666691
11081,mp-1385,-0.29455423333333347
11082,mp-975425,-1.3583273020000006
11083,mp-7359,-0.783529134722223
11084,mp-554364,-3.3172580592857144
11085,mp-505141,-0.4052863489338212
11086,mp-865577,-0.43523623833333147
11087,mp-863739,-0.5866167199999976
11088,mp-18591,-2.50704106562755
11089,mp-28829,-1.5751778163095231
11090,mp-971661,0.10747738456521708
11091,mp-972569,-0.30845677205570393
11092,mp-2513,-0.6073781699999993
11093,mp-19745,-0.6924985977777757
11094,mp-974417,0.5845286912500001
11095,mp-752682,-1.9275621170370372
11096,mp-558751,-2.140257175357142
11097,mp-569913,-1.1000525622222201
11098,mp-132,0.005909895000000276
11099,mp-1458,-0.402662928749999
11100,mp-865756,-0.8867221462500012
11101,mp-556357,-0.5614187307236845
11102,mp-558674,-2.9463488005879306
11103,mp-863372,-2.0838011253703703
11104,mp-1432,0.04071844694444474
11105,mp-755289,-3.365374738
11106,mp-19827,-1.0167196208333316
11107,mp-614603,-1.729146057327588
11108,mp-567502,-0.1878905551923073
11109,mp-779759,-3.0977395569607853
11110,mp-20402,-4.065957644210526
11111,mp-3575,-3.2881798112121206
11112,mp-773184,-2.123191564949713
11113,mp-558289,-1.7710081786939087
11114,mp-8000,-2.8328768953333325
11115,mp-29746,-0.7946456196428571
11116,mp-626504,-2.0196237162500004
11117,mp-667315,-1.7577536846739132
11118,mp-557829,-2.206744143333347
11119,mp-12065,-0.020391218749995943
11120,mp-1439,-3.5035318511111115
11121,mp-983562,0.31694371946120725
11122,mp-721958,-2.2593078324162557
11123,mp-13792,-2.789979532534461
11124,mp-560555,-1.843717397460318
11125,mp-36216,-0.1061131742708336
11126,mp-9417,-2.0470603071428815
11127,mp-756118,-3.839365544333334
11128,mp-19272,-2.778189815277777
11129,mp-775695,-2.150410828468801
11130,mp-866162,-0.2936382445833319
11131,mp-778103,-2.4438604485119035
11132,mp-560977,-1.2398302690907732
11133,mp-689684,-1.7055087627551018
11134,mp-755574,-3.783986143833334
11135,mp-977572,-0.547658528620687
11136,mp-821,-2.8952638337500005
11137,mp-29699,-2.9035431858333354
11138,mp-978268,-0.07312285750000003
11139,mp-561149,-3.726515860333332
11140,mp-16319,-0.39567487937500045
11141,mp-760385,0.04593775064815494
11142,mp-754631,-1.1403321127298855
11143,mp-781010,-2.203158051052632
11144,mp-28157,-1.6137321338775503
11145,mp-505228,-3.2807177259259275
11146,mp-767321,-0.9651671007575751
11147,mp-780561,-2.9230905920000003
11148,mp-23939,-0.8503257006249996
11149,mp-775165,-1.840547514497128
11150,mp-23040,-1.5038818599107149
11151,mp-1019576,-1.222817425277778
11152,mp-18822,-2.652494211938116
11153,mp-2529,-0.6259196455555518
11154,mp-567878,-1.4649576738888872
11155,mp-15704,-1.398607744375
11156,mp-21117,-0.06333883666666651
11157,mp-776911,-2.8999533087500007
11158,mp-24421,-1.245628302708333
11159,mp-3153,-2.1522169128944615
11160,mp-583084,-1.3732809258104384
11161,mp-979254,0.2922627774999995
11162,mp-19897,-2.6347275513333344
11163,mp-20185,-0.988191208888883
11164,mp-561480,-2.592852457775865
11165,mp-28378,-0.6500757999999985
11166,mp-23852,-1.7328253364104402
11167,mp-644222,-1.2551805153124995
11168,mp-20633,-1.298118654166667
11169,mp-568560,-1.1463536691666718
11170,mp-20751,-0.31012749174999643
11171,mp-4337,-0.8784841763333319
11172,mp-12553,-0.4840999066666658
11173,mp-625941,-1.218957849551282
11174,mp-6257,-2.89789627879885
11175,mp-768674,-1.3658208145920614
11176,mp-763916,-2.1006089174509803
11177,mp-6467,-2.383092748087028
11178,mp-697268,-0.9714969681770835
11179,mp-5598,-3.5029926075000026
11180,mp-980947,-0.5187959737500019
11181,mp-984052,-2.415832439761902
11182,mp-557577,-3.0377901897500004
11183,mp-975658,0.013162164583331304
11184,mp-759925,-1.2239786227467107
11185,mp-760680,-0.5162144347222227
11186,mp-776337,-2.1875462520000015
11187,mp-753260,-2.568305550416656
11188,mp-8873,-2.4948268210714284
11189,mp-761683,-2.3748624632056194
11190,mp-10848,-0.4035947251041705
11191,mp-13396,-0.5004476091666668
11192,mp-560860,-1.497563052126436
11193,mp-768003,-2.332108297081773
11194,mp-15221,-1.3161510849999996
11195,mp-643829,-2.8282664401785707
11196,mp-22982,-0.34739306328124897
11197,mp-10952,-0.5334485421875002
11198,mp-28589,-1.5185467058333335
11199,mp-976863,0.3258491633620686
11200,mp-640825,-0.6602968071794815
11201,mp-999298,-0.04938845250000057
11202,mp-755684,-1.8792157794444444
11203,mp-569671,-0.8018059100000023
11204,mp-556809,-2.5857585556410254
11205,mp-768311,-1.2929155836206903
11206,mp-30456,-0.9816191580555559
11207,mp-561095,-3.303367612083333
11208,mp-18852,-2.1497061682512344
11209,mp-674493,-0.6990659054761892
11210,mp-770545,-2.593993404761904
11211,mp-636368,-0.23824714374999978
11212,mp-616166,-2.2430113512499994
11213,mp-11230,-0.3362663108333355
11214,mp-638590,-0.40332330453304754
11215,mp-23024,-3.2147015683333335
11216,mp-652366,-1.6640317466071406
11217,mp-570412,-1.061694440190476
11218,mp-850222,-1.277397556666667
11219,mp-19764,-0.35918698874999677
11220,mp-616190,-0.502335278125
11221,mp-998711,-2.3053744156666687
11222,mp-973308,-0.010315541249998006
11223,mp-778152,-2.3557566190909074
11224,mp-3958,-0.718239238000001
11225,mp-754162,-3.201050415833336
11226,mp-978928,-0.8108441599999998
11227,mp-5506,-0.2693874719999997
11228,mp-777672,-2.750666436666667
11229,mp-972889,-0.2520578143750001
11230,mp-27657,-3.066904042236841
11231,mp-864995,-0.4805608187499981
11232,mp-19967,-0.527077179032568
11233,mp-31033,-4.124671778666666
11234,mp-8708,-2.0261366104545435
11235,mp-998366,-1.0864182589687499
11236,mp-767534,-2.035364312283457
11237,mp-2947,-0.6756441605555553
11238,mp-30814,-0.3788139055000002
11239,mp-776691,-3.0155875679166666
11240,mp-759287,-1.842320058497024
11241,mp-38771,-2.10099587142857
11242,mp-775210,-2.3438319834663854
11243,mp-510596,-1.7844321780859387
11244,mp-866036,-2.160326880000001
11245,mp-973283,-0.3321114662499989
11246,mp-866221,-0.771035163749997
11247,mp-775705,-2.3132450894642864
11248,mp-768786,-1.7587946410714288
11249,mp-972121,-0.21083444153846204
11250,mp-973951,-0.6878928658333301
11251,mp-20939,-0.4816322329166667
11252,mp-683991,-0.3198158811948501
11253,mp-22036,-0.8035712108333352
11254,mp-558128,-3.3610115122249993
11255,mp-684021,-0.2923356072418503
11256,mp-627606,-1.7704739706578951
11257,mp-567395,-0.353683592894736
11258,mp-753380,-2.268005356428572
11259,mp-4810,-0.5691654263333398
11260,mp-757077,-2.790545232634409
11261,mp-18889,-1.242050435624999
11262,mp-31064,-0.27971710919117626
11263,mp-18256,-3.0153061945370436
11264,mp-23569,-1.2852244365401784
11265,mp-600084,-3.253281090416666
11266,mp-754334,-3.202578796594829
11267,mp-756722,-2.942022257291665
11268,mp-9535,-2.6822620276811593
11269,mp-758996,-1.55314623447995
11270,mp-7738,-3.1444675591145863
11271,mp-555825,-3.1531789950224898
11272,mp-862857,-1.1135401521093726
11273,mp-3638,-2.028611891298699
11274,mp-8932,-0.5966127281904761
11275,mp-29647,-0.9165387758333358
11276,mp-21554,-2.3728897568537413
11277,mp-570853,-1.7288204050000047
11278,mp-1153,-1.503453288055556
11279,mp-743,-0.41095430937500055
11280,mp-650929,-3.337573271258621
11281,mp-570411,-1.2474233211490033
11282,mp-555795,-1.8658876444642851
11283,mp-6488,-2.5627845675729173
11284,mp-11261,-0.9286707799999974
11285,mp-32024,-2.533599572489533
11286,mp-775993,-2.5118227174181254
11287,mp-1884,-0.7223121262500012
11288,mp-555508,-3.3681656043382344
11289,mp-778622,-2.4829738306666664
11290,mp-29698,-2.8509485629545464
11291,mp-558219,-1.177593710984848
11292,mp-672262,-2.6537239028260866
11293,mp-31508,-1.4743413190312502
11294,mp-680008,-0.662002467406833
11295,mp-721287,-1.384578818504756
11296,mp-553121,-2.9506650840000015
11297,mp-510098,-0.42999690250000694
11298,mp-755974,-1.324036506551724
11299,mp-767265,-1.6765291377272735
11300,mp-865992,-0.9055170362499965
11301,mp-30722,-0.2575820981250061
11302,mp-19461,-2.3960760047844825
11303,mp-20566,-0.0002002037499977405
11304,mp-6194,-2.4629473802105246
11305,mp-1018123,-0.48334265888888694
11306,mp-778485,-2.5286096386842103
11307,mp-542642,-0.9169860298593742
11308,mp-768979,-2.8002234991176462
11309,mp-770571,-3.299127436388888
11310,mp-773672,-2.309739849212506
11311,mp-971855,-0.7231184285000005
11312,mp-604594,-0.5820882143939375
11313,mp-755256,-2.409939881851851
11314,mp-11902,-1.6233069270535705
11315,mp-741593,-2.3831652232758627
11316,mp-554082,-4.009504141363635
11317,mp-722684,-2.4425063958675595
11318,mp-676780,-0.978702217381823
11319,mp-30468,-0.5339303699999967
11320,mp-31024,-2.1794151057142868
11321,mp-22053,-0.5802735543749993
11322,mp-765360,-0.7129481258620696
11323,mp-26407,-2.5457480161210313
11324,mp-12073,-0.5000045856666674
11325,mp-10596,-0.04305183750000019
11326,mp-676713,-2.613930104848484
11327,mp-862,-0.39796676166666717
11328,mp-1549,-1.0909012825000062
11329,mp-9848,-0.6409127319246034
11330,mp-779979,-2.3850122782499965
11331,mp-578752,-1.0846004496031745
11332,mp-31305,-1.1012475149999994
11333,mp-755943,-1.317511259583333
11334,mp-2133,-1.7908991124999996
11335,mp-10117,-0.3072892148275863
11336,mp-631466,1.0055695786250016
11337,mp-613910,-2.6425570837500003
11338,mp-776618,-2.4257524645833337
11339,mp-755277,-3.417182534545454
11340,mp-766572,-1.8913279425482623
11341,mp-605735,-0.45292685208333205
11342,mp-862291,-0.6714573131249981
11343,mp-19213,-1.1684959672660102
11344,mp-568917,-0.4082924762499971
11345,mp-6915,-1.3700386549999994
11346,mp-13149,-0.3641807333333329
11347,mp-558428,-3.4445044843902433
11348,mp-3867,-0.2619541138194433
11349,mp-16598,-3.091405516416668
11350,mp-542767,-2.8894845945000007
11351,mp-15003,-3.582640128499999
11352,mp-22814,-0.6028777589999978
11353,mp-976447,-1.6787541528544057
11354,mp-573710,-1.6474307180588479
11355,mp-6080,-1.9332113136111104
11356,mp-21399,-0.4296899359770106
11357,mp-3188,-1.884719061666666
11358,mp-541403,-0.46126116712185117
11359,mp-772497,-3.3789490360000003
11360,mp-976582,-0.011093731562500153
11361,mp-13429,-0.6393202490000001
11362,mp-777010,-2.6041873533333333
11363,mp-863673,-0.40037398541666747
11364,mp-22897,-0.847306141250002
11365,mp-569851,-0.7043336498148152
11366,mp-695,-0.22088834555555556
11367,mp-540550,-1.088297671264368
11368,mp-774463,-2.6251626584464285
11369,mp-558011,-1.6299150772727273
11370,mp-17187,-2.967787349538264
11371,mp-28826,-0.3275535626332271
11372,mp-20436,-0.8799665616111128
11373,mp-30958,-1.1677866820238083
11374,mp-999545,0.11893715155172302
11375,mp-776059,-2.757854983829365
11376,mp-769554,-2.104854353238095
11377,mp-780111,-2.4457940963505744
11378,mp-773582,-0.4850446883333335
11379,mp-2730,-0.19013660875000227
11380,mp-625452,-2.1964013622023812
11381,mp-31294,-0.48096543000000075
11382,mp-972470,-1.5605061224999996
11383,mp-558749,-3.0130479500862064
11384,mp-765195,-2.3148243062499985
11385,mp-530571,-2.0625653150344827
11386,mp-867356,-0.07140401500000237
11387,mp-561307,-2.5368945897222126
11388,mp-626689,-1.3465976564999997
11389,mp-40286,-3.4388490504022995
11390,mp-864664,-2.2468217162823283
11391,mp-753298,-3.1413967904166675
11392,mp-997040,-0.11703245124999961
11393,mp-680055,-0.8249988572727266
11394,mp-755526,-3.1601639054761894
11395,mp-625614,-1.1348830477678575
11396,mp-30371,-0.20018613062499924
11397,mp-2221,-0.10917206500000039
11398,mp-31039,-1.788711969901962
11399,mp-24502,-1.6952027967307686
11400,mp-580541,-2.4845717655689645
11401,mp-694945,-2.4590436738172423
11402,mp-984784,-0.23247237749999905
11403,mp-571293,-1.2175599859863278
11404,mp-16915,-3.9284728701190472
11405,mp-2310,-0.841200041666666
11406,mp-2435,-0.09482935416666412
11407,mp-2613,-0.14113330583333314
11408,mp-572951,-2.905090861920498
11409,mp-6526,-2.0784612076724143
11410,mp-1019601,-3.78275696125
11411,mp-770647,-2.3835775701388884
11412,mp-20176,-0.27522106541666425
11413,mp-769552,-1.9205744320863094
11414,mp-23520,-0.7975110845833324
11415,mp-758035,-2.882397983406593
11416,mp-21365,-0.5221759056875015
11417,mp-21423,-3.214050472499994
11418,mp-867004,-0.43411192416666544
11419,mp-560260,-2.581556988929597
11420,mp-640578,-1.198004552116667
11421,mp-864954,-1.0387458487500005
11422,mp-626787,-2.0787615134375006
11423,mp-13983,-1.9797411075000002
11424,mp-626879,-2.0220310776923087
11425,mp-30673,-0.4593935908333343
11426,mp-985585,-1.9413606250000002
11427,mp-771193,-3.2536278836363635
11428,mp-699558,-2.308949837601352
11429,mp-764019,-2.505974840625
11430,mp-19803,-1.8420107340476157
11431,mp-27487,-1.2573130781666635
11432,mp-568548,-0.4647285965925928
11433,mp-864780,-0.4588361924999944
11434,mp-13093,-0.6441747683333384
11435,mp-24130,-1.749785736298701
11436,mp-555,-0.06903248166666742
11437,mp-14407,-0.20339908086745728
11438,mp-866063,-0.07710090729166552
11439,mp-780229,-2.3034910930891512
11440,mp-623006,-0.4394018939285727
11441,mp-673059,-2.4777712038744593
11442,mp-510697,-0.4340186895000026
11443,mp-765597,-1.421125936979167
11444,mp-864775,-0.319932665416669
11445,mp-1008528,-0.23964713574404684
11446,mp-996948,-2.366885536964286
11447,mp-16461,-3.599564860681817
11448,mp-388,-0.2386886874999945
11449,mp-1224,-0.6350574825000042
11450,mp-29410,-0.9961007786111113
11451,mp-4525,-2.1839894520000045
11452,mp-560978,-3.1865793357692302
11453,mp-770248,-2.180117867355203
11454,mp-541272,-2.478640178181215
11455,mp-753552,-0.9055933625000009
11456,mp-29764,-2.4849673209375003
11457,mp-768770,-2.343071128787878
11458,mp-30393,-0.7605360866666686
11459,mp-546011,-1.9669977318750007
11460,mp-672212,-3.016015173752752
11461,mp-17807,-3.215188622592592
11462,mp-28383,-1.2858394263541655
11463,mp-560370,-0.7537919746428555
11464,mp-775211,-3.3174231122222215
11465,mp-780543,-2.1607146253284077
11466,mp-18036,-1.0475420388571408
11467,mp-756927,-1.9029474694444446
11468,mp-757131,-2.465107194915966
11469,mp-753162,-1.8518620152777778
11470,mp-773901,-2.3552466733214286
11471,mp-9785,-3.0662034727777754
11472,mp-979936,0.7211634159374967
11473,mp-558990,-2.837911568582707
11474,mp-19071,-2.0655187742857146
11475,mp-557812,-1.5656123535416657
11476,mp-28368,-0.9961686447222243
11477,mp-776880,-2.3316023030297615
11478,mp-2409,-0.12101837357142894
11479,mp-730945,-2.4118882477516994
11480,mp-995122,-1.305522709999997
11481,mp-774530,-3.5009190833333337
11482,mp-989189,-1.2435616149999997
11483,mp-27189,-1.5673674831818183
11484,mp-557763,-3.6436033940909094
11485,mp-753823,-4.252385752499997
11486,mp-20201,-0.6437857999999999
11487,mp-22595,-1.1217675416145845
11488,mp-759356,-1.288243495312499
11489,mp-571428,-0.37792416333333356
11490,mp-867253,-0.38376491916666566
11491,mp-677378,-3.007623690185186
11492,mp-21622,-0.6001142727083332
11493,mp-22470,-0.3968130267646957
11494,mp-541848,0.7090749072222224
11495,mp-30367,-0.5727468192857178
11496,mp-759207,-1.5406538549019606
11497,mp-28178,-1.837703686422413
11498,mp-30761,-0.3182604370370387
11499,mp-978965,0.1805205100000027
11500,mp-23404,-0.4893478288888904
11501,mp-1001024,-2.1564009257142844
11502,mp-770636,-2.087832082976191
11503,mp-653925,-2.4971287518589738
11504,mp-758245,-2.4220789694999993
11505,mp-773707,-2.7378953981855503
11506,mp-5568,-0.24581486882844514
11507,mp-974568,0.989070171249999
11508,mp-978522,-0.7126894312500003
11509,mp-18719,-2.690631258243055
11510,mp-560899,-2.270877465514705
11511,mp-4767,-0.7171676619999972
11512,mp-19902,-0.47936188874999885
11513,mp-974820,1.2480422406249998
11514,mp-757224,-3.3938993199350627
11515,mp-733932,-1.0588581522916662
11516,mp-982384,-0.7222324707291676
11517,mp-542728,-0.13176031189655352
11518,mp-13530,-2.7985269745833334
11519,mp-756645,-2.9588574310416664
11520,mp-608106,-0.37730185095237956
11521,mp-18732,-2.596717666666666
11522,mp-972524,-0.616630152222219
11523,mp-33318,-3.4477328635087714
11524,mp-771710,-3.081503326428571
11525,mp-631428,1.4131961566666718
11526,mp-1725,-0.3029057783333317
11527,mp-673644,-2.3603784541875
11528,mp-9583,-2.8576537392142853
11529,mp-20380,-0.580927030865349
11530,mp-693892,-2.664043195625
11531,mp-13911,-0.32472050400000113
11532,mp-776748,-2.1383605648928574
11533,mp-861974,-0.7197858399999975
11534,mp-28731,-0.6353447772727263
11535,mp-756402,-2.9453928334374995
11536,mp-558862,-2.283527078765393
11537,mp-567575,-0.25606944948275945
11538,mp-30512,-0.6904437600000001
11539,mp-540379,-2.336045457928571
11540,mp-13610,-2.39570948125
11541,mp-20628,-0.24996127999999906
11542,mp-676459,-4.246024258
11543,mp-850988,-1.8239010538888891
11544,mp-3448,-3.5357901234500004
11545,mp-764405,-1.841094451316667
11546,mp-755451,-2.3972765386363637
11547,mp-29178,-2.5684411911458334
11548,mp-581609,-1.902705648545918
11549,mp-559057,-2.685720872166668
11550,mp-773128,-1.7495811634057972
11551,mp-27693,-0.4871296595000018
11552,mp-561294,-3.009051929305555
11553,mp-740736,-1.663927147511842
11554,mp-553903,-1.6540223576498554
11555,mp-626337,-1.3574719018518522
11556,mp-557938,-3.775575807500007
11557,mp-558165,-1.0343505996875004
11558,mp-5909,-1.9692918614285724
11559,mp-636565,-0.43477009785713755
11560,mp-540050,-2.3276491950840326
11561,mp-542694,-0.8141351182291672
11562,mp-4482,-2.056832527275863
11563,mp-767255,-2.4591605377536228
11564,mp-4630,-1.8588993361111115
11565,mp-974925,0.0737091456249992
11566,mp-628773,-0.3776682670312539
11567,mp-21021,-0.5819315730357175
11568,mp-973843,-0.6278688166666679
11569,mp-1001787,-0.146932781666667
11570,mp-13139,-0.5307287052083334
11571,mp-1831,-0.4843396300000033
11572,mp-560322,-1.1083699906785713
11573,mp-4459,-0.07062139156862453
11574,mp-38152,-2.2233097666071444
11575,mp-991676,-0.502529962083333
11576,mp-849246,-2.942224596458333
11577,mp-672256,-0.4975373256250002
11578,mp-28196,-1.348374966066667
11579,mp-24202,-0.5630030755921032
11580,mp-975892,-0.27457584749999686
11581,mp-1044,-0.6605818274999979
11582,mp-554443,-1.7037864304684338
11583,mp-567543,-1.3063731321527785
11584,mp-762529,-1.5376681950980389
11585,mp-561725,-2.6023199122054597
11586,mp-770524,-2.2999136338259447
11587,mp-18230,-0.5111246471875025
11588,mp-3762,-0.85628102
11589,mp-8621,-1.088003907837501
11590,mp-770972,-1.3546826724404764
11591,mp-30735,-0.7058713218749961
11592,mp-972793,-1.015579242592593
11593,mp-3283,-2.8390510185
11594,mp-753539,-2.128904500833333
11595,mp-24263,-2.185270198361607
11596,mp-694981,-2.5441217944327357
11597,mp-776442,-1.865578482
11598,mp-971684,0.08874055964285787
11599,mp-20513,-0.2896323603256674
11600,mp-28166,-1.457412306350001
11601,mp-772632,-1.3087067394047622
11602,mp-778504,-2.85464059401455
11603,mp-1400,-0.16878251833333024
11604,mp-765102,-2.7067211177910053
11605,mp-11854,-0.8024571637500006
11606,mp-620652,-0.8785268332582683
11607,mp-11840,-0.27599582458333227
11608,mp-761819,-1.9387596418333337
11609,mp-961669,-0.08844013916666545
11610,mp-777916,-1.6196795234523802
11611,mp-18376,-0.7551634363409104
11612,mp-19774,-0.5545030409999981
11613,mp-22279,-3.210084799500001
11614,mp-942704,-1.8307979418981484
11615,mp-984700,0.07526279625000143
11616,mp-567931,-0.3061957860000007
11617,mp-1002106,-0.6029058700000007
11618,mp-8285,-1.9663922169999999
11619,mp-31326,-0.050700419999999885
11620,mp-3348,-0.5883477088888895
11621,mp-601,-1.742946234821428
11622,mp-6474,-3.2660475760000005
11623,mp-770778,-2.4375949319999974
11624,mp-570904,-0.3005213900000001
11625,mp-1364,-0.41051470875000096
11626,mp-780204,-2.169924133951491
11627,mp-10886,-0.19531484999999976
11628,mp-672307,-0.9469256058333286
11629,mp-1006882,2.1085791462499994
11630,mp-778141,-2.433658827272727
11631,mp-780485,-2.4822825239514654
11632,mp-5000,-0.31575110962499764
11633,mp-29380,-0.675040391316666
11634,mp-865517,-0.6096640774999988
11635,mp-24128,-1.385028116250001
11636,mp-977385,-0.5739736637499995
11637,mp-6610,-0.3311910816840265
11638,mp-5364,-3.4263751137500007
11639,mp-25257,-1.7990823665853668
11640,mp-530545,-0.6347011069212954
11641,mp-504476,-1.8587012421428577
11642,mp-684966,-3.726696077301588
11643,mp-777615,-1.7599323115441177
11644,mp-28840,-1.274698732000001
11645,mp-567614,-0.6650542396666672
11646,mp-572822,-2.9756232152777784
11647,mp-30223,-0.5684226810000027
11648,mp-861904,-2.005301981875
11649,mp-542632,-0.41023893499999886
11650,mp-5335,-1.5947621366071385
11651,mp-864634,-0.3033228937499999
11652,mp-556655,-2.9125574113541663
11653,mp-1008926,-0.08750066833333303
11654,mp-31321,-0.06584860648437463
11655,mp-756440,-2.4780187436363614
11656,mp-752402,-1.9277165266666667
11657,mp-867788,-0.4155462018333296
11658,mp-30548,-2.9275448816666665
11659,mp-24742,-1.8379405561800002
11660,mp-758096,-2.302106116
11661,mp-753863,-1.5145114367592585
11662,mp-542843,-2.128399830966118
11663,mp-8934,-0.4230642968620707
11664,mp-764936,-1.7977850711594212
11665,mp-30571,-0.04577717000000803
11666,mp-780154,-2.1909128648148157
11667,mp-759116,-3.66203571625
11668,mp-28266,-0.42824703142857007
11669,mp-680169,-2.3385173234624146
11670,mp-639228,-0.6246459048448287
11671,mp-581635,-0.41577992806568154
11672,mp-10316,-1.8533730681249994
11673,mp-753081,-1.2999585954545447
11674,mp-962065,-0.05489940833333318
11675,mp-20777,-0.5922703925000002
11676,mp-685353,-1.750546960662022
11677,mp-770728,-2.105683651875001
11678,mp-21945,-0.33346613974999856
11679,mp-975997,-0.24169402451149358
11680,mp-3372,-2.2650595153571373
11681,mp-8119,-0.5713281505555555
11682,mp-600428,0.07212195174137434
11683,mp-13660,-1.7268969921428554
11684,mp-27358,-1.0220626499553565
11685,mp-20791,-0.24586180347701259
11686,mp-673078,-2.235289159107143
11687,mp-863408,-2.4768931420238105
11688,mp-696965,-3.535616801563221
11689,mp-770711,-1.9545792862499998
11690,mp-569337,-0.7871603470545963
11691,mp-28879,-1.0573317549084247
11692,mp-541785,-0.6512282284999997
11693,mp-1020059,-0.50848024388889
11694,mp-770693,-2.7003539637859206
11695,mp-17706,-0.8784664887500035
11696,mp-18799,-3.304186793333334
11697,mp-606511,-1.0639044210000008
11698,mp-23366,-1.4916028921428581
11699,mp-18089,-2.074358707499999
11700,mp-1008527,-0.423883827552082
11701,mp-684653,-0.026545130520832554
11702,mp-975794,0.24167899125000014
11703,mp-673837,-2.339886761551725
11704,mp-686712,-0.5389767020052076
11705,mp-753626,-2.7449656303174597
11706,mp-2574,-3.786492631666667
11707,mp-1019508,-0.9113563118750001
11708,mp-841,-1.6501702366666664
11709,mp-9634,-1.024525277604166
11710,mp-30805,-0.4351127790000021
11711,mp-865101,-0.6028068370833353
11712,mp-631589,-0.5442295645454542
11713,mp-640880,-0.5133943392857166
11714,mp-1009641,-0.16567397000000028
11715,mp-639150,-0.34201156444443964
11716,mp-30963,-0.2592693664035078
11717,mp-9910,-0.8325476709722229
11718,mp-557649,-3.2351516241458342
11719,mp-675531,-0.847494942656251
11720,mp-2845,-0.44591140249999484
11721,mp-9578,-0.3452446614285693
11722,mp-1215,-2.035562333888889
11723,mp-625136,-1.4876819619683914
11724,mp-649080,-1.5840717916111111
11725,mp-867912,-0.6317105993750012
11726,mp-15222,-1.1925669842968745
11727,mp-571499,-0.6471931228333384
11728,mp-867159,-0.07211981916666499
11729,mp-9682,-1.2886841360267849
11730,mp-21029,-0.5205617483333338
11731,mp-27375,-0.7609316082575791
11732,mp-21887,-0.7791027225000009
11733,mp-763983,-2.6714013691666674
11734,mp-769052,-1.9662792717105257
11735,mp-757290,-1.4283468992643222
11736,mp-505465,-1.6396678047222224
11737,mp-558478,-3.3605707022656257
11738,mp-557293,-2.532890937395833
11739,mp-4895,-1.020022562500003
11740,mp-34196,-2.1545874526785784
11741,mp-1256,-0.6217118166666668
11742,mp-976289,-0.17391273534482643
11743,mp-773502,-1.9651984965357143
11744,mp-29567,-0.3480832180468756
11745,mp-30744,-0.29572519249999374
11746,mp-9567,-0.8334507839999983
11747,mp-542618,-0.8878050201893938
11748,mp-976599,-0.1713641147916647
11749,mp-505685,-2.0594984877192988
11750,mp-1474,-0.41948465420067904
11751,mp-29946,-1.1352323524999997
11752,mp-698686,-2.587061672853448
11753,mp-558318,-3.141671946583334
11754,mp-772749,-3.0086793875886526
11755,mp-30167,-1.1720779405357138
11756,mp-1018899,-1.067659837222216
11757,mp-4824,-0.5186196659920638
11758,mp-975059,0.39020528801724197
11759,mp-676629,-4.237734716724137
11760,mp-772416,-2.8937209244312165
11761,mp-2389,-0.08056051249999996
11762,mp-31442,-0.41734936333333295
11763,mp-19871,-0.06558400666666368
11764,mp-21518,-0.19824427166667036
11765,mp-505179,-1.1671957610676391
11766,mp-555933,-2.520906898087027
11767,mp-19015,-2.191792862
11768,mp-496,-0.4077188266666691
11769,mp-676339,-3.206231359222223
11770,mp-849424,-2.021118499986772
11771,mp-10337,-1.4644986619444431
11772,mp-3534,-0.3244990214814807
11773,mp-34121,-0.9160421270833323
11774,mp-756400,-2.4087150612499983
11775,mp-614,-0.8870194621264366
11776,mp-977565,-0.6113937993750005
11777,mp-34903,-0.2975691823214275
11778,mp-2910,-3.643606586625
11779,mp-38194,-4.1579698800000005
11780,mp-676260,-0.21606099541666524
11781,mp-16163,-3.224797653750008
11782,mp-33363,-2.082547178333333
11783,mp-7977,-2.8901769961637926
11784,mp-7823,-0.7650217131785715
11785,mp-29966,-0.8300672125000007
11786,mp-972244,-0.544842446250005
11787,mp-4202,-3.4481509325
11788,mp-972981,0.0066706912500000826
11789,mp-631418,1.083333463749999
11790,mp-8772,-0.21951619653846202
11791,mp-734045,-1.1271999780528843
11792,mp-17281,-1.7416102649489804
11793,mp-23758,-0.41780548531250145
11794,mp-696989,-1.0531193267513046
11795,mp-755245,-2.1652150261394554
11796,mp-677725,-3.099192539956897
11797,mp-640889,-0.6185059496428664
11798,mp-9989,-0.6155329043749997
11799,mp-30178,-0.23502832538461751
11800,mp-551,-0.1988477183333348
11801,mp-770690,-1.8933586610459785
11802,mp-657,-0.4481397633333349
11803,mp-23400,-1.0392341193589745
11804,mp-11265,-0.6761169016666694
11805,mp-972495,0.042649132500003795
11806,mp-973203,0.6029967083333361
11807,mp-21420,-0.46743199267240954
11808,mp-696762,-1.9088771843043153
11809,mp-861961,-0.7726216583333265
11810,mp-510050,-0.6349174563487213
11811,mp-849511,-2.458837664
11812,mp-510688,-0.7000273674999965
11813,mp-28360,-1.9004327519137916
11814,mp-28352,-1.0050284899999984
11815,mp-975519,0.016627212499999988
11816,mp-880,0.05646118140350908
11817,mp-1570,-0.04823108999999922
11818,mp-32758,-0.17780315189236262
11819,mp-836,-0.38520334750000274
11820,mp-978546,-0.5718203600000002
11821,mp-722941,-1.2750927507407401
11822,mp-862656,-0.45782841633333077
11823,mp-1018080,0.38314022000000136
11824,mp-775372,-0.9012772259523807
11825,mp-558568,-2.3123908303124994
11826,mp-555273,-2.79844017925
11827,mp-607464,-1.3030490850000005
11828,mp-541609,-0.7146666109999991
11829,mp-30295,-1.2543251941999995
11830,mp-23101,-2.3316806425000007
11831,mp-31466,-0.7638296814583327
11832,mp-22936,-1.7151271862500002
11833,mp-761780,-2.329995071139455
11834,mp-31095,-0.6912688439999982
11835,mp-844,-0.95972068425
11836,mp-677080,-3.286606347055556
11837,mp-1018012,-0.46164263208333356
11838,mp-10115,-0.7561679475000034
11839,mp-622295,-2.470794032555419
11840,mp-16520,-0.3235409957499996
11841,mp-559154,-2.964461737843135
11842,mp-998306,-1.2356752629310344
11843,mp-34713,-2.142108493016459
11844,mp-6825,-1.3770119799999994
11845,mp-23263,-2.4230428037499996
11846,mp-674423,-3.3301326493084584
11847,mp-674320,-3.85047666372222
11848,mp-22050,-0.24624997642856833
11849,mp-555283,-0.6714042128125
11850,mp-556516,-0.5051163721296342
11851,mp-1018683,-1.7907374760416654
11852,mp-554947,-2.904036032697045
11853,mp-573891,-0.6632701742442101
11854,mp-27181,-1.3184720687083331
11855,mp-685120,-0.9808548856874992
11856,mp-601210,-1.064891435729167
11857,mp-770973,-2.2238593883045987
11858,mp-768082,-2.1540904944472903
11859,mp-763013,-2.2867649691666663
11860,mp-24181,-2.52574934764586
11861,mp-760075,-3.3306641347619044
11862,mp-972784,-0.10735772187499748
11863,mp-866108,-0.228935456250003
11864,mp-630511,-2.524452869285714
11865,mp-23513,-1.6069293082777776
11866,mp-864970,-0.4397754923706927
11867,mp-6844,-3.035673169734375
11868,mp-779332,-2.0615454663888886
11869,mp-766349,-1.90361912125
11870,mp-866286,-0.05989392374999625
11871,mp-754678,-3.269091094466667
11872,mp-28592,-1.7897225231944445
11873,mp-766287,-1.8466824102777781
11874,mp-4718,-3.6734060133055557
11875,mp-4974,-3.9093342250000003
11876,mp-780194,-2.4590370227561222
11877,mp-770859,-1.1736277855747126
11878,mp-557679,-2.906399697347702
11879,mp-865119,-0.44250345166666705
11880,mp-541894,-0.5652514478333337
11881,mp-2136,-1.7517375019999981
11882,mp-21876,-2.1527793374252875
11883,mp-571306,-0.762747582991071
11884,mp-605912,-1.7088157409090912
11885,mp-504341,-2.3586504169747893
11886,mp-510133,-0.7035048541836731
11887,mp-771890,-1.896590105530302
11888,mp-850292,-1.8294740279471549
11889,mp-768963,-2.803982781428572
11890,mp-774609,-2.909459797539378
11891,mp-720110,-0.8159322773095242
11892,mp-680095,-0.8249396784999997
11893,mp-770187,-1.9378918397222218
11894,mp-29274,-2.1675195982539748
11895,mp-394,-0.26003228499999764
11896,mp-622497,-2.5180412296874994
11897,mp-14921,-2.4186114185801624
11898,mp-996162,-0.5044639887500004
11899,mp-753800,-3.281016781500001
11900,mp-18786,-3.066876938958334
11901,mp-631392,0.8307348362499987
11902,mp-3582,-0.22850933124999956
11903,mp-6730,-2.3870389072727276
11904,mp-771643,-1.8456268005555556
11905,mp-553993,-3.2261988037500005
11906,mp-1888,-0.19171812109374997
11907,mp-3466,-3.6558483263333286
11908,mp-680551,-0.4148245488888883
11909,mp-2223,-0.533046275833336
11910,mp-567320,-1.5389605090624987
11911,mp-570213,-0.3967839427777771
11912,mp-13772,-3.0807718174019603
11913,mp-631387,0.624334065952373
11914,mp-30782,-0.07009129706896558
11915,mp-11290,-0.4068444087499974
11916,mp-27265,-0.39398405555555704
11917,mp-768995,-2.689175556346154
11918,mp-9690,-0.40727522600000016
11919,mp-642735,-0.3860368942857149
11920,mp-1813,-0.029599811842105226
11921,mp-31324,-0.3694191194444431
11922,mp-979283,0.15853135999999957
11923,mp-542514,-2.3061196877450962
11924,mp-684006,-0.8055488385185176
11925,mp-28843,-0.45936764750000103
11926,mp-975031,-0.19162351474999967
11927,mp-799,-1.3000977307142787
11928,mp-23276,-1.116882109895832
11929,mp-556216,-0.8954015220000002
11930,mp-1016831,-0.6086466195000014
11931,mp-765612,-2.351263315000001
11932,mp-556989,-0.9617217564062501
11933,mp-555865,-3.973205283117523
11934,mp-865152,-0.8262178712499981
11935,mp-16452,-2.150266564722222
11936,mp-569158,-0.38684203965277675
11937,mp-754138,-2.960836056580458
11938,mp-562480,-0.7929937014743587
11939,mp-776687,-2.9923550983333334
11940,mp-779274,-1.8904087113936778
11941,mp-864878,-0.5944482862499996
11942,mp-771899,-1.9554192382857158
11943,mp-770653,-2.7322904244642863
11944,mp-765807,-2.5126361870175455
11945,mp-673798,-1.5091499223500002
11946,mp-20841,-2.5373599260000006
11947,mp-561392,-1.8034290224999994
11948,mp-556666,-2.518472316875001
11949,mp-18854,-2.7544835214285714
11950,mp-715,-0.8118388666666666
11951,mp-777294,-1.8314688134558832
11952,mp-541361,-1.1916019331999999
11953,mp-752573,-0.11960239467980317
11954,mp-573721,-0.44384068886206907
11955,mp-33335,-3.342973633571429
11956,mp-770840,-2.382188713690477
11957,mp-17926,-0.7275767780000016
11958,mp-761711,-2.563966185740742
11959,mp-31114,-3.6034106277499967
11960,mp-631455,0.45931817625000093
11961,mp-774354,-2.9768776727119253
11962,mp-998866,2.756672782499999
11963,mp-771391,-1.8045864504022997
11964,mp-543029,-1.6704027793333354
11965,mp-12453,-1.59167361328125
11966,mp-696136,-2.4051747701047623
11967,mp-10930,-3.3194060780555534
11968,mp-28597,-0.9619168955229878
11969,mp-13520,-0.2016916575000005
11970,mp-679991,-0.7950673230681815
11971,mp-763923,-1.8056958083333337
11972,mp-753775,-1.8753826600000003
11973,mp-772159,-2.4595506060344836
11974,mp-759838,-2.4989351436282154
11975,mp-779692,-2.9240007255555556
11976,mp-10779,-1.9616475124218749
11977,mp-2245,-1.317403839285715
11978,mp-561511,-0.6136610383333334
11979,mp-770551,-2.571571564324713
11980,mp-15750,-2.5911020619774434
11981,mp-849514,-2.3920220577891538
11982,mp-755089,-3.7856474933333324
11983,mp-705896,-2.1089558975000005
11984,mp-4016,-0.884713492395834
11985,mp-555155,-3.1877457886003446
11986,mp-764747,-2.0403302691666667
11987,mp-1009823,0.1202282555555551
11988,mp-18911,-2.685813710238095
11989,mp-758291,-2.4236402232142846
11990,mp-3527,-1.2584329259674287
11991,mp-770256,-2.747634232301588
11992,mp-695890,-2.814538871857144
11993,mp-773864,-2.7383046797222224
11994,mp-774951,-2.224417566221265
11995,mp-12804,-0.7269177783333353
11996,mp-571033,-0.23667956953124936
11997,mp-8557,-3.5639530949999996
11998,mp-763508,-1.944289697222222
11999,mp-801,0.0017573587499981613
12000,mp-961720,-0.35496427249999957
12001,mp-570232,-2.7228311179166655
12002,mp-770861,-2.0858896202192985
12003,mp-6430,-3.0263639822499995
12004,mp-1018696,-0.4186062400000061
12005,mp-4710,-1.6638419441666685
12006,mp-695119,-3.1419010291890395
12007,mp-756473,-1.2897035304166664
12008,mp-825,-1.4576618983333336
12009,mp-770358,-2.5749101732407405
12010,mp-30377,-0.6577966733333321
12011,mp-782656,-1.924051140833333
12012,mp-30709,-0.2915072250000007
12013,mp-567743,-1.1362900842592591
12014,mp-14209,-0.71909869611111
12015,mp-560394,-1.5124836922499996
12016,mp-4123,-1.7345488670833258
12017,mp-29078,-0.45071571055555876
12018,mp-28922,-1.4065820833333333
12019,mp-10136,-0.8309063155000004
12020,mp-547017,-2.214197438484848
12021,mp-3653,-2.223938991666667
12022,mp-567386,-0.8909655517752237
12023,mp-17297,-2.984145067528733
12024,mp-1018066,-0.2899011212499989
12025,mp-781013,-2.531050579113756
12026,mp-8756,-1.3636545726423612
12027,mp-558456,-0.8228290309895853
12028,mp-756953,-2.132147201081169
12029,mp-570421,-0.6220480778571442
12030,mp-1018030,-2.5109184831250007
12031,mp-30980,-3.1157407509698274
12032,mp-569435,-0.6792951815598215
12033,mp-697734,-2.296009982420636
12034,mp-989523,-2.7978368703879353
12035,mp-12862,-3.7497382423333385
12036,mp-642350,-2.8694165569900796
12037,mp-19504,-2.2868378326923082
12038,mp-764685,-2.9586070105555557
12039,mp-977367,-0.3637516374999983
12040,mp-23784,-0.7770612101496651
12041,mp-1014261,-0.9976624199999998
12042,mp-631517,0.8494060525
12043,mp-753202,-2.766077881190476
12044,mp-780156,-2.481358991978654
12045,mp-680676,-1.6546727699298227
12046,mp-2293,-0.9463613767726287
12047,mp-976829,0.30646282086206966
12048,mp-769280,-3.403675276013889
12049,mp-17836,-3.436739420555556
12050,mp-4539,-0.4841251949999986
12051,mp-505701,-2.026037591682189
12052,mp-752643,-3.0985687240065665
12053,mp-6914,-0.5294938375000005
12054,mp-755260,-2.3513789547826085
12055,mp-22009,-0.5994639245312499
12056,mp-770768,-2.1228218764635356
12057,mp-699575,-2.45051476425
12058,mp-999391,0.029579722500001182
12059,mp-23870,-0.292902834375
12060,mp-754853,-3.8209380630000025
12061,mp-770756,-2.600851788397435
12062,mp-752514,-1.9797080733333334
12063,mp-13546,-3.034714023409089
12064,mp-971,-1.2338780364999995
12065,mp-30469,0.015296066666669125
12066,mp-626483,-1.4413631250625003
12067,mp-760468,-2.714751318833334
12068,mp-1627,-0.773987577687501
12069,mp-1008921,0.9419105625000004
12070,mp-14665,-2.549136384770833
12071,mp-12351,-1.1508422116666672
12072,mp-30517,-0.5149543454999929
12073,mp-7798,-0.7609367862499994
12074,mp-973088,-0.13822636374999853
12075,mp-756850,-3.7067063276666667
12076,mp-1008987,0.5762525875000044
12077,mp-19913,-0.7858189174338632
12078,mp-555606,-2.7118220811083744
12079,mp-27506,-1.6937122276249974
12080,mp-763619,-2.7025742974242424
12081,mp-782725,-2.3006820218103443
12082,mp-559826,-1.5825632872395659
12083,mp-999124,-0.9520247300000015
12084,mp-765457,-3.005856138752874
12085,mp-7582,-0.645768988333332
12086,mp-567830,-0.311007634500001
12087,mp-542239,-0.21440217940734208
12088,mp-4809,-0.8266191467857169
12089,mp-22619,-0.40791869115079277
12090,mp-27138,-1.4833867177857134
12091,mp-12693,-0.4018375999999992
12092,mp-1019604,-2.2214619402571842
12093,mp-989405,-1.701866446931034
12094,mp-850230,-2.2917420620689652
12095,mp-17985,-0.8428128884615376
12096,mp-554955,-3.113979509375
12097,mp-755040,-0.7870267010000006
12098,mp-13595,-3.5954726594444413
12099,mp-554342,-3.3112881585802465
12100,mp-676338,-2.271007043333332
12101,mp-554240,-3.1461210066987833
12102,mp-571502,-0.7212689352777788
12103,mp-10694,-4.2961077549999995
12104,mp-558514,-3.4226719002499997
12105,mp-669465,-0.510099275740741
12106,mp-23104,-1.806417634999999
12107,mp-862376,-0.25305230875000007
12108,mp-27996,-1.2136292437239593
12109,mp-972326,-0.1270222250000046
12110,mp-768738,-2.4193781186111116
12111,mp-5178,-1.042791715
12112,mp-568788,-0.359068421607143
12113,mp-759396,-2.4389068123730158
12114,mp-974457,0.7954111712500005
12115,mp-4651,-3.551662291666667
12116,mp-11928,-0.18597026738126204
12117,mp-15050,-1.9313930109523787
12118,mp-978016,-0.7881116212500014
12119,mp-10584,-2.4420123233333335
12120,mp-865606,-1.1697527580610627
12121,mp-754114,-3.706797714285714
12122,mp-10368,-0.6121159002455366
12123,mp-19922,-0.8154162347222199
12124,mp-2885,-1.0718062082692303
12125,mp-978094,0.04588215187500211
12126,mp-767063,-2.3693726329761904
12127,mp-7522,-1.7656734374999985
12128,mp-735545,-1.1754731170454547
12129,mp-17566,-1.0102398348412531
12130,mp-11274,-0.5927108225
12131,mp-31288,-0.7972106355555622
12132,mp-19388,-1.9536336480769232
12133,mp-989191,-2.008557448333333
12134,mp-770645,-2.4515144214444438
12135,mp-559182,-2.2882330389285714
12136,mp-675651,-1.0524099444285717
12137,mp-625957,-2.350788297282051
12138,mp-20679,0.030779726000000097
12139,mp-771944,-2.8779853297058824
12140,mp-764702,-2.266538991515151
12141,mp-680493,-0.2248624437109381
12142,mp-22724,-4.17622066444444
12143,mp-754964,-3.8683268416666663
12144,mp-22467,-1.779286491428569
12145,mp-4374,-1.4823808451041696
12146,mp-676512,-3.375202601413791
12147,mp-17208,-2.569991883671717
12148,mp-545525,-2.395962666666667
12149,mp-5514,-0.7364028166666662
12150,mp-768314,-2.2484778776041665
12151,mp-645326,-0.7034518745000007
12152,mp-22955,-1.3850467486666673
12153,mp-989637,-0.6977909885000088
12154,mp-571222,-2.0466015773275856
12155,mp-766437,-3.4057396201041668
12156,mp-5135,-0.5528992799999983
12157,mp-30452,-0.6681538472222233
12158,mp-28698,-1.5663748583908041
12159,mp-761614,-1.9263108036904768
12160,mp-20214,-0.38719763624999715
12161,mp-7567,-2.8727340616666646
12162,mp-755915,-2.5885888815
12163,mp-697769,-2.4452802037394963
12164,mp-3951,-1.437793791666667
12165,mp-1786,-0.3864838037500036
12166,mp-779083,-2.340042725833333
12167,mp-1016846,-2.4732249276666662
12168,mp-768216,-2.2818161846924596
12169,mp-759242,-0.8083889823245615
12170,mp-3271,-0.591599556999995
12171,mp-770322,-2.2323441077777773
12172,mp-761486,-2.456173770425169
12173,mp-3336,-3.0924083945000005
12174,mp-16721,-0.47079037250000155
12175,mp-19741,-0.22633729000000002
12176,mp-30534,-0.7918317589880957
12177,mp-540735,-1.9703121910344836
12178,mp-546684,-1.0282253014687506
12179,mp-756007,-2.063703354955357
12180,mp-36029,-1.5471338804166659
12181,mp-1008881,-0.23817251541666687
12182,mp-772640,-2.158982824166666
12183,mp-752933,-1.7013134638888887
12184,mp-775199,-2.360086020180625
12185,mp-973612,-0.15973149285714175
12186,mp-690548,-2.114691025493295
12187,mp-16652,-0.7660357466666653
12188,mp-972272,-0.8127059820981941
12189,mp-989537,-2.7872100329310348
12190,mp-780432,-3.6148509698749995
12191,mp-643004,-0.4854727908333339
12192,mp-630403,-2.717583835603449
12193,mp-570552,-0.8267243815384608
12194,mp-977380,-0.45912025833333203
12195,mp-770401,-2.297922147857142
12196,mp-639910,-0.32017464545454416
12197,mp-28204,-1.3765666798670892
12198,mp-636773,-0.7911978185714277
12199,mp-17922,-3.213395772435064
12200,mp-555721,-1.101783966666666
12201,mp-569981,-0.4702801531249978
12202,mp-1074,-0.0056133243749996176
12203,mp-849479,-2.201462566254789
12204,mp-763425,-2.8497295144195407
12205,mp-11017,-1.0192064038409088
12206,mp-20766,-0.5825387099999967
12207,mp-12455,-1.5914102926562528
12208,mp-542888,-1.793557752847222
12209,mp-1013548,-1.1643704449999988
12210,mp-531572,-2.7934028167532468
12211,mp-763349,-3.006311021013957
12212,mp-10386,-1.8297312059062527
12213,mp-35612,-3.4987343729166605
12214,mp-762142,-1.6453128883333332
12215,mp-542388,-0.3552935335416674
12216,mp-699213,-2.3729552664422053
12217,mp-8946,-0.7129788381249984
12218,mp-865037,-0.16235838458333252
12219,mp-6452,-3.1872932938888883
12220,mp-568478,-1.6096289076543215
12221,mp-1019584,-3.4282547425000005
12222,mp-321,-0.1032052349999996
12223,mp-30710,-0.2669348096491362
12224,mp-776437,-3.15594301551852
12225,mp-973878,-0.6556221152777731
12226,mp-570266,-0.2366616540697681
12227,mp-973599,0.2767366762499961
12228,mp-558533,-3.358458938653845
12229,mp-756637,-2.8192558111111117
12230,mp-561102,-1.7779738328333337
12231,mp-768280,-3.2751939564444474
12232,mp-505306,-2.6704880995454485
12233,mp-560773,-2.0297732275732763
12234,mp-11392,-0.8556266887500001
12235,mp-9321,-2.2083305614285718
12236,mp-4870,-2.292747814523806
12237,mp-35596,-1.5910412692857139
12238,mp-1019362,-1.0436866038888841
12239,mp-1707,-0.49230489428571544
12240,mp-12697,-0.21872186014588763
12241,mp-772441,-2.874989288653846
12242,mp-9776,-0.6936264977777759
12243,mp-559962,-3.2310520672222216
12244,mp-18977,-3.0296963500000005
12245,mp-28156,-2.5227358235632145
12246,mp-722937,-0.8587921201785714
12247,mp-978926,-2.458910103
12248,mp-755175,-3.3446507790000006
12249,mp-780529,-2.463984302103948
12250,mp-775967,-2.5351077367125066
12251,mp-30876,-0.3986453800000014
12252,mp-29562,-1.374369412962963
12253,mp-20998,-0.4745876444444421
12254,mp-23421,-1.928012280520834
12255,mp-567424,-0.44796718553333364
12256,mp-753123,-2.5637564166666666
12257,mp-12960,-1.0076061520833335
12258,mp-771025,-2.476656507243774
12259,mp-15590,-3.2992598445454537
12260,mp-9298,-1.4770214385714238
12261,mp-567545,-0.25756445429545366
12262,mp-546190,-0.3552246256666656
12263,mp-553966,-1.2319827396666674
12264,mp-673678,-2.271091594259259
12265,mp-707441,-0.7572200554166665
12266,mp-9230,-2.218596720204545
12267,mp-641661,-0.7856104336607144
12268,mp-753287,-2.344317947499999
12269,mp-5541,-0.8084054849999992
12270,mp-991652,-0.45333379958333353
12271,mp-849459,-2.286155341944444
12272,mp-861982,-0.3840419224999998
12273,mp-811,-0.4732087883333331
12274,mp-770546,-2.6417730659542977
12275,mp-541687,-1.2697086423258905
12276,mp-11288,-0.505499445000001
12277,mp-974049,-0.44363435749999525
12278,mp-758007,-2.56185141986453
12279,mp-3040,-0.47091663750000023
12280,mp-707391,-1.338558848045038
12281,mp-864630,-0.24106537895833502
12282,mp-20673,-0.14495584884615306
12283,mp-18645,-0.6666346156060576
12284,mp-557741,-3.0142126382843153
12285,mp-774246,-2.9708392769999996
12286,mp-8818,-0.8489588860000019
12287,mp-567698,-1.2629454575977
12288,mp-23434,-1.6874217595454548
12289,mp-1020164,-2.639629860135152
12290,mp-766256,-4.018697117750002
12291,mp-766870,-1.8520812633103456
12292,mp-861881,-0.320622574583334
12293,mp-18990,-2.9541109004967154
12294,mp-569451,-0.4460737638095252
12295,mp-558702,-2.987412474850575
12296,mp-1009264,-0.0250450450000006
12297,mp-653559,-0.14693162173363086
12298,mp-667294,-0.9817310710504197
12299,mp-554140,-1.095917878809524
12300,mp-754341,-3.0190757344444443
12301,mp-757715,-2.189612262416668
12302,mp-777559,-2.7988084388888885
12303,mp-22888,-2.4024016400000003
12304,mp-643047,-0.548545262058825
12305,mp-2797,-0.192909463333334
12306,mp-504644,-3.940443139124999
12307,mp-4602,-3.775055662045453
12308,mp-21949,-1.4675466465937488
12309,mp-7753,-0.47724602249999126
12310,mp-973874,-0.21867996166666614
12311,mp-600052,-3.256982102333334
12312,mp-631381,0.8489538203125022
12313,mp-364,-1.1774866100000008
12314,mp-863880,-1.969763134583334
12315,mp-773111,-2.8519379410000005
12316,mp-542681,-0.19183802874999856
12317,mp-5605,-0.3922253086666679
12318,mp-865521,-1.5928441254166668
12319,mp-5920,-0.29135345944444485
12320,mp-18969,-1.7893422520000002
12321,mp-866143,-0.791811782083327
12322,mp-18540,-1.4244893306723467
12323,mp-9605,-0.9066892843750018
12324,mp-764720,-2.2783447819696963
12325,mp-753691,-2.514923455
12326,mp-772290,-1.2544819891666645
12327,mp-779074,-2.48377749553161
12328,mp-776658,-2.812731088124999
12329,mp-4813,-0.4310752874999997
12330,mp-556108,-3.435843894166666
12331,mp-19986,-0.7173294697222197
12332,mp-780402,-3.6708344981060606
12333,mp-26467,-2.188822850782312
12334,mp-763575,-2.425933910797102
12335,mp-559210,-2.5155755975000003
12336,mp-973592,-2.281445611666665
12337,mp-572797,-2.484288005478925
12338,mp-556979,-1.5614509135221668
12339,mp-28724,-0.8524399124999995
12340,mp-699261,-0.40340938100000096
12341,mp-8978,-0.9110458324137944
12342,mp-9360,-3.2316843445238086
12343,mp-23358,-0.6404687011363667
12344,mp-12723,-0.8549962350000015
12345,mp-25943,-2.412108247996031
12346,mp-3967,-0.9619318771264377
12347,mp-773501,-2.367837964410919
12348,mp-650715,-3.2511851854166665
12349,mp-863736,-0.599672680546874
12350,mp-13042,-3.16318817761024
12351,mp-1006367,-1.9404976124023428
12352,mp-764496,-1.3914733189724138
12353,mp-18168,-2.2251071018537405
12354,mp-1019892,-3.1058550605333335
12355,mp-778072,-4.281651369230769
12356,mp-675769,-0.970558108583333
12357,mp-569687,-0.4964587480859395
12358,mp-680247,-0.7986029282775966
12359,mp-3551,-1.1283760591666665
12360,mp-777766,-2.717148923125
12361,mp-572598,-1.071860271034482
12362,mp-694917,-1.7119071172660092
12363,mp-1001914,-0.23374328041666637
12364,mp-567456,-0.5554404000000019
12365,mp-560412,-2.367866973685065
12366,mp-758059,-1.889409310416666
12367,mp-730972,-1.5143223183229815
12368,mp-21105,-0.5752348329166684
12369,mp-560345,-0.8271290193308697
12370,mp-684970,-0.06074282107291538
12371,mp-1359,-0.5196179799999996
12372,mp-2413,-0.2354365924999975
12373,mp-27478,-3.639110510344826
12374,mp-34656,0.2512322040000029
12375,mp-1500,-2.329565223749999
12376,mp-11373,-0.7322708927777816
12377,mp-12521,-0.4453941308333296
12378,mp-23398,-2.0549925302083327
12379,mp-989554,-0.8285514331465521
12380,mp-974589,0.10701953843749834
12381,mp-24333,-1.3539336259090904
12382,mp-771523,-2.2436480015476192
12383,mp-754191,-3.628609801785715
12384,mp-17113,-2.5424544218181806
12385,mp-29783,-0.06188175974026068
12386,mp-972733,0.9085927355208332
12387,mp-568954,-1.5846004424088538
12388,mp-1639,-1.335625025625001
12389,mp-306,-2.798056310000001
12390,mp-5069,-0.6453606667931041
12391,mp-604120,-1.3893422497619052
12392,mp-775931,-1.0793916033333333
12393,mp-28952,-1.4070624454166658
12394,mp-777427,-2.260707690864121
12395,mp-30274,-3.2181859641666706
12396,mp-558186,-4.320807935178572
12397,mp-19973,-0.5843099109999997
12398,mp-10692,-0.04929230500000159
12399,mp-978284,-2.492951431529146
12400,mp-641923,-1.609659967145594
12401,mp-5052,-2.632716396666666
12402,mp-1714,-0.39563509333333374
12403,mp-756376,-2.7600177984999994
12404,mp-1006057,-0.627015536666665
12405,mp-763291,-2.6034209455555537
12406,mp-11478,0.07330951395833196
12407,mp-772609,-2.8553027550000007
12408,mp-755061,-1.867687607916667
12409,mp-974865,0.07200533062499659
12410,mp-1020141,-3.128102243397567
12411,mp-568006,-0.04388731694444322
12412,mp-22060,-0.049218507500000896
12413,mp-774832,-2.368056011801802
12414,mp-782650,-2.5370716525500074
12415,mp-687227,-1.7377157054174224
12416,mp-30253,-0.3274520617391313
12417,mp-756188,-1.1505724860416668
12418,mp-91,0.0
12419,mp-21922,-1.5566956183333327
12420,mp-5082,-0.9034067991666662
12421,mp-5072,-1.3036228095000024
12422,mp-2541,-0.3795178041666709
12423,mp-37108,-2.3894211058928567
12424,mp-755231,-1.7506827875
12425,mp-21153,-0.9507154766666671
12426,mp-975797,0.03131227708333384
12427,mp-768305,-3.5832566657142846
12428,mp-569698,-0.7897201106250016
12429,mp-8957,-2.3189860562936246
12430,mp-625415,-2.2404450850595237
12431,mp-977568,-0.7525815912500029
12432,mp-864786,-1.2305554850000036
12433,mp-8762,-2.974195047499999
12434,mp-2642,-0.053040937500000496
12435,mp-999059,-0.23803798604166726
12436,mp-12465,-0.2408379449999984
12437,mp-775994,-2.705528002440477
12438,mp-4291,-0.6816522129999975
12439,mp-580480,-0.09864002954401369
12440,mp-569408,-0.38639210245000155
12441,mp-1008277,0.021477920624999314
12442,mp-6548,-3.4317584649705886
12443,mp-8468,-0.7787556689999974
12444,mp-865090,-0.37077214687499804
12445,mp-758868,-2.066411199390757
12446,mp-510376,-0.7999052124999991
12447,mp-13363,-0.5393093812499998
12448,mp-569220,-0.3625904699999983
12449,mp-977057,-0.6121987159375024
12450,mp-770456,-2.7981477254444447
12451,mp-624190,-0.7325704929999993
12452,mp-541459,-2.5031605782053576
12453,mp-779959,-1.4924672886666674
12454,mp-972036,-0.17412528520833703
12455,mp-572778,-1.212095436222222
12456,mp-558924,-3.0081883517907526
12457,mp-753277,-2.1444550299999996
12458,mp-560425,-2.770848755416667
12459,mp-8597,-0.6114847759375017
12460,mp-2490,-0.5089161339880963
12461,mp-631511,1.1010910863888863
12462,mp-15079,-3.0813404697102014
12463,mp-753098,-2.255026315833333
12464,mp-31462,-1.048739989583332
12465,mp-30758,-0.22759561291666808
12466,mp-989569,-2.7602246036379308
12467,mp-41191,-2.9911054675050175
12468,mp-705547,-1.5472384212500003
12469,mp-600124,-0.42720125149425076
12470,mp-634381,-2.1396662922727283
12471,mp-756348,-1.064458409333333
12472,mp-619064,-2.6750331186997123
12473,mp-626552,-1.3750569087037041
12474,mp-32581,-1.7168151456666692
12475,mp-766393,-3.2271573211904765
12476,mp-979234,0.015621406250001968
12477,mp-882,-0.9049613478571418
12478,mp-735529,-1.4802033755102042
12479,mp-976322,-0.4531038717857143
12480,mp-30877,-0.43185497166666664
12481,mp-1018276,-0.6256983574999992
12482,mp-571065,-1.6200290795833339
12483,mp-780876,-2.4516761436538466
12484,mp-15986,-0.614225619857136
12485,mp-753662,-2.2641565777857147
12486,mp-22873,-1.1517597175000063
12487,mp-35082,-0.3000357454687501
12488,mp-1008554,-0.2053023699999983
12489,mp-7332,-0.6451083537301585
12490,mp-17709,-2.4832764844073267
12491,mp-691065,-3.3339334718846154
12492,mp-8635,0.05698213499999838
12493,mp-18610,-3.33473847279297
12494,mp-1976,-0.4233528520000007
12495,mp-973266,-0.23351387624999376
12496,mp-669498,-1.0284502179666666
12497,mp-974270,0.18017311008620673
12498,mp-13230,-3.581396522174999
12499,mp-849520,-2.205320383095239
12500,mp-984765,-0.6485357441666664
12501,mp-640899,-0.16053126277777746
12502,mp-20811,-0.36763038916666463
12503,mp-1009471,-0.6064196293750008
12504,mp-10348,-3.4718164693333335
12505,mp-30150,0.022808687916666532
12506,mp-756469,-3.9891021426666655
12507,mp-3839,-0.34634194499999893
12508,mp-21348,-3.332704743233333
12509,mp-775774,-1.024969332333334
12510,mp-20234,-0.6243764976388917
12511,mp-850999,-1.627743441551724
12512,mp-569819,-0.37607980100000304
12513,mp-974842,-0.9506921764499993
12514,mp-669528,-2.9976558471798023
12515,mp-3869,-0.7850072811666664
12516,mp-21182,-1.3783924581904756
12517,mp-1013643,-1.0954498841702276
12518,mp-760122,-2.490447211904762
12519,mp-985592,-1.3205996093956036
12520,mp-759933,-2.46593096
12521,mp-753418,-3.5474047607142856
12522,mp-16287,-0.38563433850000167
12523,mp-560993,-3.36388194125
12524,mp-684679,-1.781462497368421
12525,mp-1007637,-0.23584965781249867
12526,mp-561246,-2.874237976666667
12527,mp-1111,-0.4622086853017251
12528,mp-780891,-1.4552337754166669
12529,mp-973882,-1.0348469633333295
12530,mp-571547,-0.08118413875000385
12531,mp-3414,-2.3583007792708326
12532,mp-34361,-0.4617681937500011
12533,mp-978991,0.00019328233333245257
12534,mp-691121,-2.829717449461208
12535,mp-662702,-0.7784586035632183
12536,mp-983590,-0.2089872612499999
12537,mp-980426,-0.3530098674999991
12538,mp-1019778,-2.740575714364087
12539,mp-20665,-0.4037538055555577
12540,mp-21154,-0.484959264032567
12541,mp-764900,-2.852132954166667
12542,mp-567093,-0.7965373470000031
12543,mp-573321,-0.4341094154166658
12544,mp-22596,-0.47579510999999897
12545,mp-979412,0.5333312310937544
12546,mp-770591,-2.45768740671456
12547,mp-1018120,-0.403847810000002
12548,mp-738624,-2.036556515675465
12549,mp-570026,-0.6395661188888858
12550,mp-300,-1.1841537337500014
12551,mp-13486,-0.07606693571428837
12552,mp-5083,-0.4746958719999981
12553,mp-977454,-0.1595791131250035
12554,mp-5840,-3.3446211433333337
12555,mp-973191,-0.08676243916666948
12556,mp-984718,-0.03250946729166593
12557,mp-11749,-1.0288475744444459
12558,mp-18869,-1.8774378464890304
12559,mp-1018671,-0.4590528758333316
12560,mp-775763,-2.475551670500001
12561,mp-21137,-2.5511062242857094
12562,mp-561400,-3.3786296058697314
12563,mp-10487,-0.5151359468749983
12564,mp-21007,-1.0669256066666688
12565,mp-765894,-3.150763854047619
12566,mp-36248,-0.6035011666666671
12567,mp-997015,-0.949919777499999
12568,mp-864651,-0.2834853049166739
12569,mp-673875,-0.6507516049999994
12570,mp-1558,-0.6347363066666626
12571,mp-866660,-0.8266830439132649
12572,mp-562667,-0.32104420071428613
12573,mp-10504,-0.45070334208333307
12574,mp-29549,-0.04542289437728842
12575,mp-556702,-3.9065406926190485
12576,mp-780409,-3.7910096510000018
12577,mp-554681,-0.9624981687276772
12578,mp-755480,-1.089603731583333
12579,mp-771828,-3.8228543089393927
12580,mp-552663,-2.3729057689393938
12581,mp-680754,-0.4362295249999993
12582,mp-1019317,-0.472480345000001
12583,mp-567818,-0.7867808980000006
12584,mp-978845,0.03470705499999838
12585,mp-675770,-3.8465635374999976
12586,mp-1018757,-0.6088025016666686
12587,mp-37879,-1.9534841299479169
12588,mp-684605,-0.07142315354166452
12589,mp-759185,-2.4938976826058195
12590,mp-5189,-2.456086594583332
12591,mp-9972,-0.8982283075000002
12592,mp-974869,1.181301844375
12593,mp-38950,-3.8713124704545447
12594,mp-573810,-0.896093119285719
12595,mp-540022,-2.420213610428982
12596,mp-752501,-2.5046636636904758
12597,mp-866661,-1.1801322363154745
12598,mp-31229,-0.6806069840504989
12599,mp-1018018,0.8740515875000003
12600,mp-763020,-2.4184687095833333
12601,mp-1019552,-1.3673601376119406
12602,mp-21141,-0.07974541000000031
12603,mp-768262,-3.0291522611538464
12604,mp-20725,-1.299647031666666
12605,mp-27445,-1.726457208250001
12606,mp-22759,-0.36355844083333483
12607,mp-772797,-2.805604998088624
12608,mp-974795,0.9002192085416667
12609,mp-7117,-1.2763071180729177
12610,mp-2210,-0.10770546000000003
12611,mp-1016827,-2.040783233
12612,mp-31328,-0.39147296364942363
12613,mp-10164,-0.7916758093031633
12614,mp-560853,-1.7088464075
12615,mp-557538,-3.391320483380811
12616,mp-757073,-2.258967747435897
12617,mp-10059,-0.4814104566666657
12618,mp-560127,-2.893873149714559
12619,mp-19818,-0.5313133199999968
12620,mp-561385,-2.378653411500001
12621,mp-753917,-3.949675898125001
12622,mp-554749,-2.2309965758150176
12623,mp-14694,-2.6319602378896096
12624,mp-6305,-2.43424595955303
12625,mp-31098,-0.6808678347222165
12626,mp-695800,-2.145890091767857
12627,mp-30535,-0.14474939476190501
12628,mp-29824,-1.292993156428572
12629,mp-978009,0.9914836774999998
12630,mp-769347,-2.2581497655
12631,mp-30555,-0.3452401712083333
12632,mp-772835,-2.7532859430535708
12633,mp-7824,-2.765007686333329
12634,mp-1830,-0.7611560177083341
12635,mp-23257,-1.9687017228333323
12636,mp-995218,-0.46082918227272723
12637,mp-21030,-0.3164347549999995
12638,mp-866635,-0.5553603618750002
12639,mp-547125,-2.386140228333333
12640,mp-17761,-2.7499819453333334
12641,mp-768678,-1.86761311837963
12642,mp-10509,-3.1631007070833332
12643,mp-985304,-0.8912465507142845
12644,mp-758006,-3.4185206346428565
12645,mp-779729,-2.997387182713922
12646,mp-625803,-1.399946179074074
12647,mp-19007,-2.605111105580362
12648,mp-972471,0.02880782624999867
12649,mp-557824,-1.0531737527272726
12650,mp-10293,0.08324176999999959
12651,mp-672335,-0.21088979444444433
12652,mp-775699,-2.246898491071428
12653,mp-768326,-1.9256553197413793
12654,mp-569343,-0.13964566574074094
12655,mp-569112,-0.79806856849138
12656,mp-510709,-1.9533655586250007
12657,mp-7365,-0.5201371719999998
12658,mp-12798,-0.06934552749999945
12659,mp-29363,-0.399427311547619
12660,mp-560900,-2.2397824692857142
12661,mp-19336,-2.794713231293103
12662,mp-28541,-2.47238531729322
12663,mp-28591,-0.45893090049319846
12664,mp-979258,-0.37233478812500476
12665,mp-7061,-1.9602675537500005
12666,mp-12644,-3.5062734356666665
12667,mp-767192,-2.4095407774206348
12668,mp-975634,-0.8132582723333328
12669,mp-756235,-2.0205625391666655
12670,mp-30227,-1.7850599683333295
12671,mp-1332,-0.39896058062500117
12672,mp-763345,-2.610939604861112
12673,mp-754154,-2.9701320699137916
12674,mp-27625,-0.24274853920634915
12675,mp-999507,0.14740680103448156
12676,mp-977593,-0.17863062303728228
12677,mp-541338,-3.1085158391071426
12678,mp-778857,-2.4377196438544058
12679,mp-6118,-2.6209999849450543
12680,mp-21601,-0.43810382512820484
12681,mp-771199,-2.2386753125
12682,mp-18220,-3.2104819657142865
12683,mp-7769,-2.296756592062496
12684,mp-24154,-0.24444091916666602
12685,mp-557290,-2.837391060306514
12686,mp-618991,-0.19259980177083355
12687,mp-571554,-0.43996794416666685
12688,mp-22423,-2.0185196569444446
12689,mp-20878,-1.4597880307812456
12690,mp-1014138,-0.4689561225000016
12691,mp-752424,-2.32739635
12692,mp-24044,-1.3809526421428566
12693,mp-766348,-1.9114852262500002
12694,mp-769592,-2.3681121399062146
12695,mp-1002165,1.2717912837499998
12696,mp-549475,-2.3453893289583334
12697,mp-3018,-0.6136462312931001
12698,mp-759183,-0.5305159769666687
12699,mp-532789,-2.7075753735000005
12700,mp-979,-0.6315271295833327
12701,mp-571021,-0.20637432663691055
12702,mp-8958,-1.8875352234375002
12703,mp-865829,-0.6976692708333339
12704,mp-863076,-2.452395296666667
12705,mp-759324,-1.4524341318181844
12706,mp-776825,-4.2966667828333325
12707,mp-24367,-1.4308106942761587
12708,mp-14285,-0.5062888728174618
12709,mp-1018112,-0.42864501333333277
12710,mp-758708,-2.329954492083334
12711,mp-16475,-1.0662746819047615
12712,mp-753973,-2.4719130052380938
12713,mp-18164,-2.3020574767410693
12714,mp-621667,-0.26552841999999827
12715,mp-1008223,-2.057931684531251
12716,mp-5594,-3.6074472677272733
12717,mp-6754,-0.5216586322222234
12718,mp-999195,0.49698666500000144
12719,mp-961688,-0.12463609916666603
12720,mp-8753,-0.47685704692176906
12721,mp-974408,0.13042409875000516
12722,mp-4886,-2.610852319374999
12723,mp-23029,-1.149382419568967
12724,mp-1979,-0.934256288750003
12725,mp-17583,-2.9726201365740743
12726,mp-12052,-1.08963017547619
12727,mp-556399,-1.5441004226449284
12728,mp-1008835,0.6011552450000011
12729,mp-849498,-2.46936863569294
12730,mp-557236,-1.5153921097067904
12731,mp-1272,0.08198951375000263
12732,mp-29802,-0.39853352384615337
12733,mp-505473,-0.2796808976666666
12734,mp-545788,-1.101147053571429
12735,mp-9576,-0.9315635736093739
12736,mp-30381,-0.5520458008333335
12737,mp-554216,-1.017656257038264
12738,mp-972600,-2.3427030044999997
12739,mp-561449,-1.9364986549999987
12740,mp-29895,-1.177800070535715
12741,mp-7882,-0.39788748266666507
12742,mp-769635,-2.431138037083333
12743,mp-779864,-2.380003211499999
12744,mp-704546,-1.889608905579937
12745,mp-643896,-1.936473975350575
12746,mp-759897,-1.433233207
12747,mp-865930,-0.16664676833333303
12748,mp-864610,-0.24542743249999965
12749,mp-770715,-2.1403160822222214
12750,mp-642660,-0.35411876140624976
12751,mp-761191,-2.148807061139455
12752,mp-555679,-3.572212831417619
12753,mp-7462,-0.9150800489062522
12754,mp-530449,-2.7017292075274724
12755,mp-35746,-2.367620389107143
12756,mp-27981,-2.722459591249997
12757,mp-25305,-3.288295090606061
12758,mp-676673,-0.9024959865948272
12759,mp-865954,-0.493070855833329
12760,mp-568148,-0.22007836430555608
12761,mp-397,-0.07931555205356793
12762,mp-505508,-1.8035545981818188
12763,mp-754165,-3.101253307500001
12764,mp-766134,-1.470366598965517
12765,mp-975386,-2.2855517028333323
12766,mp-770757,-1.7825754367569786
12767,mp-662499,-2.2756107364999996
12768,mp-23252,-1.0216895014285683
12769,mp-755027,-1.9634221921212112
12770,mp-1018154,-0.16096500583334242
12771,mp-555418,-1.8184624147413802
12772,mp-754991,-1.697361469642857
12773,mp-756198,-1.3937451576011488
12774,mp-998945,-0.32921405666666637
12775,mp-767722,-2.475534951678572
12776,mp-976768,0.11308827279102074
12777,mp-861912,-0.5718645084999991
12778,mp-29199,-0.4678778888888881
12779,mp-707981,-2.2445706185648153
12780,mp-28781,-4.102966585614034
12781,mp-556639,-3.5693227419444455
12782,mp-28025,-1.8106627110937499
12783,mp-23376,-0.8985914744270834
12784,mp-669566,-0.1580016599999965
12785,mp-573751,-1.5018705693518521
12786,mp-510549,-0.47971511256249855
12787,mp-20952,-0.5575641111111113
12788,mp-715333,-1.4938531443333327
12789,mp-706664,-0.09131279569293552
12790,mp-585265,-2.5070827384589944
12791,mp-554144,-3.00102770188434
12792,mp-999303,0.8940091675000001
12793,mp-778450,-3.8012802165000004
12794,mp-697664,-2.4573899388630958
12795,mp-28103,-1.4967659770454533
12796,mp-762258,-2.042354028517242
12797,mp-3664,-1.6994534939583228
12798,mp-30003,-1.3132958118749993
12799,mp-605694,-1.6161034292857142
12800,mp-694999,-2.6621157371346476
12801,mp-1001789,0.5319193412499992
12802,mp-557955,-3.2611050679166675
12803,mp-778224,-3.1927279503846155
12804,mp-979040,-0.45383418499999983
12805,mp-389,-0.5076454225000013
12806,mp-12100,-0.8401067873333347
12807,mp-2554,-0.34389383499999937
12808,mp-768223,-2.6696664807183894
12809,mp-3828,-3.446832076428573
12810,mp-1006058,-2.500243828124999
12811,mp-760637,-2.4894074511471858
12812,mp-29661,-0.7208357750000015
12813,mp-1013542,0.5483129252499964
12814,mp-22191,-0.5437543827777773
12815,mp-1875,-2.3856405559523806
12816,mp-31179,-0.43020847500000825
12817,mp-13138,0.03600903500000108
12818,mp-971836,-0.21680480749999909
12819,mp-11269,-0.6468947850000021
12820,mp-15335,-2.66516158287037
12821,mp-1018106,-1.1583775999999943
12822,mp-30186,-0.02236149788461498
12823,mp-6753,-3.1062948443181835
12824,mp-6560,-2.1804538019499993
12825,mp-760372,-3.1373285167535747
12826,mp-2826,-2.3540432403541645
12827,mp-12754,-1.3307742925000028
12828,mp-554801,-3.358495275357143
12829,mp-1936,-0.6207010699166702
12830,mp-961715,0.08038587666666785
12831,mp-759868,-2.417695669446428
12832,mp-764852,-2.7331317320000013
12833,mp-1143,-3.4265510080000006
12834,mp-867821,-0.2781261841321836
12835,mp-560600,-2.2227957343318967
12836,mp-768146,-2.6040750947834557
12837,mp-5238,-0.6988556876562484
12838,mp-4311,-0.57311995222222
12839,mp-625993,-1.2473711710897435
12840,mp-780326,-0.9003699402777777
12841,mp-567978,-1.3472140602721083
12842,mp-2337,-0.2883624733333363
12843,mp-626973,-2.0572135710000006
12844,mp-30410,-0.30084203985221947
12845,mp-1013716,-0.30899205749999903
12846,mp-556521,-1.5711815611414797
12847,mp-6077,-2.595811925000001
12848,mp-540258,-2.7071938612885145
12849,mp-6281,-2.569328564216301
12850,mp-8281,-0.6148313770000012
12851,mp-10359,-0.20570242576923192
12852,mp-17945,-0.6950755164006699
12853,mp-23004,-2.3137142609310333
12854,mp-6150,-3.1170131843103444
12855,mp-9849,-0.6452046758134907
12856,mp-23137,-2.807868593
12857,mp-24423,-1.5656061120833336
12858,mp-28205,-2.1438856779597706
12859,mp-542974,-1.3470285206096924
12860,mp-8720,-0.9253761412528732
12861,mp-20467,-0.5973231562500019
12862,mp-760678,-2.134631861086956
12863,mp-631540,0.7392054047569445
12864,mp-542342,-0.5914715650000026
12865,mp-24204,-1.2402758937499996
12866,mp-3923,-1.6092589417887904
12867,mp-773709,-1.6336328550000008
12868,mp-8057,-3.382133738125
12869,mp-557855,-2.9093757377380953
12870,mp-554702,-3.5769702910919654
12871,mp-1008785,-1.269603159999999
12872,mp-567517,-0.8298932031481456
12873,mp-9427,-3.09300787369682
12874,mp-24505,-1.8962507174825782
12875,mp-17734,-3.0980380930555547
12876,mp-541291,-0.5316900180911323
12877,mp-20264,-0.4520032953333256
12878,mp-972051,-0.8552422512500009
12879,mp-9812,-1.8220147500000032
12880,mp-699398,-2.464583263065134
12881,mp-23420,-0.14323075772486768
12882,mp-642938,-1.7136991641250006
12883,mp-5767,-3.5031726218849193
12884,mp-777674,-2.7768152547222216
12885,mp-5403,-2.751183317222221
12886,mp-762830,-2.5966803917569785
12887,mp-22447,-0.8616835692857148
12888,mp-975524,0.2829932687499994
12889,mp-11344,-3.039014093333332
12890,mp-756276,-3.9022447458333325
12891,mp-631503,0.6839344733333377
12892,mp-697819,-1.557358493829366
12893,mp-27632,-1.732833139944442
12894,mp-504908,-1.8210491622222225
12895,mp-755619,-2.31086287538961
12896,mp-777668,-2.3840465376190485
12897,mp-17928,-1.7678313220238075
12898,mp-976147,0.06234438958333044
12899,mp-18291,-1.0412142549999923
12900,mp-867907,-0.3491347209374993
12901,mp-971794,-0.048872288749997495
12902,mp-770501,-1.9310502390784783
12903,mp-866145,-0.6923002337500019
12904,mp-541347,-2.227598457142857
12905,mp-778949,-2.2907889164136908
12906,mp-971704,-1.0387559968333329
12907,mp-8398,-3.2051721310000003
12908,mp-10901,-0.8123409159999995
12909,mp-771658,-1.560249456344086
12910,mp-865948,-0.6564465847916665
12911,mp-770682,-2.8217274283333333
12912,mp-11991,-0.3493562529999991
12913,mp-30300,-1.8080240271450312
12914,mp-17435,-0.7132539106666665
12915,mp-557001,-1.7764599128571423
12916,mp-9793,-2.5330216927083335
12917,mp-3388,-0.6487017259999973
12918,mp-541742,-1.806563863140401
12919,mp-581510,-0.1894796537500015
12920,mp-695511,-2.7223261674712638
12921,mp-773646,-1.542294598963746
12922,mp-866306,-2.3756840785714255
12923,mp-778261,-2.603736668707923
12924,mp-29711,-0.4442273073333354
12925,mp-15547,-2.9019726802507835
12926,mp-30317,-0.7242594735625012
12927,mp-773843,-3.0100033491071434
12928,mp-20133,-0.7268201395833316
12929,mp-766938,-2.863510178936667
12930,mp-1019520,-1.1658191938461537
12931,mp-669913,-0.5826696159999983
12932,mp-29114,-0.7123313006597224
12933,mp-606393,-1.4951964894999996
12934,mp-622183,-1.8822782033928576
12935,mp-764732,-1.9952798455423277
12936,mp-541940,-0.3164155433843136
12937,mp-2044,-0.4000251991249968
12938,mp-17273,-1.7708586570238103
12939,mp-753387,-2.181224332051282
12940,mp-560631,-3.3367184715681804
12941,mp-972493,-0.10887526375000078
12942,mp-27773,-1.0038188044791667
12943,mp-9783,-2.69028426346154
12944,mp-2359,-0.6934569879166664
12945,mp-770111,-2.384711510277779
12946,mp-5219,-0.8096149389999994
12947,mp-6316,-3.2568876767187493
12948,mp-3810,-1.4652984519444456
12949,mp-20354,-0.19143227597701204
12950,mp-23415,-0.41113109366666833
12951,mp-1934,-0.22010558833333338
12952,mp-978853,-0.7354772099999991
12953,mp-31056,-1.2032626767499948
12954,mp-754613,-2.7908241253452375
12955,mp-16290,-0.058996034999999836
12956,mp-31069,-1.955903735838509
12957,mp-1753,-1.6089177412500035
12958,mp-753920,-3.424111036468753
12959,mp-556719,-3.142049877188889
12960,mp-780116,-2.437057929865901
12961,mp-706937,-0.09547188131250053
12962,mp-27810,-0.4972544994999993
12963,mp-651706,-0.5428240700396829
12964,mp-569843,-1.1689032793103447
12965,mp-10970,-3.3216714470833324
12966,mp-555990,-3.4604932965624986
12967,mp-30701,-0.4776797743181824
12968,mp-766204,-0.813687522868304
12969,mp-2833,-0.5027453372916616
12970,mp-14052,-3.0761638941666662
12971,mp-17914,-2.5061078379166672
12972,mp-13189,-1.9331891623611106
12973,mp-5410,-0.41249696555555576
12974,mp-971868,-0.29311965958333364
12975,mp-14363,-2.107650687604167
12976,mp-777675,-2.4134885929999994
12977,mp-682592,-2.0566343799545455
12978,mp-10783,-1.958008406796873
12979,mp-961702,-0.6554997416666666
12980,mp-16699,-2.8079940589473678
12981,mp-20303,-0.38711745861110813
12982,mp-779789,-2.461447549533046
12983,mp-504894,-1.4504067746671203
12984,mp-29755,-3.287025233125
12985,mp-554959,-2.53295952226923
12986,mp-771388,-2.378073908221675
12987,mp-568090,-0.499579253666667
12988,mp-14304,-2.1775994683333346
12989,mp-781605,-1.281894722916667
12990,mp-4913,-0.5508422770833326
12991,mp-631324,0.9451384967001957
12992,mp-555117,-1.6776170099469512
12993,mp-673655,-0.08899128591517881
12994,mp-997026,-0.3642197712499997
12995,mp-1018074,-0.2094627368749995
12996,mp-14235,-2.987542761153846
12997,mp-560223,-1.8502787283494306
12998,mp-8453,-1.267481359626436
12999,mp-754472,-2.754892171249999
13000,mp-554245,-2.836238154444444
13001,mp-768176,-3.663232986222223
13002,mp-769627,-2.4182089285515858
13003,mp-554822,-2.4691884924117407
13004,mp-504554,-3.4392174414305714
13005,mp-17446,-2.904775849907403
13006,mp-29722,-1.0550112200793644
13007,mp-22574,-0.03884156432291519
13008,mp-542001,-4.057076625333333
13009,mp-864979,-0.4573141765000003
13010,mp-17466,-0.5229888684374941
13011,mp-559847,-0.5435259819146813
13012,mp-7770,-0.6637263550000003
13013,mp-769584,-2.1713481635412006
13014,mp-999543,0.10298715301724126
13015,mp-866211,-0.4473487133333336
13016,mp-1791,-0.8065616792857132
13017,mp-23666,-0.8468233933823538
13018,mp-28870,-1.9682671207738087
13019,mp-7228,-1.8952337825
13020,mp-977058,-2.262327972583333
13021,mp-10026,-1.3886115333333322
13022,mp-569179,-0.0448035874999988
13023,mp-22646,-0.5518911749999992
13024,mp-23714,-0.6475795799999998
13025,mp-19004,-2.262595125512822
13026,mp-6785,-3.4067525365227267
13027,mp-644226,-1.9342404862500004
13028,mp-561118,-0.9621595995312511
13029,mp-867214,-0.6863176874999981
13030,mp-776666,-2.345040502996033
13031,mp-1683,-1.2367712330468734
13032,mp-570073,-0.5378453337499991
13033,mp-510519,-2.452017968076925
13034,mp-867145,-0.30585662770833055
13035,mp-39025,-3.0430055962499987
13036,mp-21853,-0.6791978299999997
13037,mp-556179,-1.8436584364285713
13038,mp-6017,-2.547104268577879
13039,mp-572805,-1.1533296693711914
13040,mp-3637,-4.213851241666669
13041,mp-754979,-3.823918631500001
13042,mp-39033,-2.2427333723214287
13043,mp-39440,-2.2980209892931045
13044,mp-27482,-0.2422765042158779
13045,mp-21288,-0.8702524289999986
13046,mp-540538,-0.1785989771428567
13047,mp-571054,-0.4246698184722233
13048,mp-3933,-1.1050986107738094
13049,mp-707209,-1.4132110031178151
13050,mp-759878,-1.4250445516304346
13051,mp-754043,-3.2138105145114944
13052,mp-672657,-0.4634178191379286
13053,mp-656852,-3.3799830548095233
13054,mp-977462,-0.5182462562500021
13055,mp-780125,-2.269456707750626
13056,mp-558377,-0.9984446332183915
13057,mp-10137,-0.5388751508333343
13058,mp-14432,-0.6000934802724356
13059,mp-761,-0.10422689500000122
13060,mp-554061,-0.7980574005862067
13061,mp-22146,-0.5678094987499982
13062,mp-770892,-2.4709413063775503
13063,mp-697242,-0.5176573329166674
13064,mp-12015,-1.3466760185104163
13065,mp-29693,-1.7646815031944432
13066,mp-753670,-1.4074287516666655
13067,mp-862786,-0.38625132874999935
13068,mp-773144,-2.0308391884913797
13069,mp-962058,-1.42997215078125
13070,mp-8380,-3.0335081523000005
13071,mp-28894,-0.9124753752380936
13072,mp-28375,-3.156674795755555
13073,mp-530316,-3.778288352239583
13074,mp-975537,-0.5983264660416676
13075,mp-770843,-2.439380242499999
13076,mp-777489,-2.7273645499999994
13077,mp-1886,-0.24286273416667203
13078,mp-676598,-1.4401613519166676
13079,mp-17534,-0.7696419219999981
13080,mp-8930,-0.3862871339000023
13081,mp-14988,-1.5815121528437497
13082,mp-570548,-1.5167694559318552
13083,mp-849441,-2.484277875219494
13084,mp-779989,-3.1141810901879703
13085,mp-1783,-1.1284442586476295
13086,mp-29488,-1.646966730551723
13087,mp-583034,-3.681598229999999
13088,mp-28044,-2.7041743725000003
13089,mp-570646,-1.7839826624999975
13090,mp-775023,-1.848115953690476
13091,mp-28194,-1.6874739169999995
13092,mp-540703,-1.1924383484374985
13093,mp-571103,-0.7572661774107097
13094,mp-679936,-1.3261386313636363
13095,mp-983555,-0.9481179916666633
13096,mp-2126,-0.8170649650000037
13097,mp-973334,0.12335570384343875
13098,mp-983539,0.08000512375000035
13099,mp-10918,0.03857711899999998
13100,mp-15789,-2.0943470574999994
13101,mp-764448,-3.002144623333333
13102,mp-715493,-2.3149378331818182
13103,mp-779909,-2.7617760994444445
13104,mp-425,-0.5044596326666735
13105,mp-770489,-2.585449242446429
13106,mp-753000,-1.8940249213649416
13107,mp-600023,-3.2499778350000006
13108,mp-768288,-1.0951951899999994
13109,mp-27187,-3.197294497916668
13110,mp-5126,-1.8630929675
13111,mp-625465,-2.248796895535715
13112,mp-19457,-2.3545739860526314
13113,mp-761602,-1.7788276150000002
13114,mp-1009495,1.3784618174999999
13115,mp-23419,-1.5793643677272733
13116,mp-756457,-3.553419810833333
13117,mp-27169,-3.2917089908640365
13118,mp-776754,-2.741191453589744
13119,mp-30361,-0.02323496076922993
13120,mp-1670,-0.34620159896551694
13121,mp-43188,-2.9502841303485763
13122,mp-996987,-1.428987384583333
13123,mp-30724,-0.3014614618750002
13124,mp-13516,-3.2530346718333343
13125,mp-7590,0.0963263660119047
13126,mp-982065,0.0524474958333343
13127,mp-14383,-2.4659948005491072
13128,mp-684470,-2.524975561662088
13129,mp-753148,-1.9447213370666663
13130,mp-776439,-3.9244067180000024
13131,mp-20995,-1.2277851425000026
13132,mp-1053,-0.31473455874999745
13133,mp-21419,-0.0051965222222207785
13134,mp-696806,-1.5853079077777776
13135,mp-737,-0.7687204044444419
13136,mp-28135,-1.974830837307692
13137,mp-720874,-1.437808316217533
13138,mp-10804,-3.336481226377771
13139,mp-632810,-0.553292990714286
13140,mp-760131,-2.250475525151515
13141,mp-3108,-1.1660696873333307
13142,mp-771579,-2.2195856033333325
13143,mp-2955,-3.4881816627758617
13144,mp-21568,-3.0056475477777775
13145,mp-30713,-0.23626001684210363
13146,mp-22420,-1.2306512961111113
13147,mp-715553,-2.408770690000002
13148,mp-27577,-0.2525068795833351
13149,mp-504355,-2.3838350972689075
13150,mp-11025,-0.3154251490674594
13151,mp-690515,-1.3808708900992641
13152,mp-769499,-3.116218820068027
13153,mp-541899,-1.5854788839310365
13154,mp-976809,0.021274810625000917
13155,mp-567638,-0.7071258774583331
13156,mp-38418,-3.7852587137878797
13157,mp-22216,-0.7435519546874986
13158,mp-762063,-1.063520374034483
13159,mp-505311,-2.2969254753125004
13160,mp-975972,-0.06327837708333384
13161,mp-650816,-2.7613227328571424
13162,mp-756557,-3.190923624637682
13163,mp-961722,-0.031065807777778787
13164,mp-1019379,-1.118875966562502
13165,mp-777418,-2.8897089895238097
13166,mp-3657,-0.692858332916666
13167,mp-8462,-0.3770147270000052
13168,mp-24303,-1.4702869926847288
13169,mp-772255,-1.9813016345952386
13170,mp-697126,-0.6745571992105263
13171,mp-19238,-1.021103145
13172,mp-1959,-3.4930670729166615
13173,mp-770539,-2.11622174888889
13174,mp-568411,-0.414885584999998
13175,mp-754629,-0.3619490715972265
13176,mp-11630,-0.5163146964102557
13177,mp-999392,0.3813421075000001
13178,mp-5318,-0.12620462847700983
13179,mp-754824,-2.98763705
13180,mp-667421,-2.374470917500001
13181,mp-675462,-0.6686127094642903
13182,mp-9257,-0.3723892709999973
13183,mp-11367,-0.46705707000000035
13184,mp-18924,-2.514771984545455
13185,mp-774462,-2.1733043222470245
13186,mp-753954,-1.0887429777777777
13187,mp-31817,-2.5678254176441104
13188,mp-780327,-2.395054243726653
13189,mp-976893,-0.07967309250000021
13190,mp-773588,-3.113346441923077
13191,mp-975793,-0.4354106804166662
13192,mp-27441,-0.9884635352573483
13193,mp-625733,-2.236058751250002
13194,mp-2404,-0.355376705
13195,mp-975788,-0.35406013437500095
13196,mp-771762,-2.6686687219999996
13197,mp-1939,-0.4802498100000001
13198,mp-14377,-2.7484462021354172
13199,mp-20393,-0.8109965143333284
13200,mp-675477,-0.4110424318028768
13201,mp-1019745,-3.194926496083334
13202,mp-27374,-0.6452812540624997
13203,mp-27853,-0.49206192654762454
13204,mp-1236,-0.2793208712499968
13205,mp-19735,-2.971538255714286
13206,mp-631422,0.5012402783333331
13207,mp-5861,-0.12041762759803773
13208,mp-764764,-2.1564604711661883
13209,mp-770549,-1.8111360502380944
13210,mp-748,-3.4253200408333333
13211,mp-1018660,-0.635787703333334
13212,mp-567714,-1.5768502490277776
13213,mp-567996,-0.670927836249998
13214,mp-29676,-0.5290145369999977
13215,mp-1841,-0.39439836250000404
13216,mp-30353,0.030191862916659318
13217,mp-625394,-2.236421412678574
13218,mp-779153,-1.7992792670574715
13219,mp-1337,-0.2718274400000003
13220,mp-4429,-3.4480482148333342
13221,mp-976581,-0.23325976062499976
13222,mp-778284,-2.135569647797619
13223,mp-754781,-1.7086473424999997
13224,mp-11069,-0.5185600477777794
13225,mp-5940,-0.5089958213888851
13226,mp-756098,-1.9370036458333335
13227,mp-765608,-1.9340690239737282
13228,mp-752581,-3.588416688928572
13229,mp-14445,-0.778767271000001
13230,mp-570863,-0.1301994374999973
13231,mp-1735,0.0961885433333336
13232,mp-8956,-2.3658326061874986
13233,mp-999517,-0.23715261442887936
13234,mp-707097,-2.009472192981745
13235,mp-620369,-0.4729132088571412
13236,mp-15144,-1.3533609229166657
13237,mp-772564,-1.2920359242857138
13238,mp-758780,-2.4880090768290044
13239,mp-2775,-0.25851097200000056
13240,mp-755576,-2.105964738
13241,mp-532604,-1.9584451959339082
13242,mp-556130,-1.5769260206249998
13243,mp-752658,-3.34754683646875
13244,mp-775755,-2.3897652540476195
13245,mp-13960,-3.371833870912698
13246,mp-5088,-3.074661041594829
13247,mp-16159,-3.2350893666666662
13248,mp-40886,-1.8228950749999995
13249,mp-559533,-2.1660297120817367
13250,mp-570141,-0.9895610867207784
13251,mp-31386,-0.8913679216666607
13252,mp-16107,-0.7998633038928581
13253,mp-695873,-1.6882031241309525
13254,mp-560453,-2.485199199545455
13255,mp-757360,-1.2133131114322921
13256,mp-973778,-0.542205618125005
13257,mp-697840,-3.2558050648999997
13258,mp-29358,-2.1460752499603166
13259,mp-555608,-3.0605678491533252
13260,mp-759198,-2.432139453888888
13261,mp-7171,-1.8442005289880967
13262,mp-6112,-0.4821906846527086
13263,mp-9928,-2.743159605
13264,mp-568779,-1.5933169142838561
13265,mp-532290,-3.7487960240789477
13266,mp-574426,-1.5674265444477367
13267,mp-27575,-2.204039929623656
13268,mp-8405,-1.0415158274999996
13269,mp-773180,-2.1387707932902305
13270,mp-17056,-2.543098923520408
13271,mp-558951,-2.5981025803333333
13272,mp-4139,-1.3016032421153843
13273,mp-569350,-1.0354080827777787
13274,mp-505334,-0.6244712793448286
13275,mp-1008805,0.4532272962499964
13276,mp-571648,-1.8395577881034475
13277,mp-973924,-0.016288469080459653
13278,mp-23060,-1.0705689321455931
13279,mp-9250,-1.33745662939236
13280,mp-756394,-1.2178497199074074
13281,mp-760812,-2.555571072
13282,mp-770755,-2.1916079457142863
13283,mp-988996,-0.1146069291666656
13284,mp-1020026,-2.8583268912500004
13285,mp-783902,-3.1628528553030293
13286,mp-20930,-1.482684894166666
13287,mp-997029,-0.9274780170833345
13288,mp-756811,-1.5221890935185185
13289,mp-315,-2.680342483333332
13290,mp-779455,-2.9663111137500002
13291,mp-36843,-1.774506774408867
13292,mp-31216,-0.12608137708333045
13293,mp-16523,-0.8575332243750005
13294,mp-764672,-2.2529962696124026
13295,mp-29252,-2.176588683749999
13296,mp-28291,-2.2517352193333338
13297,mp-560657,-2.851549956644737
13298,mp-554376,-3.9304483996969704
13299,mp-1019793,-2.990291902216837
13300,mp-772919,-3.384167442600001
13301,mp-556440,-3.250465469367347
13302,mp-774537,-2.9097706732703075
13303,mp-684944,-0.5834870459374997
13304,mp-27402,-1.641857242894088
13305,mp-752878,-1.822719407023809
13306,mp-722906,-1.9555081904561784
13307,mp-569848,-1.127843153333332
13308,mp-767620,-2.7520322165476188
13309,mp-1019578,-1.3107101750000003
13310,mp-559426,-3.829410627575757
13311,mp-504427,-3.1531934981818197
13312,mp-761098,-2.076267824955357
13313,mp-27167,-2.049539410833333
13314,mp-773137,-0.8566283662499975
13315,mp-865168,-0.2836857012499996
13316,mp-1263,-0.3538886249999962
13317,mp-764501,-1.5271764094023
13318,mp-552028,-3.275363665606061
13319,mp-31002,-0.8410566540476176
13320,mp-632296,-1.6923122631249998
13321,mp-676275,-3.2590589945652164
13322,mp-1017516,0.28762038642857135
13323,mp-1017508,-1.21342858833333
13324,mp-17030,-0.8667896613504463
13325,mp-20010,-0.7705650283333346
13326,mp-763212,-2.6121102265277774
13327,mp-4728,-0.48109025867187327
13328,mp-16608,-0.46815938425000353
13329,mp-76,0.044811709999999394
13330,mp-866500,-1.8847280529525854
13331,mp-754693,-2.224196386666668
13332,mp-11711,-3.1533606017499998
13333,mp-39689,-2.7749981045862073
13334,mp-764525,-2.2455331658914726
13335,mp-6745,-2.8888746765833337
13336,mp-19441,-3.16275681640625
13337,mp-620571,-0.7648142274999993
13338,mp-568792,-0.7604106922222198
13339,mp-510232,-0.1667876144736841
13340,mp-19865,-0.3868543779999989
13341,mp-3374,-2.769899473833338
13342,mp-3861,-0.9366198861410278
13343,mp-703589,-2.7656293784841273
13344,mp-24124,-2.2985199341666664
13345,mp-5114,-1.1376131837272718
13346,mp-643658,-2.6032802433115765
13347,mp-504997,-2.360119415624999
13348,mp-605835,-0.1757608395833324
13349,mp-8150,-0.6039184979999999
13350,mp-10964,-0.6153471305555532
13351,mp-767622,-2.942707110595239
13352,mp-766139,-3.1048375115151505
13353,mp-540904,-1.4919749593749954
13354,mp-768505,-3.219932291166676
13355,mp-540079,-2.173563474033613
13356,mp-24618,-1.6631965823684207
13357,mp-759742,-1.9265316571130953
13358,mp-768273,-2.5323098851249988
13359,mp-740752,-1.8619164310869574
13360,mp-541083,-0.9147417072436973
13361,mp-16504,-0.5457573399999992
13362,mp-972199,-2.1230140901562464
13363,mp-558867,-1.0108581582499998
13364,mp-6870,-3.171249255712963
13365,mp-767707,-2.534015127738095
13366,mp-568039,-1.389769591896551
13367,mp-769019,-1.6276508376190486
13368,mp-568848,-1.4300756045833343
13369,mp-556278,-2.1961755853234646
13370,mp-558672,-2.7107290464285714
13371,mp-505747,-0.7597676718055464
13372,mp-677105,-0.48073083867187333
13373,mp-677422,-2.6421141251666667
13374,mp-488,-0.18448107953125023
13375,mp-4383,-0.24419770045454536
13376,mp-558690,-2.629095416805555
13377,mp-557289,-1.589379307687074
13378,mp-6319,-3.5731866257053286
13379,mp-775218,-2.778881700170242
13380,mp-560431,-2.7542307718698993
13381,mp-626194,-2.2260940330357144
13382,mp-1018105,-0.20109428833333473
13383,mp-28920,-0.5995905414192766
13384,mp-892,-1.2273829374999998
13385,mp-13398,-0.6740550407931067
13386,mp-680680,-2.307923671470588
13387,mp-781606,-1.3161834387499987
13388,mp-29200,-1.2874416880624997
13389,mp-29637,-1.786828043357366
13390,mp-3370,-3.0055407672727275
13391,mp-4182,-0.7243781191666647
13392,mp-11603,-1.8742890240312486
13393,mp-752679,-3.6714355900000015
13394,mp-14526,-2.6806788688341534
13395,mp-18876,-1.1346952159791666
13396,mp-561083,-2.50099527015526
13397,mp-18741,-2.0906449558333335
13398,mp-339,-0.029890910287358945
13399,mp-553930,-1.977821851349205
13400,mp-10597,0.007668675000001457
13401,mp-31469,-0.37881899666666485
13402,mp-3785,-0.5782343447916678
13403,mp-30789,0.06876029333332667
13404,mp-29883,-2.0287701588888893
13405,mp-979910,-0.32207532249999815
13406,mp-758430,-2.175894123996598
13407,mp-779306,-2.4020306986111106
13408,mp-753493,-3.8070645327777757
13409,mp-13025,-0.8116259099999988
13410,mp-6850,-2.818625340625
13411,mp-5723,-0.6447182466666672
13412,mp-542286,-2.261358031568965
13413,mp-862902,-0.075224409791665
13414,mp-755478,-1.435096649000002
13415,mp-17031,-2.9350118049123366
13416,mp-22745,-0.19913828132352845
13417,mp-753195,-1.1403451566666658
13418,mp-708993,-1.5579971888328088
13419,mp-675372,-3.6655261121428575
13420,mp-684082,-2.471841808994709
13421,mp-21547,-0.525662634374998
13422,mp-542819,-0.5043458196059107
13423,mp-865426,-0.3085055631249993
13424,mp-4732,-0.36602410928571366
13425,mp-644129,-2.009573537439285
13426,mp-771967,-2.8222803687500004
13427,mp-23112,-1.3678546265384612
13428,mp-571566,-0.267694867291667
13429,mp-1981,-0.6078127850000025
13430,mp-850962,-2.3375294747435897
13431,mp-21556,-0.45540772083332726
13432,mp-24147,-0.6843335983333342
13433,mp-644499,-0.6557985140624938
13434,mp-772424,-2.600660130686275
13435,mp-540059,-2.1932737981501833
13436,mp-19974,-0.0500051566666618
13437,mp-973785,0.6616204649999986
13438,mp-30655,-0.40693582264455586
13439,mp-774326,-1.9949769272222215
13440,mp-779654,-2.5370330204568967
13441,mp-560905,-2.043282564353448
13442,mp-685151,-2.7258837691666664
13443,mp-974059,-0.4871983554166661
13444,mp-626701,-1.5556240300862072
13445,mp-8094,-0.3819936274999982
13446,mp-14704,-2.814071734342105
13447,mp-556741,-3.878322058181033
13448,mp-13986,-2.41726390796296
13449,mp-917,-0.13781926166666617
13450,mp-25907,-2.5015613258002642
13451,mp-2290,-0.6547733441666637
13452,mp-22992,-2.525455847777779
13453,mp-1014,-0.18506245612068759
13454,mp-21390,-1.575460973431713
13455,mp-28450,-2.7435226032783877
13456,mp-7050,-1.092194374227433
13457,mp-22376,-0.5871159113888906
13458,mp-24614,-1.5167706905000002
13459,mp-651358,-2.8653867155000006
13460,mp-23623,-2.5046800976960775
13461,mp-770155,-2.577923281018519
13462,mp-2091,-0.7769879830000008
13463,mp-707744,-1.332471049091954
13464,mp-24011,-1.517534396197919
13465,mp-22490,-0.7390669995454534
13466,mp-558320,-3.3418293934166674
13467,mp-15515,-3.827422233764368
13468,mp-766391,-2.3604421015555563
13469,mp-975347,-2.4914131235
13470,mp-19470,-2.235873041301814
13471,mp-19915,-0.5339774569047607
13472,mp-20337,-2.8432582789999996
13473,mp-571100,-1.3515019428304615
13474,mp-31510,-0.5334687008333328
13475,mp-568135,-2.1902169689008617
13476,mp-7634,0.06805578708333115
13477,mp-643735,-0.7800187838235293
13478,mp-766332,-1.8520868080555557
13479,mp-776758,-2.7025474928205133
13480,mp-30445,-0.19806794892857177
13481,mp-862338,-0.47142781999999883
13482,mp-553025,-2.3096565910000004
13483,mp-569628,-0.6086014691666654
13484,mp-752407,-3.0449622125757574
13485,mp-570196,-0.7697531511111132
13486,mp-28161,-0.7524559954747531
13487,mp-781050,-1.960649933833333
13488,mp-558298,-1.7547228409420301
13489,mp-655489,-1.1064241283948852
13490,mp-23706,-0.7152201090624999
13491,mp-568106,0.040276533657407014
13492,mp-30357,-0.21549619200000053
13493,mp-21415,-0.6887933803333347
13494,mp-556178,-2.9007185509615385
13495,mp-667192,-0.9446897181818188
13496,mp-763199,-2.8995819843773947
13497,mp-769617,-2.43104627875
13498,mp-531130,-1.595509662897437
13499,mp-20754,-0.5025035095833319
13500,mp-865446,-0.4664588239583338
13501,mp-1700,-1.658923009375
13502,mp-720835,-2.000697117500001
13503,mp-696,-0.6970136237499993
13504,mp-24007,-1.6138664942500012
13505,mp-772801,-2.823910251333335
13506,mp-770604,-1.5285604437681162
13507,mp-3312,-0.7764063577185952
13508,mp-862672,-0.4510595958333319
13509,mp-683887,-2.2543286640732756
13510,mp-997082,-1.1179759625
13511,mp-11257,-0.7833789100000015
13512,mp-8586,-2.83806099722222
13513,mp-621592,-0.8253234799999992
13514,mp-849277,-2.2039416365608466
13515,mp-20489,-2.1555505954999994
13516,mp-768357,-3.4855643166666663
13517,mp-1975,-2.152056234375003
13518,mp-21005,-0.5654277149999984
13519,mp-18429,-1.0530532973916664
13520,mp-11313,-0.1318945012499988
13521,mp-27915,-2.1003341254
13522,mp-698206,-2.685463896770834
13523,mp-765761,-2.4995482817857146
13524,mp-34140,-1.7215393114285718
13525,mp-6270,-2.741621015583333
13526,mp-756933,-2.679812909133335
13527,mp-29372,-0.5700115987500027
13528,mp-755470,-1.0297786963333337
13529,mp-862921,-0.7133583468750011
13530,mp-978304,0.3785099694166667
13531,mp-776912,-1.4559432211166665
13532,mp-27997,-0.6229662850000004
13533,mp-971648,-0.026956208988096364
13534,mp-173,-0.17369762541872039
13535,mp-705340,-2.700689597510822
13536,mp-972961,-0.7488205524999998
13537,mp-571586,-0.7865309495000019
13538,mp-2039,-0.16871010465517125
13539,mp-777902,-2.7628454728810903
13540,mp-11175,-0.9466399625680262
13541,mp-707536,-1.503727016995535
13542,mp-770700,-3.181542948888889
13543,mp-3417,-3.1073917524404684
13544,mp-1018129,-0.34950385999999867
13545,mp-18652,-2.934729701818182
13546,mp-778385,-1.8974658117089849
13547,mp-782009,-2.316049757553192
13548,mp-776074,-2.7199105163333344
13549,mp-8235,-0.6002561176904763
13550,mp-542697,-1.7147234467857138
13551,mp-997587,-3.6530011035000016
13552,mp-559733,-1.6155353171710531
13553,mp-557918,-1.9386508399772735
13554,mp-23810,-2.2556847329464285
13555,mp-28676,-1.8020372502777766
13556,mp-562230,-0.6583639963235299
13557,mp-28930,-0.046230124305555224
13558,mp-23386,-0.7331438765000006
13559,mp-976867,-0.2119319981250003
13560,mp-16044,-0.7111137390909102
13561,mp-766625,-2.2576385360606066
13562,mp-686077,-3.763499655766282
13563,mp-972551,0.3415145425000077
13564,mp-864936,-0.26884713573275754
13565,mp-1009817,-0.2469919686666664
13566,mp-19081,-2.0668095088218243
13567,mp-10015,-0.365352917500001
13568,mp-558163,-1.2490609332986107
13569,mp-766015,-2.178189461111111
13570,mp-636316,-0.46274743277777713
13571,mp-559734,-3.656574790277776
13572,mp-642650,-1.6169793359126985
13573,mp-675122,-1.2118808003065122
13574,mp-1019898,-3.4815946357738095
13575,mp-16793,-2.55806420488451
13576,mp-29154,-0.9353494219940472
13577,mp-6867,-2.7901680803214286
13578,mp-20859,-0.6997445091666687
13579,mp-554948,-1.8180829252298853
13580,mp-8939,-0.23204420777777715
13581,mp-15951,-3.550195442777778
13582,mp-556422,-1.7612624100000012
13583,mp-774456,-1.5059361446450623
13584,mp-763149,-3.012944771752875
13585,mp-774535,-2.9065197497408963
13586,mp-675778,-4.108302953637931
13587,mp-755549,-2.928488759074074
13588,mp-570060,-0.9482681177380934
13589,mp-569282,-1.0488384480158726
13590,mp-561242,-0.9553398292999986
13591,mp-755047,-2.5378969025000018
13592,mp-1017985,-0.0545299083333326
13593,mp-999308,0.9277737837499984
13594,mp-5177,-0.931271765555555
13595,mp-29370,-0.44440300307539715
13596,mp-850410,-2.4549253507623403
13597,mp-15567,-1.0610036631896556
13598,mp-774929,-2.0053055459478366
13599,mp-971753,0.26886964124999935
13600,mp-30845,-0.8953327887499993
13601,mp-504862,-2.4558551521666674
13602,mp-21489,-1.5548281758333313
13603,mp-2582,-0.5106771272222232
13604,mp-980044,-0.3550023016666657
13605,mp-675419,-1.9979524137499993
13606,mp-669427,-2.139787241020408
13607,mp-1937,-0.3156803687500016
13608,mp-976334,0.6144726837499999
13609,mp-561317,-2.7104777621428573
13610,mp-10558,-1.5386392615909095
13611,mp-30432,-0.24267193800000159
13612,mp-4823,0.04526563499999838
13613,mp-28734,-2.0929107613636386
13614,mp-2971,-0.1675912633333354
13615,mp-972831,-1.218534237
13616,mp-643930,-0.5753708314285737
13617,mp-770280,-2.4897973110526324
13618,mp-755373,-3.321142171041667
13619,mp-767392,-3.08095637197279
13620,mp-625184,-2.112952643
13621,mp-531358,-1.849146079396134
13622,mp-839,-0.0884064300000027
13623,mp-19492,-2.633280241263781
13624,mp-867524,-1.2863482407250004
13625,mp-554079,-0.4684156779545448
13626,mp-865187,-0.29181303875
13627,mp-759835,-0.5407859761111129
13628,mp-646297,-0.9186238248387106
13629,mp-756431,-1.8410391102083334
13630,mp-780396,-1.8802115394444447
13631,mp-29343,-2.044242344216309
13632,mp-556036,-3.484423909782609
13633,mp-555230,-3.136539828250014
13634,mp-1018715,0.02050699999999968
13635,mp-27649,-3.6382999549999995
13636,mp-865912,-0.4254346441666659
13637,mp-643718,-0.49133842500000036
13638,mp-8658,-1.2338506561260776
13639,mp-14659,-0.8468918267343755
13640,mp-743694,-2.815877459488507
13641,mp-640340,-0.21141954781250005
13642,mp-22089,-1.1898021400000003
13643,mp-569581,-0.24849025958332996
13644,mp-648984,-0.7573702562500018
13645,mp-7022,-0.48278809718750004
13646,mp-764234,-2.320507379621366
13647,mp-28289,-0.8366093862500001
13648,mp-13322,-0.6493432920833335
13649,mp-697317,-3.086774677487468
13650,mp-757407,-2.030181492962967
13651,mp-980005,-0.6750111106249932
13652,mp-30047,0.06053427666666443
13653,mp-477,-0.8062252700000011
13654,mp-9518,-1.996526119285714
13655,mp-753,-0.06144775499999966
13656,mp-850932,-2.515399914310345
13657,mp-617352,-0.8622523709090906
13658,mp-554896,-1.279725115263158
13659,mp-997043,-0.9572818112499988
13660,mp-510508,-1.8714568110714325
13661,mp-649177,-2.221343732387387
13662,mp-4955,-0.44793970249999937
13663,mp-555394,1.5161178562499995
13664,mp-721727,-1.5129850167968228
13665,mp-867722,-3.0551297022916657
13666,mp-554015,-1.0944346205754314
13667,mp-677372,-2.7019051650666666
13668,mp-1016853,-2.8312689610000006
13669,mp-5729,-0.5947807188888868
13670,mp-973142,-0.5437562837499996
13671,mp-8335,-3.4308147428571445
13672,mp-27829,-1.5341488074826382
13673,mp-769366,-3.3048701147727253
13674,mp-706,-1.4150614362500016
13675,mp-540231,-2.5513008229960317
13676,mp-559356,-0.5283551048214338
13677,mp-541021,-0.37738584130953867
13678,mp-980667,-1.690155245
13679,mp-2893,-1.1180705543333318
13680,mp-864921,-0.7444724137499978
13681,mp-778697,-2.9927692795028746
13682,mp-24574,-1.7186903814648442
13683,mp-541832,-1.7039017599999973
13684,mp-1009049,0.7889554699999953
13685,mp-42190,-3.3186769149212645
13686,mp-30069,-0.07411526916666666
13687,mp-977370,-2.0398507060000015
13688,mp-36252,-1.9139411526785588
13689,mp-510036,-2.3279811115986386
13690,mp-28931,-1.9287041801851847
13691,mp-757470,-2.108493468808756
13692,mp-754501,-1.676793532
13693,mp-12743,-0.14550110277777684
13694,mp-676881,-3.949980786052631
13695,mp-720222,-3.011939487468071
13696,mp-571469,-0.21752877804347817
13697,mp-32633,-1.9300734111580884
13698,mp-766823,-3.227670473333334
13699,mp-779519,-3.679772133235295
13700,mp-560170,-2.9447898500416665
13701,mp-22785,-0.5960465082471273
13702,mp-6386,-2.0446691275937496
13703,mp-30957,-2.984249975815019
13704,mp-3540,-2.224686791527778
13705,mp-865875,-0.1223453762499993
13706,mp-30604,-0.7493726575000004
13707,mp-755315,-1.6431717595238118
13708,mp-560339,-3.449158389210526
13709,mp-867871,-0.34320936499999943
13710,mp-2670,-0.22383726625000122
13711,mp-975784,0.0774129370833343
13712,mp-22780,-0.36466235958333293
13713,mp-2500,-0.24248409000000065
13714,mp-651961,-0.3897390581333343
13715,mp-29175,-0.9235060309374994
13716,mp-20328,-1.354177777767853
13717,mp-1018152,-0.9748493022222249
13718,mp-21486,-0.4574512033333349
13719,mp-862746,-0.2824419516666694
13720,mp-510293,-1.478446876371529
13721,mp-20357,-1.0156052453333289
13722,mp-1413,-0.6742735869841283
13723,mp-759433,-2.640571713888889
13724,mp-554736,-1.7863475401333335
13725,mp-974744,-0.29059854229166593
13726,mp-755716,-2.9253952253124984
13727,mp-13163,-0.6024623430555565
13728,mp-505166,-2.383931325833333
13729,mp-20937,-0.09858621249999829
13730,mp-19718,-0.610229415555556
13731,mp-10025,-0.3993699424999993
13732,mp-769074,-2.988804707133759
13733,mp-10755,-0.4316011877777785
13734,mp-974940,0.19588861062499996
13735,mp-541582,-0.46316581770832954
13736,mp-735063,-0.8917585372656252
13737,mp-758225,-1.566915397162162
13738,mp-29265,-2.620333949852941
13739,mp-696129,-1.232495127104761
13740,mp-560026,-3.102703516666667
13741,mp-12990,-0.6992181366666683
13742,mp-31517,-2.9089132899629724
13743,mp-976047,-0.2952527218750003
13744,mp-974411,0.0016607293749970609
13745,mp-755878,-1.703025735000001
13746,mp-29384,-1.8567255105833325
13747,mp-29075,-1.2283620403750048
13748,mp-542140,-0.5799663702561287
13749,mp-23238,-0.7386289999500051
13750,mp-865708,-0.20588268791666664
13751,mp-773003,-3.13462465018797
13752,mp-757021,-3.0375402743125006
13753,mp-9722,-0.548441215181993
13754,mp-770701,-2.8330511939215692
13755,mp-555524,-0.5527229432833577
13756,mp-1009018,0.05460940750000276
13757,mp-555034,-1.6698579990151514
13758,mp-504646,-0.5385584668124949
13759,mp-27684,-0.9325564547619065
13760,mp-541692,-0.38532035044642854
13761,mp-772826,-2.462361621735294
13762,mp-625909,-1.296789230454545
13763,mp-562102,-2.1151945690454537
13764,mp-28315,-1.8231425563636363
13765,mp-770736,-1.917676578259899
13766,mp-776315,-2.1899928880000017
13767,mp-27668,-0.11567534178571444
13768,mp-568730,0.10731525711537852
13769,mp-2698,-0.2465094700000018
13770,mp-104,0.0
13771,mp-560265,-2.6794761430000005
13772,mp-763507,-1.84043751404762
13773,mp-27499,-1.1895336203333344
13774,mp-22329,-2.7463008751379308
13775,mp-571662,-1.1343228148098219
13776,mp-558801,-2.4846971256568624
13777,mp-680760,-1.1048233824242397
13778,mp-6504,-2.5572573115
13779,mp-865482,-0.30462335125000095
13780,mp-16872,-2.6010948777450995
13781,mp-19854,-0.45809861277777486
13782,mp-19893,-1.8087626935000003
13783,mp-560874,-2.3478425315384617
13784,mp-775103,-2.9549167968750005
13785,mp-20838,-0.4676233791666675
13786,mp-690564,-2.5736195252528735
13787,mp-554503,-0.9621856408705359
13788,mp-27163,-0.34494137978515393
13789,mp-27600,-2.2233575910989005
13790,mp-3515,-0.5426937036666686
13791,mp-28607,-0.5540231669999969
13792,mp-770762,-2.9596819682000013
13793,mp-1018792,-1.8280156690972216
13794,mp-772790,-1.7534268015151575
13795,mp-18891,-2.6170857033333323
13796,mp-865529,-0.6409541466666662
13797,mp-30717,-0.2965187295833355
13798,mp-22997,-1.2335714633333295
13799,mp-14385,-3.315729301302055
13800,mp-5165,-0.9927285760000018
13801,mp-1013922,-2.5177527789370737
13802,mp-866030,-3.0712552640000004
13803,mp-759873,-1.803674388333333
13804,mp-707376,-2.973788747674105
13805,mp-5934,-0.6025564789999975
13806,mp-17750,-3.2120232428124993
13807,mp-1201,-0.38319984600000223
13808,mp-977411,-0.5747862971874937
13809,mp-571636,-1.1152362308333328
13810,mp-999377,-0.1554779447916701
13811,mp-9895,-0.5916200037857123
13812,mp-23541,-1.364866687156252
13813,mp-22010,-2.740915204962963
13814,mp-1019787,-2.645673866011193
13815,mp-29501,-0.708004894374999
13816,mp-12009,-0.27627158083333353
13817,mp-1009213,0.14908770275862082
13818,mp-758689,-2.6260621574999994
13819,mp-31292,-0.6733307311842102
13820,mp-765691,-2.439039253199234
13821,mp-770951,-1.8122294064449918
13822,mp-550,-0.11324264153846177
13823,mp-675800,-0.866250379186509
13824,mp-768486,-1.7760132201470589
13825,mp-1887,-0.5421201086507944
13826,mp-638086,-1.5514467606166658
13827,mp-782001,-3.130875999583333
13828,mp-18444,-2.259917213636363
13829,mp-505702,-1.7195033217857147
13830,mp-9998,-0.26672900375000097
13831,mp-976380,-0.7176162704999989
13832,mp-600156,-0.8357966449374998
13833,mp-4433,-1.0511606819999997
13834,mp-707571,-1.6625199635578305
13835,mp-555846,-4.035030822857142
13836,mp-541715,-0.9467945273469403
13837,mp-1018701,-0.655176995833339
13838,mp-703568,-2.0748081101923073
13839,mp-976806,0.08884928249999291
13840,mp-861735,-0.2425575185416733
13841,mp-554040,-1.0098551958072903
13842,mp-23412,-1.060583796250002
13843,mp-850965,-2.4480910228211634
13844,mp-558088,-3.0950236912367735
13845,mp-556882,-3.262027181458334
13846,mp-556672,-1.5128864124652788
13847,mp-18957,-2.025652015452586
13848,mp-541684,-0.6229684774503971
13849,mp-560821,-3.4391860009523807
13850,mp-13613,-3.5714692374736843
13851,mp-696815,-2.1607586342500005
13852,mp-769571,-3.402772094969696
13853,mp-600159,-0.33220332519230694
13854,mp-625604,-1.1247834213392858
13855,mp-23563,-1.979550032916667
13856,mp-691115,-2.053914901094687
13857,mp-569060,-0.937914013208994
13858,mp-14864,-2.8963478428407226
13859,mp-655147,-0.5923506360606094
13860,mp-767480,-1.7499910241666672
13861,mp-776654,-2.462045172222222
13862,mp-631514,1.7628022465499953
13863,mp-21093,-0.7011823949999965
13864,mp-17394,-2.8548585309113292
13865,mp-9587,-0.879287952444443
13866,mp-768920,-2.3261342008593746
13867,mp-849384,-2.7143578559795056
13868,mp-754410,-3.8164480482142875
13869,mp-559143,-1.758490110249997
13870,mp-9389,-0.6810185916666652
13871,mp-761135,-2.4576094511964284
13872,mp-774223,-1.216816311307692
13873,mp-752443,-1.6037221869298248
13874,mp-635469,-2.2502068881249997
13875,mp-553242,-2.2936928240625
13876,mp-685099,-0.26848981337984207
13877,mp-756076,-3.7110877435833296
13878,mp-754826,-2.976672738663793
13879,mp-37923,-2.1141663797619046
13880,mp-613,-0.33765390000000084
13881,mp-983427,-0.5714874568749977
13882,mp-768468,-1.6220403573484854
13883,mp-16402,-1.6303586413815794
13884,mp-14131,-1.0723366614666665
13885,mp-771771,-2.96752349024074
13886,mp-35718,-2.8612955973137257
13887,mp-21964,-0.32761234090277824
13888,mp-553248,-3.194785346332288
13889,mp-30207,-1.6455244053571403
13890,mp-865472,-0.583130141249999
13891,mp-850360,-1.947587627643679
13892,mp-567942,-1.740830380201148
13893,mp-6606,-1.49830094971155
13894,mp-31003,-0.10596154631944484
13895,mp-11033,-0.514445456515151
13896,mp-4730,-0.600496146250001
13897,mp-733489,-0.784190169453125
13898,mp-554996,-2.832103523916668
13899,mp-758147,-2.339163448554422
13900,mp-9798,-0.767052543124999
13901,mp-21461,-1.5558054725000001
13902,mp-20548,-0.26410529653846027
13903,mp-559298,-3.1886097665625
13904,mp-1017519,1.66696995625
13905,mp-865888,-0.6434530166666654
13906,mp-683905,-1.0244506143939953
13907,mp-867590,-2.0532658988541668
13908,mp-5322,-2.969154539090908
13909,mp-20953,-2.3153076331874987
13910,mp-694554,-2.4892164117792634
13911,mp-505396,-1.5914881290325664
13912,mp-705300,-2.344257215867347
13913,mp-5976,-0.7897868223333319
13914,mp-29767,-0.38330485791666685
13915,mp-976142,-0.46870149416666607
13916,mp-631435,1.1555469174999995
13917,mp-979042,-0.1437070062500041
13918,mp-1013703,-0.46905776041666913
13919,mp-915,-0.3158699949999999
13920,mp-999376,-0.664185229999994
13921,mp-625687,-1.135183778482143
13922,mp-998212,-1.2091484188333328
13923,mp-975609,-0.2484271699999998
13924,mp-510494,-0.8399457556250027
13925,mp-556297,-0.40969238937500024
13926,mp-772495,-1.904882845021552
13927,mp-8033,-3.8592185609374976
13928,mp-16102,-1.9803117193849193
13929,mp-753054,-1.8212862728749997
13930,mp-9387,-0.774910149999999
13931,mp-996977,-0.4352950591666662
13932,mp-772513,-1.864117119027777
13933,mp-12890,-0.7054986188888898
13934,mp-359,0.009897511130953754
13935,mp-770793,-1.9491417397222228
13936,mp-971933,0.11260126166666495
13937,mp-561027,-3.1084675332738088
13938,mp-753905,-3.858373712727274
13939,mp-768284,-2.614443671885965
13940,mp-774357,-1.381214651661442
13941,mp-11654,-2.083604793333333
13942,mp-2741,-4.2222155699999995
13943,mp-643070,-0.505176608690476
13944,mp-29815,-1.2425652154166684
13945,mp-6318,-2.302612706154761
13946,mp-246,-3.669000699583334
13947,mp-973442,-0.91120927708333
13948,mp-29555,-1.0461184866666666
13949,mp-10492,-3.4317778538888866
13950,mp-540721,-2.0267031324038847
13951,mp-19143,-1.9668755523076926
13952,mp-540687,-0.12065502909091079
13953,mp-21144,-0.6417682788888873
13954,mp-30507,-0.3659408133333362
13955,mp-626735,-1.7619729362500003
13956,mp-624191,-0.6030350574999991
13957,mp-558387,-2.1164074666666663
13958,mp-27176,-1.7351495408620685
13959,mp-20024,-0.6738442949999998
13960,mp-9906,-0.45629272499999934
13961,mp-776418,-3.6410615157142865
13962,mp-9130,-0.7856886109999998
13963,mp-769967,-2.5191131720000004
13964,mp-1019525,-3.0172891002281736
13965,mp-775892,-2.69273711543856
13966,mp-28003,-1.68387797659091
13967,mp-22621,-2.9505616607142864
13968,mp-20135,-3.130192515574036
13969,mp-777302,-0.4395691005000003
13970,mp-30674,-0.4084656280208332
13971,mp-744187,-1.423418701400247
13972,mp-7219,-1.5552283211979183
13973,mp-703272,-1.077390962125
13974,mp-571594,-0.9121127111444441
13975,mp-760007,-3.0172922668749997
13976,mp-572998,-1.491177548397437
13977,mp-22916,-1.8350720331896548
13978,mp-674646,-2.11612401804348
13979,mp-680536,-0.7244636658333311
13980,mp-12691,-0.8869577849999984
13981,mp-763588,-1.8305851783333331
13982,mp-31484,-0.3330980366538479
13983,mp-30488,0.026849116666667783
13984,mp-867267,-0.7629036908333298
13985,mp-861906,-2.9578226647888806
13986,mp-695506,-3.276742368749426
13987,mp-24121,-2.2430243843452393
13988,mp-4049,-3.2367313072527484
13989,mp-774502,-2.4427437952310926
13990,mp-981200,0.11120783874999951
13991,mp-568315,0.00988405499999819
13992,mp-18733,-2.203208559444446
13993,mp-1107,-0.6155273784999963
13994,mp-1018741,-0.4061074833333329
13995,mp-972528,-0.3112421249999997
13996,mp-997037,-0.8689751199999991
13997,mp-780913,-2.121673409626437
13998,mp-30798,-0.16179156749999932
13999,mp-764507,-2.2835189959999997
14000,mp-8409,-3.075378259312499
14001,mp-675739,-1.8535940756249987
14002,mp-27861,-0.4444718957142868
14003,mp-764409,-2.154324109444444
14004,mp-555982,-2.612948956329365
14005,mp-554150,-1.7520899166666652
14006,mp-28585,-1.5354867961249987
14007,mp-19162,-3.224557474166666
14008,mp-865846,-0.6677360766666673
14009,mp-5666,-0.47693786417240747
14010,mp-14091,-0.8526771690885333
14011,mp-1009730,-0.6363162533333314
14012,mp-977126,-0.11667885499999997
14013,mp-21320,-0.301427698055555
14014,mp-9304,-2.147136002252603
14015,mp-559519,-2.301786870865662
14016,mp-8175,-1.384316650145836
14017,mp-560008,-1.965710594910715
14018,mp-772185,-2.967999715666667
14019,mp-13194,-2.7946706806944466
14020,mp-15395,-2.8687315745425757
14021,mp-6723,-2.405621740454546
14022,mp-776763,-2.8427950022058837
14023,mp-761763,-1.5237105522619052
14024,mp-10905,-1.102624861999999
14025,mp-20567,-0.3697946029166683
14026,mp-767661,-3.163385720520833
14027,mp-11441,-0.5625037530000014
14028,mp-850016,-0.5899503142857127
14029,mp-5627,-0.5754389063333321
14030,mp-756517,-2.2181050013805734
14031,mp-12955,-1.4328078040885401
14032,mp-864955,-0.04226430146551685
14033,mp-1018124,-0.6257625422222214
14034,mp-560721,-3.2834990161566098
14035,mp-4744,-0.6614250009999992
14036,mp-1005,-0.5973374473214275
14037,mp-560577,-3.77029774975
14038,mp-975921,-0.2481865749999983
14039,mp-756704,-3.513836216820511
14040,mp-978802,-0.16402413499999824
14041,mp-22236,-0.016332998125001552
14042,mp-771248,-2.1306148150287365
14043,mp-569161,-1.5786587368809528
14044,mp-487,-0.3586301763004919
14045,mp-1008376,-0.5747615615624984
14046,mp-764587,-2.2653114310606055
14047,mp-757306,-2.3293605795502645
14048,mp-10155,-0.8183616969841268
14049,mp-229,-0.7431837587499999
14050,mp-1019280,-0.4902752109615373
14051,mp-20355,-0.6130038516666652
14052,mp-1349,-0.9349319516666649
14053,mp-571376,-0.23053100569444082
14054,mp-19884,-0.35836413960899094
14055,mp-571314,-1.7452540209999994
14056,mp-505538,-0.6787004642857143
14057,mp-680148,-0.8249438564999996
14058,mp-604147,-0.4831377044659959
14059,mp-18830,-2.145798818705358
14060,mp-974368,0.03800806750000163
14061,mp-560939,-3.1158364452877283
14062,mp-769553,-1.5711971668333333
14063,mp-555743,-2.545751063460884
14064,mp-23572,-0.7979409535487004
14065,mp-768345,-3.134206962314815
14066,mp-773102,-3.9080529503571433
14067,mp-18856,-1.9245719515625002
14068,mp-28650,-1.485391746163793
14069,mp-973174,0.013203913333335038
14070,mp-620069,-1.7507029679821418
14071,mp-762575,-1.728439179242425
14072,mp-767410,-1.9399013045341629
14073,mp-600053,-3.249919229285715
14074,mp-571445,-1.350668138932293
14075,mp-600001,-3.2362091936666673
14076,mp-571493,-0.2710829608333351
14077,mp-2917,-0.633819243000002
14078,mp-20917,-0.266671070833335
14079,mp-19232,-2.058700450642857
14080,mp-850937,-2.988653883500001
14081,mp-758498,-2.3257263489583337
14082,mp-769523,-2.2460107369254656
14083,mp-30741,-0.9244997274999989
14084,mp-20985,-1.120059625583333
14085,mp-641575,-0.08436889862068632
14086,mp-573855,-0.22643331250000145
14087,mp-677002,-1.997904419961241
14088,mp-31339,-0.8743460287500007
14089,mp-972069,-0.3089883968750007
14090,mp-977436,-0.7510221812500006
14091,mp-4979,-0.9631328539062487
14092,mp-555292,-1.9608376655357143
14093,mp-8528,-1.1079319580000024
14094,mp-779227,-2.918234809537038
14095,mp-706629,-1.9522076909020942
14096,mp-757507,-2.4451578550000006
14097,mp-540855,-0.5158545964285709
14098,mp-29276,-2.451668246914286
14099,mp-778497,-2.005854385962715
14100,mp-760359,-3.310094555072596
14101,mp-28261,-1.6474776681896532
14102,mp-676665,-3.2761550861500006
14103,mp-752733,-2.6543193135416674
14104,mp-684713,-3.223608216
14105,mp-707765,-1.1173255268115942
14106,mp-559355,-0.5125702300000019
14107,mp-754220,-2.0981625285714287
14108,mp-18971,-1.188962142793099
14109,mp-762632,-2.4659751369047607
14110,mp-643033,-1.8314564608616068
14111,mp-864973,-0.38843705499999803
14112,mp-769007,-3.941366084666667
14113,mp-779434,-3.0902740376893933
14114,mp-861607,-3.109234126495849
14115,mp-752418,-2.715856359937502
14116,mp-546862,-1.1808208074999997
14117,mp-20483,0.0
14118,mp-542934,-0.11447998864583298
14119,mp-777476,-2.3795708774404756
14120,mp-19895,-0.1884144550000002
14121,mp-2454,-0.28338523777777763
14122,mp-560136,-2.0062560458333314
14123,mp-673650,-2.0381291036041658
14124,mp-554155,-2.4569116830446425
14125,mp-631417,1.0348570043749996
14126,mp-570117,-1.6069722595052003
14127,mp-19474,-2.9225400338636076
14128,mp-769348,-2.4233324249999995
14129,mp-554121,-3.824387376425287
14130,mp-8836,-4.033464534285715
14131,mp-762282,-2.241347587222222
14132,mp-867295,-0.4089529791666635
14133,mp-28833,-0.2832197914999995
14134,mp-11527,-0.2092161686842113
14135,mp-16430,-0.5897136851400437
14136,mp-973891,0.5496010124999984
14137,mp-655591,-0.15225091109374933
14138,mp-34036,-1.9963054922727272
14139,mp-753176,-1.2336281313333317
14140,mp-504751,-1.6415248991071425
14141,mp-1243,-2.2575647819999984
14142,mp-662529,-0.3634625496428561
14143,mp-16809,-3.6630214940909074
14144,mp-21589,-0.3757777659090907
14145,mp-12481,-1.3893365032142857
14146,mp-2151,-0.009331720172413866
14147,mp-761853,-1.2786268094214837
14148,mp-554706,-1.7142141945312503
14149,mp-10287,-0.6729746896910918
14150,mp-9749,-3.123118884404775
14151,mp-27424,-0.8240477865624989
14152,mp-849448,-1.5481106142424237
14153,mp-18048,-1.9991775020238096
14154,mp-27485,-1.7992785613888884
14155,mp-622116,-2.4331812827083326
14156,mp-681,-0.3000427666666692
14157,mp-541661,-3.1531292429034394
14158,mp-973986,0.02443215499999951
14159,mp-705558,-1.404771015937501
14160,mp-567719,-0.3902033329247274
14161,mp-628617,-2.2694218704776876
14162,mp-776214,-2.3834544002499998
14163,mp-759735,-2.518122031733955
14164,mp-23643,-2.149845650663264
14165,mp-10247,-1.4143897160416639
14166,mp-621925,-0.7185546969088666
14167,mp-3943,-3.5091425152083335
14168,mp-680180,-0.22668762652343766
14169,mp-23251,-2.0181922211250005
14170,mp-23533,-1.5541087471666648
14171,mp-9967,-0.8286797362499989
14172,mp-557614,-2.419461252003969
14173,mp-17118,-0.7753190293750052
14174,mp-707483,-2.331133612819942
14175,mp-28563,-0.8590315242106685
14176,mp-768337,-1.6908620306944446
14177,mp-2063,-3.728230869166667
14178,mp-542640,-0.4859539637499992
14179,mp-774994,-2.283087546888888
14180,mp-554273,-3.1078083555654756
14181,mp-556137,-3.3038611070289865
14182,mp-8432,-0.9806242109920641
14183,mp-680646,-0.2327338518749995
14184,mp-757727,-2.554731680083334
14185,mp-30174,-0.14616515258064425
14186,mp-706243,-2.1697174975000006
14187,mp-762880,-2.3308371036904774
14188,mp-626103,-2.0293609908928576
14189,mp-28159,-1.668066714250001
14190,mp-558708,-2.6690913269230765
14191,mp-974834,0.18141663974999744
14192,mp-998156,-1.7600508784999995
14193,mp-1495,-0.8424371300000028
14194,mp-780800,-1.9484625913333342
14195,mp-4529,-2.271758034928568
14196,mp-771398,-1.6664933893333322
14197,mp-19237,-2.7157154571428572
14198,mp-607917,-0.4520471779166672
14199,mp-16033,-3.194080227333336
14200,mp-705470,-2.4245954699503978
14201,mp-30751,-0.3537266416176452
14202,mp-764715,-3.001665100625
14203,mp-662547,-0.9830540224533283
14204,mp-28121,-3.2955542322916664
14205,mp-7127,-3.5096626734833336
14206,mp-555318,-2.734427540409092
14207,mp-672644,-1.3778487009499998
14208,mp-1019784,-1.4165665249500001
14209,mp-542117,-1.373679018564463
14210,mp-19198,-1.7359972095833343
14211,mp-13446,-0.38518074488095366
14212,mp-770237,-2.181572227582475
14213,mp-569037,-0.4612710105000019
14214,mp-770846,-2.668888976666666
14215,mp-722455,-0.5341642393055555
14216,mp-559459,-1.1784358545312497
14217,mp-973024,0.19807081124999826
14218,mp-567305,-0.4586414712500009
14219,mp-1018892,-0.6316835288888877
14220,mp-20669,-0.46135852916666664
14221,mp-34022,-2.6629976021428563
14222,mp-3451,-1.6695345124999996
14223,mp-7818,-0.1678273648125014
14224,mp-753958,-2.7098644312499993
14225,mp-557437,-0.8103605691535705
14226,mp-21025,-2.454337211666667
14227,mp-695398,-1.2655198705972912
14228,mp-572291,-1.516231263849999
14229,mp-568728,-0.747945888000001
14230,mp-975663,-0.43311157592593236
14231,mp-571068,-0.07176842473198135
14232,mp-14168,-3.0308067399444423
14233,mp-771825,-3.8627205079166664
14234,mp-2028,-0.1899812333333332
14235,mp-2965,-0.6302162677931051
14236,mp-1194,-0.28757147499999824
14237,mp-973343,-0.24736783854166822
14238,mp-612740,-0.6866874677708324
14239,mp-505343,-0.4026675974074105
14240,mp-6696,-2.966227941320802
14241,mp-10993,-0.9088039158333352
14242,mp-677337,-0.19018472422413782
14243,mp-759638,-4.044683666250002
14244,mp-764845,-2.97235874138889
14245,mp-4199,-1.7322205446798027
14246,mp-18769,-3.225797496499999
14247,mp-29394,-1.7145378769999993
14248,mp-29975,-1.2453742262023795
14249,mp-753342,-2.1339010138888885
14250,mp-4103,-2.570062335909088
14251,mp-981512,-1.4145799779166595
14252,mp-756339,-3.0021654712962973
14253,mp-11444,-0.6438635450000003
14254,mp-865159,-0.42318652125000256
14255,mp-20296,0.07621733666666586
14256,mp-554278,-3.501638054444445
14257,mp-6599,-0.9648636458281246
14258,mp-5091,-0.42996655782052073
14259,mp-34291,-3.7557750890350885
14260,mp-12962,-0.5634966222222206
14261,mp-568828,-0.5868114373611104
14262,mp-554359,-2.8699802189540238
14263,mp-985594,-1.469169655380747
14264,mp-861947,-0.35088958541666315
14265,mp-12695,-0.15754397000000017
14266,mp-1966,0.0029220999999992614
14267,mp-4007,-0.8120729594999994
14268,mp-3569,-0.23282902867646604
14269,mp-567539,-0.10297344041666652
14270,mp-15974,-0.9847224804187188
14271,mp-971712,-0.8494902226562484
14272,mp-28692,-2.277419056590038
14273,mp-752676,-2.3716559904166683
14274,mp-7368,-2.162599036937499
14275,mp-561547,-3.4051990275
14276,mp-20819,-0.9152717387499996
14277,mp-22719,-2.155610362499999
14278,mp-861894,-0.49024710416666695
14279,mp-571162,-0.9457763366666667
14280,mp-772131,-1.905005969999999
14281,mp-10339,-3.1804479690000003
14282,mp-14039,-2.6323811335879306
14283,mp-13056,-3.506252752233334
14284,mp-1391,-0.848617432777778
14285,mp-978281,-0.06213509312499932
14286,mp-9478,-3.288611039285715
14287,mp-11347,-4.464469765416666
14288,mp-778661,-1.63259851610119
14289,mp-8154,-3.775860681969699
14290,mp-862964,-0.08959694062500034
14291,mp-12673,-3.6290922981666682
14292,mp-770696,-2.468798889820931
14293,mp-861993,-0.32988803374999875
14294,mp-22801,-1.16640589222222
14295,mp-767626,-2.4121931698308274
14296,mp-13282,-2.172301722937499
14297,mp-754605,-3.38577283375
14298,mp-753846,-2.511325247142857
14299,mp-16610,-0.08410202074999802
14300,mp-6134,-3.869808769259259
14301,mp-30085,-0.5265386328392936
14302,mp-1527,-0.2669783533333335
14303,mp-641565,-1.0149365986458356
14304,mp-989518,-1.1634504497500004
14305,mp-22199,-0.9310848278988075
14306,mp-32800,-2.4930635934375003
14307,mp-770527,-1.901617485226054
14308,mp-865531,-0.3356196697988514
14309,mp-4323,-0.9442554714999986
14310,mp-756173,-1.2668583406666656
14311,mp-1365,-0.7022925877272764
14312,mp-972965,-4.11047683875
14313,mp-24507,-2.1989125453775595
14314,mp-555595,-1.5236150527968757
14315,mp-12924,-1.6911140571428567
14316,mp-6032,-3.207356374102564
14317,mp-989400,-3.0756966273879307
14318,mp-861988,-0.35452353958333926
14319,mp-569606,-0.5313575856034495
14320,mp-975308,-2.3090469385000008
14321,mp-627291,-1.7700825153947364
14322,mp-556602,-2.2006408573333345
14323,mp-568066,-1.0017559458333327
14324,mp-769399,-3.3925213055833314
14325,mp-862264,-0.30458715874999953
14326,mp-999052,-0.2500238361494258
14327,mp-14384,-3.3052863298437494
14328,mp-984454,-0.7949232771166678
14329,mp-695582,-3.478862383449426
14330,mp-540737,-2.0741211380803586
14331,mp-6695,-2.7924746581168822
14332,mp-505381,-0.5574402994612067
14333,mp-631,-0.9653517133333338
14334,mp-557724,-2.52227075778125
14335,mp-757383,-2.461239497976191
14336,mp-21767,-2.4153270594444445
14337,mp-19750,-3.0136092355555553
14338,mp-753437,-2.5111123126086974
14339,mp-581229,-2.9951654519696986
14340,mp-1007660,0.3581891500000012
14341,mp-3334,-3.0329408695454663
14342,mp-865117,-0.20958111451149897
14343,mp-772390,-2.2721788533333336
14344,mp-20826,-0.08420462750000013
14345,mp-5830,-1.0107590294196436
14346,mp-6491,-2.546457344545361
14347,mp-778325,-2.707522738214286
14348,mp-752579,-3.9146101888541533
14349,mp-24041,-2.054308188333334
14350,mp-22372,-0.4258325603477999
14351,mp-625112,-1.1398531366666669
14352,mp-643579,-2.1675250703409095
14353,mp-1009128,0.3963516905711195
14354,mp-867137,-0.4583142512499929
14355,mp-754008,-1.8778921256250003
14356,mp-560476,-2.359386815245849
14357,mp-561355,-1.2016096609259255
14358,mp-569471,-0.45123014708332576
14359,mp-510546,-2.475307321000001
14360,mp-9191,-0.8078371484482746
14361,mp-541830,-0.468279402222221
14362,mp-979940,0.14865712499999262
14363,mp-754937,-3.291512927333333
14364,mp-684723,-2.3581097846666657
14365,mp-997047,-0.20354682416666625
14366,mp-865091,-0.8871451711206895
14367,mp-644486,-0.27116767312500006
14368,mp-675693,-1.4559736660517237
14369,mp-764115,-2.2642393215
14370,mp-753548,-2.4777618844444445
14371,mp-773069,-3.490891200153845
14372,mp-29269,-2.8293128281465516
14373,mp-685272,-1.0342468507083324
14374,mp-605873,-0.15207302777777917
14375,mp-569196,-0.3844453166666651
14376,mp-505589,-2.4630471016666666
14377,mp-758934,-0.4058479043840575
14378,mp-9249,-0.34725840166666916
14379,mp-22515,-0.926130674772727
14380,mp-605485,-0.49371974583333156
14381,mp-775265,-2.9678631792661365
14382,mp-559653,-2.6841463064999997
14383,mp-974371,0.5518998587500006
14384,mp-1651,-0.2624145599999868
14385,mp-642996,-0.49067297537878835
14386,mp-12612,-0.22483739799999966
14387,mp-28667,-0.536247050133332
14388,mp-560711,-2.4722702253
14389,mp-776780,-2.6631625072619047
14390,mp-5346,-0.5200390413333331
14391,mp-672235,-0.6603375671428567
14392,mp-977200,1.0645125257112067
14393,mp-753689,-2.5894318445238094
14394,mp-643793,-1.5298771179545456
14395,mp-19359,-1.7978744328448277
14396,mp-865485,-0.32475137249999975
14397,mp-571125,-0.9614010325965241
14398,mp-22996,-0.44454740244791796
14399,mp-10555,-0.9633605801041671
14400,mp-19375,-1.8813498479374993
14401,mp-570935,-1.422324364166667
14402,mp-567313,0.0009816100000013723
14403,mp-976128,-0.002125777500002831
14404,mp-571464,-0.80516133750149
14405,mp-753654,-2.379304036139455
14406,mp-27640,-1.0230532163888881
14407,mp-1019275,-0.5660282255555545
14408,mp-766058,-1.6016500343513953
14409,mp-21113,-0.4512199199999941
14410,mp-979294,-1.3861572673333327
14411,mp-769023,-2.682567967205882
14412,mp-540431,-2.3529711542680776
14413,mp-777396,-2.0040345296756974
14414,mp-555403,-2.8447401491749975
14415,mp-672226,-0.11379629823275916
14416,mp-1672,-2.4360889264062493
14417,mp-556060,-2.2348339965277777
14418,mp-753955,-1.4912205730583339
14419,mp-865427,-2.7811187260357144
14420,mp-505131,-1.9609422269047616
14421,mp-25886,-1.8010565332738093
14422,mp-865194,-4.118745691250001
14423,mp-683902,-1.038247646810662
14424,mp-2563,-2.0488779011718723
14425,mp-556785,-2.735133841130952
14426,mp-5141,-1.7500637771574776
14427,mp-683891,-0.6463465379172402
14428,mp-15740,-2.129064480961538
14429,mp-765493,-2.489222776388891
14430,mp-569129,-0.47757952875124116
14431,mp-707532,-1.171629707719003
14432,mp-862373,-1.4952956265104167
14433,mp-764941,-2.2522090786821707
14434,mp-850412,-2.6493014769396055
14435,mp-766337,-1.9627077535714286
14436,mp-758270,-2.8032638016156457
14437,mp-9775,-1.0542139397222234
14438,mp-20463,-3.03006384625
14439,mp-558183,-0.6297076900000007
14440,mp-21221,-0.42353334633332623
14441,mp-556735,-1.6927905818269233
14442,mp-752835,-2.2638147874074073
14443,mp-742859,-1.619417345926641
14444,mp-675102,-3.8456637536666656
14445,mp-22164,-0.6047336430555555
14446,mp-571270,-0.9589825927083334
14447,mp-567918,-1.4421928213372095
14448,mp-686466,-2.0389281423245613
14449,mp-19464,-2.3306205245601253
14450,mp-770628,-2.234609702777778
14451,mp-555611,-0.6587726465405183
14452,mp-642648,-1.5624960232321428
14453,mp-32833,-1.9085931538051468
14454,mp-978288,-0.12345870916666672
14455,mp-690546,-2.578309968333334
14456,mp-865188,-1.123648380217391
14457,mp-558396,-1.4260267496666665
14458,mp-690012,-2.352359293273809
14459,mp-721158,-1.9164285600615776
14460,mp-997020,-0.35752802625000024
14461,mp-4438,-2.694555046500008
14462,mp-998350,-1.8429590454062499
14463,mp-779878,-1.9596724879688925
14464,mp-772396,-1.8245778365151517
14465,mp-975364,-0.6591540465000001
14466,mp-757119,-2.0671957491666664
14467,mp-631552,0.8292758445512666
14468,mp-972352,-0.07586468999999951
14469,mp-1019546,-3.6168604677777787
14470,mp-554412,-2.945203001176587
14471,mp-7067,-0.5692989989999984
14472,mp-604725,-1.735121456685714
14473,mp-743601,-2.6512342577182557
14474,mp-1018063,-0.6434567719791655
14475,mp-568992,-1.009261388750005
14476,mp-715275,-1.5312738914285708
14477,mp-777889,-1.7753240211666665
14478,mp-973471,-2.08184262095
14479,mp-11773,-3.4508841035000004
14480,mp-720644,-1.2037027845870538
14481,mp-554405,-0.960797718906251
14482,mp-556434,-0.3388252107827384
14483,mp-560327,-2.022614702047413
14484,mp-24193,-1.4376743756465504
14485,mp-780092,-2.739774235666667
14486,mp-850970,-1.3062801099999994
14487,mp-4961,-1.336780317051725
14488,mp-765150,-2.276988067863095
14489,mp-22906,-2.0517134273275843
14490,mp-1013735,-0.6451150735196165
14491,mp-634326,-1.8985905559375
14492,mp-29584,-0.3937661912857117
14493,mp-774248,-1.833020585476191
14494,mp-11412,-0.6096569000000022
14495,mp-781078,-2.5341812589285713
14496,mp-752605,-2.075439855999999
14497,mp-22287,-0.5293757199999986
14498,mp-35208,-4.1026601825
14499,mp-3719,-1.4853890068749998
14500,mp-567855,-1.0302750964999987
14501,mp-6174,-3.330954054137932
14502,mp-30562,-0.12759668833333393
14503,mp-504,-0.27765523557291755
14504,mp-559558,-0.5457022983571427
14505,mp-759544,-1.4679394664285712
14506,mp-8406,-1.1683528804166674
14507,mp-531527,-3.4804691582010596
14508,mp-568883,-1.6819085388541675
14509,mp-608516,-1.9385899991091968
14510,mp-36100,-2.3619439878571447
14511,mp-18206,-0.08556919902777496
14512,mp-752755,-2.019996428775863
14513,mp-767416,-2.170061939337912
14514,mp-3601,-2.0220089319999843
14515,mp-721988,-3.2121874458753306
14516,mp-23370,-0.7994898151136357
14517,mp-11016,-1.0299322865909089
14518,mp-567510,-0.5843012333333318
14519,mp-689834,-1.9796402961785717
14520,mp-17808,-2.327878003666667
14521,mp-752637,-3.141827008333332
14522,mp-740,-1.1440646493750002
14523,mp-568964,-0.720922373888891
14524,mp-18966,-1.213149317916666
14525,mp-555911,-2.4679166438541666
14526,mp-771131,-3.4495078855
14527,mp-605691,-2.259939006855589
14528,mp-4324,-1.953540482857145
14529,mp-23780,-2.064195043420566
14530,mp-623984,-1.8659368729166659
14531,mp-770854,-1.9660374155303038
14532,mp-765712,-1.6018981520833337
14533,mp-27653,-0.21714912652777704
14534,mp-541299,-3.1100284162244316
14535,mp-554590,-2.254672489548612
14536,mp-20867,-0.4895578030000024
14537,mp-29564,-0.30904385166666715
14538,mp-19403,-2.9021457209999992
14539,mp-19491,-2.9179544370604398
14540,mp-14501,-0.6575489218181829
14541,mp-569526,-1.4347106164999996
14542,mp-11754,-0.7129723870370372
14543,mp-30198,-2.7633117656410255
14544,mp-766269,-0.8069476020870541
14545,mp-16337,-0.3689720439285712
14546,mp-560303,-3.0337881842307697
14547,mp-570482,-0.3965778140000012
14548,mp-560616,-1.9003165855625
14549,mp-28954,-0.4465825486250026
14550,mp-581749,-1.3104808087612676
14551,mp-560831,-0.9630144498912849
14552,mp-23086,-2.392887180390625
14553,mp-600216,-1.4595306784062416
14554,mp-34976,-4.000824173333333
14555,mp-756241,-2.4034091961111126
14556,mp-28473,-1.6607786360000005
14557,mp-771005,-3.4850464210512806
14558,mp-5407,-0.6043146191666668
14559,mp-18427,-0.34580519233333384
14560,mp-10873,-0.7050440287500006
14561,mp-27400,-1.560353950499999
14562,mp-770850,-2.197114999
14563,mp-12277,-0.8588143732142852
14564,mp-769792,-1.6674778456060613
14565,mp-643788,-1.5271797063505743
14566,mp-650741,-1.6137897069230762
14567,mp-504957,-1.5192460622222197
14568,mp-754238,-1.5430594420833335
14569,mp-1019101,-0.8364340299999972
14570,mp-2750,-0.46550123049999714
14571,mp-5246,-2.851774280450001
14572,mp-864916,-0.8555993775000061
14573,mp-632667,-0.4530433858333325
14574,mp-974920,0.01251068344827555
14575,mp-2137,-0.153033664444444
14576,mp-505368,-1.733542170769229
14577,mp-15605,-0.6642943300000006
14578,mp-541201,-1.919917295068028
14579,mp-36903,-1.4146390424499997
14580,mp-12716,-0.41428196416666907
14581,mp-27805,-2.0042695636111088
14582,mp-775978,-1.8685451641858237
14583,mp-560501,-1.8216005806249995
14584,mp-560032,-2.5742503603232763
14585,mp-704946,-2.3520735479428563
14586,mp-505577,-0.7794576968749993
14587,mp-2649,-0.7659680518749994
14588,mp-3210,-0.8435273038571381
14589,mp-10437,-1.0376334889374994
14590,mp-27923,-1.7637974733333333
14591,mp-23199,-2.9614528075
14592,mp-763059,-2.0447407033333342
14593,mp-643026,-1.670853487222223
14594,mp-777463,-2.6082555140740737
14595,mp-639811,-1.5098783237833335
14596,mp-997618,0.273972750416668
14597,mp-22522,-0.6445502116666676
14598,mp-684427,-2.5020510303835977
14599,mp-554523,-1.5611929394166673
14600,mp-978501,0.4979009769140621
14601,mp-771660,-2.3835339984716746
14602,mp-756861,-3.6487660511666666
14603,mp-570948,-0.8404244721666672
14604,mp-29723,-0.4149262188888905
14605,mp-571584,-0.5953075295833328
14606,mp-24316,-1.3100744931168824
14607,mp-763350,-2.6048117733333336
14608,mp-770754,-0.9835194581249995
14609,mp-780519,-2.178129823888888
14610,mp-755264,-2.827090324166667
14611,mp-850910,-2.0432793938198577
14612,mp-675073,-1.358433314501915
14613,mp-12008,-0.2442472750000005
14614,mp-14708,-3.0852458706818195
14615,mp-29291,-1.4583512365909088
14616,mp-866279,-0.5575604049999989
14617,mp-570000,-1.4216139697678558
14618,mp-767589,-3.019921331547619
14619,mp-976426,-0.4708088295833335
14620,mp-27283,-1.5137371247916698
14621,mp-867177,-0.47901372666666475
14622,mp-27740,-3.7091965082399434
14623,mp-16363,-0.46884852510416647
14624,mp-27339,-1.7835717319117643
14625,mp-569018,-0.17866593899999827
14626,mp-973626,0.11579855322916899
14627,mp-626412,-1.5479142236309522
14628,mp-676609,-0.5713660833333328
14629,mp-9149,-0.9912715206122432
14630,mp-676378,-3.205377071298245
14631,mp-972439,-2.3335193772527463
14632,mp-18727,-2.9245791580833327
14633,mp-574928,-1.9403245106164482
14634,mp-1009735,0.22544564312500626
14635,mp-505803,-0.13832129014367922
14636,mp-999307,0.44964313750000073
14637,mp-861665,-0.46376752916666675
14638,mp-694881,-3.3702648063405176
14639,mp-18341,-2.918296353055551
14640,mp-776567,-2.9818524588596964
14641,mp-555344,-3.397889916483517
14642,mp-555363,-2.6157393050992686
14643,mp-504587,-0.5068481223529405
14644,mp-770720,-2.6492955014814816
14645,mp-23951,-0.34196713360221664
14646,mp-1018782,-0.8046964016666655
14647,mp-770862,-1.858383299696969
14648,mp-3597,-2.1901550725000005
14649,mp-28109,-1.6975539260000005
14650,mp-752538,-1.8925737118124992
14651,mp-16356,-0.6761965602777771
14652,mp-851033,-2.205195419583333
14653,mp-36526,-4.159174074166669
14654,mp-11919,-1.1979681770000006
14655,mp-754009,-2.783797551
14656,mp-20848,-0.5408335000000015
14657,mp-555978,-1.7460158285416665
14658,mp-758316,-2.8942812567777776
14659,mp-976113,-0.6680701387499974
14660,mp-253,-0.2725856566666683
14661,mp-571093,-0.47758012531250005
14662,mp-707900,-1.321262207536232
14663,mp-505351,-0.8513578154597694
14664,mp-684898,-0.15873355664152103
14665,mp-5782,-0.9040030489062492
14666,mp-770469,-2.625739340363637
14667,mp-35714,-2.269697551309522
14668,mp-754363,-3.536360435714286
14669,mp-1919,0.18844157249999918
14670,mp-989647,-0.8778761112500006
14671,mp-23167,-1.3245142266666687
14672,mp-29415,-0.9858732478061223
14673,mp-990441,-0.3321435154166667
14674,mp-775438,-3.042222145625
14675,mp-644223,-0.4014816654166668
14676,mp-14928,-1.6958325858189645
14677,mp-559126,-3.466975090425287
14678,mp-6795,-3.257222851184209
14679,mp-557084,-3.0880120100000004
14680,mp-20482,-0.8909651693253977
14681,mp-31421,-0.6130512111111083
14682,mp-554395,-1.510024561864623
14683,mp-3070,-2.064169683168105
14684,mp-642428,-0.500113050185186
14685,mp-14161,-3.2817098765740735
14686,mp-647347,-0.9423733764999952
14687,mp-8467,-0.5706144129999998
14688,mp-672696,-0.6316785686111106
14689,mp-581913,-0.7008211702380956
14690,mp-573568,-0.9710711660555549
14691,mp-865431,-0.6983493199999984
14692,mp-20982,-2.455564168895833
14693,mp-36866,-2.820343855714285
14694,mp-556589,-1.2057458215624997
14695,mp-3934,-0.3625783130282727
14696,mp-23704,-0.21267999916666666
14697,mp-675250,-2.7503490017250005
14698,mp-23730,-0.29704166152586176
14699,mp-31012,-1.508595819607144
14700,mp-998973,-0.3517762133333333
14701,mp-4431,-0.15670685870535447
14702,mp-18654,0.01192579333333502
14703,mp-504594,-1.2709659325000002
14704,mp-699447,-1.4123732966145832
14705,mp-1008642,0.4054661754166631
14706,mp-31614,-2.2583491407142864
14707,mp-561015,-1.2257506968181828
14708,mp-546350,-2.361791616875002
14709,mp-7427,-0.6732129104999999
14710,mp-14635,-1.1030686738802076
14711,mp-764648,-2.9499596316666663
14712,mp-558836,-2.5576946435714274
14713,mp-977188,0.21250930749999952
14714,mp-977463,-0.3160209832327574
14715,mp-1425,0.08397102277777672
14716,mp-560603,-3.050280072137931
14717,mp-976114,-0.32524070770833546
14718,mp-775215,-1.9852647477450982
14719,mp-27998,-2.9869588739374984
14720,mp-780877,-2.4501914742917514
14721,mp-3556,-3.6227151775000044
14722,mp-1013713,-0.15086505492857044
14723,mp-417,-0.49576254724138025
14724,mp-768027,-2.3022666871110427
14725,mp-770380,-3.035498554128206
14726,mp-765538,-1.6589544824999998
14727,mp-22713,-0.5023170389999976
14728,mp-504864,-2.372273168333333
14729,mp-865746,-0.17458708500000242
14730,mp-675682,-3.2344788181481485
14731,mp-757001,-3.96091708125
14732,mp-17621,-2.3550851495258627
14733,mp-570042,-1.0245921588888873
14734,mp-779090,-2.3963167191666668
14735,mp-999203,0.01713482914285791
14736,mp-776226,-2.383409771999999
14737,mp-28926,-1.1411264974358948
14738,mp-561443,-1.5607948235988895
14739,mp-560633,-1.7128409582499995
14740,mp-3037,-2.2589662555555527
14741,mp-541975,-1.2038005060729047
14742,mp-570554,-1.0385488171904769
14743,mp-552089,-1.8400379805000013
14744,mp-29149,-0.963667906388889
14745,mp-8539,-0.8504571709920631
14746,mp-769561,-1.7200155552545167
14747,mp-17304,-2.290307375588237
14748,mp-758948,-1.6034788661206898
14749,mp-639306,-0.47792558358333015
14750,mp-625147,-2.936812904062501
14751,mp-505229,-0.23219943958333347
14752,mp-12742,-0.4886177737499908
14753,mp-631561,0.9523461230555531
14754,mp-27125,-1.9880236777471259
14755,mp-3487,-3.2843226514835164
14756,mp-685878,-1.0228598150401593
14757,mp-19185,-2.4361777151933137
14758,mp-740722,-1.5251349050682481
14759,mp-4262,-0.052399171388889464
14760,mp-29087,-0.5219400047727273
14761,mp-531661,-3.5519779401639346
14762,mp-772156,-2.8526676870833323
14763,mp-601371,-0.7704727649999992
14764,mp-760762,-3.2923874789999994
14765,mp-865319,-0.4037830900000019
14766,mp-22144,-0.4378292511666615
14767,mp-191,-0.8306932600000003
14768,mp-569571,-0.6064870528333358
14769,mp-559053,-2.1790304758566803
14770,mp-561442,-3.9895589986363635
14771,mp-558235,-3.8416642926666666
14772,mp-768348,-0.9900833690624999
14773,mp-11143,-0.1711806710714287
14774,mp-867940,-2.9785847222222213
14775,mp-777481,-2.4303244029545454
14776,mp-504852,-1.6139310317614943
14777,mp-972639,-0.7344183241666657
14778,mp-775197,-2.5887252067651887
14779,mp-31311,-0.3247680154545456
14780,mp-758240,-2.7073626252910055
14781,mp-29763,-1.531377246086207
14782,mp-17064,-2.9951852145454527
14783,mp-676038,-0.633748253851461
14784,mp-13218,-0.16544268791666758
14785,mp-676499,-0.8006596579999988
14786,mp-23373,-2.2680706441666714
14787,mp-865592,-0.33762642249999875
14788,mp-605503,-2.3705868927455356
14789,mp-626282,-1.3786708220370372
14790,mp-24992,-0.9913314440624994
14791,mp-774414,-2.6763145439937706
14792,mp-22971,-0.7882413033333329
14793,mp-765697,-2.5591849231249997
14794,mp-770726,-2.0701116495000007
14795,mp-1589,0.10190197944444417
14796,mp-865534,-1.8903113516666668
14797,mp-865262,-0.45807925183333253
14798,mp-557472,-3.068816304031251
14799,mp-8357,-0.8114933574999981
14800,mp-974641,0.02971973122916527
14801,mp-756427,-1.219773292666666
14802,mp-769713,-2.323136091469774
14803,mp-977425,-0.2546529724166646
14804,mp-540784,-3.332098468095208
14805,mp-865215,-0.6297606874999992
14806,mp-2553,-0.17074511666666461
14807,mp-978986,-0.7128949359999993
14808,mp-558277,-2.542993825000002
14809,mp-20208,-0.334137536818181
14810,mp-984724,-0.29199189083333477
14811,mp-753314,-2.656413044468752
14812,mp-2618,-0.31831054166666445
14813,mp-560772,-3.0131836142592667
14814,mp-582648,-0.9588292546428576
14815,mp-11851,-0.48322409499999824
14816,mp-769763,-1.7239562051388884
14817,mp-19449,-2.1214214609113293
14818,mp-569745,-0.5182351477777792
14819,mp-651688,-1.5733835333950614
14820,mp-17043,-1.9656461476785734
14821,mp-23204,-1.0912733249999995
14822,mp-29222,-3.377933791730798
14823,mp-4676,-0.4458675205882347
14824,mp-28871,-0.6830577324999992
14825,mp-697022,-2.740306304907408
14826,mp-27897,-1.4764455764285722
14827,mp-779920,-2.8573606967307708
14828,mp-18147,-2.7859732741666674
14829,mp-26594,-2.303999970178571
14830,mp-753860,-1.9859844059090912
14831,mp-13798,-2.693133813921265
14832,mp-541067,-0.5638915793750021
14833,mp-631572,0.9276726375000001
14834,mp-867915,-0.3495069562500017
14835,mp-15002,-2.5457749655000006
14836,mp-28856,-0.9059972015086204
14837,mp-557600,-1.903788921666667
14838,mp-766288,-1.963204765277778
14839,mp-23442,-1.809191147449998
14840,mp-976414,-0.08503013874999965
14841,mp-980034,0.0409623999999944
14842,mp-757394,-3.4483726560526318
14843,mp-862689,0.06590468963362128
14844,mp-5079,-2.8718426207916656
14845,mp-559489,-3.1861440172499997
14846,mp-867158,-0.26657049375000064
14847,mp-556038,-2.9569243533602156
14848,mp-1515,-0.657169534999999
14849,mp-542806,-1.5476573784505199
14850,mp-23800,-1.9560846131785823
14851,mp-978100,-0.35399226541666495
14852,mp-673801,-4.168452028653847
14853,mp-684934,-3.6124686646874977
14854,mp-14607,-2.0307361227833334
14855,mp-571472,-1.5942708305338538
14856,mp-770296,-2.9962518450000006
14857,mp-3848,-2.3543098241666667
14858,mp-567317,-0.5105547834999982
14859,mp-760417,-1.3896440921428594
14860,mp-974708,-0.3306078785416746
14861,mp-1006099,-0.6294754621296256
14862,mp-19068,-3.216402385833336
14863,mp-553924,-1.189846526880951
14864,mp-972659,-0.623150037000002
14865,mp-973826,-0.3975714795833314
14866,mp-675593,-1.2707362681527772
14867,mp-20910,-0.7284729960000007
14868,mp-752948,-1.750918062380952
14869,mp-20262,0.2304898559375097
14870,mp-569892,-1.5765638634057975
14871,mp-12171,-1.571971446681818
14872,mp-767753,-2.8854834439247306
14873,mp-4156,-3.040215971111112
14874,mp-769702,-1.9204497488505756
14875,mp-9392,-3.3331500072463767
14876,mp-769277,-3.3205348875000027
14877,mp-684690,-1.927741243437501
14878,mp-862673,-0.24485259333333254
14879,mp-690617,-2.0487510039427685
14880,mp-4454,-0.47751153305555505
14881,mp-13171,-0.19014901833333178
14882,mp-17956,-3.6317974153124988
14883,mp-29392,-1.9378811501559936
14884,mp-4865,-0.6756636759999971
14885,mp-20531,-0.5983667724999991
14886,mp-625998,-1.7747260898611106
14887,mp-558323,-2.496932166805556
14888,mp-555477,-0.7965391460069444
14889,mp-28980,-1.1450527016116065
14890,mp-776118,-2.3756234372680627
14891,mp-2131,-0.25793000178571546
14892,mp-1001011,-2.778750954333333
14893,mp-997014,-0.9528419699999988
14894,mp-1019967,-1.5170695204166675
14895,mp-631323,0.8633029312499971
14896,mp-22630,-1.7978192607142833
14897,mp-42255,-3.186771167852666
14898,mp-572271,-2.5788909151959247
14899,mp-764142,-2.2989151892410415
14900,mp-17455,-2.2864474235021923
14901,mp-510710,-0.8973852426221254
14902,mp-3930,-1.9015927115332505
14903,mp-31454,-0.46037054744444106
14904,mp-28808,-1.9977222041666605
14905,mp-561584,-3.29522065937501
14906,mp-6226,-2.3472699667653933
14907,mp-753179,-2.2512722151636906
14908,mp-976828,-0.0015312362499990684
14909,mp-989564,-0.5591733899999994
14910,mp-554370,-1.201397138425926
14911,mp-22903,-1.6958504512500008
14912,mp-30961,-0.7544589864583339
14913,mp-619510,-1.157373246206897
14914,mp-10528,-0.7710894600000018
14915,mp-768978,-2.66667841602941
14916,mp-5381,-1.6561898230952408
14917,mp-541971,-0.7697148505952376
14918,mp-4370,-0.7698684410000013
14919,mp-17160,-2.9189446885185144
14920,mp-637614,-0.7914362245211066
14921,mp-15791,-2.1054073620833327
14922,mp-795621,-1.6145898036363646
14923,mp-771978,-1.6849968378571434
14924,mp-23808,-2.8745200341301587
14925,mp-542839,-0.12485336249999553
14926,mp-778832,-2.4663694325387304
14927,mp-28653,-3.507712333807692
14928,mp-761415,-1.0848371468750004
14929,mp-867824,-1.6363464886111103
14930,mp-769187,-2.414696242996032
14931,mp-29395,-1.1516584314798877
14932,mp-999083,-0.14465159989942578
14933,mp-20908,-0.5213160820000013
14934,mp-555231,-2.890821084742856
14935,mp-697913,-2.2634500943045124
14936,mp-1008998,-2.1107973789062484
14937,mp-531882,-0.8590414631183894
14938,mp-559949,-2.274162635530304
14939,mp-22425,-0.7214436913333344
14940,mp-561545,-2.2049159516190486
14941,mp-559586,-3.1799114029103452
14942,mp-761169,-1.553248311578948
14943,mp-29052,-0.9039513527380946
14944,mp-15500,-1.2993674930357157
14945,mp-20034,-0.5208822299999984
14946,mp-7498,-0.7577833903703682
14947,mp-867189,-0.42703919812500146
14948,mp-555284,-3.3474437825
14949,mp-20341,-0.2174817851724143
14950,mp-976358,-0.20575865312499886
14951,mp-8331,-0.20983889868421066
14952,mp-998195,-1.7325589588333323
14953,mp-761184,-2.0664093408764366
14954,mp-972373,0.008595309999996914
14955,mp-28408,-1.5090648969499996
14956,mp-771645,-1.913018990277778
14957,mp-560535,-2.9042796358235297
14958,mp-771508,-1.9027782749999997
14959,mp-4666,-0.27258217898809356
14960,mp-557752,-1.950974333343596
14961,mp-754524,-3.497674579666666
14962,mp-779166,-1.2139474079487174
14963,mp-542537,-0.49112010208333157
14964,mp-585354,-2.563863766703869
14965,mp-21232,-0.7491829500000028
14966,mp-13326,-2.189735595104165
14967,mp-867157,-0.3890391950000023
14968,mp-989534,-1.090724972000001
14969,mp-680374,-3.186058913535714
14970,mp-9318,-1.3432079523802074
14971,mp-571244,-0.4327984282870936
14972,mp-19943,-0.6912010337500014
14973,mp-27398,-1.0091773940277804
14974,mp-18635,-0.7462177053125055
14975,mp-973335,-0.6664354480882357
14976,mp-4558,-2.2978871192592587
14977,mp-764387,-2.3405844088936782
14978,mp-5821,-0.9555403932999994
14979,mp-554852,-2.1821282759166793
14980,mp-754519,-1.7953732219607839
14981,mp-29008,-1.8195673250000008
14982,mp-697558,-0.9542511571153844
14983,mp-7238,-3.4669063223333345
14984,mp-165,0.01360687000000027
14985,mp-19224,-2.666855457993731
14986,mp-15572,-0.8518214808307207
14987,mp-754158,-2.950170463687499
14988,mp-1180,-0.35365339948275754
14989,mp-10161,-0.4985859595833328
14990,mp-22942,-2.233409576999999
14991,mp-705479,-1.1558985139285716
14992,mp-720300,-0.43347451972222234
14993,mp-3563,-3.2715549339583347
14994,mp-559551,-0.3413174117830856
14995,mp-756401,-2.528997859138888
14996,mp-554260,-2.6026477791304354
14997,mp-9459,-0.3040723816666681
14998,mp-754086,-0.986596835333333
14999,mp-690919,-2.8398333476630655
15000,mp-15783,-2.1044930693124995
15001,mp-1900,-0.6725508368750006
15002,mp-643277,-1.6652015255769235
15003,mp-752451,-1.079197937857143
15004,mp-782637,-2.082850940376301
15005,mp-775866,-2.1923555842499978
15006,mp-865359,-0.2713965054166696
15007,mp-765358,-3.032076414
15008,mp-978951,-0.46962974687500036
15009,mp-643387,-2.551014959722222
15010,mp-766351,-1.950918339444444
15011,mp-764034,-1.5441694251970435
15012,mp-20835,-0.8519636916666715
15013,mp-768597,-2.8053855414285715
15014,mp-754125,-3.0567182858333326
15015,mp-17839,-1.7917420202012013
15016,mp-6616,-2.1901621292307683
15017,mp-775918,-2.967547980666668
15018,mp-770714,-2.088526139047619
15019,mp-554993,-0.5643196349999968
15020,mp-865738,-0.5101804383333288
15021,mp-641065,-1.8433332528362065
15022,mp-10517,-3.0831529606926398
15023,mp-703521,-1.9323334972451423
15024,mp-505698,-1.3137928157258068
15025,mp-30108,-0.1804959861904763
15026,mp-766301,-1.9539666500000001
15027,mp-972353,0.21689532999999983
15028,mp-1013547,-1.1173842371904754
15029,mp-24759,-1.1230031405048067
15030,mp-774238,-1.765417127666666
15031,mp-28472,-0.26138505474359036
15032,mp-779888,-2.4493158190756716
15033,mp-1329,-1.6797250377777775
15034,mp-766276,-2.348228508981481
15035,mp-19005,-3.655784751578947
15036,mp-721851,-2.2524942812499997
15037,mp-631288,0.9255226500000001
15038,mp-971769,0.0295789924999994
15039,mp-558380,-2.9438536278571426
15040,mp-2216,0.0922626152631575
15041,mp-754177,-3.6371820707142866
15042,mp-7386,-1.9738785846743294
15043,mp-18556,-1.0498528227777757
15044,mp-781710,-1.8311101454166672
15045,mp-556198,-2.9749734106465517
15046,mp-770737,-2.1882737666666654
15047,mp-978088,0.006979634583338168
15048,mp-21897,-0.5460459274999986
15049,mp-28673,-1.8841161280519474
15050,mp-764086,-3.1299697625
15051,mp-11879,-0.4753296129999981
15052,mp-757663,-2.492503281216931
15053,mp-542302,-0.621881178181818
15054,mp-568993,-0.7908270793333336
15055,mp-685609,-0.583614756179089
15056,mp-15958,-1.4614249029999997
15057,mp-866209,-0.38015387999999817
15058,mp-772584,-2.9075062626256605
15059,mp-560802,-2.183260722248062
15060,mp-1013796,-1.5877119537499993
15061,mp-13532,-0.3590444220000009
15062,mp-1784,-2.8347472923275867
15063,mp-697367,-2.1142585751277707
15064,mp-676261,-3.4830868354545443
15065,mp-778010,-3.154025528296297
15066,mp-760205,-2.6703504380769227
15067,mp-695476,-3.5235103803942525
15068,mp-775214,-1.9088803933333327
15069,mp-569411,-1.0364500272222206
15070,mp-24724,-0.800303629166668
15071,mp-676751,-0.9059701279761896
15072,mp-773831,-0.43893432925000014
15073,mp-6798,-2.688152365387931
15074,mp-2167,-0.3230864916666647
15075,mp-21111,-1.0452475063888944
15076,mp-1009652,1.1017102962500012
15077,mp-10179,-0.5685833170833323
15078,mp-555255,-1.8928834028906252
15079,mp-1013704,-0.4885658820000007
15080,mp-978287,0.32807379625
15081,mp-571210,-1.1711531608333328
15082,mp-30857,-0.48748852394736575
15083,mp-705013,-1.6820955546875005
15084,mp-755488,-2.6715154584666676
15085,mp-559670,-3.378215464562499
15086,mp-766230,-1.7958914479510528
15087,mp-758942,-1.7301570455338207
15088,mp-760811,-2.301630555530303
15089,mp-541883,-0.4265730426851846
15090,mp-631505,0.5713827866666664
15091,mp-642729,-1.776640384903846
15092,mp-14058,-2.802440528655613
15093,mp-621176,-0.8760839255555639
15094,mp-560748,-1.4529602899999994
15095,mp-777666,-2.4624727269047617
15096,mp-31273,-1.8877954244642845
15097,mp-11022,-2.624149660416652
15098,mp-761024,-1.4183371111083731
15099,mp-1239,-0.41573223187500474
15100,mp-764005,-2.611450766041667
15101,mp-684668,-0.06951267666666776
15102,mp-770346,-2.5103911141666666
15103,mp-771750,-1.539852931944445
15104,mp-228,-0.4398400500000008
15105,mp-11334,0.1268655900000013
15106,mp-999189,0.04402441499999998
15107,mp-6455,-2.5197892949066087
15108,mp-757838,-2.4703419223044216
15109,mp-985702,0.09290706833333928
15110,mp-510374,-1.7451414612500002
15111,mp-27623,-1.432876992115987
15112,mp-555425,-1.4406986949444436
15113,mp-982373,-0.039081147708341035
15114,mp-30969,-0.17543571815789138
15115,mp-1018073,-0.6207172537499988
15116,mp-22620,-1.8200473799999992
15117,mp-20290,-0.39614364388888507
15118,mp-8276,-0.8104721311904768
15119,mp-571440,-1.5210740136666667
15120,mp-972752,0.5417743177083345
15121,mp-510547,-0.9938061093055555
15122,mp-19499,-2.5369913103958326
15123,mp-13399,-0.6446886313333351
15124,mp-4633,-0.9416048210000014
15125,mp-5363,-1.0554401533333357
15126,mp-981209,-0.07896113749999945
15127,mp-768987,-1.9329285387777781
15128,mp-1146,-2.2848070752083296
15129,mp-1264,-0.1428662650000021
15130,mp-770977,-3.5070608728571417
15131,mp-20051,-0.8567214329166669
15132,mp-978920,-3.2883695520370364
15133,mp-558116,-2.9478906150301722
15134,mp-642661,-1.8899486854166667
15135,mp-977580,-0.276863163749999
15136,mp-1058,-1.3727427600000006
15137,mp-971633,-1.713807222844828
15138,mp-770349,-2.3825367457575752
15139,mp-769650,-2.7731542636363637
15140,mp-775012,-2.2788829526964287
15141,mp-19714,-0.6984051374999977
15142,mp-28769,-0.8701936988035713
15143,mp-554778,-3.312393359471265
15144,mp-6788,-2.8321901120652173
15145,mp-548469,-2.078282849375
15146,mp-999306,-0.7879062870833327
15147,mp-974376,-0.024695205000000442
15148,mp-625801,-1.4007042774074074
15149,mp-623028,-1.2904351894971264
15150,mp-11296,-0.26862527666666597
15151,mp-972526,-0.6988432050000029
15152,mp-28687,-0.3587034179545441
15153,mp-570081,-0.3434179683333327
15154,mp-22688,-1.0828108917187507
15155,mp-830,-0.6633181693749997
15156,mp-20546,-2.4223918959259274
15157,mp-22926,-1.2942145200000041
15158,mp-780530,-2.3113029621110432
15159,mp-16053,-2.2496160190000003
15160,mp-1009459,0.3932274802083313
15161,mp-20061,-0.37108115888888604
15162,mp-555150,-3.0013753882916667
15163,mp-21366,-0.678325325000003
15164,mp-626291,-1.3628188988888894
15165,mp-27474,-1.8577539900000033
15166,mp-981458,0.37458866883333286
15167,mp-541375,-0.6766963397222214
15168,mp-1018144,-0.6853416403124992
15169,mp-972916,-0.05522714500000081
15170,mp-972626,-0.6347312456249994
15171,mp-767624,-2.5811801059375004
15172,mp-840,-0.6907956449999956
15173,mp-754335,-1.6986023210714285
15174,mp-540179,-2.5639702137060034
15175,mp-755492,-2.2302100364240927
15176,mp-10334,-0.6043379950850323
15177,mp-774803,-2.485233960035013
15178,mp-567339,-0.106186618055555
15179,mp-29424,-1.3279709444642853
15180,mp-22095,-0.5810494383333342
15181,mp-758428,-3.321316444166667
15182,mp-24796,-0.4929229565178562
15183,mp-850915,-2.3198454872916665
15184,mp-28911,-0.4183831385227221
15185,mp-560023,-2.637281693125
15186,mp-1008809,0.6823142799999999
15187,mp-29113,-0.4617563423076901
15188,mp-971996,-3.0540255739999984
15189,mp-14698,-0.11169626995097935
15190,mp-704387,-1.836237842085169
15191,mp-560530,-2.458725366363637
15192,mp-973881,0.03830342187500335
15193,mp-639496,-0.5264350195833334
15194,mp-12704,-0.955135205
15195,mp-21338,-0.9948261604999971
15196,mp-3704,-0.9370094308309381
15197,mp-862744,-0.5779780925000004
15198,mp-30880,-0.27832455499999975
15199,mp-2515,-0.3426689425000049
15200,mp-19311,-2.113245786111111
15201,mp-600014,-3.2554555111111125
15202,mp-15840,-3.1168663944345236
15203,mp-974672,0.6311194443750006
15204,mp-30748,-0.5994195562500018
15205,mp-11176,-0.8772608254545495
15206,mp-677406,-0.7559807914285712
15207,mp-4985,-0.6756467387931024
15208,mp-862840,-0.4594340436805524
15209,mp-1020124,-3.2208457860000004
15210,mp-867148,-0.7704823316666669
15211,mp-605839,-0.5375369397619048
15212,mp-22637,-1.0246068257142842
15213,mp-18059,-0.6578266973994253
15214,mp-778612,-1.3386827402729888
15215,mp-556965,-2.0239554031575517
15216,mp-974313,0.11761583029102063
15217,mp-29807,-1.1679570245957918
15218,mp-7693,-4.428458950909089
15219,mp-571240,-2.3243008222083343
15220,mp-14630,-3.6939235176470597
15221,mp-13511,-0.7584992433333358
15222,mp-29538,-2.8139345264285702
15223,mp-989553,-0.11460608176436864
15224,mp-865652,-0.5069638372988514
15225,mp-984767,-0.44030456249999617
15226,mp-769122,-2.2571144922333333
15227,mp-733853,-1.2953120465208336
15228,mp-581786,0.03349821875000103
15229,mp-850049,-0.4529151927083331
15230,mp-755591,-2.9552199788888873
15231,mp-1013797,-2.081940428456897
15232,mp-715598,-2.476962810999999
15233,mp-28855,-2.28289746363637
15234,mp-13852,-0.19238970142857323
15235,mp-693,-0.28147766624999804
15236,mp-560333,-0.864624959784314
15237,mp-30645,-0.5317463866666637
15238,mp-775796,-3.058223753690477
15239,mp-32868,-0.061040652048610075
15240,mp-695894,-1.3423805612096777
15241,mp-569967,-2.5432990120208347
15242,mp-703342,-2.5229611500501252
15243,mp-542079,-1.1925517487346937
15244,mp-581517,-0.8067398280155669
15245,mp-557950,-2.1979959383333343
15246,mp-780869,-3.339669136388891
15247,mp-24433,-1.5562146559739591
15248,mp-775916,-2.2589658511796533
15249,mp-11852,-0.19688371583333245
15250,mp-554057,-2.5359143349097217
15251,mp-4299,-0.8083280338888856
15252,mp-3701,-0.4255243634615384
15253,mp-21301,-0.4427034254166662
15254,mp-997006,-0.6725321866666656
15255,mp-31091,-0.841980271666668
15256,mp-17895,-3.228819810194445
15257,mp-559014,-3.4751901565384764
15258,mp-1008506,-0.4549059696875011
15259,mp-766341,-1.8742515337568058
15260,mp-1136,-0.552478555625
15261,mp-761128,-2.7973198200000007
15262,mp-6687,-3.0998822164999993
15263,mp-7762,-1.9301304437500004
15264,mp-757145,-2.306320079166667
15265,mp-781082,-2.5790121252857148
15266,mp-764959,-2.7964141
15267,mp-9308,-3.523132323717948
15268,mp-28467,-0.6351135616986686
15269,mp-770376,-2.456241291285974
15270,mp-19001,-2.496220726086208
15271,mp-241,-2.4662756033333326
15272,mp-676424,-2.332450028571427
15273,mp-989193,-1.6421010616666665
15274,mp-977438,-0.5270430104166657
15275,mp-31413,-0.8258439038888904
15276,mp-981381,-0.4786079243750052
15277,mp-9278,-0.3547700222222261
15278,mp-773430,-2.586424955000001
15279,mp-779650,-1.3578610921896552
15280,mp-32715,-0.6709425423170723
15281,mp-977442,-0.5517561712500019
15282,mp-20944,-2.4660533835714307
15283,mp-570564,-1.5498084834505204
15284,mp-1704,-0.2580214922222221
15285,mp-767248,-2.4885364952380953
15286,mp-558273,-3.3888592435185187
15287,mp-559096,-1.6561587292083337
15288,mp-30463,-0.2333926137500022
15289,mp-984723,-3.617029635333332
15290,mp-541407,-0.8882653358333327
15291,mp-976039,-0.18111032190476198
15292,mp-570152,-0.5420881302539051
15293,mp-973685,0.003934851875001755
15294,mp-22463,-0.3359948475000003
15295,mp-760323,-3.941403542499999
15296,mp-41219,-2.6104380961666664
15297,mp-640051,-0.1332688774999923
15298,mp-11628,-0.592074639230768
15299,mp-23050,-3.2736430266666665
15300,mp-569638,-0.07373023728070088
15301,mp-706676,-1.6049719302103176
15302,mp-569739,-0.3729836957499998
15303,mp-4474,-1.224337459807703
15304,mp-581413,-3.1046587321444408
15305,mp-30058,-1.7119363986666662
15306,mp-755461,-3.836966738848483
15307,mp-558408,-0.6092300041666666
15308,mp-15077,-0.1257697215624997
15309,mp-984696,-0.6699772144444507
15310,mp-1017507,-1.0060674524999982
15311,mp-18792,-2.3917975522727275
15312,mp-31770,-1.627935621428571
15313,mp-774353,-2.154116421527777
15314,mp-21851,-0.5436875934770123
15315,mp-69,0.0
15316,mp-19028,-2.4820996438159746
15317,mp-758433,0.08535895416666506
15318,mp-531975,-1.1018931235483878
15319,mp-779344,-2.561474058754788
15320,mp-8352,-3.2522801433333335
15321,mp-2150,-1.4745182194444428
15322,mp-627557,-0.8268041847407422
15323,mp-6633,-0.460637932265624
15324,mp-7012,-3.5794651927250003
15325,mp-979963,0.15635386708333243
15326,mp-13947,-3.7521039483333305
15327,mp-764340,-2.543749990208333
15328,mp-559786,-1.6222947163649426
15329,mp-568887,-1.7312905145000002
15330,mp-755309,-1.3902203049999997
15331,mp-36066,-1.358516071547618
15332,mp-27205,-1.22564698944445
15333,mp-1020032,-0.5557563297222217
15334,mp-556468,-0.9511081386383928
15335,mp-10373,-0.25886348574999546
15336,mp-672707,-0.20171576107143047
15337,mp-865357,-0.364765307499999
15338,mp-568069,-0.17373662277778124
15339,mp-24589,-1.6290658291499998
15340,mp-11562,-0.2977622544444453
15341,mp-694888,-2.4928602307688728
15342,mp-28508,-1.2464654564999997
15343,mp-31297,-0.9033033505555577
15344,mp-673128,-2.095770612925169
15345,mp-24090,-1.4512635916666672
15346,mp-4266,-2.7402761743437503
15347,mp-756837,-3.557799488366667
15348,mp-15671,-0.21290252124999398
15349,mp-979430,-0.3003135033333404
15350,mp-510642,-2.026643345329671
15351,mp-14969,-1.9581851379166662
15352,mp-705588,-1.4993131805882347
15353,mp-11489,-0.2708169250000001
15354,mp-560785,-1.742267925631578
15355,mp-864654,-0.34063196499999915
15356,mp-560818,-3.324276698888889
15357,mp-981549,0.0755016700000013
15358,mp-545500,-2.3786806749999996
15359,mp-707983,-1.8900786845934963
15360,mp-744184,-2.477635888333332
15361,mp-5456,-2.4362784008333325
15362,mp-5331,-3.1271722029960305
15363,mp-669370,-0.3876795520238058
15364,mp-14650,-1.9530544564547379
15365,mp-5827,-3.491619559666667
15366,mp-21400,-0.596848876499999
15367,mp-1766,-2.1789475214062506
15368,mp-866521,-1.5416102289285705
15369,mp-21203,-0.7088008505555562
15370,mp-977550,-0.4807460437499991
15371,mp-1049,-1.2682435820833362
15372,mp-558263,-0.563932587826087
15373,mp-1949,-0.27215843889846764
15374,mp-557720,-4.277761973749999
15375,mp-559636,-2.8118024836759257
15376,mp-8189,-2.1048582311666664
15377,mp-7935,-0.6999687872222206
15378,mp-16488,-0.29702967454545354
15379,mp-20222,-2.982250818166667
15380,mp-20991,-2.108112388000001
15381,mp-567377,-0.22000522200000033
15382,mp-5046,-2.302504960416666
15383,mp-778703,-2.9610620736544964
15384,mp-772189,-1.443432850882353
15385,mp-18259,-3.0229477145098023
15386,mp-756050,-2.502865663466667
15387,mp-677490,-2.7273410627380947
15388,mp-776330,-1.7618798711419752
15389,mp-16445,-1.7265214198787717
15390,mp-557856,-1.9474560555208336
15391,mp-28512,-1.2501062644444443
15392,mp-754203,-3.9000115280000003
15393,mp-780772,-3.2889011782857147
15394,mp-753316,-2.2138296291666664
15395,mp-6188,-0.5651810227083338
15396,mp-1067,-0.20847878833333322
15397,mp-574040,-1.5442718116111114
15398,mp-33658,-2.3020560369696983
15399,mp-697792,-2.359423404062444
15400,mp-19468,-2.86607626637255
15401,mp-676653,-4.089766204298246
15402,mp-3751,-3.279988280555536
15403,mp-7447,-1.0801831604062495
15404,mp-510412,-0.5502560214285747
15405,mp-1551,-0.3634775388888948
15406,mp-975652,-1.4858176455555565
15407,mp-2008,-0.25678360833333613
15408,mp-554766,-1.8005744193792512
15409,mp-1273,-0.2054342223275869
15410,mp-13688,-0.1508538349999995
15411,mp-22258,-0.7437544383333309
15412,mp-3545,-0.4795091312500004
15413,mp-973149,-0.06714692844827663
15414,mp-706979,-0.6788033874675321
15415,mp-540547,-0.06527937250000093
15416,mp-974000,-0.08842025310606
15417,mp-1727,-0.39498135500000114
15418,mp-864753,-0.36653777416666955
15419,mp-758192,-2.1314055475680265
15420,mp-3978,-3.4412264730000004
15421,mp-3513,-0.5835073099999997
15422,mp-976339,-0.3317600816666655
15423,mp-759915,-2.523466715349703
15424,mp-567406,-0.30226968249999925
15425,mp-763905,-1.6954672455555562
15426,mp-762249,-1.957898693333334
15427,mp-24196,-1.4241115539247313
15428,mp-557304,-3.0800857090625007
15429,mp-542417,-1.7307402254616233
15430,mp-755226,-3.481307855757575
15431,mp-777685,-2.692280293829365
15432,mp-560051,-1.0846201064285712
15433,mp-571264,-0.8005551183333353
15434,mp-625856,-1.3411181828333334
15435,mp-755336,-2.911804260833333
15436,mp-561561,-2.6392859556560344
15437,mp-23828,-0.8311745126190472
15438,mp-770550,-2.327874575520833
15439,mp-561379,-1.1702541252500005
15440,mp-23237,-2.77634308875
15441,mp-759602,-1.9533102820454546
15442,mp-1451,-0.2926187387500008
15443,mp-27236,-2.260361754333332
15444,mp-996971,-0.8181168762499995
15445,mp-13918,-0.5135345099999995
15446,mp-645687,-1.0375182597728507
15447,mp-743810,-1.5945930689819383
15448,mp-762116,-1.9273073038630955
15449,mp-867827,-0.6607633704166629
15450,mp-685995,-2.868657693241379
15451,mp-20050,-0.123896884732142
15452,mp-12777,-0.18091732749999956
15453,mp-12602,-0.3025194552777763
15454,mp-768114,-3.2199438308571433
15455,mp-776200,-2.80555861375
15456,mp-557844,-3.0019995110589277
15457,mp-703476,-1.1864768230788167
15458,mp-5652,-3.6580356786363635
15459,mp-27688,-1.006003727907404
15460,mp-4019,-3.5560871571666666
15461,mp-862698,-0.6415023025000011
15462,mp-545369,-0.7336133391666673
15463,mp-20495,-2.038798490668104
15464,mp-7343,-0.7645874700000022
15465,mp-28522,-1.08862588625
15466,mp-19386,-3.01776698923077
15467,mp-675410,-2.143351144999998
15468,mp-768153,-2.20287460281746
15469,mp-973890,-0.5797731037499982
15470,mp-865569,-0.7020654211494257
15471,mp-773007,-1.6226240189136893
15472,mp-4473,-1.0704680244374998
15473,mp-475,0.036222141011904796
15474,mp-4527,-2.143005662111111
15475,mp-978560,-0.21859834708333237
15476,mp-23906,-1.308234898988095
15477,mp-568172,-0.9217641895000005
15478,mp-10172,0.0
15479,mp-18968,-2.5632664336458335
15480,mp-552191,-2.8265844746666664
15481,mp-34735,-1.8141211671428548
15482,mp-17908,-2.099204554761902
15483,mp-639662,-2.309198436666667
15484,mp-3526,-1.137952625555556
15485,mp-640389,-1.226403651715926
15486,mp-972184,-0.9562793990000003
15487,mp-581449,-1.0971244170555559
15488,mp-7832,-0.35971011500000216
15489,mp-29177,-2.906874535641024
15490,mp-183,-0.1666360962500022
15491,mp-698366,-0.8655313531000002
15492,mp-558460,-0.8708610916307471
15493,mp-758475,-1.542374556794872
15494,mp-683941,-0.6590267005263145
15495,mp-17738,-1.9164332651354177
15496,mp-14488,-2.583733810488095
15497,mp-867613,-3.333029768461538
15498,mp-569136,-0.4486752026138878
15499,mp-1018675,-1.9085436385416656
15500,mp-2361,-0.3403269006249978
15501,mp-11283,-0.24109311249999918
15502,mp-762347,-0.43389105474999995
15503,mp-570158,-2.067716923613636
15504,mp-1018157,-0.6788662343750005
15505,mp-763268,-2.3329657570881235
15506,mp-777420,-2.147953162718254
15507,mp-532267,-1.428554211681817
15508,mp-2861,-0.5126512600000019
15509,mp-1265,-3.03830917
15510,mp-865855,-0.6024802275000027
15511,mp-10932,-3.2984035791666653
15512,mp-770741,-2.4213418738461536
15513,mp-18808,-3.11040649758621
15514,mp-763190,-2.589218652777778
15515,mp-977446,-0.5023238004999981
15516,mp-27779,-1.3020731761904776
15517,mp-28845,-1.7114453870833337
15518,mp-843,-0.017917188947366543
15519,mp-705675,-2.161222606406535
15520,mp-427,-0.19770720125000008
15521,mp-636946,-0.0917423522727267
15522,mp-7928,-1.1106856906249987
15523,mp-1005986,-0.12511378321428676
15524,mp-32755,-1.8574149437499998
15525,mp-763192,-3.0332898854166666
15526,mp-23279,-0.39144363958333867
15527,mp-779347,-3.1302751706249996
15528,mp-27710,-0.25679886399999957
15529,mp-20036,-2.262120790892855
15530,mp-973965,0.005839113125002626
15531,mp-989618,-3.0547069124310346
15532,mp-776870,-2.4292323011904764
15533,mp-1018147,-0.7095176075000005
15534,mp-644925,-2.1307237420490717
15535,mp-779987,-2.363658254444444
15536,mp-676799,-0.044082224166656185
15537,mp-18582,-3.193642910138891
15538,mp-11677,-0.9870344161111101
15539,mp-774482,-3.019484092752232
15540,mp-568808,-2.0566719056249996
15541,mp-769637,-3.0683376697023803
15542,mp-979425,-0.31519344458333
15543,mp-1632,-0.6316373780000006
15544,mp-3826,-0.9093377519999983
15545,mp-861901,-0.20467698666666578
15546,mp-561448,-2.1635195864355325
15547,mp-977402,-0.44766913468748726
15548,mp-1018029,-0.12335180499999865
15549,mp-769210,-2.4752164153030294
15550,mp-2275,-3.6857878489285696
15551,mp-780512,-2.4491908178211643
15552,mp-772663,-1.5847795469371193
15553,mp-768765,-2.2468139276923074
15554,mp-2672,-1.284958853625
15555,mp-562501,-2.4735467846205355
15556,mp-35015,-0.8149784870312509
15557,mp-5132,-3.477044902440475
15558,mp-697657,-2.5721410279511145
15559,mp-10914,-1.0926712641041665
15560,mp-540093,-2.0820809397222226
15561,mp-24227,-0.8069243823529412
15562,mp-21531,-0.4415542708793069
15563,mp-30993,-3.0432019433333353
15564,mp-11918,-1.2485348290000027
15565,mp-10428,-0.31333652960416647
15566,mp-849537,-2.451981873235294
15567,mp-972869,-0.9098154593749994
15568,mp-10133,-0.613486305500001
15569,mp-1552,-0.13904961666666557
15570,mp-7999,-3.6555932181818176
15571,mp-23672,-1.4416582326785712
15572,mp-758770,-3.3005215237654313
15573,mp-978273,-0.03327646499999837
15574,mp-977556,-0.22856628249999922
15575,mp-13401,-0.5018120229999994
15576,mp-850255,-1.8853605087408432
15577,mp-571281,-0.12912161000000058
15578,mp-30467,-0.12133411683333482
15579,mp-29379,-0.9586009623214287
15580,mp-850341,-2.1479728466666663
15581,mp-771241,-2.944382028847221
15582,mp-31212,-3.3673903384999995
15583,mp-971859,0.6166455127083337
15584,mp-30298,-1.8853003836874995
15585,mp-541709,-1.2592570726190486
15586,mp-769262,-1.9611838621249995
15587,mp-567690,-0.0963823219444458
15588,mp-2751,-0.32569657375000105
15589,mp-764319,-1.9186728526190475
15590,mp-27252,-0.826551342166668
15591,mp-998227,-2.9432295164499997
15592,mp-4854,-0.8310821775000008
15593,mp-530748,-3.342882417142857
15594,mp-669914,-0.06610386388889111
15595,mp-867242,-0.5209366343750004
15596,mp-26532,-2.0531596352619044
15597,mp-559795,-1.450949288367457
15598,mp-284,-0.556456129999999
15599,mp-672225,-0.17447263964285803
15600,mp-541950,-0.8844602681250009
15601,mp-760476,-3.556688546111109
15602,mp-1698,-0.7790943725000012
15603,mp-571323,-1.4173557404285726
15604,mp-695780,-2.650895510115285
15605,mp-776732,-2.6858066620512817
15606,mp-680093,-0.8267738600606058
15607,mp-27383,-2.6970007564583334
15608,mp-675779,-1.1445195457407367
15609,mp-3999,-1.1185256040000013
15610,mp-976406,-0.5800832007327568
15611,mp-15613,-0.5615106980357122
15612,mp-683910,-0.2324679016206016
15613,mp-771963,-2.835343167250001
15614,mp-765617,-1.5152485033333332
15615,mp-765277,-2.3954156159013604
15616,mp-20724,-0.03637390333332983
15617,mp-779307,-2.2076366248611112
15618,mp-517,-0.44631093577778025
15619,mp-23180,0.0008905625000039663
15620,mp-559043,-1.5889571846071426
15621,mp-567929,-0.5314029658823509
15622,mp-9615,-1.6771271754166657
15623,mp-7381,-0.0560849454166652
15624,mp-9559,-2.991003283181821
15625,mp-774344,-2.422929928680897
15626,mp-866027,-0.6619648737499944
15627,mp-8612,-0.413795292270828
15628,mp-6941,-2.2430829620833337
15629,mp-10135,-0.6576229255000016
15630,mp-15011,-1.0188344509698268
15631,mp-1540,-0.42856309249999214
15632,mp-560986,-1.3207703347656252
15633,mp-769510,-2.4176546630357145
15634,mp-977545,-0.3113396162500024
15635,mp-3939,-0.8361904110000011
15636,mp-568100,-0.8192526862500014
15637,mp-3808,-3.0599450377856994
15638,mp-865327,-0.363315783124996
15639,mp-9692,-1.0967131060885447
15640,mp-2985,-0.47519775555555555
15641,mp-707226,-0.8707122385110299
15642,mp-258,0.08338466999999856
15643,mp-850913,-2.9492691630555563
15644,mp-554591,-2.4727801221562506
15645,mp-561062,-2.29303750261969
15646,mp-504536,-0.316626001111113
15647,mp-23705,-0.27102028524999966
15648,mp-23894,-1.7175544385416668
15649,mp-680944,-3.0338327353571435
15650,mp-5948,-0.5496728859999997
15651,mp-542154,-0.2736412754166662
15652,mp-974065,-0.948753260416666
15653,mp-556892,-1.7889542243333338
15654,mp-21280,-2.081831488999999
15655,mp-744930,-1.4045423271428565
15656,mp-540270,-2.400602837428571
15657,mp-21035,-0.7973078749999984
15658,mp-18347,-0.9636403271875018
15659,mp-638,-0.2202230924999995
15660,mp-558383,-2.903348538251232
15661,mp-8058,-2.820636907916667
15662,mp-5706,-0.28731242203274404
15663,mp-437,-0.5919899674999982
15664,mp-9435,-1.220513247777777
15665,mp-28517,-0.7291258147585267
15666,mp-755015,-3.0115105434698277
15667,mp-16503,-0.64162503875
15668,mp-774433,-2.3391917035509033
15669,mp-556905,-3.093301214019607
15670,mp-631520,0.8922200985416655
15671,mp-23026,-1.3408432859310349
15672,mp-20415,-0.7828903066666726
15673,mp-23159,-0.4563233712500079
15674,mp-3442,-3.538690571666666
15675,mp-11227,-0.0721041215384599
15676,mp-998928,-0.47642469458333414
15677,mp-15722,-0.3900629509523808
15678,mp-775761,-0.4139464693333338
15679,mp-754541,-2.7608316658333365
15680,mp-763211,-2.5671157788888888
15681,mp-734875,-1.3576959657352945
15682,mp-3834,-3.6391689690000013
15683,mp-8760,-0.8615047053902095
15684,mp-27752,-1.1484863330517252
15685,mp-12266,-3.0399361891666676
15686,mp-10712,-0.4943482479999986
15687,mp-18049,-2.4169664960515878
15688,mp-779365,-3.045368714166667
15689,mp-631255,0.684768167777778
15690,mp-27837,-2.467629380657327
15691,mp-15793,-1.9265539136718743
15692,mp-566257,-2.0774844622222237
15693,mp-978910,-0.8324633966666646
15694,mp-1008285,0.25941064000000047
15695,mp-771082,-2.057149791145833
15696,mp-32352,-2.3556422051058195
15697,mp-776753,-2.3261446267797625
15698,mp-22636,-0.44462663244444417
15699,mp-3678,-0.9158222853333313
15700,mp-560965,-0.9683160289620683
15701,mp-649982,-0.6585281323026299
15702,mp-30754,-0.6840250083333399
15703,mp-673117,-2.2779713572619054
15704,mp-756090,-1.681288110064655
15705,mp-767752,-2.45208269388889
15706,mp-23560,-1.93059506552631
15707,mp-1019735,-3.213023907425289
15708,mp-15248,-2.8739655360041665
15709,mp-557104,-2.988829571851851
15710,mp-1019895,-2.732001539907407
15711,mp-558609,-3.312328550179486
15712,mp-675832,-1.3845337431249973
15713,mp-16209,-1.3766395602525507
15714,mp-733858,-1.627888064263392
15715,mp-626708,-1.2053718425000006
15716,mp-30670,-0.4639743099999919
15717,mp-769563,-2.226278001666667
15718,mp-772309,-1.771613095208333
15719,mp-14862,-3.01476975453125
15720,mp-20418,-0.742177496666668
15721,mp-770514,-2.0160203533347696
15722,mp-621994,-2.47005434583334
15723,mp-29128,-1.6794167385777778
15724,mp-24509,-0.8565322141666665
15725,mp-764991,-2.5180092012126245
15726,mp-11361,-0.16742089666666615
15727,mp-18781,-1.6313038499999994
15728,mp-676518,-0.27575833722222143
15729,mp-11691,-2.9337796689285693
15730,mp-695891,-0.5627729719642858
15731,mp-767610,-2.0293368584770115
15732,mp-1013546,-0.6723631780000009
15733,mp-27914,-1.7116207995197052
15734,mp-973261,-2.6352086542857136
15735,mp-504207,-2.504924871216932
15736,mp-863744,-0.7406157475000015
15737,mp-19380,-1.2975611295833342
15738,mp-643248,-1.9049663198132183
15739,mp-740707,-0.39500185305555546
15740,mp-10194,-1.3663540288888878
15741,mp-759651,-0.9461311991666671
15742,mp-865169,-0.6435815725000005
15743,mp-979013,-0.39515411874999984
15744,mp-733655,-1.7567987432857137
15745,mp-15254,-3.4807733714999975
15746,mp-761745,-1.2392529871212126
15747,mp-862754,-1.5508041156666657
15748,mp-557125,-2.605988714022727
15749,mp-568644,-1.2327974147542888
15750,mp-776456,-3.255844817000002
15751,mp-19754,-0.3406106683333334
15752,mp-554837,-2.1869562302222247
15753,mp-29286,-2.499323883055553
15754,mp-986,-0.1915979199999982
15755,mp-33738,-1.0489973416666665
15756,mp-555903,-1.3017925411538454
15757,mp-4495,-1.209200204083335
15758,mp-779515,-1.928987396963602
15759,mp-11740,-1.6850425553125028
15760,mp-4325,-2.3532942956818177
15761,mp-755060,-1.1219153347701163
15762,mp-767435,-2.5037377671428565
15763,mp-23047,-0.553770036053638
15764,mp-28296,-0.9869251632142841
15765,mp-752701,-2.3343133881666662
15766,mp-974846,1.4121152568750004
15767,mp-975299,-1.251412653833333
15768,mp-695048,-3.1711679174242433
15769,mp-2509,-0.7331085000000002
15770,mp-11733,-1.2188013157499937
15771,mp-974307,-1.9691439372916664
15772,mp-768865,-3.4017184760416663
15773,mp-777694,-2.758962322261904
15774,mp-36765,-2.2292775740476194
15775,mp-771698,-3.6653477362499998
15776,mp-769396,-3.0546022340909076
15777,mp-865532,-2.227401601212121
15778,mp-505484,-1.0550985705555551
15779,mp-758251,-2.6220189498809523
15780,mp-999188,-0.13035502499999918
15781,mp-1019726,-1.1302920340277798
15782,mp-996975,-0.724300867916666
15783,mp-706585,-2.2410513512857135
15784,mp-865917,-0.2647494109895838
15785,mp-766308,-1.8754491216666664
15786,mp-1291,-0.48500269333333534
15787,mp-851120,-3.0989062764001716
15788,mp-570255,-0.5126962263333326
15789,mp-721075,-1.7165892264716758
15790,mp-11023,-2.563697553749998
15791,mp-23576,-2.4918396336925284
15792,mp-7781,-2.0321961839999987
15793,mp-758571,-3.308075045114943
15794,mp-998194,-1.4829116418333324
15795,mp-647343,-0.7205670943303564
15796,mp-4421,-3.7128335449722214
15797,mp-30438,-0.22044840916666786
15798,mp-768992,-1.9076711446666659
15799,mp-861915,-0.5736724216666609
15800,mp-2303,-0.38953852499999897
15801,mp-9042,-0.807927857750002
15802,mp-30077,-0.4889918421499992
15803,mp-530165,-3.2384291922489963
15804,mp-30834,-0.579115999000004
15805,mp-696512,-1.2609518001724145
15806,mp-5671,-0.8369478311904757
15807,mp-557517,-1.7322465985416653
15808,mp-558056,-3.109775057107143
15809,mp-7324,-2.888861876698979
15810,mp-862895,-0.40201961999999636
15811,mp-772999,-2.2720338747437734
15812,mp-865048,-0.7074610533333328
15813,mp-780870,-1.4545630391666673
15814,mp-1014168,-1.6268859464310323
15815,mp-774726,-0.4510341425
15816,mp-650015,-0.7702749028571428
15817,mp-766084,-2.7164435079844966
15818,mp-697264,-1.3436974146679685
15819,mp-2103,-0.017634247500001976
15820,mp-20440,-0.17108835323275962
15821,mp-8098,-2.1295270908333337
15822,mp-552729,-1.359852848949999
15823,mp-774479,-3.311104155333334
15824,mp-560790,-2.927573511068966
15825,mp-984635,-0.6349791415277792
15826,mp-28812,-0.658539459833331
15827,mp-1019514,-3.0371417121626987
15828,mp-1018131,-0.35186784888888667
15829,mp-1020,-0.6387818193333352
15830,mp-7405,-3.6977947704999847
15831,mp-775849,-2.09719692125
15832,mp-30971,-0.42316972020833354
15833,mp-568195,0.026661801724143532
15834,mp-569726,-0.19824139645070815
15835,mp-867502,-0.8404258475000024
15836,mp-567458,-1.0310578308571423
15837,mp-36395,-1.9381046885714284
15838,mp-568928,-1.1433634692857144
15839,mp-705358,-2.343272488551587
15840,mp-28712,-1.579683229999991
15841,mp-29591,-1.6326443937500006
15842,mp-738657,-1.830975397717742
15843,mp-770417,-2.411185361176314
15844,mp-8537,-1.9783042359999996
15845,mp-754212,-1.9767342311111085
15846,mp-18687,-3.3547878541666662
15847,mp-779078,-1.4650953904597699
15848,mp-567278,-1.330957356000001
15849,mp-21609,-0.5551026448611114
15850,mp-12912,-2.7364761841666665
15851,mp-4709,-3.503020980277776
15852,mp-22234,-1.7941937592857156
15853,mp-774310,-1.879407420980392
15854,mp-31027,-0.6905308802777737
15855,mp-862492,-0.3004057975000025
15856,mp-653120,-0.4536939577832462
15857,mp-28797,-1.6599602292708322
15858,mp-569299,-0.09481202016666686
15859,mp-974416,0.12750222375000675
15860,mp-1510,0.3230095871052634
15861,mp-850395,-2.3897290512266522
15862,mp-675821,-3.70648601112121
15863,mp-30419,-0.22900603124999552
15864,mp-754637,-2.2151410741513646
15865,mp-3392,-0.3144436638333389
15866,mp-31430,-0.1758322733333332
15867,mp-685810,-1.5350483948500004
15868,mp-20834,-0.9841565333333312
15869,mp-974738,0.09926039425000077
15870,mp-985584,-1.1127194023475977
15871,mp-768207,-2.2384662738591268
15872,mp-677597,-1.2768286689230746
15873,mp-774155,-1.8779592727777779
15874,mp-778032,-2.7884365064102563
15875,mp-32594,-2.173472364187501
15876,mp-568191,-1.764532271449653
15877,mp-978953,-0.48993082687499623
15878,mp-867673,-1.030519672391549
15879,mp-26762,-2.4222853043406594
15880,mp-559695,-2.909695468681035
15881,mp-980659,-1.3911346685000001
15882,mp-984082,-2.2663363689310345
15883,mp-631526,1.4111718290277746
15884,mp-780868,-1.4588067200000008
15885,mp-21706,-2.9794744228571424
15886,mp-17371,-3.7737012608750002
15887,mp-766979,-2.185173317952382
15888,mp-23162,-2.0537103066666673
15889,mp-31330,-0.6967559091666671
15890,mp-567824,-0.21793043808593993
15891,mp-1018096,-1.8165359425000003
15892,mp-7017,-0.8841410478448282
15893,mp-15953,-0.7267235144841256
15894,mp-19443,-2.18494683875
15895,mp-762643,-2.506195764047618
15896,mp-608031,-2.647696009391165
15897,mp-1018676,-0.7362751833333316
15898,mp-975056,0.3596044843749999
15899,mp-9619,-0.6552373268067212
15900,mp-755225,-2.46284939711111
15901,mp-775333,-2.2568608741071423
15902,mp-607111,-0.7531256231249941
15903,mp-766250,-1.8398933739634151
15904,mp-348,-0.9830587200000025
15905,mp-2612,-0.015159295000000128
15906,mp-542121,-3.096012737702703
15907,mp-561877,-4.459131897499997
15908,mp-569059,-1.2166094910000012
15909,mp-3159,-1.0754883984821428
15910,mp-696457,-2.28667560211039
15911,mp-18771,-2.595678251999999
15912,mp-557126,-3.2790385757066356
15913,mp-4515,-0.19799694549107016
15914,mp-558418,-2.527237383922414
15915,mp-972,-0.9278046767726291
15916,mp-18568,-0.952312971139842
15917,mp-16497,-0.42900613375000063
15918,mp-14249,-0.9971788647585969
15919,mp-29215,-1.9293201324185456
15920,mp-18956,-2.7552086391666677
15921,mp-18934,-2.3685615429166678
15922,mp-556531,-3.0611450143750005
15923,mp-757546,-3.220135257981763
15924,mp-13929,-2.979957276750001
15925,mp-754514,1.037821919999999
15926,mp-13514,-3.465548755833333
15927,mp-27880,-1.677610558500001
15928,mp-757115,-1.8896570030131579
15929,mp-5965,-2.9694034615000007
15930,mp-974769,-0.5220570760000023
15931,mp-27477,-2.3172802172222213
15932,mp-6520,-2.429325057666667
15933,mp-865526,-2.3224190385
15934,mp-972103,0.3944103037500071
15935,mp-696804,-0.9331414287500012
15936,mp-12725,-2.1477799273333327
15937,mp-980948,-0.424974315833333
15938,mp-557481,-2.641628772727273
15939,mp-540993,-1.4175851405689657
15940,mp-567768,-0.760831623333336
15941,mp-675120,-0.10950630083333361
15942,mp-557650,-1.7565986568633543
15943,mp-976955,-2.5957365812962943
15944,mp-559270,-1.3724345230555548
15945,mp-975599,0.04088620041666502
15946,mp-1009222,-0.6114687772413809
15947,mp-4952,-0.3061308959999998
15948,mp-558553,-3.4684068836190467
15949,mp-764760,-2.963911693055556
15950,mp-780239,-2.416467001980777
15951,mp-17377,-2.8210420003363095
15952,mp-560021,-1.64650157578125
15953,mp-865696,-0.834815710624996
15954,mp-30490,-0.05086819874999904
15955,mp-29779,-0.8194812774999987
15956,mp-27141,-1.7829062761466175
15957,mp-31103,-0.14892679600000064
15958,mp-8615,-2.9548057465277773
15959,mp-758835,-1.0062007007586213
15960,mp-759750,-2.1321406491666672
15961,mp-572726,-0.6840786968593751
15962,mp-684053,-2.3123030606081083
15963,mp-7089,-0.6328613440833335
15964,mp-558754,-2.1246336746153847
15965,mp-558826,-3.8954981469166663
15966,mp-865882,-0.404347580833333
15967,mp-764436,-1.8731107129464288
15968,mp-559313,-3.254960442083334
15969,mp-15012,-1.125855964937499
15970,mp-7547,-1.7082743515625005
15971,mp-697733,-2.2237113754285716
15972,mp-773047,-2.9050363909910715
15973,mp-15635,-2.6527897053333356
15974,mp-23022,-1.14873093745
15975,mp-631686,0.7964247887916684
15976,mp-559540,-1.9606246340625
15977,mp-775135,-2.4078633807738092
15978,mp-557467,-2.7781162866666667
15979,mp-555321,-3.3830551158333377
15980,mp-1009548,0.9524291725000005
15981,mp-756631,-2.778430149175825
15982,mp-568937,-2.244489987426106
15983,mp-28143,-0.2840165186041664
15984,mp-23876,-1.0312173546666676
15985,mp-560870,-2.76367026986111
15986,mp-1019103,-1.165989458333281
15987,mp-2470,-2.247902868906248
15988,mp-7878,-0.3248468900000006
15989,mp-555300,-2.4743062306283528
15990,mp-2434,-0.49406602999999905
15991,mp-758156,-2.4468376684065927
15992,mp-642817,-1.5458172520000002
15993,mp-942701,-2.0952981360416665
15994,mp-505362,-2.40069353529762
15995,mp-568814,-0.8022683599999976
15996,mp-16852,-0.3005505069999998
15997,mp-850889,-2.4316587204523814
15998,mp-2267,-0.672561126666667
15999,mp-534773,-3.070061787470717
16000,mp-1005690,-0.7564911063095232
16001,mp-20387,-0.45507907874999987
16002,mp-7922,-2.6152433624999993
16003,mp-975608,-0.4344670433333313
16004,mp-568831,-0.7594424012037043
16005,mp-1089,-0.7329219958333315
16006,mp-20145,-0.5151813052083334
16007,mp-997089,-1.107666330344827
16008,mp-977581,-0.5296377318750043
16009,mp-556633,-3.0598834849137937
16010,mp-1684,-0.22188130749999857
16011,mp-604537,-0.4199929756206899
16012,mp-29708,-0.9548964885555549
16013,mp-779602,-2.2827754626079733
16014,mp-1001831,0.15484507041666618
16015,mp-1019512,-3.035414427857143
16016,mp-540707,-2.1640737866206905
16017,mp-770517,-2.01564538625
16018,mp-733650,-1.1932129704227936
16019,mp-704236,-2.454409629181508
16020,mp-865469,-0.5047772636494248
16021,mp-5603,-0.5824941883333334
16022,mp-581778,-0.8717317907575751
16023,mp-972463,-0.9913320075000023
16024,mp-569465,-1.796096185530013
16025,mp-978652,0.40940960750000244
16026,mp-615173,-1.8554361816666674
16027,mp-6326,-3.2042819779761915
16028,mp-769119,-3.128044478125002
16029,mp-1008903,-0.2785276555555522
16030,mp-764,-0.08812799000000027
16031,mp-754599,-3.735884278928573
16032,mp-775008,-2.5223855896428575
16033,mp-20778,-3.286430635277777
16034,mp-5803,-2.929560521734694
16035,mp-541037,-1.1853045932183914
16036,mp-31953,-2.6337244840736176
16037,mp-8770,-0.9007077107995691
16038,mp-706621,-2.125727549733974
16039,mp-18484,-1.8150699733692524
16040,mp-26746,-2.266617494928571
16041,mp-23017,-1.063013854942529
16042,mp-11567,-0.13657628269230726
16043,mp-10912,-1.9604615862037034
16044,mp-556477,-4.076956099416664
16045,mp-662556,-0.6689727386904768
16046,mp-705430,-1.710803575421456
16047,mp-756034,-3.0203174190948276
16048,mp-773188,-2.2353642333642796
16049,mp-2031,-0.1403742000000007
16050,mp-977371,-1.2041066496651789
16051,mp-28542,-2.3606193079137916
16052,mp-754327,-3.0966008757142833
16053,mp-570611,-0.6701467695833303
16054,mp-676167,-3.7414739972564113
16055,mp-757336,-2.3846797662499997
16056,mp-570637,-0.23813254000000939
16057,mp-743624,-3.4004324303819438
16058,mp-6059,-3.579474422656034
16059,mp-2204,-1.676373578928572
16060,mp-29463,-0.9938989936111113
16061,mp-2990,-0.5277725311111097
16062,mp-757905,-2.810185670901361
16063,mp-972536,-0.3271089612500031
16064,mp-761032,-2.2267623720833334
16065,mp-13686,-0.7232154362499976
16066,mp-561113,-0.9160639168055553
16067,mp-3618,-0.7465786570000006
16068,mp-768263,-3.3623015144444457
16069,mp-31560,-2.5065599658020044
16070,mp-770731,-3.2784125986904757
16071,mp-22033,-0.5467133816666667
16072,mp-919,-1.4516875825
16073,mp-973740,-0.5169201650624995
16074,mp-774408,-2.0556157207978365
16075,mp-647116,-0.8567314545833334
16076,mp-571505,-0.12451336599999899
16077,mp-733598,-0.7115833320833322
16078,mp-540922,-0.4505217331249982
16079,mp-4320,-1.2293099765833333
16080,mp-556015,-2.369895161315787
16081,mp-510577,-0.6501351140624996
16082,mp-510441,-1.0816878512500026
16083,mp-23979,-1.6532964980491072
16084,mp-1008650,-1.7924745161718736
16085,mp-11236,-0.15261389708333262
16086,mp-28776,-1.9020974002500024
16087,mp-7126,-0.32363007638889013
16088,mp-761033,-3.0210751249999994
16089,mp-627575,-1.8665278925517226
16090,mp-557892,-1.1983509850757563
16091,mp-17158,-0.3277145185000003
16092,mp-761857,-2.800929619666667
16093,mp-15071,-0.9279304393318959
16094,mp-767597,-2.6746416530377672
16095,mp-740714,-2.5712875568627465
16096,mp-972071,-0.05862644750000001
16097,mp-505274,-2.1990451986083746
16098,mp-557842,-3.1091108876071427
16099,mp-21730,-1.7404824157857148
16100,mp-22627,-0.5385093239880945
16101,mp-779599,-3.6322481709999996
16102,mp-7898,-0.24609071625000078
16103,mp-568328,-0.3418431917142847
16104,mp-18581,-0.9557616990476213
16105,mp-504807,-1.1371905578571422
16106,mp-5149,-0.41626061249999413
16107,mp-23426,-2.857885393999998
16108,mp-27580,-1.7639534450000005
16109,mp-775205,-2.513076170397783
16110,mp-1008617,-0.35908485500000137
16111,mp-34116,-2.075222479285716
16112,mp-5365,-0.7355499283333344
16113,mp-567655,-1.7546243692857146
16114,mp-558864,-2.307818982812519
16115,mp-18982,-2.291196596818182
16116,mp-776579,-1.8128886658823529
16117,mp-772878,-2.0041276377777755
16118,mp-583,-0.21354417375000168
16119,mp-583297,-2.1184251184615377
16120,mp-571555,-1.1137489592708332
16121,mp-642736,-0.31459033833332956
16122,mp-997553,-1.4604442037500007
16123,mp-28877,-0.8645585569252872
16124,mp-779366,-2.545440239828041
16125,mp-20103,-1.1394116011111162
16126,mp-772296,-1.6723885579166662
16127,mp-1007823,-0.6571503875000015
16128,mp-22375,-0.7216947956874975
16129,mp-11519,-0.25160581124999837
16130,mp-961652,-0.5048053033333334
16131,mp-3777,-1.3062351931250014
16132,mp-573563,-0.9913402128571434
16133,mp-643371,-0.40806944116666666
16134,mp-976133,-1.5804747567758626
16135,mp-9416,-2.0444815950000006
16136,mp-2645,-0.3272619724999994
16137,mp-862676,-0.3629328504166649
16138,mp-640057,-1.329870144944444
16139,mp-4920,-0.8926437494999988
16140,mp-558393,-2.208159844117648
16141,mp-554279,-1.5316591213095254
16142,mp-555044,-1.5935681832812492
16143,mp-554258,-3.25519786375
16144,mp-760683,-2.5116932983169145
16145,mp-22795,-0.08921331333333644
16146,mp-769568,-2.6111354076033106
16147,mp-570876,-1.1806168010806652
16148,mp-1016825,-3.037705825999999
16149,mp-541751,-0.19002738342105524
16150,mp-17063,-1.5177941349999997
16151,mp-20466,-0.29034646416666493
16152,mp-756564,-2.7976168300000004
16153,mp-977224,-0.6634001510416638
16154,mp-26113,-2.75505324098545
16155,mp-20565,-0.1824907109770114
16156,mp-22317,-0.6310492083333349
16157,mp-17638,-1.0984754255468747
16158,mp-30914,-0.3382334136111196
16159,mp-618,-0.1675786381250014
16160,mp-554286,-2.916625972698413
16161,mp-636525,-0.44854665000000227
16162,mp-975883,-0.5549894385416678
16163,mp-628664,-1.0389370044047634
16164,mp-770170,-2.5605884812962967
16165,mp-707836,-0.46972669274999956
16166,mp-776359,-2.916885902222224
16167,mp-18198,-1.00175571055556
16168,mp-777964,-1.6911094521264374
16169,mp-680063,-1.4860150922378048
16170,mp-643154,-2.720508113696428
16171,mp-39208,-3.297388075083333
16172,mp-849421,-2.642242212486773
16173,mp-707501,-0.4982939555319145
16174,mp-10708,-0.3525971813333314
16175,mp-773145,-1.7012847571929826
16176,mp-849399,-2.6023665563103453
16177,mp-759694,-3.4148748551388906
16178,mp-778816,-1.2964213729166663
16179,mp-9880,-0.5124293602083325
16180,mp-865170,-0.42948686937499936
16181,mp-760470,-3.9266676577777764
16182,mp-651728,-1.1319852493055562
16183,mp-8610,-1.913959471111112
16184,mp-505495,-0.70487055078373
16185,mp-16483,-0.31669763999999984
16186,mp-1001023,0.8492159766666655
16187,mp-24522,-1.449014392777778
16188,mp-10401,-2.5469590946296314
16189,mp-21255,-0.012572867083334494
16190,mp-557024,-3.2019492481944454
16191,mp-15362,-3.088789137941177
16192,mp-636821,-0.01894287785713646
16193,mp-3960,-3.6954249399999988
16194,mp-30530,-0.6997990938888895
16195,mp-754598,-0.8761546453177151
16196,mp-27146,-0.6590701047836529
16197,mp-2415,-0.294048468750006
16198,mp-17697,-3.988066557458333
16199,mp-30627,-0.332018231666666
16200,mp-558521,-1.9039577320928023
16201,mp-21447,-0.4267563682738095
16202,mp-642279,-0.3679471358620664
16203,mp-754739,-3.091127485625
16204,mp-2896,-0.8861227203333307
16205,mp-11822,-0.8614104477499993
16206,mp-1016930,-1.410527672
16207,mp-998309,-2.3904132132068967
16208,mp-636256,-0.125284451785717
16209,mp-10734,-3.091059832037038
16210,mp-1017983,-0.13448642916666742
16211,mp-12156,-1.9721486983749992
16212,mp-1018695,-0.7140231450000082
16213,mp-1532,-0.19839139791666582
16214,mp-648932,-0.9649609967032995
16215,mp-19843,-3.620338527999999
16216,mp-709066,-2.0442951510565477
16217,mp-20757,-0.20761954431034488
16218,mp-753173,-2.9661650500000007
16219,mp-567749,-0.809339719999997
16220,mp-696157,-1.7651883006087263
16221,mp-763504,-2.67297744568327
16222,mp-9241,-0.3407970662499986
16223,mp-23644,-1.0205828308333358
16224,mp-627119,-1.9170865072500007
16225,mp-569349,-0.8568534768179572
16226,mp-8145,-2.9976477018749987
16227,mp-23818,-0.6094920114166655
16228,mp-703343,-1.549569960674603
16229,mp-757945,-2.4184028263775508
16230,mp-1006883,0.15410190500000098
16231,mp-866191,-0.2536105983333332
16232,mp-541587,-1.186467960533843
16233,mp-2478,-0.518399057777777
16234,mp-779703,-2.0280802540722496
16235,mp-24391,-1.7614214725390633
16236,mp-10234,-1.9027932202777784
16237,mp-4170,-3.0352381667425306
16238,mp-865842,-0.8354517870833362
16239,mp-862696,-0.6192085262499987
16240,mp-561255,-2.0992435131714298
16241,mp-22980,-1.6204351309523806
16242,mp-772782,-2.72886538742857
16243,mp-757155,-2.585572099915967
16244,mp-973456,-0.5250557836458327
16245,mp-866018,-0.457048125
16246,mp-1184,-0.31321403149999866
16247,mp-14782,-1.0568234322257075
16248,mp-505089,-3.3087265857692296
16249,mp-1270,-2.3797331431874995
16250,mp-760377,-2.704159566611721
16251,mp-29688,-1.2899004606818176
16252,mp-7100,-4.25637281
16253,mp-772149,-3.0014005979545457
16254,mp-560553,-1.8245897121428558
16255,mp-541813,-3.5016158335
16256,mp-2455,-0.30389278500000216
16257,mp-780671,-2.671571133966667
16258,mp-557825,-0.5680140012500008
16259,mp-5505,-1.7239247895000005
16260,mp-19352,-2.369613685604167
16261,mp-21834,-0.08819616225000004
16262,mp-979263,0.07125463125000309
16263,mp-27630,-1.5936489274999999
16264,mp-12565,-0.2394173888965497
16265,mp-36734,-4.140328989999998
16266,mp-979942,0.12264651625000056
16267,mp-631524,1.1409748563541697
16268,mp-20305,-0.3885098062499992
16269,mp-601348,-2.3027079990634918
16270,mp-779165,-2.9346300902622127
16271,mp-570677,-0.34695077681818726
16272,mp-19058,-2.056674646666667
16273,mp-782639,-3.2751136006481465
16274,mp-13453,-0.38197974749999997
16275,mp-542515,-2.279731501274508
16276,mp-861738,-0.42358852249999696
16277,mp-989517,-1.2000023591810347
16278,mp-6576,-0.5031244922222223
16279,mp-34260,-3.866590884
16280,mp-674897,-3.082470131249999
16281,mp-704630,-2.3241534457246376
16282,mp-17715,-3.487587180518501
16283,mp-157,0.020214559523809683
16284,mp-560981,-2.9804673033903937
16285,mp-13119,-1.2668957174999989
16286,mp-763878,-2.516541403649425
16287,mp-569842,-1.2588791087499993
16288,mp-570326,-1.7455233929310345
16289,mp-12668,-3.575732090166664
16290,mp-18182,-2.3951630360696043
16291,mp-759550,-2.399846410714285
16292,mp-8458,-0.9916395283333331
16293,mp-20571,-1.1882392013888843
16294,mp-862365,-0.6930195999999986
16295,mp-567558,-1.5227366853304596
16296,mp-863716,-0.8215086912500027
16297,mp-761153,-3.605931631470585
16298,mp-973267,-1.982492657450002
16299,mp-763484,-2.415776589999999
16300,mp-41837,-3.1905124762037036
16301,mp-9113,-2.2920412385221667
16302,mp-10992,-0.9348328450000025
16303,mp-572741,-2.913354760848983
16304,mp-126,0.0
16305,mp-850277,-1.893001050833334
16306,mp-984785,-0.03154787937500103
16307,mp-645555,-2.9879466085833335
16308,mp-707457,-2.1765000972031254
16309,mp-10527,-0.7719015860000014
16310,mp-530074,-0.03324094609523952
16311,mp-1013525,-1.2009862383333332
16312,mp-4911,-0.48310709999999657
16313,mp-17490,-0.38516921916666685
16314,mp-7595,-2.3894678616666662
16315,mp-580234,-0.14610608499999955
16316,mp-12410,-2.770439125666666
16317,mp-555816,-2.0110923904045124
16318,mp-27200,-0.06626987795454653
16319,mp-753891,-3.613995620555555
16320,mp-15683,-0.24481543249999996
16321,mp-676764,-0.35103004828124895
16322,mp-569250,-0.6085838975000044
16323,mp-739,-1.2880608885714295
16324,mp-27622,-1.5752159940517216
16325,mp-14356,-0.6016960038270608
16326,mp-1007690,0.06453856875000241
16327,mp-979114,0.2447649724999934
16328,mp-30156,-0.8088099351388891
16329,mp-17875,-0.9844566178125002
16330,mp-672651,-0.5902103912068957
16331,mp-1008820,1.4172402966666624
16332,mp-17637,-2.7364963206249993
16333,mp-541280,-3.116898823928572
16334,mp-23733,-1.335737794166667
16335,mp-29606,-1.6780573655555553
16336,mp-980004,-0.5300658887500003
16337,mp-867897,-0.6225111480833334
16338,mp-769620,-2.4392219362500005
16339,mp-756424,-3.954000719333332
16340,mp-571571,-1.3222841037499977
16341,mp-676143,-1.899057999315475
16342,mp-754326,-1.0032014557614932
16343,mp-865898,-0.3441260658333336
16344,mp-16544,-0.4403349120588261
16345,mp-16587,-3.2618791708854165
16346,mp-861868,-3.1462473134402944
16347,mp-27376,-3.0185473753846077
16348,mp-779357,-2.8912958200000003
16349,mp-6872,-2.7063772447678573
16350,mp-684721,-2.351895718666666
16351,mp-3183,-0.7937018901666647
16352,mp-669445,-0.6640040223571418
16353,mp-38494,-2.001360928710941
16354,mp-973648,-0.4669479150000001
16355,mp-12079,-0.7382152358750005
16356,mp-625521,-0.9227109907500008
16357,mp-28387,-1.0092745887142889
16358,mp-771394,-2.6023725423973727
16359,mp-36641,-0.4253502994117485
16360,mp-850422,-1.8014803366666665
16361,mp-776979,-1.8517544223684215
16362,mp-505031,-2.396182305213014
16363,mp-5760,-3.3128255499999977
16364,mp-867307,-0.2576570874999984
16365,mp-8590,-3.6590015521666635
16366,mp-1008395,0.33508167499999963
16367,mp-680615,-0.6216418125714231
16368,mp-1008922,0.8419680825000011
16369,mp-765718,-2.2115575976190476
16370,mp-1476,-2.0752872339062503
16371,mp-866169,-0.18777700597917146
16372,mp-619475,-2.8165200054166672
16373,mp-12441,-3.395783402142857
16374,mp-2828,-1.9824780593750013
16375,mp-5756,-0.20215809302827203
16376,mp-776491,-3.1712613693107774
16377,mp-770492,-2.184056704267242
16378,mp-977410,-0.25783830187499923
16379,mp-771214,-2.1101835411363625
16380,mp-569790,-0.9486019034635405
16381,mp-744434,-2.056912734711538
16382,mp-985295,0.20542232584686104
16383,mp-973892,-3.3154653480000014
16384,mp-559932,-2.5006865198194443
16385,mp-573888,-2.7866111367499995
16386,mp-15649,-0.5710728491666686
16387,mp-989192,-1.759074503333333
16388,mp-771976,-2.346473276785715
16389,mp-1008985,0.872394495
16390,mp-2510,-0.16673357125000354
16391,mp-1629,-0.42056436999999863
16392,mp-1087,-2.4249903014062504
16393,mp-775260,-2.2637045582857147
16394,mp-862931,-0.8253240662500003
16395,mp-23801,-1.2457289063181813
16396,mp-865872,-0.14780536395833188
16397,mp-759793,-3.016703070634921
16398,mp-775177,-1.967021801607143
16399,mp-29101,-0.7966273645454526
16400,mp-768589,-1.8943784932692307
16401,mp-676779,-4.018382872637929
16402,mp-531195,-1.9575147770312502
16403,mp-770752,-2.561684609772726
16404,mp-39770,-2.5847514729058436
16405,mp-6419,-3.194144759102563
16406,mp-643460,-0.7117132560714298
16407,mp-989592,-1.2073142220000004
16408,mp-775284,-1.8841202048542698
16409,mp-31205,-0.1094675950000017
16410,mp-626536,-2.4292104282500007
16411,mp-20949,-0.4917841951436775
16412,mp-4876,-0.4358570067410718
16413,mp-1018724,-0.5448290866666644
16414,mp-2954,-0.5494636823333323
16415,mp-337,-0.08172346348214228
16416,mp-30245,-2.160714092916667
16417,mp-704879,-1.2879418852898552
16418,mp-1334,-0.2626261550000019
16419,mp-574148,-0.09752497927777691
16420,mp-446,0.10911935875000012
16421,mp-34508,-2.3618810842857125
16422,mp-7456,-2.568158011666665
16423,mp-3094,-3.4588350046428573
16424,mp-756175,-2.769714892272727
16425,mp-6954,-0.9116683341666677
16426,mp-14395,-2.606721124234914
16427,mp-648992,-2.024236461291344
16428,mp-23259,-1.825998821666666
16429,mp-2560,-0.0576747543750038
16430,mp-705530,-0.6287326953236612
16431,mp-11833,-0.2575408376388945
16432,mp-690537,-1.5125193303030307
16433,mp-1008669,0.3715773500000097
16434,mp-1001834,-0.9911279243750002
16435,mp-695948,-1.1393557231084652
16436,mp-755690,-2.8176246429166674
16437,mp-37310,-3.7646084644573627
16438,mp-772740,-3.6337481134782617
16439,mp-4864,-0.5428877149999985
16440,mp-28548,-2.2027338761111115
16441,mp-766317,-1.9577638772222221
16442,mp-31465,-0.7961384015625015
16443,mp-569341,-0.926370942499999
16444,mp-865616,-0.7698650212500056
16445,mp-545404,-3.612123938749999
16446,mp-20196,-0.6568609253333306
16447,mp-541946,-1.0275540803014878
16448,mp-760400,-1.6656732319905956
16449,mp-557533,-2.9481394912643695
16450,mp-1006884,0.29109225083333357
16451,mp-862690,0.0
16452,mp-862661,-0.3196805233333322
16453,mp-757612,-0.8129773408771923
16454,mp-770516,-2.761743254460783
16455,mp-505562,-1.7842377074999884
16456,mp-756854,-3.1368711920833343
16457,mp-733612,-1.757586377232142
16458,mp-862260,-0.3131337924999995
16459,mp-572442,-1.3693459236250878
16460,mp-1011860,-2.4635583485036947
16461,mp-770853,-2.5370522027843916
16462,mp-608314,-2.010150902142857
16463,mp-3992,-3.303628883055554
16464,mp-7404,-1.9985106786422406
16465,mp-680205,-0.9178337199999993
16466,mp-760462,-2.8423674162499992
16467,mp-765508,-2.659108978888889
16468,mp-676360,-2.0615542670312497
16469,mp-777681,-3.1763948535000006
16470,mp-13800,-2.7176954594022993
16471,mp-554059,-3.195823640999999
16472,mp-1004524,0.03798616875000036
16473,mp-989609,-1.1991516322500075
16474,mp-555896,-2.286362877368423
16475,mp-15661,-0.6238872749999993
16476,mp-30130,-1.426070763863636
16477,mp-1008279,0.18429039500000144
16478,mp-569109,-0.4748415125237081
16479,mp-771487,-2.0695087818714817
16480,mp-4887,-1.2271584549999996
16481,mp-568596,-0.6944186029166692
16482,mp-28579,-0.3543439129761938
16483,mp-3917,-1.7617217310714288
16484,mp-22461,0.08454933375000095
16485,mp-696130,-2.477580906304762
16486,mp-20892,-1.0515208165476178
16487,mp-775232,-2.4116040223630955
16488,mp-6628,-1.0340135149686527
16489,mp-25579,-2.3398828025000014
16490,mp-2114,-1.999617329374999
16491,mp-474,-0.12087615499999889
16492,mp-29792,-3.024087829999996
16493,mp-558536,-0.8898162174999988
16494,mp-977119,0.24518802500000003
16495,mp-567713,-0.7824109428787874
16496,mp-30609,-0.6489145477777735
16497,mp-985278,-4.413080099375
16498,mp-765511,-2.43253147423077
16499,mp-560561,-1.0451751953348207
16500,mp-556801,-2.771391324294819
16501,mp-6353,-1.3603546276923082
16502,mp-561384,-3.9994288377500014
16503,mp-680159,-1.7622083687944292
16504,mp-3822,-2.698962277500003
16505,mp-560067,-0.5442998554166674
16506,mp-13160,-0.6711083283333323
16507,mp-22993,-0.41406829361111025
16508,mp-644203,-0.4952219569999997
16509,mp-5327,-2.6799839610517253
16510,mp-769570,-1.8673795130300306
16511,mp-862893,-3.2420601301960787
16512,mp-9220,-0.48028308805555636
16513,mp-16770,-0.22075397611111056
16514,mp-6607,-3.2301142225000006
16515,mp-17380,-2.0190231104166663
16516,mp-863365,-2.5262741915914786
16517,mp-5634,-4.1569661008333325
16518,mp-9565,-0.7754999500000007
16519,mp-771220,-2.2017803269444447
16520,mp-861898,-0.9534617048790922
16521,mp-975,-2.111517040119048
16522,mp-2175,-1.9037136166666664
16523,mp-760829,-1.1152336917758618
16524,mp-558143,-2.3712434771969693
16525,mp-562854,-2.665469837695925
16526,mp-579071,-2.7133186929885063
16527,mp-759381,-2.477896700446429
16528,mp-559783,-2.678094229470736
16529,mp-559790,-2.1934863979117654
16530,mp-759307,-3.169513764833335
16531,mp-1535,-0.561173073333336
16532,mp-14643,-1.644872913333336
16533,mp-23929,-1.1667785369047619
16534,mp-765750,-2.091160693833333
16535,mp-31890,-2.6166784485079355
16536,mp-581194,-2.8340878546777506
16537,mp-582055,-0.3451697150000004
16538,mp-770967,-2.6646778276152845
16539,mp-568392,-0.26713753784313604
16540,mp-765680,-1.442793307916667
16541,mp-7087,-3.2536242800000004
16542,mp-25417,-2.957393104166666
16543,mp-686057,-2.888663548416666
16544,mp-762633,-1.6893179159195406
16545,mp-18138,-1.0786223316250019
16546,mp-9522,-1.7919325390347223
16547,mp-864715,-0.2811943525000018
16548,mp-567710,-1.344887793645834
16549,mp-776325,-1.8581110506317944
16550,mp-8869,-2.9347289894999995
16551,mp-28046,-0.5778012016071429
16552,mp-27672,-0.5583525283163279
16553,mp-17897,-3.1335559942532467
16554,mp-19163,-2.7457271574999993
16555,mp-867846,-0.5251723872500023
16556,mp-14025,-1.5954547421428569
16557,mp-1708,-1.4837861583333325
16558,mp-774712,-0.8539796619444436
16559,mp-864976,-0.2838000004166652
16560,mp-11596,-0.8466258181666639
16561,mp-17827,-1.610765358381076
16562,mp-505510,-0.277716669583332
16563,mp-8279,-0.5651984778571411
16564,mp-14883,-2.1081204820588235
16565,mp-774567,-3.9005760507291516
16566,mp-30120,-1.6399969114687498
16567,mp-998173,-1.4371652574999991
16568,mp-770420,-2.6512600273973725
16569,mp-1002221,-0.40715236520833287
16570,mp-20236,-0.5218891537500028
16571,mp-31269,-2.0568641566144206
16572,mp-752852,-3.484021402266667
16573,mp-23147,-3.0370109358920545
16574,mp-24705,-2.7490512744166664
16575,mp-18510,-3.4220247182142813
16576,mp-771141,-2.6065004437037027
16577,mp-567612,-0.38008279083333224
16578,mp-6272,-2.9421915043786386
16579,mp-555465,-1.4638952750000007
16580,mp-17672,-2.9444934838782046
16581,mp-7831,-2.2654001004761892
16582,mp-5955,-2.8623410201724138
16583,mp-770633,-2.2430681968627453
16584,mp-618309,-1.248398051875002
16585,mp-15059,-3.5378194330555686
16586,mp-7644,-2.8563761806944448
16587,mp-998325,-1.7692553704999998
16588,mp-753021,-2.219185640263157
16589,mp-30012,-1.554903483518525
16590,mp-18816,-2.262714642857143
16591,mp-770739,-2.594522680595237
16592,mp-5547,-3.0149078745370446
16593,mp-721314,-1.719513584234913
16594,mp-697592,-2.129047538089286
16595,mp-540659,-3.0969251626190455
16596,mp-13095,-0.5867738333333329
16597,mp-18983,-2.5175578599999993
16598,mp-31001,-1.8391332341388893
16599,mp-4190,-2.6796842760000077
16600,mp-20154,-3.764897296458333
16601,mp-690570,-1.3421603958064525
16602,mp-36946,-0.5421468933333355
16603,mp-11554,-1.0573825799999952
16604,mp-16861,-0.5268169800000003
16605,mp-19105,-1.5656138036422416
16606,mp-582984,-0.05000705174999922
16607,mp-774320,-2.655651143477011
16608,mp-16623,-0.5097754619696983
16609,mp-973333,-0.3512898654166654
16610,mp-559868,-2.561858840137931
16611,mp-757850,-1.853752598090904
16612,mp-977439,-0.24863233749999747
16613,mp-775128,-2.1724310208193276
16614,mp-7072,-0.7547069640000018
16615,mp-8037,-3.6916898509999996
16616,mp-769630,-2.935658396958445
16617,mp-975423,-0.5472865808579633
16618,mp-780977,-2.373220513455459
16619,mp-998712,-2.2773865366666683
16620,mp-32682,-0.285929309090906
16621,mp-568847,-1.2134932288472216
16622,mp-623854,-2.9586486913649424
16623,mp-643043,-1.4937892895833336
16624,mp-21960,-1.0532009914809026
16625,mp-555867,-2.645905604642859
16626,mp-12636,-0.6089312664880957
16627,mp-764891,-2.2850873891111108
16628,mp-558279,-1.3958643868055536
16629,mp-862736,-0.19780423374999856
16630,mp-29635,-0.5618727506249996
16631,mp-631386,0.5763913449999993
16632,mp-201,-0.9723308131249979
16633,mp-754272,-2.094935703472907
16634,mp-644028,-1.4602581251470588
16635,mp-568931,-1.0012480316666672
16636,mp-643364,-1.314606516562499
16637,mp-20748,-0.7748124348484832
16638,mp-694318,-2.0742343500490192
16639,mp-15308,-0.9562240253703718
16640,mp-626496,-2.0364773089285717
16641,mp-18730,-1.4112352630806646
16642,mp-778080,-4.317683150666666
16643,mp-21426,-0.45446936033332647
16644,mp-24336,-1.493302625555556
16645,mp-631491,0.9548474250000005
16646,mp-757616,-2.4649018528835964
16647,mp-18126,-1.5438484005338537
16648,mp-680482,-0.9958951495833339
16649,mp-1019586,-3.4282218700000002
16650,mp-631498,1.3293373637500006
16651,mp-8407,-1.1628794468253965
16652,mp-5448,-3.2656891700000013
16653,mp-3696,-3.190109760714285
16654,mp-23488,-0.49261938516927506
16655,mp-556717,-1.1022304098148157
16656,mp-570900,-0.2164006318461527
16657,mp-763989,-2.5258447843103458
16658,mp-772783,-3.2985875965432085
16659,mp-774721,-3.092948051098485
16660,mp-775424,-2.8406343702463053
16661,mp-685992,-1.7606000713095236
16662,mp-752636,-2.0293836096666666
16663,mp-677550,-3.178303399789029
16664,mp-754196,-1.9816039933333331
16665,mp-6486,-3.1212865752678574
16666,mp-675679,-3.4100236649666655
16667,mp-556231,-0.6783089225208357
16668,mp-554171,-3.0290295937912086
16669,mp-13815,-3.6021312696379306
16670,mp-780395,-2.4407675280952374
16671,mp-761019,-2.2930403055
16672,mp-38728,-2.3436768707738076
16673,mp-771334,-2.16827620253663
16674,mp-571453,-1.8597091954999985
16675,mp-28842,-0.03181692205585963
16676,mp-631553,0.8831075883333313
16677,mp-769616,-2.3938244895751217
16678,mp-28990,-1.5768444340686272
16679,mp-556635,-1.3617160197039475
16680,mp-18267,-2.044613067598685
16681,mp-773576,-1.6829454229761904
16682,mp-999395,0.030735325000000202
16683,mp-532695,-3.1456763299390396
16684,mp-630880,-2.4283628413194456
16685,mp-11124,-1.5301818165310699
16686,mp-232,-0.8786264458333317
16687,mp-977383,-0.33670066749999883
16688,mp-6613,-3.5658466267333333
16689,mp-2154,-1.7569989039880944
16690,mp-1017987,-0.22337149218749985
16691,mp-7257,-2.75901109374393
16692,mp-569833,-0.5389846233333344
16693,mp-554463,-3.0705395636516366
16694,mp-22302,-1.1041686873809529
16695,mp-766417,-2.2124789429687497
16696,mp-18183,-3.548528580833333
16697,mp-29803,0.036175890624999596
16698,mp-675301,-0.20638467127586252
16699,mp-1006399,-0.3387580538888848
16700,mp-20896,-0.40601214944444486
16701,mp-998761,-2.178808631666669
16702,mp-850956,-2.0619496465229887
16703,mp-17743,-2.7207718533333334
16704,mp-736,-0.8093607869940476
16705,mp-973911,0.1820919800000098
16706,mp-775783,-2.382987215
16707,mp-677323,-0.6825244171568606
16708,mp-628568,-0.5798236593749992
16709,mp-982,-0.9537655375000043
16710,mp-976030,-0.07136018916666398
16711,mp-13978,-3.880298432777776
16712,mp-570680,-0.865524849999997
16713,mp-772552,-1.9875943709090906
16714,mp-540145,-2.2832899120578234
16715,mp-721650,-0.9833425594531247
16716,mp-651682,-2.232611583715278
16717,mp-770727,-2.682679986458334
16718,mp-21852,-1.3543852799999996
16719,mp-17196,-2.189625841083333
16720,mp-558288,-2.198128116190476
16721,mp-775543,-2.230909291361608
16722,mp-540621,-2.453666516153845
16723,mp-17546,-1.726778537758621
16724,mp-772671,-2.098356880291667
16725,mp-759290,-2.4661688149464283
16726,mp-12510,-0.9440975677777759
16727,mp-567428,-1.5458708638671872
16728,mp-865587,-0.5259974874999989
16729,mp-756494,-2.210290680290829
16730,mp-21451,-2.169248834615385
16731,mp-675332,-0.5331390353333331
16732,mp-561290,-2.933205370250002
16733,mp-14234,-2.927714725451389
16734,mp-752924,-3.1914102331249996
16735,mp-779982,-2.378258632249998
16736,mp-19369,-3.091858370520834
16737,mp-4344,-3.731865572888888
16738,mp-1019610,-3.1375056024030172
16739,mp-697181,-1.6948288144524268
16740,mp-867224,-0.34509426937499965
16741,mp-567338,-1.0175786663333342
16742,mp-562441,-2.1569450584236445
16743,mp-21057,-0.9665638675000026
16744,mp-770795,-2.0457332977541998
16745,mp-773046,-3.297461804230769
16746,mp-696805,-0.1707546830208333
16747,mp-1009083,-0.3010474385714277
16748,mp-999439,0.10981079249999937
16749,mp-12469,-0.5730143449999989
16750,mp-9056,-3.0171454750000004
16751,mp-756853,-2.21955773375
16752,mp-626554,-1.3159064741752882
16753,mp-610645,-0.8038903079999997
16754,mp-975380,-0.7188131464999998
16755,mp-861666,-0.06189485666666528
16756,mp-16914,-0.7812570045000001
16757,mp-607409,-0.09053958444444118
16758,mp-555682,-1.5113900355208338
16759,mp-12626,-3.592517894961538
16760,mp-20524,-0.7670050268333342
16761,mp-560077,-1.6414307249999998
16762,mp-6799,-1.3168749807738098
16763,mp-698687,-1.6507888063237155
16764,mp-20705,-0.3022911769999979
16765,mp-768171,-1.2586970247777771
16766,mp-971863,0.039131972886906397
16767,mp-30879,-0.29478368604166727
16768,mp-561234,-3.9616366889252874
16769,mp-8290,-3.3962061443749993
16770,mp-570021,-0.9553241318362721
16771,mp-625447,-2.1987723772023817
16772,mp-559378,-3.242345374703704
16773,mp-3895,-1.1148522609999958
16774,mp-568987,-0.31970198253694704
16775,mp-973964,-0.5254661495833304
16776,mp-4988,-0.5113265533333338
16777,mp-11631,-0.3865883833333328
16778,mp-569509,-0.16233121111111062
16779,mp-20115,-0.8431934330000018
16780,mp-17567,-0.3912247709090906
16781,mp-687212,-2.430125218151261
16782,mp-30907,-0.35310024898148146
16783,mp-626497,-2.0230450391071426
16784,mp-754231,-3.6543436930000013
16785,mp-975013,0.6446519114583344
16786,mp-36733,-1.8011981263392853
16787,mp-8605,-0.950558136666667
16788,mp-1019562,-3.33653913
16789,mp-5616,-3.2361366556168822
16790,mp-707175,-1.5299806388461543
16791,mp-1018736,-0.3967581682499981
16792,mp-568536,-2.047464630555553
16793,mp-22864,-0.2769604824999969
16794,mp-756152,-3.8385947432352925
16795,mp-640159,-0.12507118149999882
16796,mp-542313,-3.7682512802499994
16797,mp-6604,-3.4200271736091956
16798,mp-743617,-1.4140696311528216
16799,mp-756166,-3.9172137219999996
16800,mp-20805,-2.088331778333334
16801,mp-754409,-3.5305515998333328
16802,mp-20078,-1.3933452089999983
16803,mp-2980,-2.2649778232352946
16804,mp-721582,-0.15723239927083318
16805,mp-775757,-4.00988240208333
16806,mp-722913,-0.8193900898214314
16807,mp-601861,-1.193291512916665
16808,mp-30756,-0.5311842907500008
16809,mp-776970,-1.1854656971666664
16810,mp-743986,-1.5184131738954747
16811,mp-770413,-3.870543979
16812,mp-772968,-1.958424706794219
16813,mp-772433,-2.677998095972222
16814,mp-22874,-0.7813882074404758
16815,mp-555844,-0.8920925375862069
16816,mp-975639,0.04252040541666702
16817,mp-25929,-2.509938990196429
16818,mp-580113,-0.1957283257246383
16819,mp-685855,-1.113964786612904
16820,mp-972522,-0.3337838087500029
16821,mp-757372,-3.704707342931033
16822,mp-699248,-2.703602989166666
16823,mp-31077,-0.6416141620370353
16824,mp-23352,-1.6967762553030328
16825,mp-774237,-1.748726702361111
16826,mp-29479,-1.497226488636364
16827,mp-3805,-0.40118319366666383
16828,mp-654,0.015782001052632433
16829,mp-8560,-2.102596045357143
16830,mp-862977,-0.5585171275000036
16831,mp-756435,-3.1735667567500014
16832,mp-7437,-0.5765177672420639
16833,mp-17190,-0.9092670950000006
16834,mp-778458,-1.846770737875
16835,mp-849572,-2.5200034538888887
16836,mp-778446,-0.5536506662605025
16837,mp-21079,-0.6558308993333355
16838,mp-777297,-0.5402675714583332
16839,mp-6646,-0.5159877897222209
16840,mp-759946,-3.14657482951613
16841,mp-31088,-0.837678177666659
16842,mp-705713,-1.706017954871795
16843,mp-767720,-2.76679714115942
16844,mp-10340,-1.9465762939425288
16845,mp-978891,-0.4655027337500002
16846,mp-484,-0.0015087340000007998
16847,mp-568049,-0.4788287268750011
16848,mp-622106,-0.5378988475000019
16849,mp-30597,0.0316075065384605
16850,mp-760979,-3.001884589658366
16851,mp-20785,-0.4356241794999939
16852,mp-23969,-1.3503043744270835
16853,mp-541094,-2.651213157483334
16854,mp-580439,-0.4038002877777747
16855,mp-20506,-0.6551446139583348
16856,mp-11401,-0.6466493674999994
16857,mp-557414,-1.3757191359375014
16858,mp-6985,0.0872652333333317
16859,mp-770771,-3.737810427499999
16860,mp-25908,-2.485675747857143
16861,mp-770956,-2.5249984730862067
16862,mp-16519,-0.3472945633333306
16863,mp-644245,-2.055477281468316
16864,mp-6748,-3.1960443655268205
16865,mp-754827,-3.178701925333337
16866,mp-720869,-1.10866198
16867,mp-571465,-0.938912579999999
16868,mp-11808,-0.41218768333333483
16869,mp-777444,-2.8320572916666666
16870,mp-676933,-2.4362751168
16871,mp-2807,-1.6662535364880942
16872,mp-14625,-0.5622354905000002
16873,mp-8017,-0.42519420625000137
16874,mp-828,-0.4337016812500014
16875,mp-762264,-2.43107404
16876,mp-16927,-2.8662146079351394
16877,mp-761629,-2.444152372871796
16878,mp-767515,-3.2479193129545454
16879,mp-15865,-2.8351884587500003
16880,mp-1019608,-2.1307139625903107
16881,mp-978253,-0.8549604496428549
16882,mp-30737,-0.2638816911111108
16883,mp-554138,-3.2328444598148156
16884,mp-756156,-2.750381017500001
16885,mp-772413,-3.352404316956522
16886,mp-9527,-0.6576439229956907
16887,mp-2706,-2.7070359149999987
16888,mp-850223,-2.38552572
16889,mp-30352,-0.07858257833333464
16890,mp-1386,-0.2547932837499953
16891,mp-703276,-3.1914512458119657
16892,mp-556143,-1.9843359148735638
16893,mp-945077,-1.2389695299999977
16894,mp-510490,-2.2627855106875017
16895,mp-542637,-0.8084964817490523
16896,mp-560894,-2.843604307489648
16897,mp-24528,-0.32882036086956484
16898,mp-765725,-1.8575805902481717
16899,mp-562420,-1.485933290293105
16900,mp-30927,-2.5674357497030647
16901,mp-10044,-0.04163711479166565
16902,mp-29589,-0.8856568091617639
16903,mp-757404,-2.662337041439395
16904,mp-977590,-0.7247907910416647
16905,mp-19507,-2.54981148872016
16906,mp-29462,-0.7033188919125143
16907,mp-975204,0.011841107500000003
16908,mp-505597,-0.8253505994217666
16909,mp-976425,-0.048576671666666016
16910,mp-1001571,-2.176371779
16911,mp-7534,-1.4053774406428567
16912,mp-23364,-2.1903556919971243
16913,mp-651997,-1.8667473642307688
16914,mp-538,-0.3060867699999985
16915,mp-646039,-0.04382247382353158
16916,mp-33857,-2.119747337916666
16917,mp-973432,-1.0049182354166648
16918,mp-505534,-0.4504656153571521
16919,mp-16747,-0.29517454166666585
16920,mp-676315,-1.3709443849999992
16921,mp-976725,-0.21616196250000996
16922,mp-867735,-3.0928872666666667
16923,mp-22262,-0.5529794193253963
16924,mp-759812,-3.2817900443589756
16925,mp-764817,-2.442048085228311
16926,mp-1020193,-1.4089859919499994
16927,mp-10300,-0.9826477182142841
16928,mp-28623,-2.223718369682539
16929,mp-768440,-1.290547834999999
16930,mp-864794,-0.009709552499998608
16931,mp-776120,-2.304383790601396
16932,mp-861505,-0.24411787041667
16933,mp-977204,-0.20396447487268432
16934,mp-1007761,0.1577747324999983
16935,mp-38108,-2.0293087822916664
16936,mp-770842,-1.8310421838998354
16937,mp-31472,-0.20927981229167333
16938,mp-623058,-0.8843780539285708
16939,mp-28970,-2.396729318333334
16940,mp-849388,-2.5720301533333347
16941,mp-976265,-0.7420036625000037
16942,mp-10132,-0.3252243680555485
16943,mp-23562,-1.1666216437083339
16944,mp-972461,0.1385388587499996
16945,mp-19427,-1.4983450343103433
16946,mp-769263,-2.9320331816666667
16947,mp-772486,-2.840538141666667
16948,mp-6755,-2.3637444385589284
16949,mp-766971,-1.2614773653703695
16950,mp-1013531,0.5227135432500006
16951,mp-19339,-2.471704720000001
16952,mp-989178,-4.041726718333334
16953,mp-23778,-0.6176799256250005
16954,mp-22067,-2.384455024999999
16955,mp-720212,-3.0732227920513093
16956,mp-989514,-1.9135369320689652
16957,mp-775460,-1.8196759708333343
16958,mp-21440,-0.26626741944444476
16959,mp-29993,-3.0524344305
16960,mp-559209,-1.5868749409113303
16961,mp-13019,-3.504750970871265
16962,mp-541870,-2.413148885846938
16963,mp-527,-0.30921182499999933
16964,mp-557584,-2.2811196105294123
16965,mp-862493,-0.23873919583333603
16966,mp-765310,-2.5831580454761913
16967,mp-558724,-1.908855694257813
16968,mp-11338,-0.8786663637499883
16969,mp-972174,-0.35726240041666557
16970,mp-865878,-0.4797772004166667
16971,mp-715276,-1.5731450780000003
16972,mp-7502,-1.736641652785711
16973,mp-569576,-1.6316990183088231
16974,mp-505781,-0.3247248807327585
16975,mp-567820,-0.45467062181944523
16976,mp-14532,-3.205221514448276
16977,mp-975222,0.13891712562499992
16978,mp-764971,-2.2474508475193793
16979,mp-6030,-3.267593778275862
16980,mp-767644,-2.5020696952182533
16981,mp-1018802,-0.11586840514367935
16982,mp-541908,-2.89966255465625
16983,mp-8402,-3.5074064598333328
16984,mp-20786,-0.35102697374999536
16985,mp-4747,-2.88604820642857
16986,mp-559985,-2.786016361473214
16987,mp-561304,-0.5330558307727263
16988,mp-569826,-0.9495418120798607
16989,mp-669458,-1.211825776711825
16990,mp-17418,-3.5616508991666667
16991,mp-12843,-1.5911748545312623
16992,mp-774886,-2.0858685102380954
16993,mp-559574,-2.813610893965278
16994,mp-19379,-1.737055529166667
16995,mp-6248,-2.91949997510582
16996,mp-772191,-3.0516927818518527
16997,mp-754891,-2.049275163333333
16998,mp-1176,-1.5361016549999995
16999,mp-764573,-2.2688187476515154
17000,mp-554145,-2.5733128056754446
17001,mp-19870,-0.13531762187499918
17002,mp-299,-0.5377591314843727
17003,mp-675638,-1.8752850290476186
17004,mp-36194,-3.2392497090476193
17005,mp-752709,-1.9751390798088984
17006,mp-1019775,-1.8805055723166666
17007,mp-12975,-0.7576278640000005
17008,mp-570216,-0.9219054127999982
17009,mp-763790,-2.4680577416815077
17010,mp-753544,-1.815847074444445
17011,mp-767091,-2.5991835867482993
17012,mp-571298,-0.3055144569325246
17013,mp-569607,-0.6542987943333344
17014,mp-773070,-2.8191128736145834
17015,mp-22301,-2.066837558854166
17016,mp-867163,-0.5334771167526
17017,mp-10112,-0.6500028688888927
17018,mp-775231,-2.2537574172899157
17019,mp-31093,-0.7248347526666634
17020,mp-773133,-2.409463520996826
17021,mp-18515,-3.287721429125616
17022,mp-555064,-1.5607987142857138
17023,mp-30579,-0.19254898055555714
17024,mp-776611,-2.4337578651763137
17025,mp-542638,-0.9744731347015215
17026,mp-772571,-2.020863452333333
17027,mp-23799,-2.3724267026595847
17028,mp-754989,-2.203960773
17029,mp-23710,-0.2827190725000002
17030,mp-18288,-2.4321511844047614
17031,mp-765022,-2.6316800542346934
17032,mp-22075,-0.5286499090000006
17033,mp-773049,-2.7623239830033333
17034,mp-676599,-0.8608508880000002
17035,mp-31460,-0.26498806333333275
17036,mp-3288,-1.2677756011637928
17037,mp-1018704,-0.47203593166666735
17038,mp-780583,-2.418061565244251
17039,mp-543039,-1.5508907698333332
17040,mp-626729,-1.6204852073214278
17041,mp-1383,-0.10901747166667046
17042,mp-29088,-0.7668531057142849
17043,mp-569751,-0.7892967864620539
17044,mp-996993,-0.5552511387499992
17045,mp-20346,-0.2343145308333332
17046,mp-27717,-1.5133103030357151
17047,mp-775601,-2.476297943457923
17048,mp-706239,-2.850536808193966
17049,mp-672191,-0.2671301924999989
17050,mp-684949,-1.982786655666667
17051,mp-972794,0.32900151375000064
17052,mp-17090,-1.2149554225680268
17053,mp-555223,-2.9761048340301723
17054,mp-570164,-0.21766893125000308
17055,mp-679669,-1.769253721268473
17056,mp-554888,-1.6870388169374992
17057,mp-541789,-2.535793588965517
17058,mp-849463,-1.868822404691358
17059,mp-989649,-0.7654974100000004
17060,mp-570779,-1.118026980714284
17061,mp-12398,-0.1049887673076936
17062,mp-706809,-2.862925160144032
17063,mp-555096,-2.0107727999305545
17064,mp-29460,-1.1927249100000026
17065,mp-13137,-1.5106287169531285
17066,mp-769601,-2.4353634485833338
17067,mp-983327,-1.6880309721562496
17068,mp-21198,-0.5861363427777787
17069,mp-721047,-1.4849725130000004
17070,mp-554072,-2.107353279916666
17071,mp-651772,-0.5497784904166707
17072,mp-19505,-2.3162246421153836
17073,mp-555561,-3.4523907729166665
17074,mp-557441,-0.9163156492916669
17075,mp-31980,-2.5159220583242106
17076,mp-758558,-0.8090706500000001
17077,mp-768821,-2.2660883866666675
17078,mp-984754,0.011891413125006522
17079,mp-20906,-0.31369622166666505
17080,mp-569106,-0.7229657420000024
17081,mp-695998,-0.3250840771428563
17082,mp-24242,-1.4175785340624993
17083,mp-510062,-1.5883598894477373
17084,mp-974760,1.004179524375001
17085,mp-557211,-3.253923577916668
17086,mp-769395,-3.35310799431818
17087,mp-781682,-2.4011829121641526
17088,mp-778885,-1.9651656460919535
17089,mp-756202,-2.002104132777777
17090,mp-606,-1.092848703571438
17091,mp-722997,-3.1703028253232763
17092,mp-556548,-2.5770101617499988
17093,mp-775181,-2.405639565048537
17094,mp-780195,-2.4745572880319937
17095,mp-774425,-2.3456720019957977
17096,mp-21639,-3.4951380348888885
17097,mp-743698,-3.349115810886495
17098,mp-23653,-2.1922835601259965
17099,mp-639675,-0.064432517500002
17100,mp-773101,-2.996092008061716
17101,mp-779525,-2.4325631374916936
17102,mp-971934,0.10588779749999944
17103,mp-27272,-1.6836126345918383
17104,mp-2729,0.03351108300000192
17105,mp-775980,-3.750909979444446
17106,mp-862939,-0.307593135624999
17107,mp-7143,-3.3197216107499976
17108,mp-779837,-2.387665322999999
17109,mp-699368,-0.8510243303183015
17110,mp-753842,-3.703035137941176
17111,mp-1019533,-3.4441880324390244
17112,mp-3439,-2.3550472816071433
17113,mp-769319,-3.170102649305557
17114,mp-31113,-3.5914640987499986
17115,mp-777670,-2.38737555297619
17116,mp-510687,-0.39586459277777425
17117,mp-2187,-0.553936993333334
17118,mp-3051,-2.72068593071431
17119,mp-23986,-1.181501495683024
17120,mp-541688,-1.0483160281071444
17121,mp-753776,-1.121455008703703
17122,mp-4520,-0.4966063339999991
17123,mp-542024,-0.8908090585833321
17124,mp-18156,-1.2895645594668363
17125,mp-10250,-3.7410061156666656
17126,mp-19323,-3.1895561275000013
17127,mp-505260,-0.40422982007246433
17128,mp-542171,-0.7991751199999992
17129,mp-561346,-2.6861438785009586
17130,mp-574266,-0.10109429875000009
17131,mp-752768,-1.9481340308333328
17132,mp-9236,-0.4938612405555634
17133,mp-849518,-2.566341420421456
17134,mp-974445,0.384077281071427
17135,mp-3398,-0.5189558299999923
17136,mp-755441,-2.6720966444666674
17137,mp-9418,-1.8064138842857145
17138,mp-570873,-0.4850352537878784
17139,mp-656850,-1.839757052407407
17140,mp-11413,-0.5699617850000015
17141,mp-571015,-0.1820012347946424
17142,mp-504607,-2.9694000003333345
17143,mp-3605,-0.5875198459999978
17144,mp-982980,-2.356208346580457
17145,mp-570218,-0.32746200724999946
17146,mp-766345,-4.263209560000001
17147,mp-26173,-2.3050994289136915
17148,mp-985805,-0.05676564666666669
17149,mp-620190,-0.7237267563721798
17150,mp-6075,-3.0323629096759266
17151,mp-865051,-0.29801854250000304
17152,mp-764889,-1.9127758473076928
17153,mp-605642,-2.4112432236770833
17154,mp-7210,-2.2332788337037055
17155,mp-21532,-3.036388924318182
17156,mp-1734,-0.2279413099999991
17157,mp-14112,-1.5263011199999994
17158,mp-862724,-2.757883087500002
17159,mp-573514,-0.5951078825000025
17160,mp-1285,-0.9266031233333342
17161,mp-698060,-2.1513724354285713
17162,mp-775176,-1.914347596333333
17163,mp-29621,-0.895507122499998
17164,mp-864638,-1.5203117037962959
17165,mp-780329,-2.6519107767349595
17166,mp-972908,0.03004708250000121
17167,mp-505186,-1.5081259619448282
17168,mp-17912,-1.1553765406473206
17169,mp-766179,-2.803427819294872
17170,mp-28449,-3.425265273403125
17171,mp-849672,-2.8305336440325672
17172,mp-22319,-0.28130753192307734
17173,mp-604694,-1.9659085198376622
17174,mp-3476,-2.487034966170636
17175,mp-975531,-0.5625300714880938
17176,mp-644,-1.174004153593751
17177,mp-19115,-2.2285190305
17178,mp-773135,-2.061750154017857
17179,mp-569428,-0.04031448794117409
17180,mp-773136,-1.852504445059524
17181,mp-6099,-3.3408050225833335
17182,mp-850950,-2.3900359424766524
17183,mp-541487,-0.5280740395312525
17184,mp-27359,-2.335237386931035
17185,mp-1009650,0.4032215312500007
17186,mp-573541,-0.49534371090909185
17187,mp-773830,-0.4346104712500001
17188,mp-770213,-2.730646218055556
17189,mp-974253,-0.34821894374999696
17190,mp-9453,-1.707280695
17191,mp-867344,-0.3560686149999981
17192,mp-616597,-1.7578857745833336
17193,mp-568726,-0.9937115499791669
17194,mp-568827,-0.10411236923076873
17195,mp-50,0.009149912666664761
17196,mp-765706,-2.1849167114583334
17197,mp-8885,-1.5833397043749988
17198,mp-12642,-3.492432531000001
17199,mp-623862,-1.5945985630681856
17200,mp-567524,-0.4531439671749986
17201,mp-567748,-0.6250937844444435
17202,mp-767036,-1.9352887553787885
17203,mp-754185,-0.3492521830000008
17204,mp-17329,-2.0107461861805547
17205,mp-570403,-0.2528970104166657
17206,mp-631257,0.38401578505208295
17207,mp-754126,-0.6751474599999998
17208,mp-561814,-2.8351421795237957
17209,mp-758620,-1.49397584488889
17210,mp-4768,-0.6702904529999998
17211,mp-567643,-0.2672942345696664
17212,mp-766310,-1.8920970500000003
17213,mp-22235,-0.8129580954885056
17214,mp-15957,-0.5474027384747896
17215,mp-773139,-2.094958954047619
17216,mp-744747,-2.156970280093985
17217,mp-6204,-3.5603319805689657
17218,mp-23174,-1.1325287947916667
17219,mp-775315,-2.337729845243904
17220,mp-866688,-0.9903268587770938
17221,mp-16358,-0.2368817662499998
17222,mp-777423,-2.533026730996168
17223,mp-773177,-1.9287768983952265
17224,mp-6943,-3.377505096527778
17225,mp-39239,-2.600653000293105
17226,mp-11659,-3.2237309641666654
17227,mp-752526,-3.054852358796287
17228,mp-697168,-0.9365898975000083
17229,mp-777563,-0.8002244176138892
17230,mp-29245,-0.3795430548214262
17231,mp-756948,-1.6258823414583334
17232,mp-604613,-0.42640995000000054
17233,mp-20753,-0.29333901875000024
17234,mp-20079,-2.173213993499998
17235,mp-611836,0.009970109999999366
17236,mp-642625,-0.6199618918939429
17237,mp-755621,-2.800335384583333
17238,mp-9719,-0.6294795821462777
17239,mp-10468,-0.9708540972656058
17240,mp-567687,-0.5489190899999995
17241,mp-973919,-1.6420311667500003
17242,mp-17909,-3.251443987222224
17243,mp-996989,-0.805429973749999
17244,mp-553896,-2.9273216771749984
17245,mp-8909,-1.3928232958333322
17246,mp-6137,-1.0484742563198755
17247,mp-10620,-3.0946278637499995
17248,mp-667343,-1.4316421745588257
17249,mp-19365,-3.018909883076909
17250,mp-30380,-0.1467650941666676
17251,mp-27726,-1.521880410833333
17252,mp-30856,-0.312519874999996
17253,mp-30903,-1.7774787713888887
17254,mp-20322,-0.6056744510000016
17255,mp-1013550,-0.982970640928572
17256,mp-558707,-2.4502032006785717
17257,mp-773060,-3.4813583804583335
17258,mp-1014212,0.5254954999999999
17259,mp-10606,-0.3381322426666699
17260,mp-976848,-0.16108192700000074
17261,mp-4816,-1.6847058531875008
17262,mp-4408,-3.85569428090909
17263,mp-2816,-0.2646263777777804
17264,mp-861955,-0.426732410833333
17265,mp-680698,-2.0200049787499985
17266,mp-14378,-0.13215985578947378
17267,mp-769800,-3.1026560165000037
17268,mp-1018687,-1.8784495479861103
17269,mp-673069,-2.3579081053571427
17270,mp-998193,-2.7419322315000003
17271,mp-2547,-1.002640602500005
17272,mp-15355,-0.49727202055555925
17273,mp-778245,-2.7206239019871794
17274,mp-9721,-1.7046520700000005
17275,mp-707377,-1.928126661071428
17276,mp-20666,-0.6019173158333331
17277,mp-755512,-3.683925196363633
17278,mp-763057,-1.293904950881226
17279,mp-505281,-1.933960385770475
17280,mp-27389,-2.805581196725
17281,mp-740711,-0.44717285397463513
17282,mp-1219,-0.46331017166666594
17283,mp-675710,-3.3226041204090873
17284,mp-568965,-1.405244118125001
17285,mp-571537,-1.9798877011111111
17286,mp-755004,-1.7295266903304594
17287,mp-560151,-3.116160690218252
17288,mp-756560,-3.1921869459722214
17289,mp-774547,-3.39246240270834
17290,mp-771275,-1.8736304541666668
17291,mp-778794,-2.1268513849999997
17292,mp-562072,-1.7677098155665025
17293,mp-756437,-2.4142290942857136
17294,mp-581733,-0.5609603816071432
17295,mp-30528,-1.4157494697528747
17296,mp-698627,-2.290890454166668
17297,mp-16989,-0.42084378430555547
17298,mp-29998,-1.5013002092857144
17299,mp-568423,-0.6438012067142858
17300,mp-445,0.05842926750000051
17301,mp-763609,-2.0622595375257107
17302,mp-18566,-3.588800335
17303,mp-676820,-3.7654455184482774
17304,mp-770648,-2.4085811637777783
17305,mp-31322,-1.5637860547058846
17306,mp-984704,-0.346949062500002
17307,mp-1019568,-3.4115497160000006
17308,mp-631661,0.6790665102083331
17309,mp-560632,-2.710485432220855
17310,mp-557384,-3.205660014621211
17311,mp-555052,-2.7235158518620697
17312,mp-775226,-2.424622130457158
17313,mp-21893,-0.4226397081609245
17314,mp-416,0.22418504125000283
17315,mp-546125,-2.6847117654166657
17316,mp-754556,-0.9574430648437495
17317,mp-672275,-0.6443028810344815
17318,mp-760002,-2.4354068220833334
17319,mp-12944,-2.8475636129166655
17320,mp-961698,-0.5232917665476187
17321,mp-769289,-2.3869838602777786
17322,mp-13066,-3.997353955499998
17323,mp-2184,-1.6237733790000015
17324,mp-571057,-1.0676873393098205
17325,mp-974063,-0.43229550999999944
17326,mp-42897,-3.362468481034483
17327,mp-21620,-0.541842153034969
17328,mp-559747,-3.6777062383333337
17329,mp-22387,-1.7470053654999957
17330,mp-1484,-1.2432366380952382
17331,mp-772899,-2.5598440610714284
17332,mp-703545,-0.7487859113235298
17333,mp-22422,-1.6440458102380968
17334,mp-18240,-0.5326587890740753
17335,mp-1019548,-1.9232037949999994
17336,mp-22228,-0.47706874305555286
17337,mp-530905,-3.2819175277215185
17338,mp-978881,0.3546816555208352
17339,mp-1009582,1.0904641412499991
17340,mp-8861,-3.3385769428571437
17341,mp-554056,-2.975986888872549
17342,mp-541721,-2.64537928
17343,mp-643913,-0.572793430681818
17344,mp-3792,-3.7122381155
17345,mp-780477,-2.6107856303429804
17346,mp-754113,-3.3424300833333356
17347,mp-24595,-2.742119533916667
17348,mp-18773,-2.184858871875
17349,mp-758104,-0.22531005147629113
17350,mp-865715,-0.3411625562499978
17351,mp-694915,-2.800695709793105
17352,mp-27198,-0.9925885329166673
17353,mp-550685,-2.7869202976666663
17354,mp-25840,-3.017262740079365
17355,mp-953,-0.1638341150000011
17356,mp-556417,-2.389311550555556
17357,mp-977558,-0.3792376587499984
17358,mp-560128,-2.2627186939062502
17359,mp-17751,-0.9292755918750011
17360,mp-625860,-1.3706170398148154
17361,mp-557574,-0.5297745340624997
17362,mp-15417,-0.4538098465071414
17363,mp-696683,-2.880534914846154
17364,mp-558272,-2.974830912114805
17365,mp-16305,-1.1892824565476177
17366,mp-24727,-0.799990959166666
17367,mp-9806,-2.5530871572250007
17368,mp-570051,-0.4404506438541689
17369,mp-33009,-1.7760038343103446
17370,mp-998415,-1.119503245399785
17371,mp-5526,-0.6662505670000002
17372,mp-766254,-2.1869960174175835
17373,mp-865227,-0.24973138875000256
17374,mp-15795,-1.9649048499479136
17375,mp-627,-1.2997783855468725
17376,mp-570577,-1.4017431415384716
17377,mp-772573,-2.470098337355071
17378,mp-505632,-1.024255391163794
17379,mp-9339,-0.9886632698214282
17380,mp-28891,-2.494037494333333
17381,mp-757138,-2.49246722132832
17382,mp-680232,-0.3413991645989327
17383,mp-705528,-2.2191594659718814
17384,mp-1018126,-0.006901732500004698
17385,mp-978795,-0.19657326187500246
17386,mp-673656,-2.139440329437497
17387,mp-16691,-3.393170181050724
17388,mp-985593,-1.4700549928807476
17389,mp-10226,-2.13529353640625
17390,mp-504966,-2.6532202580357134
17391,mp-505332,-0.5585075450000024
17392,mp-13740,-0.1574854101562527
17393,mp-28321,-1.3581963635
17394,mp-2090,-0.05537412500000016
17395,mp-631488,0.5324110500000003
17396,mp-753357,-1.7781334896666683
17397,mp-973395,-0.701770433636364
17398,mp-9085,-2.1211990039062485
17399,mp-777738,-2.0222489262500005
17400,mp-561243,-2.4030428594444446
17401,mp-680813,-0.114569340714287
17402,mp-563032,-1.0072538848214287
17403,mp-771028,-2.4136973057051283
17404,mp-773607,-2.3339543184523808
17405,mp-558580,-2.7050250070689654
17406,mp-561396,-3.1523156930000007
17407,mp-556075,-3.7348463033333306
17408,mp-8780,-0.254791289583333
17409,mp-18717,-2.8788677550000004
17410,mp-782034,-2.895633740555556
17411,mp-18935,-2.6696704064450545
17412,mp-20521,-0.9094573029166675
17413,mp-560861,-2.9830266414491375
17414,mp-22977,-1.900130323931036
17415,mp-554825,-2.5459257294821414
17416,mp-571665,-1.1080009000000017
17417,mp-6074,-3.297949656558333
17418,mp-697313,-2.9564107707660465
17419,mp-541720,-2.6329822664444444
17420,mp-774374,-1.4966809056734913
17421,mp-8020,-3.5975505326666677
17422,mp-18941,-2.083099309285714
17423,mp-11697,-0.1680856907777771
17424,mp-559238,-1.2913871593554995
17425,mp-755043,-3.325532635909091
17426,mp-676524,-1.3482165154545462
17427,mp-556233,-1.6795708156041684
17428,mp-25940,-2.2960106266785707
17429,mp-27517,-1.1221836792857138
17430,mp-770808,-2.415428627685186
17431,mp-997085,-1.8242377804166665
17432,mp-600000,-3.25690691
17433,mp-19830,-2.0996089160416673
17434,mp-19069,-0.7994911379166663
17435,mp-973545,-0.013794085416668267
17436,mp-22506,-0.34789867170977223
17437,mp-764571,-2.682507075059525
17438,mp-20552,-0.04265080583333377
17439,mp-19792,-0.4805472178571425
17440,mp-677250,-3.186997959873433
17441,mp-770362,-2.795954020208334
17442,mp-771396,-1.5722452917204304
17443,mp-721253,-1.0745666434297618
17444,mp-5794,-2.176957137857143
17445,mp-780207,-1.9847467809166666
17446,mp-769538,-2.5865974743908056
17447,mp-1973,-0.351950454999999
17448,mp-8484,-1.0584442091666666
17449,mp-850340,-2.1365879641666665
17450,mp-755537,-3.977348098750001
17451,mp-1702,-0.6871725016666647
17452,mp-562057,-3.7054530194373867
17453,mp-29216,-1.7105047477586202
17454,mp-571209,-0.36567045735294057
17455,mp-504922,-2.9676407874999975
17456,mp-768915,-1.3641995052339888
17457,mp-568531,-0.2853210395833325
17458,mp-554918,-3.50620871345238
17459,mp-14568,-3.9858576091666653
17460,mp-30335,-0.18292274962962973
17461,mp-849271,-0.6855987918333326
17462,mp-775122,-3.1044977071296294
17463,mp-759128,-2.446805196446428
17464,mp-8323,-2.961990020166666
17465,mp-11538,-0.5899708188888881
17466,mp-15886,-1.7164010397395824
17467,mp-756981,-2.266041721595237
17468,mp-890,-0.8006958375000011
17469,mp-20382,-0.3930246072727279
17470,mp-625513,-1.2864586727380956
17471,mp-772627,-2.7419752694117627
17472,mp-769373,-2.029484959238576
17473,mp-542339,-0.2802498183333313
17474,mp-30519,-1.3973033300000002
17475,mp-276,-0.43123975722222
17476,mp-4458,-0.6366717897931039
17477,mp-27368,-0.2542051748045971
17478,mp-38170,-0.6298845289583329
17479,mp-5824,-0.7395435807142873
17480,mp-1922,-0.5235113602083317
17481,mp-27259,-1.0321629699310342
17482,mp-553901,-0.57787088
17483,mp-1016927,-2.2840752396666666
17484,mp-8201,-2.498423109166667
17485,mp-971957,-0.2336568575000042
17486,mp-15653,-0.8311178162499981
17487,mp-1018118,-0.702758060000002
17488,mp-12613,-0.633377240000001
17489,mp-541149,-0.3325861454528995
17490,mp-542271,-1.8341120632317067
17491,mp-22482,0.062168094836428406
17492,mp-771992,-1.7244148634103453
17493,mp-27775,-2.552848464444443
17494,mp-3531,-3.2097002695941543
17495,mp-973777,-0.535836025625005
17496,mp-11726,-0.5882757960714287
17497,mp-561286,-0.9625883041562503
17498,mp-12866,-2.633699613500002
17499,mp-10221,-0.637672021363636
17500,mp-864824,-0.7089497049999984
17501,mp-30607,-0.0329260274999991
17502,mp-15599,-2.5192726199736835
17503,mp-570099,-1.5485042701666678
17504,mp-756732,-0.2220474340624996
17505,mp-645291,-1.7208299955952384
17506,mp-21934,-0.804205945249998
17507,mp-622570,-0.12756827766666703
17508,mp-28279,-2.420835532500002
17509,mp-510402,-2.2337063164062485
17510,mp-849470,-2.1970939484523804
17511,mp-775852,-1.9170203418827148
17512,mp-9850,-0.6370583499801583
17513,mp-774370,-2.4807421042959765
17514,mp-849331,-1.9857088293333347
17515,mp-1013726,-2.1666518188636354
17516,mp-556066,-3.363604327592592
17517,mp-850972,-2.1530715383908046
17518,mp-1757,-0.07494045555555218
17519,mp-38442,-2.0321537061360826
17520,mp-707285,-1.0617943382857138
17521,mp-554063,-2.3606094453906246
17522,mp-557658,-2.652137123919414
17523,mp-4867,-3.4639722058333344
17524,mp-13448,-0.26933241653846207
17525,mp-10410,-1.8816211486842103
17526,mp-867802,-0.4088727599999986
17527,mp-21511,-0.4040212586386141
17528,mp-569287,-0.26093707086060647
17529,mp-10878,-0.2683787955172407
17530,mp-13939,-3.0323577842500007
17531,mp-765289,-2.3883465561394552
17532,mp-752863,-1.279653620363636
17533,mp-9068,-0.69576564390873
17534,mp-16783,-1.7495187509090904
17535,mp-758221,-1.3795190255555563
17536,mp-2551,-0.08908524194444449
17537,mp-571350,-0.7788675360000014
17538,mp-7221,-0.5020545607692307
17539,mp-3488,-3.1601810398132173
17540,mp-15985,-0.48481662333333414
17541,mp-775989,-2.3538485866071435
17542,mp-570238,-0.15810278619047657
17543,mp-28007,-1.4048143856249995
17544,mp-12180,-0.7058514764583327
17545,mp-636654,-2.8400828741666677
17546,mp-583221,-1.5417462075889758
17547,mp-849416,-1.4535787675438592
17548,mp-775021,-2.7460849592844836
17549,mp-505335,-0.6225257480948272
17550,mp-571541,-0.5929313110833334
17551,mp-767430,-2.2579846033677526
17552,mp-780053,-2.132607471556513
17553,mp-753815,-3.729354905714285
17554,mp-11666,-0.4206785962121154
17555,mp-675012,-3.752943509827585
17556,mp-778019,-1.0958746169753089
17557,mp-1013916,-2.219808372375
17558,mp-559379,-1.4524163148611116
17559,mp-20202,-0.2017304124999999
17560,mp-4025,-0.9622721633333366
17561,mp-695295,-0.29774739458333344
17562,mp-975206,-1.7992110385000004
17563,mp-19321,-1.54051986601881
17564,mp-567369,-0.09089408277777977
17565,mp-20449,-0.6811867466666668
17566,mp-690674,-1.6028385641145835
17567,mp-558133,-2.9016569081034476
17568,mp-850283,-3.3359946333333332
17569,mp-777479,-2.454352872500001
17570,mp-645568,-1.9715695517361123
17571,mp-780370,-3.6439628383749962
17572,mp-3427,-3.082882981458333
17573,mp-19875,-0.8194931200000019
17574,mp-27280,-1.8364219743842365
17575,mp-1005850,0.33852751749999044
17576,mp-755598,-0.876571213571428
17577,mp-581805,-0.23421933857142818
17578,mp-31361,-1.9952891391666665
17579,mp-10318,-0.7281323513333327
17580,mp-647164,-0.2993247333297404
17581,mp-30175,-0.2894690759999996
17582,mp-20043,-0.9901156549999991
17583,mp-2072,-1.0135526131249986
17584,mp-24488,-1.6501129265705812
17585,mp-558588,-1.229962742916658
17586,mp-863696,-0.264322742500001
17587,mp-13450,-0.6129251225000019
17588,mp-649086,-1.9522548042499999
17589,mp-1648,-0.1518729148076895
17590,mp-962068,-0.28686684999999973
17591,mp-542807,-1.0543201293939395
17592,mp-10200,-0.7225237716666655
17593,mp-7387,-2.0274704798194443
17594,mp-685982,-2.268342827190476
17595,mp-706276,-2.781331264210527
17596,mp-766286,-1.4380462429069774
17597,mp-772566,-2.7690268791176456
17598,mp-621581,-0.772794606632654
17599,mp-28518,-0.9704920715909133
17600,mp-19197,-2.750318571666667
17601,mp-559112,-1.7284942292999996
17602,mp-758097,-0.39480847884615416
17603,mp-1019539,-2.315444543201754
17604,mp-695250,-3.467146676250001
17605,mp-607399,-1.8110939627272726
17606,mp-755342,-3.1987259218333337
17607,mp-23432,-3.397053105
17608,mp-13335,-2.4342874676190465
17609,mp-16839,-0.6036836980911318
17610,mp-625392,-2.300110124345238
17611,mp-768125,-2.194314064521599
17612,mp-11764,-0.9089844216666615
17613,mp-768355,-4.298691618095238
17614,mp-638374,-2.5230760480555543
17615,mp-756277,-3.8863565502121205
17616,mp-15239,-2.9055332575
17617,mp-773199,-1.4682702888620704
17618,mp-699229,-1.4024776301562492
17619,mp-24195,-1.4081713710960595
17620,mp-649957,-1.4773587758928588
17621,mp-973767,-0.4599219806249977
17622,mp-555089,-3.0362857773958334
17623,mp-774106,-2.499411177
17624,mp-24151,-0.8012219174999989
17625,mp-774715,-3.2053984061666676
17626,mp-4782,-3.4022959168750004
17627,mp-625150,-2.9613998003125
17628,mp-766031,-2.026360130277094
17629,mp-542533,-1.8902142078290696
17630,mp-559903,-2.18208280535668
17631,mp-3975,-3.5072281536833345
17632,mp-556645,-2.2622188455555565
17633,mp-30211,-0.9109283911111127
17634,mp-6191,-0.6142153788888886
17635,mp-969,-0.567837251666667
17636,mp-1019794,-2.6719741380283883
17637,mp-22056,-0.4251025720833308
17638,mp-22349,-0.4481891869999927
17639,mp-998890,0.033066179999998724
17640,mp-554071,-0.9404236246724127
17641,mp-631577,0.7428304074999943
17642,mp-17753,-3.0752952643181817
17643,mp-22426,-0.8886860541666669
17644,mp-554094,-2.4953908979166664
17645,mp-768815,-1.7649340003526637
17646,mp-644758,-0.13659678071428516
17647,mp-864618,-0.43041588125000585
17648,mp-31358,-2.622254900833333
17649,mp-612861,-0.5133965889999927
17650,mp-974365,0.3902150349999971
17651,mp-2012,-0.37603163208333257
17652,mp-30314,-1.7475163649014778
17653,mp-22648,-0.5833777556249995
17654,mp-756052,-3.5628100291666667
17655,mp-756428,-4.126057385666665
17656,mp-28371,-1.7082422460555544
17657,mp-558432,-1.8445569746913488
17658,mp-21644,-2.859939266956522
17659,mp-9023,-0.8063665049999997
17660,mp-690058,-2.202243455678571
17661,mp-850973,-2.597074676666667
17662,mp-20190,-0.7716291166666641
17663,mp-21850,0.06967689600000142
17664,mp-554552,-2.1589211541741076
17665,mp-677430,-3.4456996884022986
17666,mp-1009538,1.216097716250001
17667,mp-667386,-3.871139922016788
17668,mp-2511,-2.6794143591666644
17669,mp-723043,-1.4946579533005213
17670,mp-28447,-1.7018789144444426
17671,mp-1068,-0.1760513460416675
17672,mp-28369,-0.29715075874999997
17673,mp-567322,-1.2472805468571424
17674,mp-780155,-2.8353538403571434
17675,mp-862720,-0.3791734866666667
17676,mp-19930,-2.507212133181818
17677,mp-628715,-1.2355559266096938
17678,mp-867362,-0.21811515111666538
17679,mp-19945,-0.7632561769999995
17680,mp-17486,-1.7995846531249977
17681,mp-770523,-2.159647649761905
17682,mp-714944,-2.3421451266666673
17683,mp-867790,-2.2562007811111107
17684,mp-552185,-0.6806635453333335
17685,mp-765238,-3.124997817017544
17686,mp-1812,-0.0019524775000056914
17687,mp-7030,-0.7251682833333296
17688,mp-781495,-1.3998372539655175
17689,mp-9854,-0.6391986149801596
17690,mp-777781,-2.8386640820238087
17691,mp-17829,-2.879632841363637
17692,mp-15316,-3.9668512983333333
17693,mp-18735,-2.865107833333334
17694,mp-974464,0.3738191212500013
17695,mp-607169,-0.7223490190000007
17696,mp-541550,-3.079127875460527
17697,mp-10736,-0.4003650887500023
17698,mp-30788,0.05509164124999799
17699,mp-20635,-0.4065175385714253
17700,mp-10748,-0.8680332296666666
17701,mp-21493,-0.4062971350000246
17702,mp-561249,-3.003902968480391
17703,mp-6916,-0.5288279309999979
17704,mp-754717,-0.839915005416667
17705,mp-699399,-1.006498431568182
17706,mp-11558,-0.26059004913792766
17707,mp-780320,-2.3932464049766526
17708,mp-569538,-0.7644393335000004
17709,mp-770493,-2.0303982027777785
17710,mp-504812,-0.857110743244057
17711,mp-555940,-2.1956836250833454
17712,mp-5889,-3.7795981833333316
17713,mp-18922,-1.9565608430503982
17714,mp-764744,-3.043134335833333
17715,mp-642535,-0.5275845406326215
17716,mp-755419,-1.181388209333334
17717,mp-676778,-2.7448090312083337
17718,mp-997617,-0.27235545625000057
17719,mp-780879,-2.405153868026428
17720,mp-27192,-3.4699224268319027
17721,mp-568923,-1.5151490262500005
17722,mp-3747,-0.761240068333335
17723,mp-23503,-1.899466277080459
17724,mp-763201,-2.747931644444444
17725,mp-23926,-1.3364910782000003
17726,mp-2406,-0.4505783446428566
17727,mp-1018155,0.8166159835344828
17728,mp-8670,-1.0955058501785726
17729,mp-982188,0.08932233435013232
17730,mp-30276,-0.9839971259210515
17731,mp-29006,-1.8119212515476182
17732,mp-699137,-1.369912495333333
17733,mp-642974,-1.8879688180769245
17734,mp-621926,-2.91415320109355
17735,mp-567787,-0.23021192916666422
17736,mp-631366,0.8574107032291683
17737,mp-21352,-0.28013835742815907
17738,mp-570713,-0.9877609472222227
17739,mp-643263,-1.7431000374492902
17740,mp-549737,-3.224687858030303
17741,mp-763659,-2.151691066666666
17742,mp-557463,-3.023075551472149
17743,mp-773119,-1.9889146956824717
17744,mp-773087,-2.6595734491269845
17745,mp-9964,-0.8451593854166675
17746,mp-17119,-1.8438558355000005
17747,mp-974962,0.6445837831250014
17748,mp-558054,-3.2097863259444437
17749,mp-18468,-0.15497016182515974
17750,mp-540772,-0.7714937901190443
17751,mp-558336,-3.995873255166664
17752,mp-11734,-2.8633491387500007
17753,mp-974586,-0.22452279928571425
17754,mp-649774,-0.5873820191666651
17755,mp-999337,-1.0022214553124993
17756,mp-685043,-0.6094234404166659
17757,mp-18722,-1.8818333769468403
17758,mp-21071,-2.824861879500003
17759,mp-14561,-0.8537386884999989
17760,mp-555939,-1.8491997894444465
17761,mp-552454,-2.628930137466668
17762,mp-18961,-3.130813287000001
17763,mp-755609,-3.293472640468751
17764,mp-1019573,-3.428106404
17765,mp-780149,-2.4508322098799873
17766,mp-754534,-2.998827910277773
17767,mp-760230,-2.3389666756250005
17768,mp-542180,-1.175193580666668
17769,mp-15186,-2.092032177857141
17770,mp-975336,-0.49128630796006867
17771,mp-862669,-0.3792096412500001
17772,mp-755635,-2.4666934499999993
17773,mp-765719,-2.8355584415325676
17774,mp-12671,-3.608096235499999
17775,mp-758151,-2.806494429651361
17776,mp-558725,-2.3984279322222233
17777,mp-559550,-3.2569511216666687
17778,mp-556541,-0.7862132577083316
17779,mp-962,-0.37833296500000024
17780,mp-14280,-0.6698857326736108
17781,mp-30358,-0.3136659866666669
17782,mp-631510,0.8497631600000002
17783,mp-975140,-0.29940863142857044
17784,mp-694541,-2.297583960357143
17785,mp-559066,-3.128973427822581
17786,mp-770408,-2.509190043444444
17787,mp-6856,-2.6890353066304358
17788,mp-21244,-0.31229571708333026
17789,mp-10771,-1.605575129407893
17790,mp-557940,-2.546365839725
17791,mp-571172,0.042666876666662766
17792,mp-555568,-2.9461040386470594
17793,mp-27719,-2.653946341428571
17794,mp-23626,-1.3959372274444453
17795,mp-771083,-2.1088067742980288
17796,mp-19374,-1.2138527207727272
17797,mp-625541,-1.4987294333333319
17798,mp-14753,-0.9784915460625001
17799,mp-865255,-0.43273548166666487
17800,mp-770718,-1.3526636225000002
17801,mp-19732,-0.9937911063322886
17802,mp-567130,-1.0630948994999954
17803,mp-867917,-0.3909694899999998
17804,mp-558650,-2.485950907285713
17805,mp-669388,-2.6110750604375
17806,mp-7446,-1.086621892499998
17807,mp-777622,-2.7682808691666665
17808,mp-865983,-0.31818534375000773
17809,mp-29034,-0.4186450594444467
17810,mp-779773,-1.9932611278146553
17811,mp-621938,-1.169315127783251
17812,mp-780483,-2.4190880082998083
17813,mp-680240,-1.5779132211363625
17814,mp-31470,-0.20397501291666723
17815,mp-30836,-0.47368206683333725
17816,mp-18909,-2.537440351483517
17817,mp-21242,-0.5533633961111124
17818,mp-1009,-0.06114121357142973
17819,mp-15336,-2.5624793933333336
17820,mp-770699,-1.823669557702874
17821,mp-19519,-1.5322841894230772
17822,mp-758604,-2.142303901249999
17823,mp-777185,-2.683386693441044
17824,mp-769242,-1.415050967651515
17825,mp-686717,-0.512654828482142
17826,mp-32398,-2.392374400484695
17827,mp-14651,-3.1273011297777775
17828,mp-569818,-0.8299891271428562
17829,mp-977187,-0.26549694708333504
17830,mp-581586,-0.5296440459097208
17831,mp-778884,-2.2817238364351855
17832,mp-22483,-0.7743100253448265
17833,mp-15379,-2.6680551528333347
17834,mp-29871,-1.6840520935361005
17835,mp-505064,-0.8191149139550276
17836,mp-9365,-2.0966266947916647
17837,mp-973198,0.004727346666666558
17838,mp-20948,-0.7293315123214281
17839,mp-21819,-0.42546863763537685
17840,mp-29080,-2.0083470499137936
17841,mp-17698,-1.1084541795606042
17842,mp-1553,-0.33053895249999954
17843,mp-704962,-2.490139576052482
17844,mp-10080,-2.9571947001041674
17845,mp-775239,-2.461814804533045
17846,mp-574430,-1.4900033524999978
17847,mp-570615,-2.2633236162499997
17848,mp-770651,-1.9199254180833336
17849,mp-1585,-0.14559931875000132
17850,mp-568177,-0.43417260031249993
17851,mp-18163,-0.7455118735511355
17852,mp-12488,-1.2728903866091965
17853,mp-21162,-0.4240186124999994
17854,mp-28185,-2.5419380602333326
17855,mp-866685,-0.47577402482142717
17856,mp-557516,-2.8099188509749986
17857,mp-568428,-0.41161558864583486
17858,mp-11299,0.004843204166666244
17859,mp-769518,-2.2409134910559003
17860,mp-767641,-3.130162000333334
17861,mp-768810,-2.27378403
17862,mp-631482,0.5241445350000049
17863,mp-541093,-2.51515721075
17864,mp-867121,-0.7231119595833349
17865,mp-770522,-2.6960395195833335
17866,mp-10621,-0.9653269774999993
17867,mp-561458,-2.8979203128307525
17868,mp-7107,-1.010667785999999
17869,mp-721161,-1.4909752330911341
17870,mp-557484,-0.34072107708333316
17871,mp-757165,-1.1574644826666656
17872,mp-684958,-0.6033501379393946
17873,mp-9157,-2.257201830250001
17874,mp-554174,-2.188912905295031
17875,mp-6952,-3.2397054412500013
17876,mp-673129,-2.4239232310714294
17877,mp-39123,-3.1290914169390396
17878,mp-10854,-0.549091697
17879,mp-759498,-2.4301331963744586
17880,mp-849519,-2.4058719015325685
17881,mp-776259,-2.3831671075000003
17882,mp-771711,-2.2467038239583337
17883,mp-540592,-1.556715693035714
17884,mp-510569,-1.6576629428591942
17885,mp-781054,-1.6489896720175432
17886,mp-743656,-1.55977176835184
17887,mp-865095,-1.6572150943821842
17888,mp-20954,-0.7309316788888888
17889,mp-17535,-0.1416459792500035
17890,mp-770824,-2.4545331224928564
17891,mp-505601,-0.2451149089285717
17892,mp-510581,-0.5982926278333338
17893,mp-12780,-0.6014457839999998
17894,mp-775238,-2.2677121765151513
17895,mp-768268,-1.3066839485666661
17896,mp-696993,-1.8827013641666657
17897,mp-23703,-0.48936213770833303
17898,mp-766877,-2.324135644390245
17899,mp-1007992,0.36593377250000003
17900,mp-755552,-2.012445979583333
17901,mp-977415,-0.6599198237499975
17902,mp-767114,-2.455569728191964
17903,mp-973736,0.39458490281250214
17904,mp-765385,-2.076333062333334
17905,mp-756784,-0.8735377220833325
17906,mp-21900,-1.0574739669999986
17907,mp-28273,-1.287806514875
17908,mp-756245,-1.7580636685714286
17909,mp-571263,-0.04597321310415895
17910,mp-1161,-2.2639832570312493
17911,mp-567781,-2.241883151230071
17912,mp-4187,-0.6735289090000016
17913,mp-774361,-2.996037594458445
17914,mp-30109,-1.9686239230434777
17915,mp-981210,0.5089517749999999
17916,mp-765665,-1.5973625728231284
17917,mp-625211,-1.5347990820138886
17918,mp-12010,-2.1561834866406238
17919,mp-559109,-2.6584123298437508
17920,mp-8608,-0.17922482889285668
17921,mp-703517,-1.5603902885008518
17922,mp-11582,-1.0635712093229177
17923,mp-27637,-0.7516804466666679
17924,mp-721347,-2.2567132024702388
17925,mp-1345,-1.2564584531547613
17926,mp-29710,-1.726741038021981
17927,mp-1012551,-2.611201839999999
17928,mp-766123,-3.9991778923333317
17929,mp-771184,-1.9664549158974354
17930,mp-13133,-2.761319902138887
17931,mp-9938,-0.7910358300000032
17932,mp-12365,-1.7191016057916653
17933,mp-1006323,0.024845188749999636
17934,mp-559064,-1.1265983391190484
17935,mp-757917,-2.5092350759523803
17936,mp-9882,-0.9659690714999982
17937,mp-630376,-0.6250925138793089
17938,mp-21718,-0.685448206018519
17939,mp-680395,-0.3520011708124997
17940,mp-866304,-3.250841456527778
17941,mp-771065,-2.0566593505208335
17942,mp-776448,-2.796291176666666
17943,mp-1037,-0.6931851386111051
17944,mp-8211,-0.29642961166666737
17945,mp-980199,-0.5763946587499973
17946,mp-28638,-1.2333602362500002
17947,mp-28861,-0.04066042662835261
17948,mp-30423,-0.05227998666666167
17949,mp-570466,-0.019342178611111056
17950,mp-561514,-2.94855788310704
17951,mp-861975,-3.081037021250002
17952,mp-8042,-2.964421039166666
17953,mp-568606,-1.9096750003328908
17954,mp-7897,-0.33506686480654757
17955,mp-24287,0.18541373562499963
17956,mp-775334,-2.4934479366071436
17957,mp-10881,-0.8997610077499985
17958,mp-706336,-2.673892267986952
17959,mp-971853,0.6203578677083339
17960,mp-679985,-1.9581004728030296
17961,mp-11531,-0.21683060000000154
17962,mp-5950,-1.462361143636362
17963,mp-764782,-1.8628631378996865
17964,mp-1016200,-0.3569394237499992
17965,mp-29940,-1.7920654285416668
17966,mp-616458,-2.0632330686350584
17967,mp-760461,-3.5403901071666666
17968,mp-6583,-2.0636848999999993
17969,mp-555874,-0.8557796164583333
17970,mp-961680,-0.15964750283333728
17971,mp-28192,-0.689631724642857
17972,mp-989644,-2.1706517920689654
17973,mp-555218,-2.4130044804545427
17974,mp-7168,-1.5269613226587353
17975,mp-866227,-0.5101852468750003
17976,mp-32537,-1.646673068484848
17977,mp-11400,-0.5701341281249999
17978,mp-766361,-3.022328621285716
17979,mp-22894,-0.4651460233333342
17980,mp-554577,-2.743394560970695
17981,mp-8056,-3.128601376547612
17982,mp-17599,-1.826874171
17983,mp-34663,-0.5350763973437491
17984,mp-19966,-0.44317195500000395
17985,mp-21445,-2.8371541706944434
17986,mp-567258,-0.398621430000001
17987,mp-864907,-0.6919770612500002
17988,mp-698101,-1.7526892908823526
17989,mp-8631,-0.5565931944444434
17990,mp-19397,-1.6932216226149421
17991,mp-555691,-1.9245862764687502
17992,mp-21606,-0.6117032082327599
17993,mp-530081,-0.5379826688709698
17994,mp-775340,-2.9451036165277777
17995,mp-557704,-0.9831396180000013
17996,mp-760477,-3.427468958833333
17997,mp-1008225,0.14062806500000047
17998,mp-20731,-0.5871472219642848
17999,mp-540714,-1.358826392434077
18000,mp-23547,-3.9254451538095245
18001,mp-5525,-2.909401789781249
18002,mp-20809,-0.7855761346726159
18003,mp-997046,-0.15733620999999953
18004,mp-8947,-1.2340036204761897
18005,mp-18965,-2.0478580120000003
18006,mp-20419,-0.6883296869047614
18007,mp-15576,-2.973477162499999
18008,mp-21683,-0.39865324165024396
18009,mp-3529,-1.4154876920937522
18010,mp-770399,-2.738186664444444
18011,mp-4471,-3.669621607
18012,mp-35915,-1.8317612481250007
18013,mp-763200,-2.342649385666668
18014,mp-16690,-1.3232025390654745
18015,mp-978798,-0.19346065500000087
18016,mp-19293,-2.8771903566071417
18017,mp-541712,-1.5301494695624995
18018,mp-625718,-2.2201982855357145
18019,mp-758037,-2.739197645915532
18020,mp-759650,-2.4202224457142854
18021,mp-5493,-0.8060466616666648
18022,mp-779239,-2.61234913084298
18023,mp-999544,-0.3208436299999988
18024,mp-29454,-1.3368745679118763
18025,mp-559588,-0.805227481999999
18026,mp-753692,-3.0882160990909098
18027,mp-569415,-0.22016547739618014
18028,mp-972046,-0.47246134562499975
18029,mp-22512,-2.485892069814815
18030,mp-556703,-3.321365118452381
18031,mp-779300,-2.5384397473148153
18032,mp-30304,-1.7795944595454578
18033,mp-30613,-0.559702638333332
18034,mp-545506,-2.029670577410714
18035,mp-779317,-2.979550493919541
18036,mp-976060,0.4264533971527773
18037,mp-863423,-2.3367242425
18038,mp-999557,0.04930055487068685
18039,mp-6854,-0.25721712378592
18040,mp-4900,-3.5873155890000006
18041,mp-778828,-1.946282895977011
18042,mp-21576,-0.9620751858333334
18043,mp-11151,-1.5890557797916678
18044,mp-20391,-0.4316707403333339
18045,mp-772591,-2.6832962978868258
18046,mp-504211,-2.520665561232993
18047,mp-1016871,-2.1924009055000013
18048,mp-4653,-1.0849557819999973
18049,mp-41414,-2.6213143450000005
18050,mp-556039,-2.826943906039272
18051,mp-1009129,-2.7008123149999994
18052,mp-37179,-0.8808351479375034
18053,mp-827,-0.2211123337500016
18054,mp-22721,-0.5737452144999983
18055,mp-912,-1.1793211799999976
18056,mp-570578,-0.32967619875000054
18057,mp-770464,-2.3205009916666666
18058,mp-14411,-1.9536629207222225
18059,mp-782645,-2.3557759045490547
18060,mp-5491,-0.24791825448275873
18061,mp-1009489,-0.6035368770833327
18062,mp-571425,-0.35666964165113985
18063,mp-867850,-0.620035328232758
18064,mp-762049,-1.8391075425595238
18065,mp-569940,-0.5007812590625029
18066,mp-631364,0.8050666877142779
18067,mp-855,0.0005214846428565068
18068,mp-18099,-3.3725905075
18069,mp-756372,-1.8977897129999999
18070,mp-30472,-0.29226231199999975
18071,mp-760490,-2.5101966061111116
18072,mp-26261,-2.466710169749375
18073,mp-29000,-0.9753523339688971
18074,mp-1009581,-0.7685572382291662
18075,mp-4200,-3.3543154574404745
18076,mp-672966,-2.306191382883598
18077,mp-570744,-0.04679298500000024
18078,mp-17279,-3.252491369375001
18079,mp-767404,-2.3684767252941166
18080,mp-971703,0.37058322333333216
18081,mp-1009207,0.02559480775862255
18082,mp-22247,-0.8540222716666636
18083,mp-2117,-1.9769477293750022
18084,mp-568588,-1.6084573788802015
18085,mp-27191,-0.7009283793181825
18086,mp-18073,-0.4452581960902779
18087,mp-19063,-3.2365850730000005
18088,mp-756294,-3.1283753664814813
18089,mp-11944,-0.6392393529166682
18090,mp-14368,-1.7331736232142927
18091,mp-554410,-2.7789291295
18092,mp-21760,-0.4218480170833315
18093,mp-541202,-1.3878910408333336
18094,mp-764524,-2.2446697437984495
18095,mp-765639,-3.885687876875
18096,mp-631390,0.8550294644444444
18097,mp-534982,-2.752015799964789
18098,mp-761687,-2.3051110047470242
18099,mp-11220,-0.366392015
18100,mp-33302,-3.349386166071428
18101,mp-13502,-0.3549182150000014
18102,mp-504687,-0.57033779222222
18103,mp-1009555,-1.8549425566666666
18104,mp-754375,-2.775375980507663
18105,mp-5641,-0.32366432135278644
18106,mp-981662,0.5713675125000037
18107,mp-555509,-1.7108596356249965
18108,mp-643446,-2.150964669107143
18109,mp-1018151,-0.4185697199999983
18110,mp-40134,-1.8722313867307698
18111,mp-568225,-0.6738813725
18112,mp-4598,-2.623776220454545
18113,mp-758357,-2.8557460657142855
18114,mp-29145,-0.34891890187500074
18115,mp-867878,-0.44477182749999944
18116,mp-763901,-2.3327342362758627
18117,mp-19313,-1.745025911428572
18118,mp-977207,-0.01519107611111122
18119,mp-638226,-0.5098116693333339
18120,mp-558890,-2.9443573248397428
18121,mp-10379,-0.43490060777777806
18122,mp-690136,-1.987830883810976
18123,mp-758224,-2.4692308760714274
18124,mp-753960,-1.6590696211510418
18125,mp-972808,-3.250877761666666
18126,mp-770944,-1.83486214521605
18127,mp-780294,-2.449508395742338
18128,mp-13303,-0.7961439466666658
18129,mp-555548,-3.1504402602678567
18130,mp-10166,-1.2082201807812503
18131,mp-744474,-1.5903019744557811
18132,mp-756909,-1.6151248681666686
18133,mp-861882,-0.4123833995833319
18134,mp-569114,-0.9670861984635408
18135,mp-1076,-0.08032315410714322
18136,mp-22156,-0.8380844387499984
18137,mp-10138,-0.48778546685185137
18138,mp-770608,-1.9771587759852227
18139,mp-767363,-1.9197847850574723
18140,mp-569320,-0.7435294250000011
18141,mp-2243,-1.13542374875
18142,mp-978823,0.07348738999999682
18143,mp-32688,-2.1910132336874995
18144,mp-1306,-0.43703121999999794
18145,mp-974883,0.04730255903017211
18146,mp-11512,-0.8143778916666697
18147,mp-16560,-1.7255180470781237
18148,mp-17129,-1.2325969616666679
18149,mp-976870,0.5174665583620701
18150,mp-22609,-0.7375782281904748
18151,mp-122,0.0
18152,mp-567940,-1.5142569289285712
18153,mp-686050,-4.1144179691666665
18154,mp-540701,-0.6052666999999985
18155,mp-773504,-2.404813941653062
18156,mp-28041,-1.156629876086953
18157,mp-1008524,-0.530352283671875
18158,mp-757547,-2.4156735093581774
18159,mp-12651,-0.6964930149999979
18160,mp-568121,-0.28320931231191343
18161,mp-865019,-0.8941999968749936
18162,mp-3009,-3.3086484360714286
18163,mp-8377,-1.4950600038888868
18164,mp-625367,-3.051509620729167
18165,mp-571491,-0.43957197857142816
18166,mp-7045,-2.0968906406249985
18167,mp-778616,-2.4368389793750005
18168,mp-10436,-0.4236782259999998
18169,mp-550579,-2.7656371242333337
18170,mp-720985,-3.1057704705590803
18171,mp-977551,-0.039560056666664956
18172,mp-996990,-1.7506179754166662
18173,mp-684989,-0.022551838461534038
18174,mp-541483,-1.8427801062500002
18175,mp-697833,-2.514165624500001
18176,mp-631345,1.0062274992499987
18177,mp-558632,-2.224053861589901
18178,mp-720509,-1.2436232345047609
18179,mp-558314,-2.012361454809524
18180,mp-18857,-2.531505224999999
18181,mp-17101,-3.2375350697222274
18182,mp-25205,-2.0164506186956515
18183,mp-569855,-1.3030231158333336
18184,mp-1007,-1.2145624658333318
18185,mp-779315,-2.800994511250001
18186,mp-1009082,-0.2987505500000003
18187,mp-980014,0.04285810250001276
18188,mp-862725,-0.23080879624999895
18189,mp-631619,0.6426552056874999
18190,mp-766330,-1.9512437514285714
18191,mp-746670,-0.8240885312499998
18192,mp-762401,-1.6389232018333337
18193,mp-22031,-0.8081600883333356
18194,mp-19093,-3.0844553799999987
18195,mp-6252,-2.2117306526666667
18196,mp-677283,-3.410130186900001
18197,mp-21080,-0.516585293
18198,mp-977408,-2.362471505666668
18199,mp-5353,-0.5066800130555565
18200,mp-18217,-1.3819342316116068
18201,mp-30864,-0.7027724590000005
18202,mp-772817,-2.2017784328
18203,mp-31158,-0.4887626693750005
18204,mp-12580,-0.3117499654166651
18205,mp-861873,-2.576722779133334
18206,mp-756040,-2.982678915357146
18207,mp-530800,-3.7835834419791663
18208,mp-22256,-0.5486250432806514
18209,mp-23062,-0.9699799549999994
18210,mp-849937,-1.280432398805419
18211,mp-569066,-1.040615926590038
18212,mp-769589,-2.376552819102564
18213,mp-36007,-2.1854557020535674
18214,mp-13452,-0.5061120183333324
18215,mp-15988,-0.48556522833333204
18216,mp-773953,-2.839739766750001
18217,mp-2654,-1.2361827020208334
18218,mp-560671,-3.165665810637932
18219,mp-979043,-0.23833275500000362
18220,mp-541951,-1.042091269642856
18221,mp-561710,-0.8394699596875
18222,mp-779299,-2.461290566016991
18223,mp-556097,-1.5104179427640942
18224,mp-28695,-0.18802873500000034
18225,mp-770405,-2.4175339035714285
18226,mp-1005753,-0.4384633494444448
18227,mp-613327,-0.37666698566666523
18228,mp-554282,-3.3833821500416668
18229,mp-19281,-3.1966233445000007
18230,mp-8002,-2.3127029652083335
18231,mp-708961,-1.4657971733246526
18232,mp-561382,-1.9807075278571438
18233,mp-754055,-2.983598822413793
18234,mp-19111,-2.3888671032974145
18235,mp-9514,-0.0550147410000001
18236,mp-570723,-1.1182290150000005
18237,mp-20821,-0.19545995281250228
18238,mp-14985,-3.0688966889750002
18239,mp-974057,-0.7647130636111115
18240,mp-776320,-1.2587953634999998
18241,mp-771958,-2.8532195275
18242,mp-22419,-0.9130349186111112
18243,mp-863062,-2.4852496540476197
18244,mp-676320,-2.008880134035087
18245,mp-504371,-2.278997002127193
18246,mp-961705,-0.14813270055556416
18247,mp-20516,-0.4399392474999999
18248,mp-973956,-0.3464101795833301
18249,mp-11101,-0.8486995397222188
18250,mp-742,-0.11303320444444627
18251,mp-997004,-1.9029732441666662
18252,mp-3479,-0.24065220000000018
18253,mp-535,-0.056231034999999
18254,mp-540033,-2.5329847011863715
18255,mp-752793,-2.4168669530555547
18256,mp-974690,-1.6814937264285714
18257,mp-27331,-0.9750834466785696
18258,mp-1018689,-0.5093250577777724
18259,mp-774297,-2.6360410770929796
18260,mp-556275,-2.527796269230769
18261,mp-6699,-2.867772388598404
18262,mp-574651,-1.5642421949362433
18263,mp-774368,-2.4807522292959763
18264,mp-757490,-2.394530838282312
18265,mp-691117,-3.2613454546264378
18266,mp-558302,-1.582848205384616
18267,mp-568060,-0.7168314452272749
18268,mp-567471,-0.5640443710416677
18269,mp-680486,-1.191978290978261
18270,mp-999540,-0.949901936772628
18271,mp-754323,-2.835879719000002
18272,mp-18685,-1.043014072708333
18273,mp-30099,-0.7544179905555547
18274,mp-756213,-1.2511081467777772
18275,mp-28968,-0.5456375003571391
18276,mp-31277,-0.15945989350000217
18277,mp-3201,-0.5564288008333342
18278,mp-758527,-2.859767565355263
18279,mp-8430,-1.3818549060277776
18280,mp-774883,-0.7301935945238084
18281,mp-30169,-0.28528955537037
18282,mp-557624,-3.404101349662704
18283,mp-7624,-3.699185545454544
18284,mp-559766,-2.9065660815373553
18285,mp-567838,-0.3595647331730775
18286,mp-755573,-1.1232742206034498
18287,mp-979953,0.2737687994166649
18288,mp-15588,-0.5371056376666672
18289,mp-6078,-2.483071516264368
18290,mp-569577,-0.565424515333327
18291,mp-24237,-0.738094194166667
18292,mp-757914,-2.8338883807797624
18293,mp-28810,-0.5927766416145831
18294,mp-768309,-3.749865975104166
18295,mp-779105,-1.6978588983333343
18296,mp-772661,-2.449124310886993
18297,mp-22752,0.012180614999999525
18298,mp-774336,-1.1035402757142856
18299,mp-758145,-2.8197633891774885
18300,mp-4703,-0.40820212384615434
18301,mp-2034,-0.03691077750000223
18302,mp-756251,-2.883578973000001
18303,mp-5146,-1.3014558642857108
18304,mp-3297,-1.991919412536232
18305,mp-977218,-0.016993802777777844
18306,mp-6297,-2.144718314
18307,mp-17805,-2.249039763066406
18308,mp-644307,-0.6896962625
18309,mp-24065,-1.8606212434469698
18310,mp-864968,-0.5538888461206888
18311,mp-27333,-1.2258536766666692
18312,mp-765222,-2.433993185206349
18313,mp-698710,-2.6819827876379305
18314,mp-25433,-3.349036991111111
18315,mp-22267,-0.3163714905835556
18316,mp-561034,-0.8338423089999984
18317,mp-765679,-1.2649927663868057
18318,mp-27370,-0.14371069952380822
18319,mp-555123,-3.0139568210362055
18320,mp-579605,-2.3181611141560348
18321,mp-11437,-0.5481304768749959
18322,mp-20824,-2.0444429106410262
18323,mp-560240,-2.3978619304142854
18324,mp-29273,-2.3710887061999886
18325,mp-642,-0.007521177499999762
18326,mp-21623,-0.7135005684920626
18327,mp-11488,-0.4179355941666696
18328,mp-753940,-1.230994826702873
18329,mp-707324,-0.5137625475811686
18330,mp-3346,-0.909403821666667
18331,mp-755465,-0.843946653636364
18332,mp-34126,-0.1682705813174607
18333,mp-30712,-0.2627796610526298
18334,mp-989529,-1.9948010518916663
18335,mp-20277,-2.5310902631250016
18336,mp-27195,-0.6317526160208331
18337,mp-11114,-0.715435133621094
18338,mp-762511,-1.783655144861111
18339,mp-753363,-1.7924111266666665
18340,mp-569095,-0.3191456956249996
18341,mp-5512,-3.4611466855813955
18342,mp-975442,-0.5839707902083298
18343,mp-763316,-1.9464848598659
18344,mp-13064,-3.959439273416667
18345,mp-866138,-0.5202046016666655
18346,mp-672314,0.16688004583333393
18347,mp-865229,-0.582139859999999
18348,mp-626553,-1.3538887675925935
18349,mp-574684,-0.3385656310517241
18350,mp-1013537,0.11122313774999952
18351,mp-982243,-0.3744323487499992
18352,mp-675437,-0.5777878245833321
18353,mp-33537,-1.6347223207142858
18354,mp-972882,-0.2832786362499995
18355,mp-705116,-2.6424696557931036
18356,mp-863066,-2.8949310439310354
18357,mp-861995,-0.3917389262499995
18358,mp-764593,-2.633140507142857
18359,mp-557411,-3.151780403225002
18360,mp-7876,-0.45907881600000133
18361,mp-9660,-2.782948522575758
18362,mp-972511,-0.5250677041666663
18363,mp-1748,-2.2970675451562492
18364,mp-698567,-1.672403235128204
18365,mp-19497,-2.3267059389190994
18366,mp-5438,-0.8222946998333356
18367,mp-865428,-0.6121196334821448
18368,mp-978095,-0.5803035017083218
18369,mp-30551,-0.22850731437500027
18370,mp-1019803,-3.3544648080104165
18371,mp-19399,-2.366587769
18372,mp-31628,-2.1471538529166665
18373,mp-867115,-0.2833067716666662
18374,mp-12020,-0.4152124499999994
18375,mp-13079,-0.2726304239655173
18376,mp-29654,-0.09809325075000004
18377,mp-720376,-1.1658413029843757
18378,mp-1018755,-0.3600413144444475
18379,mp-715617,-2.373788130263159
18380,mp-7420,-0.33932166241666933
18381,mp-16945,-0.797528300000001
18382,mp-975666,-3.0773808888888916
18383,mp-38684,-2.1811473552380947
18384,mp-19274,-2.6874223127528736
18385,mp-29890,-3.5894571464285696
18386,mp-684093,-2.5195883163558204
18387,mp-557743,-3.8582526429935897
18388,mp-15236,-0.6863518204062494
18389,mp-1190,-0.9515610311718761
18390,mp-541283,-1.1862515973611103
18391,mp-21598,-0.3795481484374985
18392,mp-567348,-0.8462060066666686
18393,mp-2119,-0.36907816999999926
18394,mp-649213,-1.9338033470454534
18395,mp-29153,-0.991896259910714
18396,mp-642157,-1.4894228431250003
18397,mp-4536,-0.5516731574999998
18398,mp-864766,-2.5950506548599135
18399,mp-978911,-0.5900414262500036
18400,mp-771914,-2.879341441470588
18401,mp-864633,-0.6006280731250007
18402,mp-866637,-0.9264578699132642
18403,mp-771580,-1.7554625224999993
18404,mp-866605,-1.7538945745138879
18405,mp-699636,-2.3927383862743064
18406,mp-3446,-3.805543114285714
18407,mp-765090,-2.9463609892528737
18408,mp-1008,0.21853056749999666
18409,mp-582723,-0.47687160211925317
18410,mp-973342,-0.2760436525000003
18411,mp-9212,-2.9291718322198275
18412,mp-6126,-2.3040003562500004
18413,mp-5606,-3.2734929788888683
18414,mp-1019583,-3.395796396
18415,mp-568836,-1.3449878845833334
18416,mp-581857,-2.8489294203750006
18417,mp-721,-0.2998217283333311
18418,mp-22343,-0.6487171459999985
18419,mp-510152,-0.6679115122222216
18420,mp-30933,-0.3738756508333398
18421,mp-718,-0.49290716750000385
18422,mp-781081,-2.6898256070000004
18423,mp-557059,-0.9107632413541668
18424,mp-3267,-0.5558374123809519
18425,mp-770370,-2.6235152729166655
18426,mp-1028,-0.5593940495238121
18427,mp-9844,-3.2522795627777774
18428,mp-697726,-2.494363203412698
18429,mp-767011,-2.427310479463601
18430,mp-850739,-2.3696411399999997
18431,mp-974638,-0.3246550668750001
18432,mp-768241,-3.0528956462121197
18433,mp-758632,-0.5258082511717753
18434,mp-510306,-0.7753630241666671
18435,mp-541070,-1.024910418923164
18436,mp-780325,-2.6140341416091957
18437,mp-756297,-1.906449286904761
18438,mp-769615,-2.461423570208333
18439,mp-2927,-0.23047338291666541
18440,mp-776630,-2.473903667000001
18441,mp-9407,-1.328629548000002
18442,mp-669476,-2.7846152330000002
18443,mp-940,-1.815181784375003
18444,mp-556596,-2.2056517157467526
18445,mp-690866,-2.5840757658438895
18446,mp-697945,-1.4936439825888161
18447,mp-26342,-2.352745636928571
18448,mp-29020,-1.7988380953104697
18449,mp-720868,-1.3922319299999995
18450,mp-776680,-2.3144370599181254
18451,mp-1038,-0.12408862500000122
18452,mp-23574,-0.9299881474675321
18453,mp-7825,-3.0343770371666645
18454,mp-649453,-1.5066806473958332
18455,mp-999293,0.6633635575000003
18456,mp-761765,-2.3233241325862073
18457,mp-1016881,-1.4914406139999996
18458,mp-554781,-1.7123762989583327
18459,mp-976823,0.029313474374998094
18460,mp-570961,-0.528663798937498
18461,mp-542443,-0.9480949884259265
18462,mp-697764,-2.504415167738095
18463,mp-562137,-2.1893722525972223
18464,mp-21431,-0.3820792312499979
18465,mp-754079,-2.759447232916667
18466,mp-754455,-3.8714628999999987
18467,mp-568449,-0.6611674995833337
18468,mp-705424,-1.4740563385714285
18469,mp-505429,-0.48374280571428585
18470,mp-5429,-0.8182896160000042
18471,mp-30731,-0.8814031375000058
18472,mp-601292,-2.802417740896578
18473,mp-16684,-1.5934496843229162
18474,mp-570751,-0.2632754529166661
18475,mp-764021,-1.9176881603201974
18476,mp-567389,-0.23801389791666683
18477,mp-772617,-0.9987428158333331
18478,mp-556084,-1.1487544349500005
18479,mp-669720,-0.2608192055000004
18480,mp-30871,-0.07652924300000308
18481,mp-19890,-0.000270193333333187
18482,mp-30826,-0.26062432184658685
18483,mp-1007918,-0.8778207408333323
18484,mp-17986,-2.254204047916664
18485,mp-779766,-1.557071324264705
18486,mp-582753,-0.4349931823232396
18487,mp-767774,-2.2379745451033113
18488,mp-570631,-0.7923704038570761
18489,mp-3472,-1.9106364341666637
18490,mp-773874,-2.235613433466387
18491,mp-504909,-0.3963247830357144
18492,mp-976281,-0.275359101428573
18493,mp-30923,-0.5978405271874987
18494,mp-42022,-3.358690698681035
18495,mp-761608,-1.549160832708333
18496,mp-20603,-0.325969957500007
18497,mp-4808,-0.6186033597222232
18498,mp-19387,-1.9858444916666649
18499,mp-1013795,-2.096992368250001
18500,mp-616228,-0.8559350749242417
18501,mp-8260,-2.08652923890625
18502,mp-1008610,1.5102573925000016
18503,mp-1479,-0.4833042952380957
18504,mp-570125,-0.6619989306944459
18505,mp-7457,-2.5675929908333326
18506,mp-30284,-1.3621797599999994
18507,mp-27275,-2.5554420863095233
18508,mp-31080,-0.6686579583333341
18509,mp-2536,-0.2826535191666662
18510,mp-552934,-2.2768791274999995
18511,mp-631412,0.5135363125000003
18512,mp-1020107,-1.3474433006481488
18513,mp-20244,-1.4198335714999986
18514,mp-7588,-1.841437826875
18515,mp-626726,-1.7728619737500013
18516,mp-1600,-0.1356656200694517
18517,mp-559336,-2.233152925543582
18518,mp-759455,-2.459638935465368
18519,mp-19957,-3.0038773213541674
18520,mp-30581,-0.15993931666666583
18521,mp-87,0.0
18522,mp-27528,-0.46490962291666604
18523,mp-25208,-1.0426203166666674
18524,mp-754480,-3.197924765
18525,mp-23098,-1.8109732059375006
18526,mp-569675,-1.1001024555128227
18527,mp-862918,-0.07157329562499815
18528,mp-4579,-0.8028427516666667
18529,mp-2493,-1.746165499374996
18530,mp-849229,-1.1064585214772726
18531,mp-849485,-2.55223689375479
18532,mp-22131,-0.5009097949999989
18533,mp-632760,-1.3783330680172412
18534,mp-29411,-0.9706116331768828
18535,mp-754578,-3.1589241320000014
18536,mp-945,-0.0951159249999991
18537,mp-23140,-0.4264321279166676
18538,mp-2451,-0.46262733500000053
18539,mp-720817,-1.4651853491517852
18540,mp-8075,-2.709880308567639
18541,mp-862887,-0.33092544833333015
18542,mp-972400,-0.7994365124999945
18543,mp-761952,-2.5878814581349197
18544,mp-21677,-0.2554498447777784
18545,mp-775175,-2.178292596190476
18546,mp-781614,-2.7509814711111105
18547,mp-768615,-2.840128158823529
18548,mp-1172,-0.44977443750000035
18549,mp-10098,-0.9297520466666688
18550,mp-569193,-0.9679186056000143
18551,mp-626528,-2.46286384725
18552,mp-28707,-3.150024095833332
18553,mp-8418,-1.1418418715476168
18554,mp-649950,-0.921727256666666
18555,mp-30386,-0.7898850050000021
18556,mp-555791,-3.2265414217361115
18557,mp-23201,-0.4608345625000019
18558,mp-560629,-2.9377003900339274
18559,mp-867750,-3.0785079645129874
18560,mp-768482,-1.8502630166176544
18561,mp-755462,-3.5382818378333325
18562,mp-770638,-1.5395314805376334
18563,mp-14430,-2.8422780180000005
18564,mp-11571,-0.4231638337500012
18565,mp-758573,-1.0645730577777777
18566,mp-510188,-0.5781334012500045
18567,mp-974430,-0.09152194687499815
18568,mp-972380,-0.6626999727272728
18569,mp-22566,-0.7748982481250013
18570,mp-571309,-1.3317484492857123
18571,mp-505515,-0.5140495870000009
18572,mp-781684,-1.4479259247777772
18573,mp-601820,-0.04161364249999977
18574,mp-654139,-3.6553303154901946
18575,mp-21290,-0.9869274205555558
18576,mp-1008912,2.258682377916667
18577,mp-865081,-1.513576809374996
18578,mp-30471,-0.1067702775000015
18579,mp-22634,-3.2563449314499993
18580,mp-4675,-3.053653402742529
18581,mp-625151,-1.1636283426136371
18582,mp-973831,-0.7215250791439338
18583,mp-20764,-2.189161334437503
18584,mp-679979,-0.8685875498913052
18585,mp-764052,-2.8011966725
18586,mp-1018159,-0.40617561111111417
18587,mp-624668,-0.8500435344444425
18588,mp-703459,-1.2789197802777774
18589,mp-1689,-0.3940336975000089
18590,mp-775016,-2.4969074589347273
18591,mp-559598,-3.885460968888889
18592,mp-559613,-1.7229617032757352
18593,mp-560578,-1.962888765416667
18594,mp-17448,-2.3797663480000013
18595,mp-2393,-0.30089069750000164
18596,mp-849476,-2.2523972702011488
18597,mp-8995,-3.243374188812259
18598,mp-560944,-2.780187510395788
18599,mp-28326,-1.4556034968055558
18600,mp-978506,-2.836462900000001
18601,mp-773325,-2.4023160945512823
18602,mp-1013541,-0.43723862149999987
18603,mp-22857,-1.3468180333333333
18604,mp-1009734,0.3347038425000015
18605,mp-554229,-1.7678226980962652
18606,mp-554539,-3.1913246046875003
18607,mp-10335,-2.159168554666666
18608,mp-9029,-1.2675559823214297
18609,mp-15954,-0.5725928316666659
18610,mp-573877,-0.327882650000002
18611,mp-973451,-2.8504349750000015
18612,mp-761185,-2.1366030130642857
18613,mp-867831,-0.7065420116666647
18614,mp-567908,-0.5264271649242418
18615,mp-558430,-3.5420894343939366
18616,mp-20462,-0.33567298749999913
18617,mp-644325,-2.5058482538793103
18618,mp-865100,-0.21082085125000205
18619,mp-28975,-0.2481815028922207
18620,mp-545467,-1.582540591111112
18621,mp-672205,0.9760624499999988
18622,mp-1002114,-0.18546599437500078
18623,mp-19255,-2.3094331766666665
18624,mp-980205,-0.5624903194444535
18625,mp-541735,-1.3263340951904752
18626,mp-30941,-1.502494158392857
18627,mp-29055,-0.39162036458333205
18628,mp-505721,-1.424777078750001
18629,mp-567210,-0.7040339158333344
18630,mp-866222,-0.3214685181250019
18631,mp-10670,-0.6033059471428582
18632,mp-28778,-3.9095632087083345
18633,mp-672695,-1.5840398410694447
18634,mp-16403,-0.020491551041665446
18635,mp-754414,-3.611187283214286
18636,mp-28219,-1.1936581681666674
18637,mp-27615,-2.830480845798318
18638,mp-17185,-0.839723534090909
18639,mp-19740,-1.1330991155555554
18640,mp-2688,-0.5287088593749991
18641,mp-7657,-0.9843654023214299
18642,mp-631355,0.3263971212500003
18643,mp-676467,-3.0661862690790915
18644,mp-23407,-0.8044650508333339
18645,mp-17468,-3.5042542586363625
18646,mp-21394,-3.123422545000004
18647,mp-761704,-1.905273363636365
18648,mp-554493,-1.7221394259375007
18649,mp-625074,-1.2361387584999997
18650,mp-555476,-1.7827773013856947
18651,mp-558647,-0.9165925999810604
18652,mp-558487,-2.8140095894107136
18653,mp-13499,-0.03250272499999577
18654,mp-560049,-1.0931400964687517
18655,mp-757092,-3.3749132605833343
18656,mp-9801,-0.8039544433333331
18657,mp-645299,-1.2100420966206893
18658,mp-607467,-2.6193777364999997
18659,mp-1013708,0.5097042050000002
18660,mp-684090,-2.469853182510823
18661,mp-770626,-2.041340426366996
18662,mp-972257,0.01655439749999843
18663,mp-22580,-0.529860206875
18664,mp-555521,-3.2573140737500004
18665,mp-767777,-2.990388906527778
18666,mp-28903,-2.0775699464285715
18667,mp-753699,-1.872399627727274
18668,mp-976031,0.1760536804741406
18669,mp-569927,-0.3146872680555551
18670,mp-1027,-0.8043756524999992
18671,mp-706986,-1.4731210924603175
18672,mp-764754,-2.682764410277777
18673,mp-776672,-2.558435581190477
18674,mp-555621,-2.9315569246785715
18675,mp-24004,-2.1156792389880956
18676,mp-555147,-3.1914221316666675
18677,mp-769802,-3.7170369547999997
18678,mp-755252,-2.909832430729165
18679,mp-569823,-0.41203561500000063
18680,mp-980662,-0.4351222950000029
18681,mp-769720,-3.684434159642857
18682,mp-705555,-1.490957769047618
18683,mp-17332,-0.5810035168749987
18684,mp-770785,-2.221010876320848
18685,mp-30973,-0.23044672044643125
18686,mp-1018745,-1.2716831550000005
18687,mp-779900,-1.4550442454385963
18688,mp-9746,-2.3739292119435733
18689,mp-7074,-3.317827060137931
18690,mp-25950,-2.3472114986785706
18691,mp-542598,-0.18319499327160493
18692,mp-18899,-2.7804042532931037
18693,mp-774242,-2.624542423407408
18694,mp-23110,-0.9340252952298873
18695,mp-6071,-2.5110165907575763
18696,mp-11247,-0.40306293499999946
18697,mp-28641,-3.4143529451041665
18698,mp-556932,-2.2452811363452403
18699,mp-30684,-0.6182837610000007
18700,mp-1013705,-0.49084356016666675
18701,mp-23399,-1.2903964948611115
18702,mp-672654,-0.42104192586207084
18703,mp-13995,-1.2741286792857183
18704,mp-9259,-3.127045616666662
18705,mp-1019572,-3.4113534702500004
18706,mp-707177,-1.3794089436184218
18707,mp-631256,0.5593453566666658
18708,mp-13829,-0.3771814547222239
18709,mp-977563,-0.4877095083333334
18710,mp-9937,-0.9607263924479122
18711,mp-37995,-2.891011295384615
18712,mp-1314,-0.21665124710526354
18713,mp-767412,-0.8870954026666662
18714,mp-2235,-0.8390280883333313
18715,mp-6586,-3.442913671587931
18716,mp-779974,-2.3880786617500007
18717,mp-18620,-2.847031572420635
18718,mp-754745,-2.0662470779597704
18719,mp-19026,-1.5215745944396555
18720,mp-761254,-2.505932711029762
18721,mp-676264,-4.241234010333334
18722,mp-559360,-3.255733744166666
18723,mp-10849,-0.38689818552083466
18724,mp-631309,0.6884562977083277
18725,mp-1020159,-1.9528270805086207
18726,mp-19267,-2.484337766586208
18727,mp-19147,-1.654219305000001
18728,mp-1019743,-0.6322928409375006
18729,mp-605028,-0.4028098457142854
18730,mp-773113,-0.6467228459090903
18731,mp-867966,-3.272983015000003
18732,mp-760093,-3.3808290841999997
18733,mp-984534,-0.6035325457499994
18734,mp-643643,-1.2182155325000004
18735,mp-972549,0.005403381250005168
18736,mp-675473,-0.5458615451053644
18737,mp-637918,-0.2800314037500016
18738,mp-30374,-0.7004257995833303
18739,mp-862687,-0.5849030188636362
18740,mp-1008807,-0.19053746749999986
18741,mp-772188,-3.9468767316666646
18742,mp-10533,-1.591449781406249
18743,mp-778217,-1.0861456379999992
18744,mp-1006372,-1.358931342361111
18745,mp-865934,-3.5006556916666653
18746,mp-704544,-2.915585814000001
18747,mp-11204,-0.5918239455555631
18748,mp-8716,-1.118830064423706
18749,mp-35929,-2.0976737940660932
18750,mp-567982,0.012022175888887432
18751,mp-19855,-0.0979919295000002
18752,mp-1016929,-1.2297986799999996
18753,mp-755355,-3.3312335225757566
18754,mp-775817,-1.2029301251666666
18755,mp-555015,-1.2859765035937487
18756,mp-644494,-0.2702361971428563
18757,mp-29405,-1.1522616044999991
18758,mp-777071,-2.5090089245918366
18759,mp-6289,-2.894512731410256
18760,mp-6514,-3.372114857101807
18761,mp-11520,-0.949398749999998
18762,mp-772662,-1.5871625657606483
18763,mp-752843,-2.526996868095238
18764,mp-581419,-1.1965025497968753
18765,mp-1009086,-0.2176260035714277
18766,mp-559814,-1.271056237424242
18767,mp-631631,-2.016048719602122
18768,mp-559871,-3.857412500416667
18769,mp-5732,-3.6739524936363632
18770,mp-557757,-3.1049286185515865
18771,mp-11280,-0.0621322194871801
18772,mp-9657,-1.984634626166666
18773,mp-554964,-3.557036568430334
18774,mp-17487,-2.8865388437684714
18775,mp-3187,-3.5898367530000015
18776,mp-579556,-1.2997268416091938
18777,mp-1018768,-0.8822767608333303
18778,mp-24390,-2.7998867240561216
18779,mp-8960,-2.9767851755799373
18780,mp-1352,-1.975506446875002
18781,mp-15733,-3.484082552166667
18782,mp-646456,-0.24773753393939432
18783,mp-505270,-2.5450024420833333
18784,mp-685935,-1.761561389
18785,mp-976356,0.06864229687499979
18786,mp-11585,-3.2555147500000006
18787,mp-557257,-3.038636394450003
18788,mp-773506,-2.2947765993753424
18789,mp-31194,-0.32763215691666686
18790,mp-18305,-1.0551996005468736
18791,mp-18576,-3.035146655392158
18792,mp-735543,-1.4378774521736462
18793,mp-542020,-0.8782702923333318
18794,mp-979984,-0.26422025473214106
18795,mp-680322,-1.9481427038316335
18796,mp-1819,-1.8390066462499892
18797,mp-569507,-1.6180324311718666
18798,mp-770899,-2.3583605120512825
18799,mp-255,-0.27093699875000254
18800,mp-22889,-1.5562318216666668
18801,mp-586092,-1.7782995015624996
18802,mp-745173,-1.5534250576899011
18803,mp-961668,-0.13764821000000063
18804,mp-17785,-1.9266523964298028
18805,mp-554115,-0.9623385472395837
18806,mp-20646,-0.47885019217240765
18807,mp-14581,-2.1243123521839085
18808,mp-690559,-3.282169028065135
18809,mp-14686,-0.6841676836956531
18810,mp-4941,-2.784467207857141
18811,mp-4406,-2.6689357337499984
18812,mp-625632,-1.1283648986607144
18813,mp-569707,-0.726207735781251
18814,mp-6325,-3.413043947644446
18815,mp-569834,-0.18911922583333318
18816,mp-626800,-1.6326534701388893
18817,mp-34913,-2.3014745264285716
18818,mp-975924,-0.6481776277539062
18819,mp-775013,-2.0156458334688017
18820,mp-989635,-0.7922665840000022
18821,mp-755867,-2.7870567512121203
18822,mp-10677,-1.0065152993253956
18823,mp-975321,0.22342531541666677
18824,mp-754555,-2.7228157770833334
18825,mp-15796,-1.9625500099479147
18826,mp-954,-0.40997236500000056
18827,mp-27263,-1.6621822461330045
18828,mp-21308,-0.9118470233333369
18829,mp-767070,-3.626340367236843
18830,mp-998746,-1.0267664746666676
18831,mp-774802,-2.474255249107143
18832,mp-1523,-0.959174053095237
18833,mp-757076,-2.524170882178571
18834,mp-11566,-0.3815654974999996
18835,mp-24650,-0.7996299991666665
18836,mp-117,0.0
18837,mp-961656,-0.2183070888888885
18838,mp-773604,-2.1615240781226057
18839,mp-1444,-0.3057733266666644
18840,mp-780850,-2.4664805414517743
18841,mp-755486,-2.0457348671264364
18842,mp-767527,-0.6821672652499995
18843,mp-554701,-2.678592212464286
18844,mp-643001,-0.35453526340909103
18845,mp-557644,-1.9845301243849203
18846,mp-961696,-0.177972692643678
18847,mp-560597,-2.7546702895768034
18848,mp-11474,-0.02726680812499893
18849,mp-641281,-2.2476028621706905
18850,mp-9769,-0.844524301249999
18851,mp-867117,-0.7990680525
18852,mp-555840,-2.328952516306122
18853,mp-1007661,-0.23224018499999843
18854,mp-782649,-2.0070235092971185
18855,mp-636476,-1.4695830330000006
18856,mp-31235,-0.755547202681992
18857,mp-977110,-0.4145077125000043
18858,mp-380,-0.9475409986718764
18859,mp-38972,-2.6865874414285753
18860,mp-611,0.013177481250000511
18861,mp-12431,-3.9286564100000056
18862,mp-754699,-2.7513587955076635
18863,mp-864671,-1.097746739999998
18864,mp-780470,-2.395150244245689
18865,mp-9201,-0.3433007506923065
18866,mp-1008813,-0.455913078055555
18867,mp-705380,-2.39803877617168
18868,mp-553874,-1.270610511309522
18869,mp-561110,-1.7932332205769228
18870,mp-8673,-2.0039591093333335
18871,mp-567114,-0.5991461920000006
18872,mp-961726,0.008528901666667347
18873,mp-11917,-1.1857903830000005
18874,mp-755169,-0.12267292821429214
18875,mp-2358,-0.5767450999999989
18876,mp-752434,-3.893394310500001
18877,mp-974315,0.6775495000000005
18878,mp-998323,-1.5272778502643676
18879,mp-755317,-2.984420037314815
18880,mp-767414,-2.7876095611785705
18881,mp-3076,-1.1501598677777924
18882,mp-777744,-4.283152367000001
18883,mp-15736,-3.4198524705555555
18884,mp-567556,-0.6184284258789061
18885,mp-556050,-1.3439759357247902
18886,mp-31025,-2.286565860714286
18887,mp-554532,-2.5581851034629626
18888,mp-557604,-3.1129518252182518
18889,mp-23224,-0.2283343258333351
18890,mp-571056,-0.4074440110937516
18891,mp-707129,-2.1324327565555565
18892,mp-973540,-0.5524430769444445
18893,mp-23330,-1.082864028810345
18894,mp-760419,-2.924663206458334
18895,mp-15046,-0.18231953110650473
18896,mp-19860,-0.5749490127777767
18897,mp-707645,-2.620269400639151
18898,mp-16493,-0.5264388225000003
18899,mp-867749,-2.243382312
18900,mp-775227,-1.7110853312318852
18901,mp-849678,-2.5013631959444442
18902,mp-772724,-2.2737671793333334
18903,mp-985558,-2.233854403945312
18904,mp-30523,-0.3745383233124997
18905,mp-974358,-0.04101984375000711
18906,mp-770936,-3.4904040480555585
18907,mp-18420,-2.0196137847499984
18908,mp-19027,-1.272089747155172
18909,mp-4756,-0.10368815624999783
18910,mp-1545,-0.25473176249999874
18911,mp-755057,-2.1789761336111106
18912,mp-20389,-0.13259495568965218
18913,mp-40502,-3.113841926998723
18914,mp-618788,-0.2143326982380946
18915,mp-570175,-0.6375793762499988
18916,mp-977394,-0.3274622224999968
18917,mp-4752,-3.509904657586197
18918,mp-25802,-2.4199886589194137
18919,mp-698728,-1.5651469265384628
18920,mp-11859,-0.6557807170000025
18921,mp-1009819,-2.6602446575
18922,mp-4564,-2.8112760728048762
18923,mp-28782,-1.1198411523475982
18924,mp-540577,-3.18968664089881
18925,mp-556117,-2.8137563282407396
18926,mp-10124,-0.39507762745613956
18927,mp-567920,-1.2186402793707478
18928,mp-770816,-3.8849242183333175
18929,mp-866139,-0.5618180808333344
18930,mp-757884,-2.4004491378364383
18931,mp-3700,-4.030965386388889
18932,mp-698622,-1.2958856687421632
18933,mp-556740,-2.910690842379585
18934,mp-14892,-0.9441972156336804
18935,mp-9693,-1.1191940344218747
18936,mp-7725,-2.9620142903940874
18937,mp-559740,-3.214232430833335
18938,mp-697761,-2.311259368762316
18939,mp-10739,-1.0797052365476185
18940,mp-631310,0.5981970912499968
18941,mp-775191,-2.179921627440475
18942,mp-1152,-0.6179574708333329
18943,mp-15739,-2.1333968478846157
18944,mp-19320,-1.4288526213571413
18945,mp-1008673,0.16220904999999894
18946,mp-998552,-3.7867146509999996
18947,mp-757203,-1.888849398901478
18948,mp-556262,-3.254014431875001
18949,mp-626000,-1.5446016175431037
18950,mp-37521,-1.8494118656249978
18951,mp-581488,-2.080234102038691
18952,mp-669466,-0.6756339573333335
18953,mp-753690,-1.7587061038257574
18954,mp-17396,-0.5454782486111106
18955,mp-559897,-1.8329364208333334
18956,mp-557697,-1.4670536177272764
18957,mp-962066,-0.7993767837931033
18958,mp-22775,-0.306589035294118
18959,mp-777002,-2.4478221329761913
18960,mp-7888,-3.0184233677500005
18961,mp-631549,1.231745602500002
18962,mp-560029,-3.645102546875002
18963,mp-768372,-1.277118806388889
18964,mp-773040,-0.4578391009722217
18965,mp-779975,-2.382551800249999
18966,mp-21826,-0.36366086499999917
18967,mp-1001918,0.21617761999999985
18968,mp-20836,-0.8217577835000007
18969,mp-9993,-1.12634982232144
18970,mp-9497,-2.2417154111904765
18971,mp-775996,-2.3113309547552916
18972,mp-541312,0.09120329113636413
18973,mp-2027,-0.43438981500000295
18974,mp-1950,-1.5932654902083325
18975,mp-560521,-2.770024390198412
18976,mp-775975,-2.7732255031818185
18977,mp-998176,-1.5730234424999996
18978,mp-763976,-2.519659803125
18979,mp-23012,-0.3885504158035725
18980,mp-30686,-0.6912344109999993
18981,mp-979962,-0.28729388812499934
18982,mp-782820,-2.474779454978654
18983,mp-571623,-0.872662828750001
18984,mp-558501,-1.6304675654264722
18985,mp-757781,-2.3579098292222236
18986,mp-9033,-0.7128942557500011
18987,mp-757399,-2.93571850011628
18988,mp-10890,-0.09328981916666645
18989,mp-21911,-0.43261189349206336
18990,mp-758418,-1.5762512742361146
18991,mp-996992,-1.0817056962499993
18992,mp-3679,-0.4823531583333332
18993,mp-7347,-0.47967044685184923
18994,mp-705061,-2.179834346388887
18995,mp-998231,-1.62745762845
18996,mp-616492,-0.9481567224999985
18997,mp-558191,-3.146840108563218
18998,mp-11575,-0.46270876500000213
18999,mp-2392,-1.7808861118303574
19000,mp-10212,-0.5711587466666662
19001,mp-20025,-0.9256231851046793
19002,mp-766973,-1.8808038793582373
19003,mp-560637,-0.1862381436666671
19004,mp-18071,-1.557959609422742
19005,mp-706335,-1.719718012107727
19006,mp-10534,-2.128060659913792
19007,mp-561052,-3.1230701144704436
19008,mp-772052,-1.2894603087239584
19009,mp-722890,-0.541248367499999
19010,mp-675128,-3.7241358615789473
19011,mp-22430,-2.0719579793750005
19012,mp-2811,-0.5462204187499999
19013,mp-1018032,-2.1827738199999995
19014,mp-14415,-3.222494771527778
19015,mp-560466,-2.5604349016144203
19016,mp-763225,-2.614150711944445
19017,mp-696379,-2.285626169768518
19018,mp-17701,-1.2210691495833335
19019,mp-29197,-2.0378721916249996
19020,mp-642834,-1.6815922036249993
19021,mp-673017,-1.7557357211904758
19022,mp-21199,-0.5612762990909087
19023,mp-973414,-0.6756881333333347
19024,mp-764736,-2.7455543406249987
19025,mp-553925,-2.8286432299393955
19026,mp-5497,-0.5943035559999984
19027,mp-530164,-3.362630751071422
19028,mp-24578,-1.4443463853125003
19029,mp-997054,-1.2602380275000016
19030,mp-778222,-1.9121025688054196
19031,mp-556904,-1.9985431267777787
19032,mp-505365,-2.7617290999999993
19033,mp-1662,-0.07270498708333643
19034,mp-772187,-2.8190306032500003
19035,mp-42392,-0.4322349124404774
19036,mp-19080,-1.9371550334626448
19037,mp-14205,-0.29791358959375014
19038,mp-767598,-2.599374215059524
19039,mp-567727,-0.6220871616666634
19040,mp-33546,-1.3680339571428572
19041,mp-421,-0.4454729722222209
19042,mp-21449,-0.8737311157142832
19043,mp-21075,-1.1228964350000012
19044,mp-973286,-0.4861213299999996
19045,mp-675766,-1.3254791149090908
19046,mp-772619,-2.049378088157895
19047,mp-19518,-3.1685231567187504
19048,mp-1009005,1.4999746625000014
19049,mp-1019791,-2.592679571214285
19050,mp-560920,-3.255578040625
19051,mp-13436,-0.3000728411111104
19052,mp-755515,-3.062371446666656
19053,mp-559893,-1.3837421479166663
19054,mp-23067,-1.547591064944443
19055,mp-15897,-3.3235743964062507
19056,mp-28962,-2.963749749901962
19057,mp-779089,-1.5614299149999995
19058,mp-779209,-2.2254473077380945
19059,mp-611219,0.2284861124999935
19060,mp-27145,-1.0158090446875008
19061,mp-20492,-1.1117930216666672
19062,mp-723378,-2.3371101740468756
19063,mp-22811,-0.5557744057812499
19064,mp-1156,-0.22927192000000218
19065,mp-18747,-2.5128411909999997
19066,mp-683918,-0.38011306750000057
19067,mp-998433,-2.3451957399310404
19068,mp-16745,-0.3498631805555503
19069,mp-13140,-0.5310278670833339
19070,mp-13535,-0.45647371066666054
19071,mp-541111,-1.700083312916653
19072,mp-773011,-3.029772501666666
19073,mp-772550,-1.497262841875001
19074,mp-8516,-1.6321763404999998
19075,mp-761633,-1.8049411506609196
19076,mp-21046,-0.3791120179999979
19077,mp-2191,-1.311072816666666
19078,mp-6253,-3.352823064369047
19079,mp-9757,-3.008846080000001
19080,mp-7123,-0.6419720235598213
19081,mp-2079,-0.43127663878571454
19082,mp-3603,-1.5515597431481498
19083,mp-581875,-2.3345171581071438
19084,mp-757560,-2.4896896315909083
19085,mp-5401,-3.2076176717592597
19086,mp-1019742,-2.428324435625
19087,mp-679967,-0.7449579483398434
19088,mp-28564,-1.8439454690909087
19089,mp-30718,-0.28299947114583784
19090,mp-559959,-2.5999071264285716
19091,mp-6959,-0.824637273571428
19092,mp-982724,-0.4063477337500032
19093,mp-41918,-3.025107013499999
19094,mp-24366,-1.6287473236935477
19095,mp-1018119,0.4650513416666655
19096,mp-9264,-0.6205229249999983
19097,mp-14373,-0.5704285635606048
19098,mp-17268,-3.0375706005882357
19099,mp-505185,-1.3428025422318006
19100,mp-556046,-2.7691485377777774
19101,mp-15950,-0.4803853964102569
19102,mp-555692,-2.079191224583333
19103,mp-645364,-1.1068445744217692
19104,mp-510264,-2.6630457689374993
19105,mp-570179,-0.8575134788888891
19106,mp-9575,-0.308156596111111
19107,mp-10453,-0.8955716393333318
19108,mp-5377,-3.707996333722221
19109,mp-32580,-0.2628908910000007
19110,mp-778408,-1.092814734500002
19111,mp-10046,-0.6052475093749994
19112,mp-707941,-2.0622146280634235
19113,mp-690536,-2.282519960789473
19114,mp-561586,-2.159362920156248
19115,mp-866033,-0.857528596249999
19116,mp-569425,-0.15183562627450944
19117,mp-995221,-1.1321752568749996
19118,mp-862806,-0.49499612217391403
19119,mp-568692,-1.098389039696969
19120,mp-707838,-2.427407532591576
19121,mp-1018826,-0.8307771724999983
19122,mp-775258,-2.3728908188721256
19123,mp-973101,-0.20277805999999732
19124,mp-973524,-0.7824058604166666
19125,mp-976064,-0.7364917925925865
19126,mp-976384,-0.5986637886111174
19127,mp-672176,-2.404960924434211
19128,mp-27536,-3.035532796249999
19129,mp-1002069,-1.605096619928161
19130,mp-3882,-1.1041891570000026
19131,mp-18658,-1.7703476153571427
19132,mp-4934,-3.372199139687501
19133,mp-776651,-1.7418819767241382
19134,mp-13305,-0.8557740133333311
19135,mp-961651,-0.6915341807812503
19136,mp-777901,-3.1588120711458325
19137,mp-18024,-0.1878157676785739
19138,mp-559732,-2.8580895345745345
19139,mp-9338,-3.363647231666667
19140,mp-769725,-2.449602147261904
19141,mp-254,-4.484227236875001
19142,mp-571156,-0.3254756053030308
19143,mp-11560,-0.9180728555555567
19144,mp-768450,-2.681940301249999
19145,mp-768966,-2.315073449083333
19146,mp-9144,-2.6924328663541663
19147,mp-774950,-2.2802080736904764
19148,mp-981336,1.0459741081249998
19149,mp-23975,-0.34553513521739104
19150,mp-768988,-1.8298633664393948
19151,mp-540905,-3.1685462443749994
19152,mp-557189,-2.700216261095238
19153,mp-10259,-0.8395938818571438
19154,mp-683974,-2.287634213716518
19155,mp-850228,-2.4807554198515316
19156,mp-556392,-0.9617981774776772
19157,mp-10444,-3.4114769383333328
19158,mp-8294,-2.526923392701148
19159,mp-13923,-0.40723959178273644
19160,mp-562345,-2.8887057679789288
19161,mp-540794,-3.2477796180000005
19162,mp-675634,-2.7866489572250006
19163,mp-21770,-1.2480040860000012
19164,mp-937760,0.006056227500000233
19165,mp-559400,-3.548164273333333
19166,mp-985828,-0.1994870993229192
19167,mp-551470,-0.8140492822222273
19168,mp-12087,-0.11781005802083182
19169,mp-697146,-1.483976192
19170,mp-760386,-1.1510513129310347
19171,mp-556865,-3.117175680338441
19172,mp-999068,-0.12454579145833655
19173,mp-33985,-1.0042899921428565
19174,mp-419,-0.3815192057142858
19175,mp-1052,-0.4053511399999981
19176,mp-557035,-2.4146947315833334
19177,mp-756224,-3.8442522973333326
19178,mp-971920,-0.03827751875000196
19179,mp-774316,-2.831086250143678
19180,mp-568920,-0.45244007666666636
19181,mp-976326,-0.08625744000000068
19182,mp-15237,-0.47877626277777885
19183,mp-28324,-0.8046558885449744
19184,mp-13871,-0.44480274013605886
19185,mp-554238,-0.9151489285000007
19186,mp-11674,-1.008823536437501
19187,mp-18884,-1.8990317633908045
19188,mp-780878,-2.5803047575137805
19189,mp-784,-0.09541117919642923
19190,mp-11578,-0.07385269875000056
19191,mp-758849,-2.223373917023809
19192,mp-548479,-3.2749792567554565
19193,mp-862713,-0.2796995124999988
19194,mp-755392,-2.396788161496598
19195,mp-715558,-1.5666937464285706
19196,mp-13412,0.0010613556250014256
19197,mp-24431,-2.073624020357144
19198,mp-758089,-3.1141508369696966
19199,mp-766248,-3.293090156436781
19200,mp-565354,-1.1561146780052267
19201,mp-31251,-0.8836800797222217
19202,mp-779698,-1.5599976697916675
19203,mp-30233,-0.3572659931250001
19204,mp-1020011,-1.2277802316380957
19205,mp-673833,-0.7911332634722221
19206,mp-8594,-0.30240962181228526
19207,mp-1135,-0.419109102500002
19208,mp-10699,-0.5515777503333368
19209,mp-697974,-2.2641312782589282
19210,mp-561277,-1.5882388674166645
19211,mp-863657,-2.3483312675000003
19212,mp-23791,-1.8541745575595188
19213,mp-570071,-0.27181218026315657
19214,mp-21398,-0.2122478097619021
19215,mp-683600,-1.9572207169330358
19216,mp-989521,-0.9510823561810344
19217,mp-22451,-0.5410382118253972
19218,mp-37214,-1.6013538525862068
19219,mp-2997,-0.5916097737499987
19220,mp-763319,-2.566296803888889
19221,mp-13445,-0.48280789999999885
19222,mp-23403,-2.276185521071428
19223,mp-864782,-0.4072198474166697
19224,mp-17891,-3.3462597766256152
19225,mp-676084,-0.5175235907031244
19226,mp-762271,-2.4614773946969692
19227,mp-1009731,1.0749845681250036
19228,mp-865447,-0.8958467566666677
19229,mp-27544,-1.6039693781403959
19230,mp-22673,0.05485282319581586
19231,mp-673696,-3.990777823245615
19232,mp-30455,-1.175998753333327
19233,mp-542043,-1.7563663084047614
19234,mp-4338,-0.9832808421428568
19235,mp-752549,-2.1653090712499994
19236,mp-21894,-0.3057209855555521
19237,mp-5835,-0.7916460150000006
19238,mp-542045,-1.9904737689823713
19239,mp-11843,-0.44418315249999907
19240,mp-989567,-2.7025628960143684
19241,mp-640089,-0.1790832949999981
19242,mp-556389,-2.077310297692308
19243,mp-695514,-3.4696914617773
19244,mp-17880,-0.5809319082352944
19245,mp-504502,-0.6407766662440508
19246,mp-708015,-0.9845036255039785
19247,mp-774528,-3.2576707476706837
19248,mp-571213,-0.8773159805357142
19249,mp-754604,-3.3246428780803567
19250,mp-865838,-0.35291688833333357
19251,mp-568854,-1.3704519903591956
19252,mp-691106,-2.0615737155862064
19253,mp-510691,-0.4373300005555557
19254,mp-1018072,-1.566950386395833
19255,mp-556353,-2.6062667126379315
19256,mp-16055,-3.257958072026041
19257,mp-7931,-1.210426868988094
19258,mp-11515,-0.3779667025000002
19259,mp-42508,-2.9303222748050977
19260,mp-16487,-0.33031742628647226
19261,mp-865146,-0.4724309960714298
19262,mp-9544,-0.26800943399999966
19263,mp-29989,-0.9281648342857137
19264,mp-29313,-0.8323654068352614
19265,mp-775742,-1.7929600605952376
19266,mp-27033,-2.5549176209126983
19267,mp-862563,-0.13239713749999993
19268,mp-28774,-2.7893068392000027
19269,mp-677248,-1.8659370017045447
19270,mp-23194,-1.6789853050000012
19271,mp-25378,-0.5297775633333336
19272,mp-13208,-0.6882326533333322
19273,mp-20719,-0.5422376233333353
19274,mp-756146,-1.0587049190476188
19275,mp-17023,-0.24647877416666
19276,mp-13917,-0.513002810833334
19277,mp-10228,-0.931772326041667
19278,mp-14721,-2.5374420209062505
19279,mp-863,-0.09970723958333376
19280,mp-764621,-2.2517040824031005
19281,mp-696156,-2.5216153713095233
19282,mp-776062,-2.3723394233399477
19283,mp-1001082,-0.4711211380000009
19284,mp-560263,-2.9775295121173007
19285,mp-767671,-3.1398692585000005
19286,mp-31464,-0.8220994278125033
19287,mp-15778,-0.4604617149999992
19288,mp-756228,-2.827568643571429
19289,mp-21611,-2.6182868767659353
19290,mp-631450,0.5139702395833332
19291,mp-560595,-2.6765036337499994
19292,mp-2302,-0.5298349875000005
19293,mp-28255,-2.4504763837500008
19294,mp-650532,-1.3846257653175282
19295,mp-10336,-1.4514473525
19296,mp-10759,-0.3905405761718743
19297,mp-4013,-0.9460035935000007
19298,mp-753709,-1.9035235224999993
19299,mp-779276,-1.6379783673511898
19300,mp-781628,-2.48444482085351
19301,mp-639512,-3.257615022898549
19302,mp-31459,-0.17669200911111105
19303,mp-560187,-1.9680974120454549
19304,mp-760485,-2.2785123358333337
19305,mp-17125,-2.223422387883142
19306,mp-973960,-2.33650292545
19307,mp-631556,0.7381767052083332
19308,mp-23375,-0.8739330451190472
19309,mp-7911,-1.2178062915833323
19310,mp-29174,-1.3907220766666668
19311,mp-574070,-0.1876781043169745
19312,mp-980749,-0.10691566999999935
19313,mp-973976,-1.1951121733333339
19314,mp-776215,-3.0827690792261913
19315,mp-8954,-0.9129677884861138
19316,mp-683942,-1.8371952939322913
19317,mp-555742,-3.0204668135784316
19318,mp-6468,-3.139614177222223
19319,mp-631335,0.6687511692222223
19320,mp-6860,-2.6033119878274418
19321,mp-774324,-2.356841737025863
19322,mp-23632,-1.6308956548611107
19323,mp-28348,-1.2948689168576415
19324,mp-753059,-3.3972851061111125
19325,mp-20696,-0.02396356071428483
19326,mp-10224,-1.2614122390948275
19327,mp-1927,-1.0654146723809461
19328,mp-650026,-1.949256076874999
19329,mp-4972,-0.3660304916666668
19330,mp-542172,-0.6543368466666664
19331,mp-762270,-2.25361776462963
19332,mp-504827,-2.1462529355882367
19333,mp-999305,-0.6404908458333303
19334,mp-696649,-0.9667070092500002
19335,mp-29450,-0.16880386340624984
19336,mp-569624,0.10305479333333285
19337,mp-720719,-3.1311014482407407
19338,mp-866207,-0.7664375291666605
19339,mp-20207,-0.21433656625478964
19340,mp-570630,-0.6388243934769298
19341,mp-766047,-2.5529591094205735
19342,mp-769317,-3.4852159089777826
19343,mp-8577,-0.7705018710000004
19344,mp-30491,-0.03441031624999891
19345,mp-568932,0.06432930233333613
19346,mp-1001843,-1.3042629964880952
19347,mp-12076,-0.4519780116666709
19348,mp-675569,-3.0738837402366075
19349,mp-697260,-0.47033203197368395
19350,mp-773200,-2.660409007685186
19351,mp-730460,-1.906994970026939
19352,mp-680460,-1.4597970718421054
19353,mp-13211,-1.1000791937878787
19354,mp-81,0.0
19355,mp-29731,-3.303358466666664
19356,mp-776125,-2.6791914225793647
19357,mp-783906,-2.0391094834770116
19358,mp-758088,-2.199679351896553
19359,mp-24171,-2.178045197321428
19360,mp-9697,-0.5781407999999999
19361,mp-685608,-3.6204307182777757
19362,mp-973058,-0.23221720999999818
19363,mp-582759,-0.4914848446551724
19364,mp-574176,-0.5464545381666763
19365,mp-29575,-1.734119022426109
19366,mp-690556,-2.5779020072931034
19367,mp-752397,-1.9965919983333333
19368,mp-7979,-2.3813777938333294
19369,mp-706875,-1.480480153068182
19370,mp-973156,-1.7497117375000002
19371,mp-607450,-0.2359729475000023
19372,mp-767791,-1.6579286734821426
19373,mp-603910,-0.48073269836206906
19374,mp-23702,-0.5905356927083334
19375,mp-685414,-1.9676403366369033
19376,mp-19962,-0.4504674466666643
19377,mp-1415,-2.315957819531251
19378,mp-645425,-1.3561164838333333
19379,mp-866869,-1.4561742556249992
19380,mp-570568,-1.2726674177272725
19381,mp-777129,-3.454227132777779
19382,mp-675601,-2.803009993571429
19383,mp-542777,-0.790916980000001
19384,mp-27910,-0.3319281325625013
19385,mp-5725,-0.1055883724652773
19386,mp-556888,-2.8958858927812505
19387,mp-13483,-0.7659699168055477
19388,mp-977440,-0.8956116783333314
19389,mp-974745,0.6352076118749981
19390,mp-998743,-1.2840644956666676
19391,mp-1019782,-2.7396110654489796
19392,mp-29239,-0.6675416818749991
19393,mp-767779,-2.556703100178571
19394,mp-556250,-2.957514786598959
19395,mp-669575,-0.5018292213333325
19396,mp-556021,-2.347717884666667
19397,mp-778220,-2.1946663051190476
19398,mp-2258,-0.03656425250000073
19399,mp-775257,-2.3948046344540224
19400,mp-2316,-0.4047344825000003
19401,mp-779457,-0.5680352785000004
19402,mp-973839,-0.0962547700000016
19403,mp-5280,-2.060192433484849
19404,mp-12427,-3.1763085814833056
19405,mp-18918,-2.055167530000002
19406,mp-971779,-0.19714048375000104
19407,mp-2516,-0.3871580675000015
19408,mp-19927,-0.5897300074999995
19409,mp-27589,-1.6451728593697477
19410,mp-2533,-2.8501690412500005
19411,mp-971921,-0.5736269887500001
19412,mp-3988,-1.45664853125
19413,mp-5078,-3.415807189166666
19414,mp-770212,-1.692818279277777
19415,mp-28658,-1.8336743189655158
19416,mp-777464,-2.9503441125000003
19417,mp-30385,-0.7452779566666644
19418,mp-772213,-3.109178970769231
19419,mp-755525,-3.6521240866666687
19420,mp-990436,-2.3776232516666664
19421,mp-11771,-0.46637229054687523
19422,mp-569007,0.08874567863636235
19423,mp-672287,-0.23409448784313724
19424,mp-995234,-0.8160706282738088
19425,mp-5712,-0.064777192857143
19426,mp-16750,-0.3753904899999985
19427,mp-867327,-0.739465143750003
19428,mp-862917,-0.7856807268750003
19429,mp-982873,-0.08540230500000057
19430,mp-23314,-1.0043844602381
19431,mp-5577,-0.8561592079999862
19432,mp-5564,-0.42565374700000047
19433,mp-11021,-1.5063614393749987
19434,mp-1526,-0.04585826208333543
19435,mp-27748,-0.1982750266666669
19436,mp-24726,-0.5338584947222221
19437,mp-19076,-2.7799262849999997
19438,mp-174,-0.4327659077083359
19439,mp-694898,-2.842544778418103
19440,mp-25946,-2.388756509487578
19441,mp-568627,-1.5573366327272729
19442,mp-769531,-2.2443313277950305
19443,mp-505172,-1.2876789039017538
19444,mp-571102,-0.8661446141666698
19445,mp-764770,-2.021926420174808
19446,mp-656884,-1.1083094205263162
19447,mp-753580,-3.039313074880952
19448,mp-28134,-1.3689743884722216
19449,mp-735589,-2.7275580806672926
19450,mp-639463,-3.255151089999999
19451,mp-2715,-0.2901177058333341
19452,mp-779340,-2.783087213431373
19453,mp-41236,-2.854017015789474
19454,mp-18483,-2.4265752279999986
19455,mp-778602,-2.85352409027778
19456,mp-8809,-3.030775586666667
19457,mp-33319,-3.7220635680000003
19458,mp-23348,-1.2707681664500001
19459,mp-559415,-2.5638947588294
19460,mp-775272,-2.3010483770938377
19461,mp-643279,-0.4815294355555548
19462,mp-646008,-2.0352446039116394
19463,mp-510706,-0.9934529046153835
19464,mp-556232,-2.950043968360309
19465,mp-770356,-2.2402661488773283
19466,mp-4969,-0.746604975416667
19467,mp-867561,-2.2084605165151516
19468,mp-677011,-3.2410763569024392
19469,mp-1630,-0.1792147381250011
19470,mp-1099,-0.26575252999999854
19471,mp-6397,-2.420641493289125
19472,mp-998299,-1.0957890109687494
19473,mp-22473,-1.0091971145312488
19474,mp-542931,-2.6267447043333356
19475,mp-556936,-2.913815317317138
19476,mp-978286,0.2028769892672413
19477,mp-757495,-2.446722716680672
19478,mp-568902,-0.5481723689999995
19479,mp-746,-0.4563982668750004
19480,mp-22660,-1.3921664445833226
19481,mp-11834,-0.1270513175000012
19482,mp-643006,-0.22598682557950214
19483,mp-13275,-0.9636403148809526
19484,mp-31045,-0.8868143234500007
19485,mp-6691,-2.060182476777778
19486,mp-18197,-2.3730143184698274
19487,mp-11583,-1.8886792975000006
19488,mp-20936,-2.1438854366666655
19489,mp-754794,-3.0218394385000003
19490,mp-946,-0.7588886322222285
19491,mp-561283,-1.6460367421428568
19492,mp-571527,-2.0122003849310324
19493,mp-7808,-0.6645947897321403
19494,mp-13456,-0.9618938379062498
19495,mp-677067,-3.1717532851219516
19496,mp-30750,-0.5350531008333151
19497,mp-31979,-2.6096527504299543
19498,mp-997108,-0.997612563541665
19499,mp-676319,-3.758627358484847
19500,mp-768794,-2.4065119332407403
19501,mp-705517,-0.4633468026882938
19502,mp-144,0.0
19503,mp-1018158,-0.32557453388888646
19504,mp-18244,-1.314099447566614
19505,mp-11990,-0.3239862336666633
19506,mp-561397,-1.5808182402083348
19507,mp-21559,-0.7457074161111102
19508,mp-568830,-0.7788510249999945
19509,mp-4090,-1.061100813999999
19510,mp-31067,-0.9847882864062507
19511,mp-9307,-0.5671855279999981
19512,mp-6089,-2.729195811098901
19513,mp-7787,-2.958540832500001
19514,mp-4692,-0.8549811883333327
19515,mp-18831,-2.8683690523510963
19516,mp-573109,-1.9801208475859382
19517,mp-30459,-0.6261369150000012
19518,mp-771282,-2.6663822654629623
19519,mp-753830,-2.792928811363637
19520,mp-11436,-0.47461614047619044
19521,mp-767573,-2.7643219043667897
19522,mp-676854,-1.3011471234796728
19523,mp-571367,-0.7260558239999995
19524,mp-975073,-0.6357014293750005
19525,mp-769274,-2.169190477389455
19526,mp-984744,-0.27051823749999926
19527,mp-504772,-0.9331339871428567
19528,mp-865579,-0.3571713041666662
19529,mp-13755,-2.867709152700563
19530,mp-27972,-2.494519163125
19531,mp-1988,-0.02175546862069029
19532,mp-30949,-1.4580645675000006
19533,mp-7297,-3.041005602701145
19534,mp-623030,-0.93594941733477
19535,mp-667327,-1.264839505039681
19536,mp-26823,-2.2122794017494813
19537,mp-8666,-0.9897648946072799
19538,mp-16528,-0.23009870964285792
19539,mp-2644,-0.038880820000002814
19540,mp-554120,-1.5930106832812605
19541,mp-28224,-0.650479600000003
19542,mp-975312,-1.467585238125
19543,mp-5704,-0.5420058321875016
19544,mp-769585,-1.822767525373564
19545,mp-17667,-0.9581619842857145
19546,mp-6641,-2.4325723273333333
19547,mp-541491,-0.3390827333333404
19548,mp-568662,-2.96823858
19549,mp-778698,-1.696810007142857
19550,mp-972099,-0.037929315000001296
19551,mp-753327,-2.5252663454761906
19552,mp-16964,-3.2607024966666662
19553,mp-542785,-1.5072022401666676
19554,mp-695995,-1.6700120906730775
19555,mp-972455,-0.5231079166666639
19556,mp-1578,-0.35494087125000107
19557,mp-644527,-3.0935424683333337
19558,mp-975886,-0.312601976666667
19559,mp-768969,-2.3693809781439397
19560,mp-976943,0.8082840296120679
19561,mp-505267,-0.6642483125000038
19562,mp-12403,-3.2521489215277777
19563,mp-646967,-3.18896666834249
19564,mp-1542,-0.6286524649999995
19565,mp-20555,-0.1692117274999987
19566,mp-23305,-1.8664599183333337
19567,mp-548824,-3.1219468203333336
19568,mp-865380,-1.2039620875000026
19569,mp-674352,-0.43340385528571296
19570,mp-754512,-0.4751676931481486
19571,mp-2108,-0.7895284004166676
19572,mp-780479,-2.400374022042858
19573,mp-674412,-3.784600598870967
19574,mp-973185,-2.6240588091666535
19575,mp-757242,-1.8054577566666707
19576,mp-6072,-0.17030460635278535
19577,mp-27918,-0.6089106247222212
19578,mp-675509,-1.812784276451614
19579,mp-9873,-0.5673254533333333
19580,mp-757442,-2.6915895462121213
19581,mp-680403,-0.9731110039774299
19582,mp-3352,-0.992638473125
19583,mp-558794,-1.4208511287797623
19584,mp-997032,-1.6732092212499996
19585,mp-961697,-0.7613223916666622
19586,mp-16801,-2.965488860357144
19587,mp-568161,-0.6647905194999992
19588,mp-769128,-2.7754978198484834
19589,mp-23893,-0.6865124995312493
19590,mp-662570,-3.5149189363257567
19591,mp-572313,-1.0395337287179491
19592,mp-20527,-0.42835629700000055
19593,mp-3268,-0.5301658075000025
19594,mp-780439,-2.564660995939153
19595,mp-767550,-2.5469447367279003
19596,mp-28302,-0.4575818901360528
19597,mp-769004,-1.85653078125
19598,mp-770354,-2.5746724126851848
19599,mp-17947,-1.058076236458333
19600,mp-6706,-2.786311612819942
19601,mp-541772,-0.4693111492857151
19602,mp-754776,-0.6497122580000024
19603,mp-644092,-0.31283416035919487
19604,mp-766995,-3.6494358200000003
19605,mp-567857,-0.05380328076922926
19606,mp-573727,-0.7106697696052644
19607,mp-2345,-4.005045779666665
19608,mp-757806,-2.4914869253835974
19609,mp-696175,-1.5573477217163008
19610,mp-770547,-2.4135514466256165
19611,mp-5710,-0.10585073750000144
19612,mp-504563,-1.0416457482552073
19613,mp-680639,-0.09812345928571428
19614,mp-554758,-2.7767051129285703
19615,mp-2288,-1.9232348339062497
19616,mp-676249,-3.6695883677777754
19617,mp-12495,-1.2902425052203057
19618,mp-18005,-3.360695499244663
19619,mp-645375,-2.056785870803573
19620,mp-541694,-0.40862904167405545
19621,mp-703293,-0.9233096977487248
19622,mp-10062,-2.6750096048214282
19623,mp-758031,-2.569380796247948
19624,mp-962064,0.009947487873563551
19625,mp-505177,-2.5481116767708336
19626,mp-777990,-2.8388921757575774
19627,mp-775998,-1.8432800968333332
19628,mp-6457,-3.6831222398333336
19629,mp-7046,-2.0952677010416645
19630,mp-583213,-0.5645900443750024
19631,mp-13037,-0.5970208133333337
19632,mp-18189,-0.6214343727777786
19633,mp-1013807,-1.7117026728749998
19634,mp-753966,-1.2989017145454544
19635,mp-5348,-2.442030675000004
19636,mp-757331,-3.931125835499999
19637,mp-555315,-3.229022719876543
19638,mp-761288,-2.3846712134195407
19639,mp-29110,-0.4539482418749996
19640,mp-561722,-1.5441264445258625
19641,mp-757826,-1.4133099649686522
19642,mp-771883,-2.875748684423077
19643,mp-1019541,-3.0039862499999996
19644,mp-20136,-0.5882220674999976
19645,mp-800,-0.7345357283333342
19646,mp-625455,-1.2953122428419543
19647,mp-4206,-0.8021990975000008
19648,mp-686028,-3.214226843947367
19649,mp-4563,-0.5150032040000013
19650,mp-1018690,-0.6407891777777763
19651,mp-759333,-3.099408363960044
19652,mp-642787,-3.2092189968181812
19653,mp-765486,-3.38162572880117
19654,mp-758243,-3.1529197805000013
19655,mp-762164,-1.8582306697619049
19656,mp-542454,-0.3036163964999986
19657,mp-9839,-3.462337362783333
19658,mp-720921,-1.561908556739463
19659,mp-2213,-0.06722335499999943
19660,mp-570566,-0.4267234294999991
19661,mp-7263,-0.8686378579166671
19662,mp-977397,-0.715824156666665
19663,mp-10245,-0.48303952909091274
19664,mp-976597,-0.3952552631249991
19665,mp-763959,-1.9748333322528746
19666,mp-4788,-1.6182782852499935
19667,mp-252,-0.5703619408333322
19668,mp-778510,-2.814396703055556
19669,mp-765413,-2.0702986664814813
19670,mp-1019713,-2.7921138654080466
19671,mp-770219,-2.408638266249999
19672,mp-1659,-0.10572018583333904
19673,mp-24469,-3.120014275357143
19674,mp-675758,-4.21792525
19675,mp-15325,-0.6194415943749996
19676,mp-631578,0.6346474724999993
19677,mp-676154,-2.244831701607146
19678,mp-568925,-0.21323079857143007
19679,mp-557777,-3.291733149138889
19680,mp-762012,-2.3196303736394555
19681,mp-696946,-1.906150635833333
19682,mp-559689,-3.18335428297619
19683,mp-976150,0.18791399086206884
19684,mp-21855,-0.5719401107812505
19685,mp-998744,-1.2512993896666682
19686,mp-5537,-2.1801916965833334
19687,mp-36033,-4.071900927222222
19688,mp-714932,-2.487340240000001
19689,mp-574485,-1.2580874218490423
19690,mp-679406,-1.7005023013125005
19691,mp-772852,-2.1713711763346666
19692,mp-779593,-2.0080974096896553
19693,mp-11359,-0.08018634666666695
19694,mp-28290,-1.5216317275833333
19695,mp-1009822,1.295525238749999
19696,mp-654109,-0.8101368153124993
19697,mp-976422,0.7622839949999971
19698,mp-865924,-0.5897425804166687
19699,mp-753557,-1.756746341296297
19700,mp-7889,-2.9890336722499997
19701,mp-19262,-2.141551745
19702,mp-972479,0.058291266249998586
19703,mp-29914,-0.7449676566666674
19704,mp-721702,-1.7068521448611118
19705,mp-30541,-0.31398231282312783
19706,mp-21202,-0.3715652700000014
19707,mp-778819,-2.9702185892528745
19708,mp-27828,-2.2415358891826305
19709,mp-637427,-0.6279220514999985
19710,mp-24500,-1.29753928780599
19711,mp-579536,-1.0766582782758611
19712,mp-769470,-2.251534366312056
19713,mp-867138,-0.6073447150000026
19714,mp-568208,-0.9598401818749989
19715,mp-20395,-0.5563890249999991
19716,mp-705002,-2.618811850349702
19717,mp-705416,-1.4994083048214282
19718,mp-569426,-0.22804347333333416
19719,mp-11644,-0.015074192777777995
19720,mp-1128,-0.6984904937500005
19721,mp-570702,-0.2442532904545451
19722,mp-864877,-0.4035203456249974
19723,mp-757745,-2.46355127025641
19724,mp-560114,-4.382845007000001
19725,mp-975857,0.15237493649999934
19726,mp-4693,-3.636407101666666
19727,mp-676145,-2.206839892202381
19728,mp-862742,-0.5872476325000022
19729,mp-27844,-0.4528322921130936
19730,mp-28804,-2.1613356997916675
19731,mp-8176,-1.3219133102083358
19732,mp-571334,0.026595047922117015
19733,mp-768169,-2.6465025338186807
19734,mp-772600,-1.5657365421428568
19735,mp-974843,1.4086711268750003
19736,mp-760381,-0.2678413364062493
19737,mp-16978,-2.6975314176666676
19738,mp-998512,-1.383731084333333
19739,mp-763315,-1.948929771666667
19740,mp-34292,-0.43960323375000687
19741,mp-760304,-2.2044539360606064
19742,mp-698025,-2.645625870850574
19743,mp-707176,-2.813714374700556
19744,mp-553897,-3.377156034615385
19745,mp-554808,-1.1793471892948724
19746,mp-151,0.029167420000000277
19747,mp-682067,-3.188285797477273
19748,mp-637188,-1.3457244756547613
19749,mp-11286,-0.5927816487500017
19750,mp-863035,-0.36806001843749847
19751,mp-715811,-1.5663915249999991
19752,mp-680246,-1.4596835906486039
19753,mp-22941,-0.5483257191666789
19754,mp-510557,-0.21685479031249955
19755,mp-758743,-2.3221857745833336
19756,mp-542596,-0.5215051828846051
19757,mp-720407,-1.1535566740999996
19758,mp-770078,-2.1791137007642933
19759,mp-646920,-0.34737065465909206
19760,mp-764326,-1.4442048121999982
19761,mp-979267,-0.1647966961666647
19762,mp-779001,-3.7137701582352953
19763,mp-541966,-1.6461808939861111
19764,mp-768068,-1.7581602224712651
19765,mp-989619,-0.8390079722500019
19766,mp-19319,-3.048090045586206
19767,mp-11816,-0.452318776666667
19768,mp-619905,-0.531307158153409
19769,mp-763029,-2.0033308388888895
19770,mp-768058,-2.300779189819376
19771,mp-10478,-1.2581861849999996
19772,mp-759230,-3.3580377809096045
19773,mp-11206,-3.134037300666667
19774,mp-705094,-1.4856079199999987
19775,mp-570549,-0.10886412145833901
19776,mp-18192,-0.616793068749999
19777,mp-625661,-1.1527791225892858
19778,mp-976872,0.5164445633620698
19779,mp-30600,-0.19793967166666704
19780,mp-30190,-0.5911219211646079
19781,mp-21481,-0.42856920624999617
19782,mp-12533,-4.042177013636363
19783,mp-623958,-1.6914918087499995
19784,mp-675418,-0.30212953807291676
19785,mp-1002197,0.7324957925
19786,mp-675831,-2.677292217058824
19787,mp-779413,-2.7624388874107133
19788,mp-554869,-2.7412305965000003
19789,mp-16605,-3.6324212707333343
19790,mp-752685,-2.6097999625
19791,mp-571495,-0.6203182168333313
19792,mp-9740,-3.061456264814813
19793,mp-8645,0.030140391875005907
19794,mp-19206,-3.2303456359523812
19795,mp-761108,-2.1261081500000008
19796,mp-554950,-0.30842177437500196
19797,mp-770490,-2.0408970183796296
19798,mp-570066,-2.1983347337934793
19799,mp-12593,-0.6210933587500005
19800,mp-604486,-0.3876706043827188
19801,mp-972416,0.000981150833325728
19802,mp-30146,-3.1145078066666665
19803,mp-570400,-0.2307527311764709
19804,mp-556183,-3.356665283846153
19805,mp-22529,-0.64560662638889
19806,mp-17017,-0.38765198137254814
19807,mp-4828,-0.4908978337499992
19808,mp-669328,-0.5758761691666668
19809,mp-775220,-2.1601614738888895
19810,mp-29223,-3.368732915833334
19811,mp-1018060,-0.12401646960622692
19812,mp-864876,-0.7320021133333308
19813,mp-12240,-3.3288352750909964
19814,mp-569854,-1.2295847448750004
19815,mp-755253,-2.951050153333334
19816,mp-540111,-2.3317924403571433
19817,mp-17695,-0.7468939712499996
19818,mp-31086,-0.2311929974801584
19819,mp-765573,-3.1500202908888895
19820,mp-988945,-0.4772454337499994
19821,mp-981545,0.0845501399999975
19822,mp-2482,-0.1351009733333323
19823,mp-779217,-3.8400831116666656
19824,mp-995226,-0.6140187718750001
19825,mp-772186,-0.9807347590625053
19826,mp-999141,-0.8731497208333305
19827,mp-18700,-2.3133452751666663
19828,mp-20743,-0.7996651704166657
19829,mp-862727,-0.49662083500000165
19830,mp-775988,-2.518850434269977
19831,mp-720789,-1.4745906263793098
19832,mp-1017515,-0.07158170834051791
19833,mp-15885,-1.6446251356944497
19834,mp-755988,-1.9552555850000033
19835,mp-28056,-0.7379605451904752
19836,mp-554294,-2.2980409008521216
19837,mp-510028,-0.6453085784523729
19838,mp-626260,-1.3389355735185182
19839,mp-775212,-2.6180560137144235
19840,mp-567736,-0.7593216713645816
19841,mp-13964,-0.7601378383333355
19842,mp-23471,-1.6003636071666643
19843,mp-21224,-0.6623061070000006
19844,mp-16336,-0.5210628733333328
19845,mp-568056,-0.39914307142857247
19846,mp-706287,-1.914859854439286
19847,mp-561299,-0.7205465078571416
19848,mp-972534,0.0107179550000005
19849,mp-771170,-1.6988016982142864
19850,mp-773663,-2.9775168702139214
19851,mp-730154,-1.6402775654252888
19852,mp-990,-0.9597976883333293
19853,mp-973493,0.17616426291666798
19854,mp-4155,-3.256063455909091
19855,mp-851112,-2.505671245531915
19856,mp-30660,-0.2243037591666687
19857,mp-2149,-0.7848182312499906
19858,mp-30853,-0.1600200500000028
19859,mp-849311,-2.6501494694736847
19860,mp-6760,-3.387306975265346
19861,mp-561086,-3.427817503666667
19862,mp-690687,-0.9923783751190471
19863,mp-865717,-0.7583951897916652
19864,mp-21521,-1.5366639198850585
19865,mp-13971,-3.282151367468748
19866,mp-771951,-2.4676180432352943
19867,mp-768910,-1.7367550380303023
19868,mp-505767,-0.5179655291743286
19869,mp-672272,-0.8893767370000034
19870,mp-28340,-1.1513426474999986
19871,mp-27942,-1.2979641399999984
19872,mp-1004756,-0.21763073442307773
19873,mp-8483,-2.070205727
19874,mp-557618,-2.3968598675000004
19875,mp-758533,-2.5013566449489786
19876,mp-777780,-3.006971134293104
19877,mp-570007,-0.25412337583334005
19878,mp-756406,-3.2154550879629635
19879,mp-772891,-2.405241430357143
19880,mp-28758,-1.8756026305937494
19881,mp-1013709,0.2932660614999989
19882,mp-3614,-3.0715878579166693
19883,mp-19138,-1.8200224730000016
19884,mp-765400,-2.0924981225000003
19885,mp-554774,-2.5633785315972215
19886,mp-769345,-3.3216516274999983
19887,mp-631334,0.5803290408333304
19888,mp-9816,-2.6874693069999998
19889,mp-22975,-1.6815786335185186
19890,mp-554421,-0.6722343421071427
19891,mp-19436,-2.848765359659092
19892,mp-1082,-0.5420716125000027
19893,mp-23390,-1.8200720084999993
19894,mp-1020123,-3.2103799204999994
19895,mp-675564,-4.26082310327586
19896,mp-504425,-0.4170174406249991
19897,mp-540688,-2.3547145954761866
19898,mp-8378,-0.5444094793750032
19899,mp-756334,-2.2309716249285714
19900,mp-28497,-1.9163111727586204
19901,mp-975882,0.05621875499999973
19902,mp-634117,-0.04493554343750006
19903,mp-621945,-3.0366694590909087
19904,mp-21703,-2.5461843015529317
19905,mp-20746,-0.5633949712499984
19906,mp-15556,-0.4069862935000007
19907,mp-697821,-1.6808228247916663
19908,mp-22550,-3.0830583795370377
19909,mp-11304,-0.23000884416666523
19910,mp-865486,-0.21965139749999807
19911,mp-764798,-2.285852968666666
19912,mp-761656,-2.5290495385079366
19913,mp-756106,-3.5537001152777763
19914,mp-570262,-2.0882376921072794
19915,mp-554272,-0.25915141794986596
19916,mp-29844,-2.176349653125
19917,mp-1019732,-3.413126838214287
19918,mp-12931,-3.6997519295555557
19919,mp-559965,-2.7280705251190476
19920,mp-555599,-0.27778541807291646
19921,mp-1019377,-2.8411529897252756
19922,mp-560386,-0.6585591751515135
19923,mp-1008688,0.2350378455555576
19924,mp-1016848,-1.8921271650000002
19925,mp-866613,-2.8845114321809353
19926,mp-22866,-1.0452781500000015
19927,mp-10442,-0.37066081142857243
19928,mp-631425,0.6369378900000005
19929,mp-704536,-2.3515198161888584
19930,mp-14853,-3.6008915221874993
19931,mp-14760,-2.98086390797619
19932,mp-571369,-0.3337437636718752
19933,mp-559224,-3.200074761875
19934,mp-21160,-2.6275093269444434
19935,mp-754469,-3.181495704333332
19936,mp-19215,-2.4320173083333336
19937,mp-1393,0.019752794000004313
19938,mp-772198,-1.6232883780303047
19939,mp-643954,-2.0102406454392865
19940,mp-631277,1.4597725158333326
19941,mp-752580,-1.2561755264583343
19942,mp-3237,-2.496299818251231
19943,mp-11523,-0.13659625499999795
19944,mp-526,-0.2796349000000049
19945,mp-24822,-0.2455073346590905
19946,mp-569147,-0.9661615886507917
19947,mp-570205,-1.8906298757638875
19948,mp-557438,-3.1209662731578955
19949,mp-754047,-1.7549782453571428
19950,mp-764783,-2.954937274752875
19951,mp-13459,-0.37000499962643474
19952,mp-631314,1.1664024318055564
19953,mp-675010,-1.4736999084310363
19954,mp-21168,-0.6354865083333342
19955,mp-568040,-0.3754237941666669
19956,mp-554573,-3.265365126666667
19957,mp-850220,-2.952103345
19958,mp-989525,-2.7518866096810344
19959,mp-21816,-0.7954352110526299
19960,mp-783908,-1.8710716411904766
19961,mp-867308,-0.4044734900000009
19962,mp-14208,-0.5751855433333325
19963,mp-33533,-1.4913398638095237
19964,mp-975291,-0.6965373591666669
19965,mp-669381,-2.102681204499999
19966,mp-9580,-0.6754780023437483
19967,mp-11387,-0.41549907749999804
19968,mp-555203,-3.1882481304166665
19969,mp-1006368,-1.6171481299107124
19970,mp-1008965,0.9949178624999995
19971,mp-645662,-0.297018754361248
19972,mp-638685,-2.2918777749310353
19973,mp-21643,-0.6655806056759686
19974,mp-675991,-1.4179649306060615
19975,mp-23304,-0.30571544687500163
19976,mp-977369,-0.4368890312499989
19977,mp-540806,-2.419238908095238
19978,mp-29639,-0.280321600370371
19979,mp-973786,0.7781139387499998
19980,mp-849732,-1.5625475960784314
19981,mp-1016903,-1.5558402979999997
19982,mp-570544,-1.314001977645834
19983,mp-555305,-3.151118570646552
19984,mp-1016938,-1.500489613500001
19985,mp-11469,-0.5480889795833335
19986,mp-764163,-1.7634307837499996
19987,mp-556040,-1.9568004384090905
19988,mp-557626,-3.8283763654166467
19989,mp-996998,-0.7547729740625
19990,mp-653891,-0.5483630177746212
19991,mp-17944,-3.8298226320051083
19992,mp-17538,-1.1543536555401777
19993,mp-720082,-1.3333812528450004
19994,mp-772705,-2.137933617777778
19995,mp-5798,-0.5348180431818189
19996,mp-754751,-2.5825649024561406
19997,mp-13427,-0.4423849690000011
19998,mp-625403,-2.209504507321429
19999,mp-24113,-1.555735546764706
