0,-2.228844654444445
1,-0.9015221441666679
2,-3.2934082158333324
3,-1.2834591277203053
4,-0.7760661538636365
5,-2.746263725284483
6,-2.495422235476191
7,-2.3586030343859647
8,-2.5515421121626978
9,-3.8598293318181813
10,-0.6535412824999997
11,-2.0982415550208344
12,-0.09422804375000293
13,0.043644894999999906
14,-2.7170261749479145
15,-1.4002619573333326
16,-1.5190405165476182
17,-2.609685090876373
18,-2.1784547487037034
19,-1.3213937337500004
20,-2.7353253783333344
21,-0.16844641499999588
22,-2.806436942654322
23,-2.934489389913794
24,-0.773776867499997
25,-1.9568740418749997
26,-0.6502951806249975
27,-0.014344134166667466
28,-0.654173206938775
29,-1.3936056024999988
30,-0.19873144991228067
31,-1.6327487432916665
32,-0.4824770112500012
33,0.177609358125
34,-2.153581606572918
35,-2.1693735086458337
36,-0.5543445366666658
37,-0.9990614762758618
38,-0.6461375420000024
39,-3.9713494802499993
40,-0.005344626875005698
41,-1.3225631381249983
42,-2.228964725172415
43,-3.0675481676666676
44,-1.6238103435833264
45,-3.1020036003752542
46,-1.531324562523511
47,-0.6405965739583341
48,-3.3600145314285714
49,-0.5856188020833342
50,-3.0210726285714293
51,-2.0321092503065135
52,-0.7277952545518209
53,-2.3032615625000004
54,-0.8592984466666659
55,-0.4469025109999961
56,-1.7479177072077923
57,-3.1886113308333335
58,-2.0435932645833326
59,-0.5453603755882338
60,-2.5492147572727273
61,-0.23252047207031268
62,-2.165084871354167
63,-0.05116542781609201
64,-1.7705577220408146
65,-0.302516447875
66,-0.30446201666666656
67,-3.094573522745849
68,-3.586965255233333
69,-2.181571264955357
70,-1.557137906
71,-2.3129027943055576
72,-0.12048148374999812
73,-0.4210184652380953
74,-0.5565706387931044
75,-0.37469696291666743
76,-1.2842973102499997
77,-2.3382018585036946
78,-0.45913238599999884
79,-1.3705237164192718
80,-1.240844728214282
81,-0.5534546709999987
82,-1.9403558788129975
83,-2.6278196602192976
84,-2.417686388577586
85,-0.45365477393749953
86,-2.957641276156555
87,-0.6073584458333351
88,-0.295905144715278
89,-0.6830198629166683
90,-0.6917015276388933
91,-1.4722196597916666
92,-0.8013510275000009
93,-2.8725930005357148
94,-2.1518156750680264
95,-0.15600379999999822
96,0.039595513611111834
97,-2.9340917418799752
98,-4.082558194384236
99,-2.523788800958995
100,-2.6900287270604397
101,-3.0179365837654326
102,0.0427643600000005
103,-1.9134489911979173
104,-2.3030940822916666
105,-0.8845438987500032
106,-1.060587030167026
107,-2.530958892475198
108,-2.5125235918214286
109,-0.22893815823275698
110,-3.165723067083333
111,-2.593847818928571
112,-0.37037914209822276
113,-2.574390435391666
114,-3.6034720430689653
115,-3.0019836170689658
116,-2.378766318991858
117,-2.7356468488029098
118,-3.2621987245061725
119,-0.784516142999999
120,-0.5962811130000063
121,-1.0555137370000012
122,-0.7450613493486582
123,-0.48437973062500106
124,-1.8073645794999997
125,-3.2279547003333326
126,-0.26956944333333394
127,-2.591554100882353
128,-0.4775323405555554
129,-0.5586353450000013
130,-0.5306095941807586
131,-1.8129775997619058
132,-2.174334087500002
133,-0.9216986414285709
134,-0.456963439960937
135,-0.2292658204166642
136,-2.548817583157894
137,-1.837501564
138,-2.269225859038462
139,-3.1133783004960307
140,-1.0320729885227267
141,-2.4800746994956135
142,-0.5452760590000025
143,-0.25843901374999945
144,-0.7621017859999994
145,-0.5441532641666657
146,-0.12284646448214218
147,-0.7267530875000006
148,-0.2006631831250001
149,-0.9272910099999976
150,-2.950063116944445
151,-2.3104805398234824
152,-0.5030016966666686
153,-2.0274844764062507
154,0.8110907806249941
155,-2.286214909000001
156,-3.709680540454551
157,-2.2898712649999995
158,-1.4447384033333333
159,-3.2814682361394563
160,-2.4191011366061685
161,-2.3348650664583337
162,-0.49752711333333305
163,-2.9752240794791653
164,0.17133057749999428
165,-2.8039035883333328
166,-3.246241883125
167,-2.398197092380636
168,-0.6605682790000003
169,-0.5664077681944448
170,-0.5034428230357142
171,-1.7760197923132175
172,-0.31129875333333246
173,-2.2880942393333337
174,-0.722076868749999
175,-2.9856876227457763
176,-3.4137964427812495
177,-1.8927655541145811
178,-0.5104191409999999
179,-0.3023111837500032
180,-0.47191740049999675
181,-0.8557144322916687
182,-3.3367699487499993
183,-0.06547779625000061
184,-1.8357238210000006
185,-2.349986483325122
186,-2.261726377232143
187,-1.6161935175925919
188,-2.4431841046875
189,-0.9607808406944471
190,-0.0896778850000004
191,-1.8388795109159668
192,-2.4544688762815126
193,-1.1066787209999993
194,-2.170866985277778
195,-1.1348649958333332
196,-1.9032891591250003
197,-1.1072274860784332
198,-0.7299984633333324
199,-1.1679693428571463
200,-0.4155882472222198
201,-2.330342446070238
202,-2.8091744342090137
203,-2.918359551342594
204,-0.4970734591666677
205,-1.2315613150000004
206,0.572416271083334
207,-0.25340297484912894
208,-3.397044638468752
209,-0.997528757499996
210,-2.3240336909615373
211,-3.6379192075
212,-2.347036688850574
213,-1.8636803237499997
214,-0.8351205575000016
215,-3.045869968749999
216,-2.17152440875
217,-0.90460924936111
218,-0.4698748994444439
219,-1.157896253524305
220,-1.6456933783425924
221,-3.091672178333334
222,-1.8692607789922713
223,-3.635706428484849
224,-0.9961193222222214
225,-1.0635276886297618
226,-1.2888827849000009
227,-2.624902193225
228,-0.30468864565476156
229,-3.075554446666666
230,0.13467816608333294
231,-1.1270857338392861
232,-1.7123381361607128
233,-0.42995572305555996
234,-0.23632068927083338
235,-2.7307597167025874
236,-0.9381017549999969
237,-2.5337410828571456
238,-0.04313287195402301
239,-0.049153361874999746
240,-2.480198996041668
241,-1.6708138402884567
242,-0.3142259846874988
243,-2.6921729585416676
244,-2.0661368949107146
245,-0.9486101906250042
246,-3.4150699604197543
247,-1.3228289011111027
248,-2.863333982142858
249,-0.37851821000000047
250,-3.26058212246875
251,-0.7287114565000025
252,-2.3533400502277426
253,-1.5536867174358984
254,-0.9331267463333368
255,-0.3366852258333341
256,-0.3772600158333317
257,-0.7522827864999982
258,-2.5488283667768195
259,-0.5533955029275358
260,-1.945039454166664
261,-2.8762896609285704
262,-0.7798672368750008
263,-0.6389626920000012
264,-1.444346102421874
265,-0.8898149104017873
266,-0.7830973839999998
267,-1.1782453852272723
268,-2.270507981325945
269,-0.6090682219999991
270,-0.9985145411111068
271,-1.9858753669230766
272,-0.32591705444444113
273,-0.639890588499999
274,-1.7355545541666675
275,-2.406373996931737
276,-0.34876761145833574
277,-1.3842993403448274
278,1.4668833142222226
279,-0.5952017527894091
280,-3.0418699458333336
281,-2.89733144720238
282,-2.988842056973179
283,-2.309094244262931
284,-0.3803251858333354
285,-0.556696038124997
286,-2.35906106452381
287,-1.2119796482142806
288,-0.4704107750000001
289,-3.0068483068750007
290,-1.213143046515151
291,-2.429437737083335
292,-1.45449107844189
293,-2.31491930248837
294,-1.4909503860129305
295,-3.7149481960714277
296,-2.335138387976191
297,-2.6828881633333346
298,-0.3743277988562923
299,-2.853767926914894
300,-1.2082013394444442
301,-2.172720308560606
302,-2.5234014685
303,-0.4119368280000002
304,0.12362838625000094
305,-2.3561772501416662
306,-2.4802756983333345
307,-2.711197672471264
308,-3.011946069148352
309,-0.7713286744444459
310,-3.2455293196839095
311,1.162864000277778
312,-1.3497255662068965
313,-1.7607144481677015
314,-3.085557710092592
315,-1.7148465963636388
316,-0.28101053389285824
317,-1.727945424545454
318,-0.5037076540000015
319,1.037302777499998
320,-1.2830063292758616
321,-0.4741223096354199
322,-2.290046998268398
323,-2.3525898826190477
324,-0.488850469354834
325,-1.9104478064285704
326,-0.5999449163854678
327,-2.378532277864583
328,-1.9061459250000032
329,-1.0618768989583325
330,-3.255606931111112
331,-2.744163702083336
332,-0.4386484700000004
333,-2.822621197631578
334,-2.392502811851653
335,-1.4520758214814808
336,-0.39315426999999803
337,-0.7724141033333289
338,-3.020023436666667
339,-0.26498533875000296
340,-2.441729158409398
341,-0.17491912583333402
342,-1.712681012142857
343,-1.661621450000003
344,-2.4200230516666674
345,-0.3267998131944473
346,-1.9033299108333335
347,-2.281648447111111
348,-1.4440376953571428
349,-2.2323913872023806
350,-0.8223308725000007
351,-2.201440974861111
352,-3.2355196962643675
353,-1.357891805833333
354,-2.239635237249591
355,-1.3688875324818726
356,-0.9291118026562515
357,-0.8000586699826376
358,-0.6515368241666657
359,-0.144405595344828
360,-1.0951438788888879
361,-2.2020031277380943
362,-1.3466835339062513
363,-1.966903358935184
364,-2.2857543991071427
365,0.5237768502083284
366,-1.357687516875
367,-1.7855998795238086
368,-0.17212513666666732
369,-1.0794042474193548
370,-2.018579572664835
371,-0.15401557249999875
372,-1.8968413005555556
373,-0.8610532041232659
374,-0.4078215512500023
375,-1.8242448278906285
376,-2.561235245977011
377,-0.2153553279999997
378,-0.25973921374999875
379,-1.2137638437999998
380,-1.857873851111111
381,0.29384680250000095
382,-1.9805483531874983
383,-0.5695616176249991
384,-2.722424895
385,-1.5587205603225798
386,0.12809470874999818
387,-0.007355645000000521
388,-0.7169103928333319
389,0.6061652174999992
390,-0.9740806616249984
391,-0.07652426325757554
392,-0.24366341375000022
393,-2.089097835714285
394,-1.6826708548611116
395,-0.8964065016369046
396,-0.14936236277777779
397,-0.28172999250000075
398,-2.064865632960409
399,-1.3614321445287345
400,-0.3521710899999988
401,-2.354881227291667
402,-0.044149920937500475
403,-2.0162492781896555
404,-2.011608467954981
405,-1.1779615770000007
406,-2.344889273692528
407,-2.67790102875
408,-1.7949386162734429
409,-0.5303885950000009
410,-2.035448494939655
411,-2.5122598459615384
412,-1.4398387824242411
413,-1.0613015768750005
414,-1.8996110381770839
415,-0.6795033927777815
416,-0.5863840020000047
417,-2.4856894001515144
418,-2.419807074583333
419,-2.26917321075
420,-1.2804183677938865
421,-1.5130840576979145
422,-0.7372437755555552
423,-0.4870432605555545
424,-2.4134027247753385
425,-0.2650705527155184
426,-2.0027847246666672
427,-1.976880638936783
428,-0.5816132533333325
429,-1.1154980853571428
430,-2.834326349166661
431,-3.3965435752727275
432,-1.8569326044999992
433,-0.15760196999999465
434,-0.9168220804999997
435,-0.3610951657500003
436,-0.28311753692857095
437,-0.8430152878571363
438,-2.1019495170000027
439,-2.1205564622619044
440,-3.1444054594166673
441,-2.1210562551562475
442,-3.614976503928571
443,-0.8703543947044342
444,-0.6658358143103461
445,-1.899930041428572
446,-0.09023102830163117
447,-0.23149970437499867
448,-2.094402850807452
449,-1.897706837013888
450,-2.0059197540350886
451,-0.28040519124999985
452,-2.916155144767857
453,-1.8290729531944467
454,-3.700072168333334
455,-0.9112779309999979
456,-0.46661966791666476
457,-0.541024125208331
458,-0.5005905221428557
459,-1.1888988208333338
460,-0.5441324846969683
461,-3.5843547998214285
462,-1.0188100846969699
463,-1.2207961518749997
464,-3.4636855608055583
465,-0.23838140885775871
466,-1.7750955920588225
467,-1.488485160542856
468,-1.4260685175000005
469,-2.02582872787037
470,-2.154403601156951
471,-2.544220898636363
472,-3.120421184255952
473,-3.797499996666666
474,-3.2568831270312497
475,-2.216491645416666
476,-2.4444755273809524
477,-2.3535075472222236
478,-0.8947092060884358
479,-2.6420996009722217
480,-0.2985788260884346
481,-3.58698732771605
482,-0.2228227425
483,-2.278286676785714
484,-0.5493329924999983
485,-2.157605524063492
486,-0.6969271221052636
487,-0.09534269583333366
488,-0.23453660812499777
489,-3.203846181611111
490,-4.071452298333335
491,-1.5664242157499995
492,-2.2493939210612366
493,-3.01130371225
494,-0.6277566715749342
495,-1.842840671875
496,-0.7379376005555566
497,-1.1547518945833335
498,-2.947296141150792
499,-1.5291000452380945
500,-2.5761229221428557
501,-2.0778118455729135
502,-3.6357717112500008
503,-2.128356189880952
504,-0.7374645341904766
505,-3.061463035909092
506,-1.0348801721455954
507,-0.582319478636363
508,-0.08621108666666832
509,-0.3426683653448267
510,-3.239361694691358
511,-0.13669191666666336
512,-0.8950685699999994
513,-0.10512064593750026
514,-1.4201079237499998
515,-0.27262131812499923
516,-2.2217953519999987
517,-0.936635899722224
518,-0.12242532750000068
519,-3.6356156661666654
520,-2.83483895091133
521,-0.6387817301400548
522,-3.081639833036231
523,-0.5212513448065472
524,-1.2659275505000003
525,0.0
526,-3.0189200600215518
527,-1.2899806736904762
528,-2.1282247690800036
529,-2.136694586874999
530,-1.194894500833333
531,-2.486658947325604
532,-0.255775634999992
533,-2.8624571668362067
534,-2.2583378260000004
535,-0.9947317729166656
536,-2.581699100288866
537,-1.1949197172499992
538,-3.2778445824404763
539,-1.2211162312499937
540,-1.90793294739796
541,-1.2794884550000005
542,-2.5271223099175826
543,-0.4989623719999983
544,-0.7318133490000008
545,-1.9033163093333334
546,-0.34472641423076966
547,0.05088463687500422
548,-2.6873679971428563
549,-0.9343661598611129
550,-2.858160889583335
551,-0.06314589749999922
552,-1.0794501740476161
553,-0.9511080561383931
554,-0.3074938806944473
555,0.013581580625000811
556,-3.1572395726444444
557,-1.9122784219444446
558,-1.3004374465540538
559,-1.1217833197560974
560,-3.4470730396388896
561,-1.514335391724139
562,-1.8308923525
563,0.15726529125000077
564,-2.0979787785416724
565,-3.248647573472224
566,-4.321498688333333
567,-1.0414559783333317
568,-2.07341429631356
569,0.0
570,-2.2647309702036766
571,-3.88102149021212
572,-0.7581152209259253
573,0.1834307000000006
574,-0.7418544810416652
575,-0.39788884005208125
576,-1.0544510055208351
577,-0.9068175347916668
578,-0.2931498033333355
579,-0.4420935377777783
580,0.18177160812500404
581,-2.2554110146875
582,-0.4217521700000006
583,-0.18565618006666113
584,-2.6709137269576724
585,-2.282924232272727
586,-2.006059504166668
587,-0.21735795124999768
588,0.0029021212500002966
589,-0.31535308981432636
590,-1.8910353224497127
591,-0.48950606783730066
592,-3.5060298631395344
593,-1.1792744803703696
594,-2.09056649253889
595,-1.0421543674999993
596,0.07523220999999936
597,-2.9579321650000003
598,-1.774976544310345
599,-1.6901439591782423
600,-1.3907245862499997
601,-0.651628928333332
602,-1.1174111887500011
603,-1.6714632416666682
604,-0.48425266171052633
605,-0.30579532083333383
606,-2.1765179033035715
607,-3.243502807999998
608,-0.9356748831250004
609,-2.8602889931684037
610,-3.037073758821022
611,-1.7248922005952378
612,-0.7262925011111108
613,-1.1646855233333344
614,0.6815062200000099
615,-0.4972675317708332
616,-0.9172372214285746
617,-2.0863759161904754
618,-1.5588322025226045
619,-2.125522257999999
620,-2.8303192831818174
621,-0.4804723585714287
622,-0.48689406799999946
623,-0.42485398208333436
624,-3.8461811901041667
625,-1.1052961642543857
626,-3.2631102391666666
627,-1.3935849916666665
628,-1.205015005264139
629,-0.9939684678571353
630,-3.437200335833333
631,-0.4789604000985219
632,-1.8425676318333335
633,-2.434372402210884
634,-0.7645283562857141
635,-2.2016697245454537
636,0.7808823774999993
637,-0.1251691264999991
638,-0.06291377990716175
639,-0.6607433551923072
640,-0.8551584740000002
641,-0.35438131911206955
642,-2.831336060660713
643,-2.5205666057812515
644,-1.5816823568749996
645,-2.2018992563888893
646,0.6661523673958314
647,-2.4742018343765975
648,-2.7662677389795918
649,-0.7521129675000005
650,-0.30201479340406717
651,-2.7494797949999983
652,-2.544104279041256
653,-3.2660737250000005
654,0.12175626124999894
655,0.5657257294444568
656,-3.1414890188750006
657,-0.5174077700000008
658,-1.7184986678991616
659,-1.8359108153418373
660,-2.216683605344827
661,-1.1033921585491069
662,-0.3456967050000017
663,0.4810252730208333
664,-0.5972035491666654
665,-1.1096638412500042
666,-1.4535898477083329
667,-3.9118574056666677
668,-2.277796831985293
669,-1.2042223893750013
670,-2.322617156528572
671,-2.897805184047619
672,-1.107127973333333
673,-2.9974700880444374
674,-0.3717627212500045
675,-1.620233444749998
676,-0.8975792820238085
677,-3.268391995441177
678,-0.39279667410256824
679,-1.018373454375002
680,-0.5194120166666666
681,-0.42962376374999955
682,-0.36056396062500085
683,-2.000642158333333
684,-0.11700809153846264
685,-1.4629118326666664
686,-3.4530184815000013
687,-0.9623525084062508
688,-0.3521241624999997
689,-0.40969330599999976
690,-0.5598006334924247
691,-0.6998979558571431
692,-2.8908084729999994
693,-2.0139357335714285
694,-2.262669402878787
695,-0.3194298614809904
696,-3.404013206000001
697,-3.369453909125
698,-2.5104331007894745
699,-0.9156642205555533
700,-1.2738720561805585
701,-0.6239704088235302
702,-0.9467521649999977
703,-1.849523722145594
704,-2.6976986797931026
705,-2.5101576586471865
706,-1.9591156344444454
707,-1.5678030648484842
708,-0.6413059658333324
709,-0.4502993753333328
710,-0.7969417836111106
711,-1.663472543095238
712,-0.7628624933333334
713,-0.2289712700000024
714,0.0
715,-1.1678420171428587
716,0.552643537499999
717,-1.7788804494444446
718,-0.7449723093333318
719,-2.2386957989375005
720,-1.1214649968749981
721,-0.626975164523809
722,-0.7233970996388907
723,-0.4273060644444442
724,-2.7676294859374995
725,-2.9793525168406587
726,-3.264933481388889
727,-1.9513728145833327
728,-0.21613053791666514
729,-2.006702411393679
730,-2.835319010771605
731,-1.7676777513636366
732,-0.41386044000000055
733,-1.090001270416667
734,0.20020114916666643
735,-2.8292897256363645
736,-2.4098199677083327
737,-1.0507905816304342
738,-1.6373768430078144
739,-3.0228409296875007
740,-2.6061423413888893
741,-3.1159175434782624
742,-4.348646912205882
743,-2.433343929123335
744,-2.958919680637256
745,-0.14791065283819413
746,-2.0550466228378386
747,-2.2378992001923077
748,-3.895582311249998
749,-1.8531837472500001
750,-1.4765325330952384
751,-0.5806818716666662
752,0.3212294587500004
753,-0.7373520218750009
754,-2.2668963936624653
755,-0.4864611065057403
756,-1.113890505781253
757,-0.8894255986111101
758,-0.4523171109999993
759,-1.9823252001231526
760,-2.8366814187499996
761,-0.05772733620689703
762,-0.24716827458333412
763,-2.0502031224999997
764,-1.385817718898809
765,-3.719666126000007
766,-1.5489731195000023
767,-0.5198586991666664
768,-2.673855415131578
769,-0.7669249155000045
770,-1.5361985623999987
771,-3.208209978745099
772,-3.4550366933333314
773,-3.8049456412499985
774,0.012998920000000025
775,-2.636928682137931
776,-2.4799368400925927
777,-2.3752292429716753
778,-0.7548987675925957
779,-0.4616042232440476
780,-3.1950741396428577
781,-2.4620475416666676
782,-2.7384857786666674
783,-0.9621921344419633
784,-1.036986181051587
785,-3.2338586799999973
786,0.9096720512499985
787,-0.6254715574999992
788,-0.3328317955555491
789,-2.4605418373859544
790,-3.1154962559649126
791,-0.3528003977777748
792,-1.84114867355691
793,-1.4627340524261119
794,-3.2956115173148137
795,0.5823674856250065
796,0.12760390500000027
797,-0.07158738749999571
798,-1.0029673783333344
799,-3.5322888538916657
800,-3.321635908730469
801,-2.3309869792857136
802,-2.936620327638291
803,-2.9641236975603444
804,-1.9847801065277775
805,-3.3567140860820457
806,-1.9740157427155172
807,-2.805382906111112
808,-1.6134877231292535
809,-1.084484991709769
810,0.6361894033333328
811,-2.8825441013000006
812,-0.5186441035714283
813,-1.2431061098511915
814,-0.9331617317364527
815,-1.267659339375001
816,-2.5330667678571395
817,-1.4325900101810347
818,-0.7054825141666647
819,-1.4013987979236089
820,-0.6138563919683886
821,-1.5074439315000006
822,-2.726369552592593
823,-1.5768964483333197
824,-0.08911305049019468
825,-2.3428865690476184
826,-0.4424944099999992
827,-2.367757258482143
828,-1.1539609233333294
829,-2.0027083562402597
830,-3.7841771885416673
831,-1.862332912407408
832,-0.5561848233333334
833,-2.070301695000001
834,-0.5578957700000007
835,-3.356750745640477
836,-2.1301925501520205
837,-3.176623356904762
838,-1.4026544175000002
839,-2.005844755339285
840,-0.9640843138888867
841,-3.2164927756666675
842,-1.1258859412499982
843,-0.3172852068627446
844,-3.2674899261111103
845,-0.3099182011904763
846,-1.104730417249999
847,-1.5106688583212748
848,-2.5597956491666674
849,-0.9906719816666651
850,-2.6146258118055563
851,-0.323064968333334
852,-1.8731550809310353
853,-3.360936412807018
854,-2.4626752199464277
855,-3.8729639599999994
856,-0.7009157953333336
857,-1.4108339282528746
858,-0.37356026458333336
859,-2.975661722272724
860,-1.9223527289473683
861,-2.442718145010352
862,-0.33352830703125136
863,-3.350604872559512
864,-2.266894139469697
865,-3.059798596428571
866,-1.336315675341955
867,-2.9047448511964293
868,-3.327851149166667
869,-2.6724596295061738
870,-1.8693998971249997
871,-3.1692187028888887
872,-0.5603522693750023
873,-0.722835990892859
874,-0.2810941897500001
875,-0.9232054816666656
876,-2.1079638134999983
877,-0.37354305041666674
878,-0.6062756359333321
879,-3.4005703720555545
880,-2.2810875237191333
881,-1.9347971397135422
882,-1.4210918418125003
883,-1.8142678992118217
884,-3.1585378318125015
885,-1.1002943765476185
886,-2.8424331445059527
887,-3.7836297445454536
888,-3.3880368279166624
889,-0.6321993566489346
890,-2.497222284384921
891,-1.3386316157407405
892,-0.7505243731904784
893,-2.581216355416654
894,-0.7545379719999993
895,-0.8048942663888887
896,-2.7365360683465605
897,-1.6006342894444445
898,-0.3899661978571438
899,-0.2975242550000008
900,-1.3215595916666665
901,-0.5868704383333329
902,0.10469737500000065
903,-0.441223748928573
904,-0.23566952000000185
905,-1.0069192413461558
906,-1.7687139783238637
907,-2.903408520501847
908,-2.165788872916667
909,-3.8905093485416504
910,-3.503155579250001
911,-3.271102225714285
912,-3.9429717624166676
913,-0.3468840704166638
914,-0.6859017873333322
915,-1.6324537111588537
916,-0.5593739860185186
917,-2.567891970833333
918,-3.1470964880929984
919,-3.112535916875
920,-0.43435470642857205
921,-0.3227675333333355
922,-1.5308185752298844
923,-0.4902375916666675
924,-0.7998905887499994
925,-2.6196309461111116
926,-0.96496120659091
927,-0.46584940374999917
928,-2.951555876607142
929,-0.6442166279999995
930,0.7787095806250051
931,-0.8502197181249969
932,-0.40525860937500013
933,0.01577226999999981
934,-3.260349144725
935,-0.9622368147179375
936,-0.7324876283333334
937,-0.5048150333333332
938,-1.3885209500000002
939,-0.3755399300000035
940,-0.40511394999999695
941,-0.36635076125000055
942,-1.0093550056521752
943,-0.25791569363636313
944,-3.449646577692308
945,-2.615057349722223
946,-0.25930432500000045
947,-0.9590294938571212
948,-0.5921775243333315
949,-1.0580250355555532
950,-2.44570885048115
951,-1.7615320034415065
952,-2.658795339355043
953,-2.0636178494999995
954,-2.9890701700153945
955,-1.067726349259259
956,-2.9259439773333327
957,-2.7485603189583343
958,-2.455321072181964
959,-1.6945350041666665
960,-2.100762353124999
961,-3.7417424175
962,-2.0693998350925935
963,-0.39567470555555473
964,-0.06373322250000228
965,-0.5738117627272711
966,-0.5612512189062517
967,-0.21637723979166434
968,-2.160578759583333
969,-0.29691188375
970,-3.1439163572727256
971,-3.2308321479780564
972,-1.5263277917833344
973,-2.2996850913768108
974,-2.0025044494999946
975,-3.6218420828703697
976,-0.4623537864285733
977,-2.5247644446118116
978,-1.145337118769842
979,-3.9616170855000012
980,-3.9333218225000017
981,0.005056682442527105
982,-2.4819266002380944
983,-0.6558191498809526
984,-0.3937073091666683
985,-4.019811040833332
986,-0.5666687724285708
987,-2.4244905147222218
988,-3.3967413005894254
989,-1.9648777252380956
990,-1.6740761753030298
991,-2.867854340633334
992,-2.725230346174603
993,-1.8086783743333332
994,-2.599091560714286
995,-3.1374282487499996
996,-2.882758354261619
997,-0.3482772354579726
998,-3.670636426666668
999,-1.4071863226562495
1000,-1.3821553226190477
1001,0.0
1002,0.6664503993103446
1003,-3.2599856230769246
1004,-0.06339883606100855
1005,-0.6279328124999974
1006,-2.3474986853236186
1007,-2.792678821254252
1008,-1.9298897256379308
1009,-3.0435923248888894
1010,-0.34443390666666573
1011,-1.8766211428448276
1012,0.03293070499999917
1013,-2.7282297123529418
1014,-0.39367569466666624
1015,-3.2977612164583348
1016,-0.17880408390624325
1017,-2.7511164720935968
1018,-1.016273493190478
1019,-1.9085480426515162
1020,-0.5979410866666702
1021,-2.2655395891379304
1022,-1.973946385357144
1023,-2.84596669986111
1024,0.0892055837499992
1025,-3.8010789739999984
1026,-2.4698724387083333
1027,-0.0830062527777784
1028,-0.5502373072413818
1029,-2.2058403285000026
1030,-1.4204190119444444
1031,-0.3738826564814808
1032,-0.896408102593538
1033,-0.636760715
1034,-3.265347307499999
1035,-0.443066271666666
1036,0.08892086999999549
1037,-0.9813986855034744
1038,-2.146307775416666
1039,-1.101933833842593
1040,-3.3948259971354147
1041,-3.425192097166663
1042,-0.5219068866666751
1043,-2.2578401335365856
1044,-2.6237970677272724
1045,-0.3768693485
1046,-0.8987378501904744
1047,-2.1436243186190485
1048,-2.574629427225001
1049,0.059859465714285624
1050,-2.2497233371249994
1051,-2.716238573214287
1052,-2.4293905224019605
1053,-3.156494141428571
1054,-2.955351105833332
1055,-3.0895192538815794
1056,-0.8232634687500031
1057,-2.1223827911398465
1058,-3.5173987201538464
1059,-1.2321121223197486
1060,-0.5714508529999996
1061,-1.3630321140196089
1062,-0.6413619607142859
1063,-2.5299941572727267
1064,-2.1060334658374997
1065,-0.3840200962500049
1066,-0.5702773387499924
1067,-3.0927430771428583
1068,-3.2695727754166675
1069,-0.8307106800000028
1070,-2.6084819906666667
1071,-2.729934267787729
1072,-0.3359481520833314
1073,-2.5538621918055546
1074,-1.93750549425
1075,-3.141450857083333
1076,-1.5684348504761902
1077,-0.40611876333333896
1078,-0.19602509304347795
1079,-1.382420655722223
1080,0.06716093354166475
1081,-3.0398286750000003
1082,-2.0284090962500008
1083,-0.5554438713888908
1084,-0.3019030284999985
1085,-1.6347051732142872
1086,-2.5057772156964284
1087,-0.241469217460319
1088,-2.2580715615065676
1089,-3.8534159958148138
1090,-0.9001778516666649
1091,-2.2995771384999992
1092,-1.524350781242421
1093,-0.6764156463888883
1094,-2.8415637359993613
1095,-0.5073941706944444
1096,-0.6856026455555574
1097,-3.7179850833333328
1098,-0.29588318714285883
1099,-2.418838074285714
1100,-1.7715579074999988
1101,-1.4703855934722219
1102,-0.33331327083333423
1103,-1.3259805522758625
1104,-2.686165786108023
1105,-1.9936457271249963
1106,-1.954661775486453
1107,-2.6756491303333325
1108,-1.2340064916874993
1109,-0.6715189572916653
1110,-0.1640958829797977
1111,-0.47041736883908103
1112,-1.7993442241666653
1113,-2.439222466473214
1114,-1.6645313806818178
1115,-0.21791492093749998
1116,-2.148529806897759
1117,-0.7812832824999987
1118,-1.947376872
1119,-0.2364158250000017
1120,-1.0294422591964287
1121,-2.5400371047746595
1122,-0.6166671998214284
1123,-2.613427139999998
1124,-0.12879753041666575
1125,-1.364651313723959
1126,-1.969440015000001
1127,-0.7152297805555526
1128,-1.9893850255803573
1129,-3.504129932777778
1130,-1.7861384877777766
1131,-2.583221307529714
1132,-1.3831930230000002
1133,-0.4048921093750006
1134,-0.4393851068749983
1135,-2.0969971687679596
1136,-2.130965126070403
1137,-0.35230671874999775
1138,-0.5825032359090921
1139,-1.7441435188124998
1140,-0.24641417249999975
1141,-0.4645119553571391
1142,-1.0301427107500019
1143,-1.5520576269642885
1144,-1.9454667651666675
1145,-1.9238528812280697
1146,-1.346851477777776
1147,-1.5043673801666657
1148,-1.566924390833333
1149,-0.3278925396969696
1150,-2.879840598125
1151,0.781658890000001
1152,-0.8926948944444414
1153,-0.792442982833334
1154,-2.9023196662222213
1155,-3.3196807065178575
1156,-1.282238966333333
1157,-1.6810491828571432
1158,-2.4304120289062503
1159,-1.325348116388889
1160,-1.4517027410000005
1161,-0.7405371191666665
1162,-1.1858944722727307
1163,-2.343511762000006
1164,-0.6692809261111058
1165,-0.5049128554166629
1166,-0.7000938190892825
1167,-3.0141362124172417
1168,-0.442352603125002
1169,-3.094035246428573
1170,-1.070494636111111
1171,-1.419058577857142
1172,-2.864950179166667
1173,-2.0909917977499988
1174,-0.034311642631579195
1175,-0.34279282916666887
1176,-2.5634907219963363
1177,-0.5980511674999942
1178,-2.743806344375
1179,-0.8443013916666674
1180,-2.5564766687500002
1181,-0.7807739637500006
1182,-0.5196644871212115
1183,-0.5847617323809503
1184,-2.349577459836744
1185,1.4167902469444436
1186,-2.0129846365862107
1187,-3.003514067500001
1188,-2.4859248052134646
1189,-2.4846355602173906
1190,-2.43748463434265
1191,-0.7580226459999991
1192,-3.038781571111111
1193,-2.0614469509374995
1194,-3.044120530026044
1195,-0.3709325799999985
1196,-0.3728170862500022
1197,-3.090712746977514
1198,-1.8047218365151514
1199,-0.8684106105555559
1200,-0.7206353512499988
1201,-1.0328939854687498
1202,-1.924703210333334
1203,-3.2574806491666664
1204,-2.94094642475
1205,-2.4878525792708333
1206,-1.4236066065909092
1207,-0.7921748982397929
1208,-1.3788995269770117
1209,-0.2378307341666659
1210,-0.41913363904762174
1211,-1.986768636683087
1212,-2.629317884560439
1213,-1.041916034107142
1214,-0.6399765920000007
1215,-1.7386551275625
1216,-0.20230619102678457
1217,-2.249645584728682
1218,-0.657740388749998
1219,-0.595982887947919
1220,-1.7894212948095236
1221,-0.8249221736363631
1222,-2.672174670378569
1223,-0.432719623362069
1224,-2.870313715499999
1225,-1.214753712333333
1226,0.642306796875
1227,-1.9634968209999997
1228,-0.6003702983333341
1229,-0.9756099205468742
1230,-0.24640924947677156
1231,-2.198118876510989
1232,-3.0558183513189654
1233,-0.3961001424999999
1234,-0.3686742166666666
1235,-0.4007304283333326
1236,-1.1411946789285718
1237,0.4243056031249992
1238,-0.3808225677586208
1239,-1.1477322106666663
1240,-0.3389211104166696
1241,-2.340170853366401
1242,-2.630268293057645
1243,-1.955156013463541
1244,-2.850625034166666
1245,-0.4229919317272172
1246,-3.560952405729166
1247,-2.8378817703896093
1248,-1.210271618333337
1249,-1.1775063111944437
1250,-2.6106928717647064
1251,-0.9615712414062507
1252,-1.5184770292857144
1253,1.040288750624999
1254,-0.8514375496093765
1255,-1.557503675344833
1256,-0.2837152654166646
1257,-0.5140333662500005
1258,-2.8358940481249997
1259,-0.596101208124999
1260,-1.4452525250000015
1261,-1.3061328082417576
1262,-3.063526957254903
1263,-1.0336221933333347
1264,-2.7015885496379313
1265,-1.9215943536206888
1266,-2.152305394892985
1267,-2.0740220283333337
1268,-2.610419896363638
1269,-0.5036904369897955
1270,-1.1889116052083324
1271,-2.9922180339484132
1272,-3.143388482192426
1273,-1.5147969719444443
1274,-1.4913868421264365
1275,-0.7340578276666683
1276,-0.5434286072727278
1277,-1.711522149245282
1278,-0.4774588166071422
1279,-2.1214027500000006
1280,-0.08282025388888788
1281,-1.0684311115312486
1282,-3.2516693154166667
1283,-1.0174520681250003
1284,-0.8532271883333351
1285,0.006270499166665407
1286,-2.0596162982974144
1287,-3.2549943897222238
1288,-3.1768177566666664
1289,-2.165979774489145
1290,-0.16131581166666642
1291,-0.8173154296666624
1292,-0.42897138694444453
1293,-0.6353538056250003
1294,-0.14467874999999797
1295,-3.4277202543333347
1296,0.47759471624999983
1297,-0.3366742099999982
1298,-2.460893436674107
1299,-2.4184230521886962
1300,-2.6252768520562766
1301,-0.419367294437501
1302,-2.465153735535715
1303,-0.0030687889285770454
1304,-2.525468930687604
1305,-2.466365041333338
1306,0.05122086301724238
1307,-0.19560595499999955
1308,-2.83549590704023
1309,-0.27517248351851875
1310,-0.8757274641071439
1311,-1.099989552083334
1312,-0.7979557537698396
1313,-2.254320648214286
1314,-0.3489942791249974
1315,-2.266334815
1316,-1.2305390863333314
1317,-1.1237728063485224
1318,-2.393148386443738
1319,-1.2842914895833328
1320,-0.7978438500000028
1321,-2.21517102141892
1322,-2.0705906449687497
1323,-0.8671155033333349
1324,-0.43579276708333214
1325,-2.4459431400000002
1326,-0.24168568666667056
1327,-3.409596764704438
1328,-2.2142509128591956
1329,-2.8116986108771926
1330,-0.34565612720000055
1331,-1.427161236280241
1332,0.028138165000003212
1333,-2.930137654148707
1334,0.0
1335,-0.6346373617499992
1336,-0.6817221835569187
1337,-0.7588506883333347
1338,-1.061977121388883
1339,-0.3079352696052629
1340,-2.4660379945562765
1341,-1.2931084576587308
1342,-2.28692473
1343,-1.0748043300000005
1344,-1.8334289531111116
1345,-0.011127414374999312
1346,-1.1410543010416676
1347,-2.427956693666677
1348,-1.6597323777011488
1349,-0.9178797719999998
1350,-2.0157724475359196
1351,-0.05587589039215606
1352,-1.1767100283333325
1353,-0.2654464866666662
1354,-3.503158435208329
1355,-0.5811505542329537
1356,-2.6917747283333338
1357,-0.5173096790000017
1358,-0.28754514249999996
1359,-0.44866584250000113
1360,-2.3720281400000003
1361,-2.0690804087798402
1362,-3.119148267637362
1363,-0.6041817424431755
1364,-2.109720525477901
1365,-0.3908561290000009
1366,-0.8250069628070171
1367,-2.909059632222222
1368,-0.13718140635278622
1369,0.02771281666666899
1370,-1.9498856822270128
1371,-0.2709488834567895
1372,-1.2679753438888883
1373,-0.24186066979885013
1374,-0.22445702545977042
1375,-2.829903004716836
1376,-0.34855347624999844
1377,-3.7459560053333325
1378,-2.729715381241789
1379,-2.1096567491176463
1380,-0.9017229585653426
1381,-1.3099130223333333
1382,-2.3849882444999992
1383,-3.8972000031249983
1384,-1.8449631888095257
1385,0.048315211877271245
1386,-3.2724024612500013
1387,-2.4423234473076914
1388,0.07978825095237393
1389,-1.43132709462963
1390,-1.9266763655357135
1391,-0.2703660691379311
1392,-2.481027736721939
1393,-2.5836423797724604
1394,-0.26337324500000037
1395,-1.7147882185467975
1396,-2.579481471252054
1397,-2.0245246066666667
1398,-1.0238412645000003
1399,-3.3188233870000015
1400,-2.3452948770402307
1401,-0.6131108525640959
1402,-0.5594601339999997
1403,-2.504243655333333
1404,-1.8634439139999992
1405,-0.029679009935897227
1406,-0.6879402529166683
1407,-2.874243637575758
1408,-2.261631456875
1409,-1.039966471249997
1410,-1.736012202272726
1411,-1.806826337643681
1412,-2.7607750135714286
1413,-2.374948636666666
1414,-1.0272830079000002
1415,-2.3863752107500007
1416,-2.890584630518518
1417,-2.8324314580000003
1418,-1.2444812735714288
1419,-0.18488016166666435
1420,-3.6989699605999986
1421,-3.547740029444443
1422,-1.2533133017857156
1423,-1.9854909727083339
1424,-0.2949053675000002
1425,-0.5966275110000033
1426,-1.0023019208333335
1427,-0.09075502999999951
1428,-2.693845549444445
1429,-3.7887900124074076
1430,-2.7996699916071424
1431,-1.5181483752777787
1432,-0.6341028914999995
1433,-0.0029234043750001604
1434,-1.8669263899767423
1435,-2.1424641208593744
1436,-2.575295285277777
1437,-0.22123154467948625
1438,-0.8175017920833326
1439,-0.31759167956521694
1440,-3.3523921475697867
1441,-2.153656383708333
1442,0.32882361625000023
1443,-1.5631717864285717
1444,-1.3343745700462963
1445,-3.6797064053333344
1446,-3.1551972947816083
1447,-1.0349968289999993
1448,-2.977123041749999
1449,0.191178107812501
1450,-0.26822781125000716
1451,-0.9727541548809506
1452,0.4107719916666663
1453,-2.549203954351852
1454,-0.14120216500000282
1455,-2.861333694712644
1456,-0.21634461458333254
1457,-0.6645102297916665
1458,-0.6763659878000056
1459,-0.4731747429166666
1460,-3.3186984038534497
1461,-1.739664906851852
1462,-2.4987336914285727
1463,-0.5929051311904756
1464,-2.3474423050000013
1465,-3.2651693141666676
1466,-0.5521495369999997
1467,-1.701440411190476
1468,-2.393550240914154
1469,-0.18197272694444422
1470,-1.3994955459339087
1471,-2.0116790645833285
1472,-2.1897094007089564
1473,-0.2759949697916664
1474,-0.23087377593749991
1475,-0.6270427762500006
1476,-2.4999532883441558
1477,-2.482671550349891
1478,-0.2791617036206908
1479,-0.505247251250001
1480,-0.8688942487500011
1481,-3.6768689631333347
1482,-3.1679102164833326
1483,-2.63287239
1484,-3.253571734166666
1485,-0.31141958499999794
1486,-3.8167824040909086
1487,-1.3611554771874985
1488,-2.083197408222222
1489,0.05363755198412671
1490,-0.7158639740384601
1491,-0.6247261366666663
1492,-0.554695764642854
1493,-3.7862262987209325
1494,0.10285284270833372
1495,-1.6677581743333327
1496,-2.2011311594117644
1497,-2.5253755640521094
1498,-0.20263765833333972
1499,-0.9500908844791667
1500,-4.2368671705
1501,-2.088301255765087
1502,-1.92780925959375
1503,-0.6499582460000027
1504,-3.452259155961539
1505,-2.4857112213616075
1506,-1.3035481994827587
1507,-1.1326320645833334
1508,-0.9140655425680262
1509,-0.5752889555555539
1510,-0.46030548499999924
1511,-1.1528844016666673
1512,-0.9422394225000005
1513,-1.211360506558441
1514,-1.0930876063070074
1515,-2.436329391833334
1516,-0.43199491502969306
1517,-0.25501367333333275
1518,-2.7607276414880064
1519,-2.60093522
1520,-2.513773720864388
1521,-0.42035901499999895
1522,-0.3588587278571416
1523,-2.316589102251327
1524,-0.27387824234375024
1525,-0.7080721016666681
1526,-1.3124721641406225
1527,-0.7918539191666634
1528,-2.484807840797415
1529,-2.5393963802976183
1530,-0.46311798750000105
1531,-2.017156101332615
1532,-0.5307985233333335
1533,-1.7210434606060618
1534,-1.335474887580619
1535,-1.1367774262500019
1536,-1.7498168192857122
1537,-0.09345293211538429
1538,-0.33554150999999965
1539,-3.4369411568333326
1540,-1.988241380833334
1541,-2.3551283793750004
1542,-3.3643566464285715
1543,-1.9228922379045104
1544,-0.21680641411764742
1545,-0.796328545999998
1546,-1.041181168571428
1547,-3.449651893606061
1548,-0.3984347816666663
1549,-1.1693719299999996
1550,-1.9394251929999995
1551,-0.9285219524218746
1552,-2.75854759475
1553,-0.7715223234375013
1554,-0.5788068044999998
1555,-0.48125078537036914
1556,-0.2461397956116059
1557,-0.5373437222222203
1558,-2.976089124
1559,-3.488919676833335
1560,-3.3634618134023
1561,-2.988825285750001
1562,-2.3042067429285717
1563,-0.7339483906157619
1564,-3.089704640260724
1565,-2.5899833424999983
1566,-1.275566543713827
1567,-1.8984899499404755
1568,-3.5674410347333327
1569,-1.0868489043522722
1570,-1.2607153716666677
1571,-2.128125983833334
1572,-0.836901643940476
1573,-1.9771702766145833
1574,-2.453829089274375
1575,-0.9628060534642856
1576,-0.6495600483333336
1577,-0.44068877750000013
1578,-2.6136430699999997
1579,-2.63646675
1580,-0.607621109499999
1581,-1.0733980129062495
1582,0.33278347250000095
1583,-0.3249658140000008
1584,-1.0924943177499984
1585,-2.3394107120833336
1586,-0.4528405544827576
1587,-0.5420605252083343
1588,-2.3944112193333336
1589,-0.6804687183333323
1590,-0.3166958992307776
1591,-0.345496073333333
1592,-0.5777150034722247
1593,-0.665204362999998
1594,-2.261947287833334
1595,-0.15669287555555655
1596,-1.5888837569318175
1597,-1.8054035288958328
1598,-0.37004192121428403
1599,-3.1957864535294114
1600,-2.20278164047619
1601,-0.14888066281745913
1602,-1.7495464499861129
1603,-2.8997183579406136
1604,-3.2509115556944446
1605,-1.7442274738194452
1606,-3.7267764589999977
1607,-2.632514172561577
1608,-2.4886715701666664
1609,-0.43754621737500043
1610,-1.1872436574857963
1611,0.00666605666665987
1612,-2.724123129191092
1613,-1.6143266745092584
1614,-1.311351489386973
1615,-0.6120113506249988
1616,-0.7780492049999992
1617,-1.9004409685714287
1618,-1.832684141607146
1619,-2.3186068585
1620,-0.8113937619999916
1621,-2.0085723211403503
1622,-1.0908157441145825
1623,0.6243282262499994
1624,-3.6207159090789474
1625,-1.8317538741842112
1626,-1.7014354850000006
1627,-1.0744685700000076
1628,0.0
1629,-1.3544560019092742
1630,-0.36106827750000053
1631,-2.2204702534729064
1632,-3.575181262999999
1633,-2.0517744706249994
1634,-0.8985702330000003
1635,-2.1874169719047623
1636,-0.7833312229999876
1637,0.27344674187499685
1638,-0.5328709733333383
1639,-1.9146415899999996
1640,-3.159298665277776
1641,-2.045179445
1642,-1.2216875500000046
1643,-2.4752447329629543
1644,-2.1255394640683223
1645,-2.3788747770833334
1646,-3.891439072804877
1647,-0.4973138000000006
1648,-1.7243408413333328
1649,-0.620183086625002
1650,-1.7165301643247126
1651,-1.5004887222916654
1652,-3.2376800508928576
1653,-0.938247015525511
1654,-0.31498354333333606
1655,-3.1086675332738096
1656,-1.7811745199999969
1657,0.5993129981666669
1658,-3.016721267022989
1659,-1.4168148691071434
1660,-0.5529736389583336
1661,-2.3345215914965984
1662,-3.087397629375002
1663,-2.7222461356395504
1664,-0.26830218466666766
1665,-0.4584531545312511
1666,-2.7599173697395836
1667,-2.5078247640624998
1668,-0.9633161666666687
1669,-1.8096057000000003
1670,-0.7909395880000005
1671,0.01780028020833413
1672,-2.9532242795
1673,-0.4095706983333347
1674,-0.5421772558333325
1675,-1.3434008699999989
1676,-3.47199661
1677,-0.6143477976470623
1678,-3.30301904
1679,0.12091819779102053
1680,-0.42991288416666623
1681,-0.9504918473333376
1682,-0.33408793187499936
1683,-3.368410924292059
1684,-3.169686828861161
1685,-1.0053876155252102
1686,-2.4531456029166656
1687,-3.2058428996874992
1688,-0.5182799065325696
1689,-3.1049334544285694
1690,-1.9909208327222205
1691,-0.9519122358680541
1692,-1.0778543041666673
1693,-0.8532056802777769
1694,-2.788818240714286
1695,-0.9817444731944439
1696,-0.5418041466666637
1697,-0.04164321000000134
1698,-1.6081895374615398
1699,-0.3792894085238103
1700,-1.4782845768589752
1701,-0.0658399168749991
1702,0.6875568934444422
1703,-0.5893001077777781
1704,-0.2942872595833232
1705,-0.45184054916667105
1706,-2.4773617036964284
1707,-2.5430805086363635
1708,-2.2297900186352146
1709,-0.6860231406250037
1710,-2.630985755555555
1711,-1.086233225172414
1712,-0.4796510662500005
1713,-0.5759299943055554
1714,-3.1278451932499998
1715,-2.9073170067123013
1716,-1.4013951236718754
1717,-2.6139044184375
1718,-1.5736957076666678
1719,-2.0211628018247136
1720,-1.4740632439285726
1721,-0.05066497374999557
1722,-3.2303097701666665
1723,-3.6089368124848473
1724,-0.13063030499999861
1725,-3.8716288016666653
1726,-0.40056866424107185
1727,-2.3287050058095233
1728,-1.5604897256896553
1729,-1.8255009819166665
1730,-1.6429543975000012
1731,-1.3569899891071435
1732,-0.954963043216911
1733,-0.7892611420062502
1734,-0.5763294126332322
1735,-0.31381721999999
1736,-0.26914671875000895
1737,-2.1207027788229182
1738,-0.3983257091666654
1739,-0.544887185833332
1740,-0.5846089277857118
1741,-2.104244935500001
1742,-2.515359106771142
1743,-1.1872742149999975
1744,-3.2574067163194442
1745,-0.9014764568124978
1746,1.5401393266666688
1747,-2.400654233333334
1748,-2.1892454721874994
1749,-2.714238781264368
1750,-1.8074520962500031
1751,-1.0399200858333348
1752,-2.509500469816017
1753,-0.2747335450000037
1754,-0.8262960306250013
1755,-1.0073458888571423
1756,-2.3583354544137904
1757,-2.563503394351851
1758,-2.365842918749999
1759,-3.606928869250001
1760,-2.8516704400909965
1761,-2.8629374158333336
1762,-0.43500304361111514
1763,-1.8640694360119046
1764,-0.37111276500000184
1765,-1.9163219383333334
1766,-1.6463004004597697
1767,-1.324482488515626
1768,-1.3650723368965516
1769,-0.08517657849999978
1770,0.8283785837499993
1771,-2.9836072214942533
1772,-2.470161345766284
1773,-0.5947719280468746
1774,-2.8126892025000014
1775,-1.8243083702777778
1776,-2.006038055654762
1777,-1.072598388528061
1778,-0.16714933000000087
1779,-4.184042695192308
1780,-2.38599297975
1781,-0.434341507500001
1782,-3.040243175403257
1783,-3.645757438166669
1784,-1.2214459228571428
1785,-2.3207223042999994
1786,-0.44627705625000047
1787,-3.0751209355842923
1788,-1.6789476096666656
1789,-1.2937406706100796
1790,-3.1296680058680564
1791,0.10700886427083134
1792,-1.5748107458275868
1793,-0.1390927483333352
1794,-0.1515198325
1795,-2.5874682719999997
1796,-1.6078914016666666
1797,-0.414187627499994
1798,-2.7456942524916936
1799,-3.0232333352272733
1800,-2.513455971734693
1801,-0.2813474112500014
1802,-2.5734446070833332
1803,-3.7195745629540227
1804,-3.7344168811875003
1805,-1.4234197827545156
1806,-0.35818472299999937
1807,-0.584771573333331
1808,-2.5791628367647057
1809,-2.7299899870881226
1810,-0.5981284421874964
1811,-3.6667648963636377
1812,-1.1598093759615404
1813,-3.25193751372549
1814,-0.7283141207291663
1815,-2.877267321165965
1816,-1.0423489696527757
1817,-0.8022941203645834
1818,-1.9788979595114933
1819,-0.3242070049999981
1820,-1.9497674183333336
1821,-1.5217107379761907
1822,-2.294052068288691
1823,-0.2836005221666653
1824,-0.7934668683333332
1825,-0.56088443361111
1826,-0.9986828755701732
1827,-0.32138453437500036
1828,-0.351657399999997
1829,-0.469118834285715
1830,-0.423804026666667
1831,-0.754359220833333
1832,-0.4046722927083313
1833,-2.2648251362878793
1834,-0.5268471175000009
1835,0.1477278254166663
1836,-1.8310207952380946
1837,-2.2470293042472904
1838,-2.7188851707971007
1839,-0.9596539814062517
1840,-3.2729136826704557
1841,-2.482855807679859
1842,-3.6016912945370376
1843,-1.2679441539999998
1844,-1.555470563000001
1845,-0.1973858433456769
1846,-3.1452565632614924
1847,-1.1377427833333285
1848,-2.9289450921428557
1849,-0.5172733615000027
1850,-0.09816219749999888
1851,-2.1518599143567645
1852,-2.057071388630953
1853,-2.355643034413793
1854,-1.604281791964286
1855,-2.4845481767023814
1856,-2.802724632565923
1857,-2.799580951455938
1858,-2.2606515146875
1859,-0.46991981390624993
1860,-2.00298488247619
1861,-0.962524704218751
1862,-0.7917083784769045
1863,-2.93584741028633
1864,-0.8842139368181828
1865,-1.7346103865624987
1866,0.8714024587499978
1867,-0.25857068704545516
1868,-0.46163556217241536
1869,-2.4823537895283883
1870,-1.735766983450001
1871,0.03151909249999818
1872,-0.632367121
1873,-1.4587977239880803
1874,-1.5575278357903217
1875,-1.2430680652083386
1876,-1.4637018377011506
1877,-1.8995083725925928
1878,-0.16657137758620827
1879,-0.49549889909090955
1880,-0.49815730125
1881,-2.5246772457142854
1882,-1.7713234343749988
1883,-2.449520646386555
1884,-1.5235385029849136
1885,-2.8931233937833336
1886,-2.408545490625001
1887,-0.27440100400000345
1888,-1.4503822011666672
1889,-2.1729294107291666
1890,-3.436049351626438
1891,-0.6170652290909092
1892,-1.4885064766666667
1893,-2.8781583387684715
1894,-1.919143204259254
1895,-0.5699382827083355
1896,-2.897896688225
1897,-0.1770701566666677
1898,-1.4454560055882344
1899,-1.9036197179556649
1900,-0.7448444906250007
1901,-1.9038426225
1902,-1.2129406511954026
1903,-0.5025137193333308
1904,-3.96761276423077
1905,-0.5342501666666681
1906,-1.048015753243244
1907,-0.7400822718749964
1908,-3.392609160507246
1909,0.051653498255968947
1910,-3.4679057065625054
1911,-1.2572596772222222
1912,-0.3270639817479659
1913,-0.19779963921052668
1914,-2.461723999285715
1915,-0.6799595537499998
1916,-0.8260277562790708
1917,-1.8556247057330824
1918,-2.4319728681178154
1919,-1.1800169131047609
1920,-2.465903043425929
1921,-0.4543472146666673
1922,-2.61218437084298
1923,-0.19132524833333564
1924,-2.6783536489666657
1925,-1.6528204752777773
1926,-1.689247411203704
1927,-0.15500280305555356
1928,-0.9620232339062499
1929,0.045540925000000065
1930,-0.7641620085714281
1931,-2.930773886071427
1932,-0.021708293988094596
1933,-1.4107297929166691
1934,-2.750124736000001
1935,-1.8770725852027028
1936,-0.5834022962500001
1937,-3.8066105499242457
1938,-2.2667620308333336
1939,-0.3128932520833351
1940,-1.5557587174999994
1941,-1.9626794220833321
1942,-0.6259454968750013
1943,-0.9334202065909096
1944,0.10896379500000108
1945,-0.5988708558333352
1946,-0.8267158288148151
1947,-2.7523729743750014
1948,-2.189306755591953
1949,-1.0475336685714274
1950,-0.33904082855345935
1951,-1.7800805603541667
1952,-0.6062435534374995
1953,-0.8378744545416671
1954,-1.2624572176944457
1955,-2.155986328846148
1956,-1.8630673548624999
1957,-0.5802711322222199
1958,-0.9648382733333337
1959,-1.132461913571429
1960,-2.3885156268537404
1961,-3.2787756283333342
1962,-0.22732246683332372
1963,-2.2591283234285706
1964,-0.5001406378333343
1965,-1.546001942833333
1966,-3.0261516364367815
1967,-0.5327310183333367
1968,-0.3929677845238087
1969,-2.9322049378124992
1970,-3.105072738541667
1971,-2.3953740689512193
1972,-1.6961201801824088
1973,-0.594204636555555
1974,-2.5035807875985223
1975,-0.4908088119444456
1976,-0.501555608888887
1977,-0.8188898791666664
1978,0.7127795761111108
1979,-2.7055135122527463
1980,-3.1519017657407407
1981,-1.8226651842424233
1982,-0.5871669175000065
1983,-2.294734384852217
1984,-1.5677705149999988
1985,-2.533935939999999
1986,-1.82219273952381
1987,-1.6622074347222227
1988,-0.7626544388888905
1989,-0.7975143386875004
1990,-0.20037644187500092
1991,-2.323708426285713
1992,-0.38463402690141124
1993,-3.1737241716894538
1994,-1.523519266749996
1995,-0.49975093199999776
1996,-0.1815881249999999
1997,-1.867103118461538
1998,-0.6950936427777761
1999,-2.847361820891157
2000,-1.9403105783333328
2001,-3.39017086125
2002,-0.7451465796052616
2003,-0.028808963750000416
2004,-2.2754242917016807
2005,-2.530355182428572
2006,-0.367511936329367
2007,-0.3068968924999993
2008,-3.527433782187499
2009,-2.5475774618181815
2010,-2.554948122329365
2011,-2.168934142307692
2012,-2.625105598792518
2013,-3.3564671910317454
2014,-3.2506911376388885
2015,-2.759993028611111
2016,-1.7801210285714286
2017,-1.341777372027027
2018,-0.3756073836637923
2019,-0.6688713673333317
2020,-2.465725820902778
2021,-3.0077280409803926
2022,-0.8044763772500041
2023,-2.334914016232994
2024,-1.0218812111904754
2025,-1.573516122
2026,-2.0142092593750007
2027,-2.188219010333334
2028,-0.9798659952777768
2029,-3.0294740909375
2030,-2.507753873750001
2031,-0.10025904526136645
2032,-2.0664203023928565
2033,-2.43478201625
2034,-2.9759653285
2035,-0.525794336250005
2036,-1.8205765396506353
2037,-0.07916975833333358
2038,-0.355665329999999
2039,-2.3532693686111137
2040,-3.0828614265555396
2041,-3.661567517924649
2042,-0.5180995300000006
2043,-2.6324369164597714
2044,-3.3506028432738084
2045,-3.2772291340583335
2046,-2.6827792610000047
2047,-3.1533925474843754
2048,-0.7662599183333333
2049,-3.740772284761905
2050,-0.37090790253333344
2051,-0.654057856166667
2052,-2.3865882505795017
2053,-2.363197618431373
2054,-2.0338654886436784
2055,-3.2169730338095244
2056,-0.5222255465431559
2057,-1.8442670435416666
2058,-2.623123920693112
2059,-0.9603389714814804
2060,-0.8408696187499984
2061,-2.9164901039345232
2062,-2.954474443437501
2063,-2.3134101919999996
2064,-0.6057786524999997
2065,-0.22938770750000023
2066,-1.9100666366666672
2067,-0.7490408812499982
2068,-0.09552358750000185
2069,-0.20636898773809284
2070,-0.3314687918750008
2071,-2.729070417666668
2072,-3.2127795346296293
2073,-1.7073151706715066
2074,-1.7219807865833332
2075,-0.7536341996666713
2076,-0.739406383888888
2077,-2.0774542979999993
2078,-0.9949358772291657
2079,-0.4204308447916687
2080,-0.34721505285714166
2081,-0.10112939690972035
2082,-1.0041986325925925
2083,-2.4965692443750003
2084,-1.9249066531818144
2085,-1.2998413904999992
2086,-1.8651430032366063
2087,-1.6205848722222227
2088,-1.130355233547455
2089,0.05987628922222162
2090,-2.1464069980952374
2091,-1.8921311858333334
2092,-1.897916475576923
2093,-0.3277121183333307
2094,-3.71684056995
2095,-2.163831028181818
2096,-0.9616291461111106
2097,-2.34532825357143
2098,-2.987966934138888
2099,-0.633835919999998
2100,0.32708337586207037
2101,-0.6374925191666669
2102,-0.7536489141666678
2103,-2.124902452316849
2104,-3.6750948390909084
2105,-1.1121827309999959
2106,-1.1583465575694458
2107,-0.3163925033333328
2108,-0.31427648031746
2109,-0.7509894155555545
2110,-2.3549433708333325
2111,-1.1773750056944436
2112,-2.0112294150176324
2113,-3.0710154998659003
2114,-2.7269831176933965
2115,-0.49697709125000067
2116,-0.6646172733333344
2117,-2.2641465047470235
2118,-1.6891775251030219
2119,-1.5375479582380913
2120,-2.5601894235
2121,-0.8393273691666661
2122,-2.3265630283305967
2123,-2.4784306314762934
2124,-2.234913158278985
2125,-0.0533470075000011
2126,-1.9579798621428577
2127,-2.5011848456964287
2128,-0.6754317733333343
2129,-2.263282359954545
2130,-1.8785662257142854
2131,-0.06829545813541671
2132,-2.2786331647916684
2133,-2.3094696612745094
2134,-1.4393607169999996
2135,-2.514514268333333
2136,-1.457562279166662
2137,-0.36514797541666866
2138,-3.076147789537037
2139,-2.3552332766838333
2140,-0.26451472226190426
2141,-0.7167325850000017
2142,-0.6386998189999986
2143,-0.12866299562500316
2144,-2.720008220819047
2145,-0.23612749709302217
2146,-1.5071843071428574
2147,-0.27101116833333627
2148,-1.686814682222222
2149,-1.7072381377235206
2150,-3.0928368225705123
2151,-2.8621010984375
2152,-0.035467995000001196
2153,-3.5240403838333316
2154,-3.6121793137499987
2155,-2.802720797662336
2156,-1.8556047132692304
2157,-0.9683266061785709
2158,-1.530070213939395
2159,-1.5648661432142852
2160,-3.384218080425287
2161,-1.6145889765581103
2162,-1.1109032651442317
2163,-1.6568697669444445
2164,-2.110632233104885
2165,-0.47261484075000054
2166,-0.08934797927083338
2167,-0.4960199990885421
2168,-3.8247177318199235
2169,-1.8705696157157736
2170,-3.7836882207142852
2171,-2.56365062375
2172,-0.9628419058639696
2173,-4.01010348590909
2174,-0.3122651256250002
2175,-0.9526613510416664
2176,-2.7747146389775916
2177,-0.8912764307812502
2178,-3.141842748000002
2179,-3.2588807815151504
2180,-1.5111999253636368
2181,-0.3802751299999982
2182,-1.6337939291836732
2183,-3.446380854285714
2184,-2.6892033212499866
2185,-1.1109785591116068
2186,-2.4163945706868137
2187,-3.3819813555
2188,-0.4004006175000008
2189,-3.272324624818182
2190,-0.20663254099999762
2191,-0.8998122912500008
2192,-1.48974165409091
2193,0.6636675047619084
2194,-1.3507635990029756
2195,-0.7985262737499994
2196,-3.1789881819262793
2197,-0.805272605000001
2198,-0.3722022776736114
2199,-3.192552002653063
2200,-0.5469324087500027
2201,-3.9730165342500015
2202,-2.3789512198854177
2203,-0.03227376173515923
2204,-3.008369918049646
2205,-3.339772416562501
2206,-0.6082904992857152
2207,-2.566959402962963
2208,0.0
2209,-2.251951860784205
2210,-1.1291245169999997
2211,-2.2150984737499986
2212,-2.3413267883593827
2213,-0.6998842199999997
2214,-0.5631453545833338
2215,-0.4483481270833325
2216,-1.7376189329166631
2217,0.43837332875
2218,-3.319463689285714
2219,-3.6904500495000008
2220,-3.648600351354167
2221,-0.303069561666669
2222,-0.8018419456250001
2223,-2.0414175938630947
2224,-2.427766032275339
2225,-2.596301211947279
2226,-2.2118231680952385
2227,-1.2733588876337705
2228,-1.1018067234999989
2229,-2.5651947978835974
2230,-2.4483470636904765
2231,-3.5416553964761897
2232,-2.4858112167738105
2233,-2.5107779869464295
2234,-1.1875018412544642
2235,-0.13852323249999898
2236,-3.687281189272313
2237,-2.189015332619048
2238,-2.882499321705883
2239,-0.8846238948132186
2240,-0.35612274666666754
2241,-0.8653848624999982
2242,-1.798465040833334
2243,-1.9496477831724135
2244,-1.0738390979999999
2245,-1.1171100823333329
2246,-2.94312770704762
2247,-3.184671181143677
2248,0.3845200337499999
2249,-1.009108922500002
2250,-0.7700337791666669
2251,-0.007688359999998322
2252,-0.2932929836666659
2253,-0.976598738333332
2254,-0.6533053443048483
2255,-2.330028612247024
2256,-2.979764999966666
2257,-2.9789878082500025
2258,-2.720580594074075
2259,-1.1629941524218754
2260,-0.9187076937500009
2261,-1.9361160058333329
2262,-2.312294366666667
2263,-1.0074588174826387
2264,-3.16329933
2265,-3.430193205357142
2266,-0.34351673166666785
2267,-2.8976281941666664
2268,-0.43075507625000053
2269,0.030868655000013234
2270,-2.648546493320801
2271,-0.7467899718112209
2272,-3.1777105304686106
2273,-0.7988787974999951
2274,-3.6230431202941173
2275,-1.9195552860344813
2276,-0.4369318700000008
2277,-1.502168412499999
2278,-0.5021426869999999
2279,-2.110980848333333
2280,-1.4591744428448283
2281,-2.7708268538888894
2282,1.3342853325000004
2283,-1.6942416163636358
2284,-3.186306588625
2285,0.12167648535714329
2286,-1.642161534523812
2287,-1.0947282868750006
2288,-0.291795605294118
2289,-0.4636490758333341
2290,-1.347733139666667
2291,-0.12916253499999808
2292,-0.482290623333333
2293,-0.8019475003749994
2294,-3.8938718525000064
2295,-3.458601736166666
2296,-2.383034223500002
2297,-2.115568274633333
2298,-1.9428485605555568
2299,-0.674504033645834
2300,-3.877154581666666
2301,-0.5165704024999997
2302,-0.23660327500000022
2303,-0.5606845172222217
2304,0.5606190556250006
2305,-1.0689286025000002
2306,-2.540496095161565
2307,-2.407718571666667
2308,-0.8770519
2309,-0.7642250210000014
2310,-2.3541447980833334
2311,-1.7863583302380943
2312,-0.06215234028743436
2313,-0.536198263333335
2314,-0.9617530475170071
2315,-2.4119081531493505
2316,-2.7461501200000322
2317,-0.3730370868749988
2318,-1.5259586318749996
2319,0.15649882250000147
2320,-3.127979535677083
2321,-3.4515069166666663
2322,-2.8409534793333333
2323,-1.4646587241666669
2324,-1.55366273527027
2325,-0.500998362857142
2326,-2.9179016483928564
2327,-2.0809843951116074
2328,-1.6407353144696954
2329,-1.7409841904761905
2330,-2.4696039020000002
2331,-3.843372724166666
2332,-0.07622638124999881
2333,-0.4711096324999997
2334,-2.3851565884663852
2335,0.0873680799999974
2336,-0.6830107163333323
2337,-2.3501865857983177
2338,-2.0191673633137937
2339,-2.6178318522724617
2340,-2.050176742794117
2341,-0.3058404775
2342,-2.386402226805556
2343,0.0
2344,-1.1740468462499993
2345,-3.346018073500003
2346,-2.9016637562499987
2347,-0.18550216203125025
2348,-4.161918590000002
2349,-3.0475604205555555
2350,0.7116983318750001
2351,-0.5025965600000006
2352,-2.9730127527276746
2353,-1.8235566653703699
2354,-0.06123098999999973
2355,-0.44094249771428345
2356,-1.9732286570000006
2357,-0.05016767875000028
2358,-1.4537043878448292
2359,-0.7517035683333345
2360,-1.3049774240948278
2361,-0.3451339402272721
2362,-2.5846840962609887
2363,-2.574608329020834
2364,-0.16897916057791645
2365,-1.9614736597685183
2366,-0.2915836693750009
2367,-2.4250677470833333
2368,-0.5546445212500011
2369,1.1535557801015628
2370,-3.1914270072500015
2371,-0.8175618772222215
2372,-1.6138287606944448
2373,-2.2014064087407403
2374,-0.3522178654276331
2375,-1.8385585554166657
2376,-2.059622312666666
2377,0.7705011500000012
2378,-3.589059096200001
2379,-0.5180029057291669
2380,-0.5419083774285712
2381,-0.4777755616666681
2382,-0.8506385219444428
2383,-1.2812476126587313
2384,-1.489286858012823
2385,-3.028261964166665
2386,-2.051847119333334
2387,-3.5655037400833343
2388,-3.0551897366666663
2389,-0.5890004374999975
2390,-0.7528170849107129
2391,-3.029160157083334
2392,-0.6852623099999997
2393,-1.4919457345555556
2394,-2.366455176428571
2395,-0.5302639678571422
2396,-0.23041872333333302
2397,-2.264690025873015
2398,-0.6402244292499916
2399,-0.5008169625000001
2400,-0.49773010666666706
2401,0.6247457081249976
2402,-2.7889602066666668
2403,-0.35810017000000016
2404,-0.07437748250000098
2405,-0.30311033000000265
2406,-2.6550530695000005
2407,0.7308290834374951
2408,-2.1946362210924377
2409,-0.3510875454166653
2410,-2.618714483520409
2411,-3.2207403853333347
2412,-3.6056465425
2413,-2.9352379393130397
2414,-2.3525036541130953
2415,-1.8349934674999995
2416,-0.230192647430556
2417,-0.3226983322916652
2418,-0.3121934250000014
2419,0.011700656428575127
2420,-0.8578817262500005
2421,-2.810163555740741
2422,-3.8082743569999997
2423,-2.4290773370454533
2424,-1.1821741483333312
2425,-2.0017727726923082
2426,-2.4576567355042016
2427,-2.028920913043479
2428,-1.0940013693333355
2429,-2.5057536684711468
2430,-0.9126503401923091
2431,-1.4654293889583332
2432,-0.4823072937499999
2433,-1.335860173333333
2434,-0.9843180687499995
2435,-2.4471234385714307
2436,-1.5422992410439562
2437,-0.5101822489030619
2438,-1.766752955192308
2439,-2.107631717142857
2440,-3.0424025450000003
2441,-1.4621298877586197
2442,-0.08099031928571472
2443,-0.899680682119049
2444,-1.2245558189999983
2445,-0.5512918712500001
2446,0.08967122466668419
2447,-0.5203141925000002
2448,-3.7389869482291687
2449,-3.087509171249999
2450,0.36578629750000147
2451,-2.4156493069791667
2452,-0.0732982249999985
2453,-0.3777384254999987
2454,-2.4672550471507932
2455,-2.4082950049333336
2456,-0.6527547326388875
2457,-0.19041621250000063
2458,-3.194217924722222
2459,-0.3558770131249993
2460,-0.14400721318181875
2461,-2.4937810420833335
2462,-0.5021710987758624
2463,-0.8131399283307214
2464,-0.43074597912766777
2465,-1.7788461139285698
2466,-0.868521032559532
2467,-0.19024650166667043
2468,-1.2480552316666689
2469,-2.1275447244444456
2470,0.2473424602370713
2471,-0.791883457103174
2472,-1.8011855567784167
2473,-1.01647506416667
2474,-1.0343510059803918
2475,0.10218328999999926
2476,-1.7929270050000095
2477,-2.112075975
2478,-0.5844433266666655
2479,-1.864736001875002
2480,-2.988346289947918
2481,-2.102192424166667
2482,-1.8765970941333345
2483,-2.9069924356632666
2484,-2.170312636428571
2485,-2.3161402345474134
2486,-0.34912195694444986
2487,-0.11605866999999925
2488,-0.044324999146825896
2489,-0.44282982398809473
2490,-0.861690539285715
2491,-3.224051362666673
2492,-1.661984376249999
2493,-1.8198738963461538
2494,-1.691644659910713
2495,0.6045300720833318
2496,-2.8665096196666666
2497,-2.7846075488569606
2498,-0.5323579524765514
2499,-1.2408803267777775
2500,-1.3996353450939891
2501,-0.40524019458333205
2502,-0.499289997222224
2503,-3.4582379285994254
2504,0.6295781758333234
2505,-0.33271794583333403
2506,-2.477699733809525
2507,-3.1409554944444444
2508,-2.2567439439687496
2509,-1.3219848776822936
2510,-0.5993742009999969
2511,-0.3290386964705886
2512,-0.7135879083730166
2513,-1.9936805075
2514,-0.4575256901562508
2515,-0.12031626285714278
2516,-2.6494618597222224
2517,-3.011473042499999
2518,-1.9134845561351284
2519,-0.8014581362499982
2520,-0.3784749325000014
2521,-0.40038676199999657
2522,-2.4970080566017314
2523,-0.7057690898333305
2524,-2.6667486815579715
2525,-1.1817036866666666
2526,-1.6826009192672418
2527,-0.44743878047916635
2528,-0.7032958305357125
2529,-3.075709567656249
2530,-0.4924991337499982
2531,-0.3161173714285762
2532,-0.4656002037500002
2533,-0.7767526179166655
2534,-2.359309233020832
2535,1.16856156275
2536,-0.17961209249999932
2537,-2.043254557678572
2538,-3.959664393333334
2539,-1.4311914514880968
2540,-2.7580585999999996
2541,-0.34567858937500046
2542,-2.7979970545454553
2543,-2.369015291000001
2544,-0.5762806899999995
2545,-3.18810415297619
2546,-0.2328521967857132
2547,-3.792682673333333
2548,-2.6309067632142873
2549,-2.4252489445454546
2550,-1.1942410381666662
2551,-2.406189365323618
2552,-3.184027536666667
2553,-0.1646135099999924
2554,-3.9044308154999974
2555,-1.6613102667299096
2556,-3.164395454166666
2557,-0.23519800555555687
2558,-2.184148837175698
2559,-2.3011063148333335
2560,-3.0107092574999994
2561,-2.366866301529762
2562,-2.88676357392036
2563,-0.5430755124999997
2564,-2.0392230641666664
2565,-0.15665129876811634
2566,-2.2741988159848487
2567,-0.3905452981481482
2568,-3.7525506154999997
2569,-2.6110974963095237
2570,-3.028400453947367
2571,-3.1093470896835442
2572,-1.1079637560000002
2573,-2.426783619375
2574,-0.7977367659999984
2575,-0.6304044837962961
2576,-2.2259098916666757
2577,-0.5605631287500037
2578,-0.09895257833333382
2579,-0.41497456958333245
2580,-1.9194654046839095
2581,-3.5299852478124985
2582,-2.3991937720833327
2583,-2.5343882120714283
2584,-2.6567474437500005
2585,-2.145147585
2586,-2.4783555525500836
2587,-0.8463417455911326
2588,-2.319808908156966
2589,-1.8069951685416683
2590,-0.4759793662499998
2591,-2.850032289702381
2592,-2.539740289166665
2593,-1.8963682509999995
2594,-1.8792017357499997
2595,-0.7284756456349083
2596,-2.233870685333334
2597,-1.8196328612500032
2598,-2.0955544185334567
2599,-3.8826292438888927
2600,-1.4000594395000008
2601,-0.37609535208333966
2602,-0.2151946714655164
2603,-1.8155693417887928
2604,-0.5922158242857134
2605,-0.2619917580729201
2606,-2.6628046319999994
2607,-0.8380224769999941
2608,-0.9225278121296309
2609,-0.9460851791666643
2610,-1.9801573642857133
2611,-0.5060606023611088
2612,-0.5052956942499996
2613,-3.2757087111111125
2614,-0.7746846222088076
2615,-3.1636367186111123
2616,-2.1458630949597692
2617,-0.41318265527777837
2618,-2.970759331078431
2619,-0.851981836944445
2620,-1.620095500909091
2621,-1.1153373179166668
2622,-1.4072313621428572
2623,-2.578586651109914
2624,-3.048965920184524
2625,-1.8868957336293428
2626,-0.7676304251388899
2627,-3.8039855095833333
2628,-2.8516918019444475
2629,-2.5996700392460306
2630,-0.48227621624999983
2631,-2.7295363090972224
2632,-0.7437694224444371
2633,-0.3525298274999997
2634,-2.6745251733333313
2635,-3.2395076488864936
2636,-0.2089855691666651
2637,-1.0467660568571333
2638,-2.758069805500001
2639,-3.0298183977291657
2640,-0.5098770469565206
2641,-3.0221350714666655
2642,-3.227854914866666
2643,-2.786060476111112
2644,-0.17244724729331848
2645,-3.254891058888888
2646,-2.2707985743537416
2647,-0.6528734250000012
2648,-2.922203133333332
2649,-0.40278368138888965
2650,-2.3901062428630953
2651,-2.4484322963505747
2652,-2.8581531986666664
2653,-0.34874054375000085
2654,-3.3114420062037024
2655,-0.06433400857142958
2656,-1.7803753018181816
2657,-3.1486794602222226
2658,-2.652929194462232
2659,-0.5099571822619018
2660,-0.225338236666668
2661,-0.2516226587499988
2662,-1.1524860812500002
2663,-2.45906167
2664,-1.835694940601852
2665,-0.515406222307692
2666,-0.9037753250000043
2667,-2.4231183971276593
2668,-2.480910365333333
2669,-0.23179544166666455
2670,-2.5636317382575102
2671,-0.6782914081666658
2672,-0.9411913124425269
2673,-1.022574305857141
2674,-0.24490315499999937
2675,-0.8314085855411245
2676,-1.9904925161607139
2677,-1.4657012602810717
2678,-1.2732333328977268
2679,-3.4277171819444434
2680,-2.266617659074074
2681,-0.37082404666665997
2682,-1.8215287392554855
2683,-1.2260592587931036
2684,-1.111051576442307
2685,-0.9361555930952363
2686,-2.0031879099603183
2687,-0.3821829837499999
2688,-1.2591090939062495
2689,-0.4374079858333333
2690,-0.7656422393181814
2691,-3.0756169747879034
2692,-1.749489501071429
2693,-2.0017752744435735
2694,-0.4274936758876109
2695,-2.5201521137499996
2696,-3.5730001180689657
2697,-1.72742623159091
2698,-0.6567905924999996
2699,-1.4192500411363627
2700,-1.1787022427777774
2701,-0.45313832027709416
2702,-1.9311833799999996
2703,-1.210118107466476
2704,-0.39151687285714687
2705,-0.45750582076923013
2706,-0.6869376077777787
2707,-0.15575588999999823
2708,0.04976369500000288
2709,-0.2501113989062489
2710,-0.6387104740000005
2711,-1.6743171424137948
2712,-3.5899115000000004
2713,-1.5699616274583326
2714,0.029785583125001125
2715,-0.4164039818749963
2716,-0.3187795130000012
2717,-1.9944843094444442
2718,-0.47606470229166814
2719,-0.8669619891458353
2720,-0.800240488611111
2721,-0.44621494136363665
2722,-1.15651270574074
2723,-2.0688242472834566
2724,-0.3862793038888886
2725,-2.0801589849999993
2726,-0.8844586497222243
2727,-0.8265970177777784
2728,-1.9733628104166676
2729,-1.0387084701681544
2730,-1.458108488684211
2731,-3.4623037077777776
2732,-2.9137403022291664
2733,-2.6197471095833356
2734,-1.2515666532000012
2735,-0.5547512949999991
2736,-2.670511871586207
2737,-2.1346313408928563
2738,-0.49042131285714113
2739,-2.1486192679999996
2740,-0.11621862749999916
2741,0.09255887603448265
2742,-1.3700463003499999
2743,-0.41370266124999855
2744,-1.2745038125925925
2745,-0.6593684100000019
2746,-2.7118537085
2747,-3.292742405572916
2748,-2.611213505500822
2749,-0.8438889402083269
2750,-2.6737149580555566
2751,-2.2154310686904743
2752,-2.5383324913571426
2753,-0.41226820416666676
2754,-1.7223339007107847
2755,-2.3744389294381154
2756,-0.649953777314815
2757,-0.4800315381818168
2758,-0.055587898928577725
2759,-2.132523662763158
2760,-2.1370895445833327
2761,-1.8937201708750002
2762,-0.4715069113888883
2763,-1.3021457886011905
2764,-0.7038394256249987
2765,-0.24016614599999997
2766,-2.5826545861374024
2767,-0.7800972668421053
2768,-3.0051330882142864
2769,-3.3467000471666677
2770,-0.3889293697222236
2771,-2.1589289233407216
2772,-0.9583435062980766
2773,-3.1198390936717737
2774,-0.45396336201389076
2775,-2.7711728385256404
2776,-3.161171774398496
2777,-2.970254698141026
2778,-0.3874227000000019
2779,-1.3727081539999992
2780,0.09746691250000339
2781,-1.5823980721759225
2782,-1.8736503093799606
2783,0.548743585000004
2784,-0.9963803716666675
2785,-0.25959578100000014
2786,-3.8585463328333334
2787,-1.1696923259310381
2788,-0.2660058491666675
2789,-0.41198496666666884
2790,-1.6058079207812455
2791,-1.3976660511538461
2792,-0.5791798606306315
2793,-2.639933244941409
2794,-2.501715246139455
2795,-3.0434140220000003
2796,-3.076790951904762
2797,-2.712270573636364
2798,-1.4682670138888898
2799,-3.0160488033316435
2800,-2.7456657742576627
2801,-3.3447741258666674
2802,-2.322515072614087
2803,-1.5937863537499988
2804,-2.4135111572506176
2805,0.8501788037499978
2806,-2.427620649732929
2807,-0.4284814368750034
2808,-0.8913923975531917
2809,-2.31892518554054
2810,-0.808110990370371
2811,-2.5195494282318265
2812,-2.2340235519642855
2813,-1.6474007396188755
2814,-3.86195246725
2815,-1.7411578655025166
2816,-3.390097015694445
2817,-0.058595948692708344
2818,-2.4219893729166664
2819,-1.6279802500000007
2820,-0.06609085384615444
2821,-0.010901138888887848
2822,-3.159846414570106
2823,-0.728297282499998
2824,-0.9498263295833347
2825,-0.7616559130555558
2826,-1.128096912500001
2827,-0.030440754166666768
2828,-0.7958948091666675
2829,-3.034336434537037
2830,-3.113552211656035
2831,-1.0808807145833317
2832,-1.6878381967272766
2833,-1.9132416411718722
2834,-0.7155503406163201
2835,-0.7891818062337653
2836,-1.1447760898437522
2837,-0.17038937666666243
2838,-3.3811618935714285
2839,-1.958333740833334
2840,-1.6241502954761895
2841,-2.392204487361111
2842,-2.137914777274904
2843,-0.8257706516666667
2844,-2.417736865660918
2845,-3.3598385029629623
2846,-1.317199690156248
2847,-3.2553963137500017
2848,-0.32767289421052637
2849,-3.20994828040613
2850,-0.3530433613486836
2851,-3.000264717377942
2852,-0.4760456587499995
2853,-1.1197107850000012
2854,-3.0756807992500006
2855,-1.2022911987719327
2856,-2.3926561654761875
2857,-2.4951160935323164
2858,-1.1835979822222267
2859,-3.27387844542517
2860,-1.0838942077777776
2861,-0.5246538094444415
2862,-0.3088356720249976
2863,-2.376879317777779
2864,-0.5648069042857092
2865,-1.3321703552419348
2866,-2.026269434444445
2867,-3.791786693541667
2868,-1.6723136198979591
2869,-0.8867963533333345
2870,-0.201802024404761
2871,-0.2643024660416673
2872,-0.5617630770833332
2873,-2.4629035938690467
2874,-1.3089108684913786
2875,-1.1780869244444439
2876,-2.6433593789464274
2877,-0.724851367037036
2878,-0.26484677812499946
2879,-0.4422452208333336
2880,-2.8798606840625
2881,-0.655007507083333
2882,-1.5597593213620695
2883,-3.4410954873999997
2884,-0.6231414148333336
2885,-0.9727832995237955
2886,-1.6346581719565227
2887,-0.9817561822222226
2888,-1.4699723370312494
2889,-1.4443759332812505
2890,-1.3771731654411763
2891,-0.6896447931818169
2892,-0.2411815400000009
2893,-3.3002201616666675
2894,-0.5989212919999993
2895,-0.4354099438965534
2896,-2.960710096805556
2897,-2.5708120918546356
2898,-2.0596971375
2899,-0.2722234487500046
2900,-1.7946244718965536
2901,-1.8387244225000003
2902,-0.7177706333333352
2903,-0.6850442481944464
2904,-3.346943954464286
2905,-0.7084981525000007
2906,-2.8510243810143683
2907,-0.04617201666666659
2908,-2.5401097066235643
2909,-0.3110389210416666
2910,-3.2056224374772735
2911,-3.0394394956153854
2912,-0.25606360000000333
2913,-1.218603542777094
2914,-2.893855338637928
2915,-0.9649895530000023
2916,-1.0373544462499997
2917,-2.8733236684615377
2918,-2.3048163226041662
2919,-0.27975560270833455
2920,-0.6096843028571429
2921,-0.4147109329999978
2922,-1.2784768133333333
2923,-0.5450649020833342
2924,-2.2647282301851854
2925,-1.168897723333335
2926,-2.4371249797108834
2927,-1.1670171361666675
2928,-1.6128322629761893
2929,-2.3572896772216745
2930,-2.5327519736199293
2931,-2.501775414234691
2932,-0.7205506644444478
2933,-1.4993145514130435
2934,-0.43969810562499845
2935,-2.312349553468802
2936,-3.6790280862962956
2937,-0.7572472955555567
2938,-2.381025315
2939,-2.8188078637500005
2940,-0.47326662499999844
2941,-2.2071840610992064
2942,-2.262417959575
2943,-1.5825414405666645
2944,-0.6494646141666713
2945,-0.5397963972058849
2946,-1.2588766395
2947,-0.2208484569999996
2948,-0.7482702000000003
2949,-2.5900914249999993
2950,-1.0100329010416687
2951,-2.150680372890625
2952,-0.12098261000000103
2953,-3.240215342606838
2954,-1.876903066392858
2955,-0.4338896316666663
2956,-0.46060433499999753
2957,-0.43152321055555587
2958,-2.0099644907705567
2959,-1.6407643971428567
2960,-0.23848323988888845
2961,-1.0485431796139424
2962,-0.39520136958333413
2963,-0.7738951664062483
2964,-2.663836964791667
2965,-0.8136282252777794
2966,-0.19126816777777775
2967,-0.8564344275000018
2968,-3.343356402727274
2969,-0.29151228833333204
2970,-0.6152712700000009
2971,-2.5971130297619047
2972,-2.4761289243290037
2973,1.0892699868750029
2974,-0.1858635324999982
2975,-1.7374980571093745
2976,-1.3810984478125024
2977,-3.6629518301190487
2978,-0.45092706717241526
2979,-1.0629320960000022
2980,-0.987506863666669
2981,-1.8073422646455946
2982,-2.4624030520474145
2983,-0.6394497387499989
2984,-0.25920189931034443
2985,-2.362304837584033
2986,-2.0816462827083346
2987,-3.8525662248000008
2988,-0.9910842090624996
2989,-0.41568866375000013
2990,-2.297724281666667
2991,0.03435010375000047
2992,2.247474876249999
2993,-3.1915510805833334
2994,-2.1667789247222218
2995,-3.253195799791667
2996,-1.1864509465438857
2997,-0.37706008375000266
2998,-1.8230648976874988
2999,-2.7307754490862073
3000,-2.694719098690477
3001,-0.7079298269999988
3002,-2.3737485201221262
3003,-2.8093709411226335
3004,-0.13621607236841626
3005,-0.6088550874999982
3006,-0.14224146749999722
3007,-2.4804270528357977
3008,-1.8379698697800007
3009,-1.9233487985517244
3010,-2.270804531861111
3011,-0.4596356637500021
3012,-3.863396421979168
3013,-0.7489502063888867
3014,-3.3488600171018055
3015,-2.302062820072463
3016,-0.3240806020881245
3017,-2.340349007728636
3018,-2.341632898333333
3019,-1.8209165031321837
3020,-1.5556586130555567
3021,-1.4745791584444439
3022,-0.5747661847222219
3023,-0.7298105841666663
3024,-2.628824755267857
3025,-2.432997072946428
3026,-1.0771753287499977
3027,0.19722874500000032
3028,-0.7734388960000018
3029,-2.404669163406593
3030,-1.3161127729035713
3031,-2.13508399015625
3032,-1.9886533936488964
3033,-2.148398067954545
3034,-0.7379697391666663
3035,-0.35496799250000066
3036,-4.2130850117500005
3037,0.0034749224999994035
3038,-0.38063757666666714
3039,-0.8556953374425292
3040,-0.5175036254166727
3041,-1.5971998666666671
3042,-1.6927190636666687
3043,-2.3486262702912084
3044,-0.5771836698148177
3045,-3.2500183211282145
3046,-3.637388602236824
3047,-1.4264735760555556
3048,-0.9288918700000011
3049,-0.35946300500000206
3050,-0.051760571249997334
3051,-0.8923897741470592
3052,-3.1225647226600532
3053,-0.2080317589423079
3054,-1.8716099459615378
3055,-1.5674493118367363
3056,-2.7257714980555554
3057,-2.611828072603519
3058,-2.5599858901111125
3059,-1.545230513070175
3060,-2.193256119137931
3061,-0.5489967316666657
3062,-0.622619307037035
3063,-0.16776019208333182
3064,-2.8092397295833336
3065,0.12017831000000001
3066,-2.9965288450000003
3067,-1.8181175462500008
3068,-1.8886558909310325
3069,-0.890194894375
3070,-1.4528381029166677
3071,-4.086739320131579
3072,-2.588583703571428
3073,-1.9183046841666662
3074,-2.093222128273809
3075,0.0
3076,-2.394983023518518
3077,-1.4956005179999992
3078,-2.5298607258548853
3079,-1.8515249010314578
3080,-1.0145797981250004
3081,-0.6096350629166665
3082,-0.08944752224138107
3083,-1.4168959677142854
3084,-0.2818618816666669
3085,0.116633199999999
3086,-1.9941205205220298
3087,-1.368802641625
3088,-0.23019723135775827
3089,-0.3358669620714281
3090,-0.8633582757142843
3091,-0.9650729356249999
3092,-2.8224980931190458
3093,-1.5081770619999995
3094,1.2909383233333338
3095,-0.8971710532500005
3096,0.045083864999998724
3097,-0.841868851999999
3098,-0.5954277651847286
3099,-2.2572514841678992
3100,-2.4587422901801794
3101,-2.301588621916667
3102,-2.4337888755000003
3103,-1.4724638452499992
3104,-2.4226026760150376
3105,-2.488819323333333
3106,-0.10344702527777667
3107,-2.742124424333332
3108,-0.4122985929999999
3109,-2.2203700704999996
3110,-0.5448585794444385
3111,-0.8843563675000006
3112,-2.1782411714814813
3113,-0.3383141900000008
3114,-2.49773327134419
3115,-1.4299567055000004
3116,-2.864141727844827
3117,-0.716890268731884
3118,-0.024672684910714997
3119,-0.6333426766666692
3120,-0.17720506725000007
3121,-2.5198258797619055
3122,0.08231893853333076
3123,-2.5522231351468254
3124,-3.2722800463888917
3125,-2.7291284775000015
3126,-3.3418517372820506
3127,-0.16322673278571073
3128,-0.8577417551945398
3129,-2.73221805017433
3130,-0.9471411820000014
3131,-3.089520904083334
3132,-1.3150603206250011
3133,-1.9846988189922707
3134,-1.3654583081481486
3135,-2.3544667574999942
3136,-1.5455443031428582
3137,-1.734892595266544
3138,-1.8330968428571432
3139,-0.5077762272685189
3140,-0.5168827881250024
3141,-2.0861856350000005
3142,-0.42919855472222207
3143,-0.46846053833333556
3144,-0.2366135212499998
3145,-3.3793378245603445
3146,-0.9427768949999971
3147,-0.5198663606250005
3148,-1.9454302248630952
3149,-0.36048569333333247
3150,-1.0232230888571408
3151,-1.2127867650000042
3152,-0.47653113063333163
3153,-3.157008141
3154,-2.146985310923646
3155,-0.6445693264516134
3156,-3.892252445555556
3157,-0.44465465476293087
3158,-2.240519861410257
3159,-1.6618230959374998
3160,-0.7719902780487798
3161,-2.5015902723331824
3162,-2.6602489559074076
3163,-2.2944296799393706
3164,-0.7594079274999999
3165,-0.8047395917401952
3166,-2.3926769262499996
3167,-0.10148990729166574
3168,-1.3773532898148146
3169,-0.4542519903333336
3170,-0.15299160187499616
3171,-1.2618231172368424
3172,-2.852659445238095
3173,-0.14596481000000003
3174,-2.872368412680547
3175,-2.8624680217797627
3176,-1.3987729473611097
3177,-0.8061516041666644
3178,-2.4025417338461534
3179,-0.7463913740198426
3180,-1.3349603116681035
3181,-4.304972757083333
3182,-2.932111338899999
3183,-1.0024792445357105
3184,-0.8273873438888835
3185,-1.4918817540259743
3186,-3.8423564404545427
3187,-2.6801982606818187
3188,-2.240895431666667
3189,-0.14595642842364498
3190,-1.5860162529849169
3191,-2.4015609633761903
3192,-0.1939256933333328
3193,-0.15907392166667003
3194,-3.915013209347825
3195,-2.6201185768333333
3196,-1.3400194552631575
3197,-1.877897946002015
3198,-1.5594736357142858
3199,-2.5114855724404745
3200,-2.3986168295833337
3201,-2.186021626013957
3202,-0.20196853000000026
3203,-3.5915734946666675
3204,-2.6918004576910732
3205,-0.3283480037499995
3206,-2.0047982856896556
3207,-2.379534400403438
3208,-0.5163213717571417
3209,0.04244225687499892
3210,-1.8523831939285722
3211,-0.04019273183332264
3212,-0.49139677500000545
3213,-2.1884569159999985
3214,-1.2134567327499994
3215,-0.7006324683333336
3216,-0.2070955231250018
3217,-3.0266677264285726
3218,-0.539233050833334
3219,-0.8375533199999978
3220,-3.4649673231034503
3221,-0.6918262328787873
3222,-0.5010530149999997
3223,-3.134779229090907
3224,-1.0015026675000023
3225,-0.7329385233333343
3226,-0.5783277172222228
3227,-3.3440882593181813
3228,-2.6552164147619046
3229,-2.864746119250001
3230,-1.6848467614285698
3231,-2.1813989786666657
3232,-2.1200223230859376
3233,-0.4101904641176475
3234,-1.5589625843749992
3235,-0.6160169893749989
3236,-0.80019506777778
3237,-2.6937022125925916
3238,-2.2706785369999993
3239,-1.9047627092857138
3240,-3.0587822934695463
3241,-1.564490646217533
3242,-0.3084356796874985
3243,-2.3891413987500014
3244,-0.6016571304365073
3245,-0.8421946270833325
3246,-0.30589877437500057
3247,-1.5770947878749997
3248,-0.32141599833333184
3249,-0.5126263132812454
3250,-2.97475702772727
3251,-0.45253437969696947
3252,-0.3207388524999999
3253,-0.47585178333333644
3254,0.0016723733333336988
3255,-0.4563353300000017
3256,-1.5377392371428573
3257,-2.2735051567424236
3258,-3.0001224841022456
3259,-0.7529604862500019
3260,-0.5311077474999983
3261,-0.147852862232142
3262,-3.2767013713888677
3263,-0.8542756203571409
3264,-0.7667472249999984
3265,-0.7970522076875
3266,-2.3041166184353736
3267,-2.0766436745751222
3268,-1.7780622644642865
3269,-1.679719660520833
3270,-0.8062491424999981
3271,-3.0591071542857153
3272,-2.771431959736308
3273,0.09933025375000071
3274,-2.507311037278911
3275,-0.6298689999999993
3276,0.0
3277,-0.42866265041666374
3278,-0.4536178896666684
3279,-1.3770575122359912
3280,-2.9857425598735636
3281,-2.2690818673333326
3282,-0.4886025706250017
3283,-1.82075326888889
3284,-1.1903926735260413
3285,-2.165499038333333
3286,-0.19184305208333421
3287,-2.143403017894088
3288,-0.3336815393750001
3289,-1.3720344610000013
3290,-1.2285456023611054
3291,-2.4353030218537413
3292,-0.15542592999999805
3293,-2.116874485
3294,-1.917377008764368
3295,-1.3319081972222193
3296,-0.7411143114583325
3297,-2.126198402264367
3298,-0.785322481
3299,-0.35657968833333226
3300,-1.6381975649999996
3301,-0.32420300208333447
3302,-0.2528325275000034
3303,-2.365510500357143
3304,-0.6499817909090873
3305,-1.803163485769232
3306,-2.2303592885823766
3307,-3.3267442824687508
3308,-1.3927641834500002
3309,-0.243690109166665
3310,-3.1424157632053293
3311,-2.928356961911765
3312,-3.7716163818181823
3313,0.6940951314583335
3314,-3.5578460950000013
3315,-0.39524678537037045
3316,-0.025009859999999495
3317,-0.660020283
3318,-3.255319074166666
3319,0.11080614458333393
3320,-3.263935958273809
3321,-0.2453091638888895
3322,-2.368701328791208
3323,-1.839677740714286
3324,-0.4515596728333321
3325,-1.896073517413794
3326,-1.0940197544444443
3327,-2.8429345188333337
3328,-2.180159844375
3329,-1.1078344071875001
3330,-2.125860550476191
3331,-0.4890193166666658
3332,-2.5807385061403507
3333,-3.287362495775843
3334,-1.5835671506091955
3335,-1.6008423487499985
3336,-0.053697312931034434
3337,-0.8593428873076903
3338,-1.9284332296018065
3339,-1.236948106533252
3340,-0.8466084554166677
3341,-1.1098696500000003
3342,-0.3180755966810357
3343,-0.5585517876562491
3344,-3.0242675766666665
3345,-0.6365393826436782
3346,-2.4841675295416663
3347,-2.512320745948277
3348,-0.3942140649999999
3349,-0.45969671500000686
3350,-1.6515391823029566
3351,-1.8393026121875007
3352,-0.08526796329861162
3353,-0.3115266166163799
3354,0.0
3355,-0.5252252501041639
3356,-0.2553761687499998
3357,-2.4704152125
3358,-3.7855602986363635
3359,-2.9212082038888902
3360,-0.8663963950735298
3361,-0.5269207643663201
3362,-2.077695108333333
3363,-1.4016584133333347
3364,-2.376219543809524
3365,-0.5108005562499992
3366,-1.5191824385156254
3367,-0.8627220469999998
3368,-2.6944413614814815
3369,-1.4869248114285714
3370,-2.4284191554255954
3371,-0.5170215333333346
3372,-1.6609300888492067
3373,-0.660547583333333
3374,-1.016346651781611
3375,-1.9614646920312495
3376,-0.8623396669387751
3377,-0.4263317822023812
3378,-3.495808560833333
3379,-1.029708269350339
3380,-0.03246405875000136
3381,-1.0347295149999998
3382,-1.4715585382639254
3383,-0.10321151166666691
3384,-0.25745816291666657
3385,-0.061865569473683844
3386,-0.2103811449999995
3387,-3.650157833571427
3388,-2.405872076363636
3389,-0.955331842083333
3390,-1.8814564380624992
3391,-0.3538917074999996
3392,-1.7771498371929833
3393,-2.7919426981465527
3394,-3.04578065222222
3395,-2.395395972265977
3396,-2.2148692024499996
3397,-2.513358363408488
3398,-0.4505751194396538
3399,-0.6445054383333334
3400,-2.0816331210000003
3401,-3.0518748593678127
3402,-3.209243283611112
3403,-2.9191402416071432
3404,-3.788480477272726
3405,-1.5250355297222227
3406,-2.4646886989965986
3407,-3.3684277084374994
3408,-1.7532713829642859
3409,-0.7355182456250011
3410,-1.3868600864285727
3411,-0.24101712923076946
3412,-2.3448038720918367
3413,-1.1212931323809496
3414,-3.4225441520833346
3415,-2.914182676944445
3416,-2.469464965364817
3417,-0.7966675133333343
3418,-1.3249956314285722
3419,-0.5937141645075741
3420,-2.6217589376363644
3421,-0.8218377322222233
3422,-3.4791585471666644
3423,-0.46198349049999954
3424,-0.25104727330357185
3425,-3.773280861666664
3426,-2.598236944246032
3427,-0.6829273324285715
3428,-1.6421244505833321
3429,-0.7760730412499983
3430,-0.16549729350000178
3431,-0.24933087744252802
3432,-1.871892160416666
3433,-3.244713615
3434,-4.0412615685
3435,-1.155155292895833
3436,-1.8668385945604398
3437,-2.6739523426457725
3438,-2.9537472777607747
3439,-3.5066615782333344
3440,-0.3328432208333325
3441,-1.7986194837499987
3442,-3.3110585740416667
3443,-3.588372896250001
3444,-2.996247198735633
3445,-1.8345139354166673
3446,-2.595199219273809
3447,-0.6793939791666664
3448,-2.017718666964286
3449,-2.101960166666666
3450,-2.2729247578061225
3451,-0.6463438553333318
3452,-1.320384183931035
3453,-1.3262467791666663
3454,-0.2951985324166666
3455,-3.5828631730842866
3456,-0.6128993983333417
3457,-2.508613935538847
3458,-0.6018834928571449
3459,-2.686548403500005
3460,-2.6273520430370385
3461,-1.8424327391220237
3462,-2.209420888199234
3463,-0.9858763947916671
3464,-2.6498026866666664
3465,-0.8044286747222221
3466,-3.932606217
3467,1.2047173593749996
3468,-2.259469276995799
3469,-2.9254804217744255
3470,-0.5147132127777768
3471,-0.8795857516666672
3472,-1.9121532433333333
3473,-0.32596320381944466
3474,-0.2574450670689714
3475,-1.5577413421052635
3476,0.27022528750000063
3477,-0.8244866349999995
3478,0.8665872387500002
3479,-3.3539575491666667
3480,-1.6023685334999995
3481,-1.7419438183333336
3482,0.6202391299999999
3483,-0.4030460243749996
3484,-0.47838634124999935
3485,-0.7033304180941555
3486,-0.5082979179166731
3487,-0.7784115266666684
3488,-2.5654204116388883
3489,0.0
3490,-1.1178960872222268
3491,-2.61009372454844
3492,-0.36633101000000085
3493,-0.6132902653333332
3494,-0.44612153636363544
3495,-1.4159273720238101
3496,-2.7851759777500007
3497,-1.59056209953126
3498,-2.482170176086207
3499,-0.404767493571429
3500,-1.9267409939310347
3501,-0.6269530253571458
3502,-0.544782338333332
3503,-1.4624239842647053
3504,-3.358393413055555
3505,-2.398106894540817
3506,-0.7730992097916669
3507,-2.456659464090909
3508,-2.579209944
3509,-3.7521962881770854
3510,-0.06240733970238515
3511,-0.4410176094444438
3512,-1.4402885523148152
3513,-0.4202501296296298
3514,-0.4234695334722218
3515,-1.5125440812499995
3516,-1.9717269899999992
3517,-2.8849519153125
3518,-1.9720473638295446
3519,-1.1257224647413815
3520,-1.6299994670967737
3521,-0.8918884712499979
3522,-0.10024430750000057
3523,-0.24941444799999885
3524,-0.5794290863690483
3525,-0.7028021477810699
3526,-0.9265313987500008
3527,-1.4792766970000002
3528,-2.3762547240427385
3529,-2.4525885896491597
3530,-0.45348791052083
3531,-1.8314231581944445
3532,-1.9910424135153253
3533,-0.15083163273809497
3534,-2.9896512555555557
3535,-0.8259064604166646
3536,-2.798783189499999
3537,-2.843933375217391
3538,-0.5695663937499962
3539,-2.977037725833334
3540,-0.4962341822222211
3541,-0.633445749191298
3542,-0.9286288908333328
3543,-3.034193229761906
3544,-3.0661400459749997
3545,-1.3954131422222222
3546,-0.6232783687499968
3547,-1.3572567427500069
3548,-2.4603519484335847
3549,-0.9258572508333316
3550,-0.8244604622222175
3551,-2.908108217019705
3552,-2.2660013148809526
3553,-1.7549635269999997
3554,-1.0637062791666676
3555,-0.5022126568333363
3556,-1.6447668042307693
3557,-0.5730016883333325
3558,-2.23946764186679
3559,-2.033778094294218
3560,-2.3026884347261896
3561,-2.2653514965000006
3562,-0.3942126338888888
3563,-1.1298964486666663
3564,-2.5356085155000017
3565,-2.4244326476256597
3566,-0.9967938875000002
3567,-0.558999433333331
3568,-2.617462862212883
3569,-0.45446650041964176
3570,-1.582029620558848
3571,-0.29511368124999926
3572,-2.648014421753247
3573,-2.1782612928122282
3574,-0.647701149999999
3575,-3.4662618066666675
3576,-0.4459874016666667
3577,-0.2817098875000011
3578,-0.04286506625000097
3579,-2.4080262165571282
3580,-3.5927844434999976
3581,-1.9540299754166668
3582,-0.4667821468333351
3583,-1.4175620477847437
3584,-2.0253173529166664
3585,-3.5949610109206356
3586,-2.4044224926666677
3587,-2.479091758922414
3588,-0.458455523749997
3589,-1.2168588747402602
3590,-0.7978766309722225
3591,-3.0735428263013143
3592,-0.8639210584375008
3593,-1.0589316651666671
3594,-3.5696201670555574
3595,-0.4384645062499999
3596,-0.571063631296296
3597,-1.9785432903288638
3598,0.3672246699999988
3599,-2.727015809722224
3600,-0.7658539860000075
3601,-2.6277697241553297
3602,-0.8636485668749998
3603,-3.393430841644445
3604,-1.3222657638214288
3605,-1.2093286257499982
3606,-0.9956153549431793
3607,-1.1707946651988634
3608,-0.3390985766666634
3609,-0.7348071148333346
3610,-0.6412156093750063
3611,0.3718928388362066
3612,-0.939694690277778
3613,-1.1557683524999998
3614,-0.5154702644444455
3615,-2.625688556139456
3616,-0.1194411512500011
3617,-2.946630920000002
3618,-1.1049527741666667
3619,-0.9251746466666662
3620,-0.8080123675000017
3621,-1.0311894256666647
3622,0.036780824166667024
3623,-1.940530818888889
3624,-2.2066452089394057
3625,-3.3034396343333343
3626,-1.9292281529999977
3627,-0.8151093176851892
3628,-0.6934281017499992
3629,-0.5655288647222202
3630,-0.7928564603761753
3631,-0.3712750888888892
3632,-0.0015839231249969998
3633,-0.39539135520833213
3634,-2.3048851260227283
3635,-0.5926384189166685
3636,-2.019754627921428
3637,-2.949903627216836
3638,-2.382647370687501
3639,-0.4316565775000001
3640,-2.180617778333335
3641,-0.5136466041666665
3642,-0.699670193
3643,-0.622424615405093
3644,-1.6889245210156245
3645,-2.99788726
3646,-0.07022839125000502
3647,-0.7271068850208344
3648,-0.3921716604166665
3649,-0.14326404916666982
3650,-0.8397397358333336
3651,-0.33424265649305485
3652,-2.4040186256013953
3653,-2.2665328908333335
3654,-2.0457933173663796
3655,-3.4795655039743587
3656,-3.2986736116203708
3657,-0.6655914338541654
3658,-2.079547901882716
3659,-2.111422738499999
3660,-0.20913664814655183
3661,-2.0308923982705025
3662,-2.395920842142857
3663,-2.8726655382657214
3664,-2.2780781787500004
3665,-0.240991323749995
3666,-1.220164251594828
3667,-2.5352156245
3668,-3.2125511478750006
3669,-3.5468716999999996
3670,-3.1457936325800007
3671,-0.30442587416666694
3672,-2.298027052666666
3673,-0.4407220549999975
3674,-1.7253967706249993
3675,-3.557609714107142
3676,-2.212486449166667
3677,-1.537480792083333
3678,-1.7076779870000014
3679,-3.8856199525000004
3680,-1.8058272893333331
3681,-3.2366197095588225
3682,-0.9626634954166704
3683,-0.9532224896691204
3684,-2.4791718994419645
3685,-1.0650814683333323
3686,-0.4549649497222248
3687,-3.3539148659999993
3688,-0.36438044171428413
3689,-3.44902702831111
3690,-2.2894900235153934
3691,-0.8622462099999998
3692,-3.1673029602380955
3693,-0.8277594062500011
3694,-2.058387272162699
3695,-2.2800949125757572
3696,-2.1748400228869045
3697,-1.0366436700000008
3698,-2.3200299962499997
3699,-1.7465027851515165
3700,-2.985043061999999
3701,-0.6005806966666682
3702,-2.6443456163194443
3703,-0.2791086583333353
3704,-3.299420875625
3705,-2.0777919164999985
3706,-1.1724706051893947
3707,-0.9757700474310385
3708,-1.3185838792758637
3709,-0.4430814711706341
3710,-3.6642856788636355
3711,-2.019794996824784
3712,-0.36756647666666353
3713,-2.2922084589215683
3714,-0.6851804473437495
3715,0.3697015815624951
3716,-0.4295137490000016
3717,-1.1927918180513661
3718,-0.6499108003571428
3719,-1.0249226968749998
3720,-0.9233692517647081
3721,-2.915848840132184
3722,-2.2855895677125844
3723,-0.4030098405714274
3724,-0.44283756565476
3725,-2.991625041573072
3726,-0.3176246139655188
3727,-1.991200773193277
3728,-3.2505266166666673
3729,-0.5983315423863641
3730,-2.3405783572222223
3731,-1.7463004494088676
3732,-0.7018207807967006
3733,-3.273532843115943
3734,-0.14133801305146676
3735,-2.899156918924092
3736,-1.1025149206944447
3737,-1.1324659795238088
3738,-2.6186464402777783
3739,-0.472738088055556
3740,-2.9403324740122128
3741,-0.3203722824999993
3742,-0.6220695137500002
3743,-2.1824592680689654
3744,-2.931290467310606
3745,-2.0611750685714543
3746,-1.2452153224553566
3747,0.04514922208333516
3748,-2.8013298985714292
3749,-1.3807889647500011
3750,-0.28114091666666735
3751,-2.234019956964286
3752,-0.3384483286494273
3753,-1.3680856214062516
3754,-1.034877172190474
3755,-0.5030968420000022
3756,0.3016377324999979
3757,-1.6109349251221268
3758,-0.4840453330555583
3759,-0.28703404292145684
3760,-3.3199070664152304
3761,-2.8564224134722225
3762,-1.8040592547509589
3763,-1.5847414563921813
3764,-2.7088778324281613
3765,-2.4955876758242095
3766,-1.338264491971408
3767,-3.6698924778571427
3768,-3.0775452282500018
3769,-2.3653422278541654
3770,-1.3447439000000005
3771,-1.3498479333333329
3772,-1.0181253567882536
3773,-2.874417007485633
3774,-2.278637804285712
3775,-3.251229771277778
3776,-0.33774679849999956
3777,-0.7447498127777779
3778,-2.1627751201190475
3779,-2.6709813605555563
3780,1.2053574490364585
3781,-2.2454169341666663
3782,-2.364493805911329
3783,-0.28297289708333384
3784,-0.4723716520000011
3785,-0.3950802405952379
3786,-2.7849631219999997
3787,-2.9920473091666677
3788,-3.434776796733334
3789,-2.7600083375925926
3790,-0.4044633787500018
3791,-1.871130287777778
3792,-0.7222628973999974
3793,-1.587102582857145
3794,-0.8271473795000013
3795,-2.25560782254329
3796,-1.0353325800000004
3797,-3.8274684203125027
3798,-0.1753756374999993
3799,-3.150557372142856
3800,-1.7695571775369459
3801,0.6185962629999995
3802,-0.8295555888888878
3803,-2.01957203388889
3804,-0.24456870889285653
3805,-3.7374677570459767
3806,-2.981936420104165
3807,-0.848008271499998
3808,-1.9875210519047621
3809,1.5577053737499993
3810,-2.6267104820881224
3811,-3.387768535757574
3812,-2.1231018379166535
3813,-1.7022769531874986
3814,-1.1369394277777773
3815,-1.8314713683333335
3816,-2.686276199655174
3817,-1.2767332991091909
3818,-2.2635906644642865
3819,-0.914510267023809
3820,-1.8414490133333363
3821,-1.2495016444310338
3822,-2.4314994228021978
3823,-2.6545216919027093
3824,-2.3866107912500003
3825,-3.4175498320238082
3826,-0.47882607000000615
3827,-2.4348992100000006
3828,-4.128825371785715
3829,-3.2978488445296623
3830,0.12222914000000173
3831,-3.2501944375419995
3832,-0.7845301964540236
3833,-3.1672358949999997
3834,-2.543262786149425
3835,-2.425274753850575
3836,-2.684247803067226
3837,-0.892086762179802
3838,-0.28375722446120744
3839,-2.20941216272727
3840,-3.743253054425287
3841,-0.3890932612499993
3842,-1.5650319644444437
3843,-0.45499951749999923
3844,0.05671033062500008
3845,-2.8737607343549376
3846,-1.7252567421250002
3847,-1.8019252726041703
3848,-2.91038274736045
3849,-1.5747868612684732
3850,-0.246626640510911
3851,-2.4964386932886335
3852,-0.418410443793102
3853,-1.1032046777083266
3854,-3.1538832175682465
3855,-1.6318421784687474
3856,-0.6760085160000002
3857,-1.559196623392857
3858,-0.44210865987500014
3859,-1.4127169870108949
3860,-1.8906384553750006
3861,-1.4644034231896557
3862,-2.197887281166678
3863,-3.1593629353448254
3864,-2.4498154174090043
3865,-0.2765935691666641
3866,-1.6100123270833333
3867,-0.20743211062499878
3868,0.12886528574074063
3869,-1.358631708204366
3870,-2.6994445721886438
3871,-2.950143315761494
3872,-1.8377964613194446
3873,-0.5287840899675328
3874,-2.228985056126598
3875,-3.0594066351253915
3876,-3.017143212625478
3877,-2.4580226007291666
3878,-0.04753609874999931
3879,-2.98257549
3880,-0.05821597088888729
3881,-1.5489104461666685
3882,-0.5231664051041681
3883,-0.3641176626436741
3884,-2.0487714966666677
3885,-0.3234174294444448
3886,-2.738492540583333
3887,-1.1670794139610388
3888,-0.7251379499999988
3889,-0.6019163933333355
3890,-1.7706846912500023
3891,-1.8348697915625038
3892,-2.386812724190614
3893,-2.1872077207500014
3894,-0.8249456638888853
3895,-0.1379537149999995
3896,-0.5124101610416676
3897,-2.0241659049070853
3898,-0.5176182102499979
3899,-3.270059158333334
3900,-2.497921002962963
3901,-0.8706521481730767
3902,-1.5860835865833334
3903,-2.4914545516666653
3904,-0.6351220208333359
3905,-0.0232689924999967
3906,-3.2368272664999993
3907,-1.1523977459259263
3908,-2.9892131300000044
3909,-3.181973046250002
3910,-1.0178687107500024
3911,-1.260414578706897
3912,-1.4356312413821142
3913,-0.28342065083333284
3914,-0.42906371520833275
3915,-2.5383665763571424
3916,-0.7679717808333303
3917,0.1453266668750004
3918,-0.8425832760000105
3919,-2.04409697204762
3920,-0.23067421624999795
3921,-2.135016239551723
3922,-0.784619903333334
3923,-2.401851138401962
3924,-0.3605588449999999
3925,-0.3363640391679065
3926,-2.5919077086904765
3927,-2.692752169062496
3928,-0.8172705354999976
3929,-0.2555997633333327
3930,-1.0416166722222215
3931,-0.8764586381250012
3932,-2.828291664199734
3933,-0.1622020637499979
3934,-2.064404396190477
3935,-0.4637381588333341
3936,-0.8193634001923081
3937,-2.3233624107142847
3938,-3.160746806666667
3939,-2.0727480000000003
3940,-1.470959260843749
3941,-2.8005706024999983
3942,-3.8065805550000027
3943,-0.648340226999997
3944,-0.32945275166666654
3945,-2.0661287643303563
3946,-1.367121767057472
3947,-0.38045513140625076
3948,-1.5192040140804601
3949,-0.2644589809285705
3950,-0.27775866166666735
3951,-1.3360615115909076
3952,-2.2963104535507237
3953,-0.81094781
3954,-2.1213067633333327
3955,-1.885443015531609
3956,-1.4171274743452382
3957,-2.8674357754813666
3958,-0.4261179089999999
3959,-2.7803704155000006
3960,-0.4056082404166643
3961,-2.9952347806666677
3962,-0.35454964645833265
3963,-0.3440702700000003
3964,-1.8453096495238082
3965,-1.3123716294999987
3966,-0.3252517524999992
3967,-1.4289389729166668
3968,-0.6449993888461543
3969,-0.3060015175000004
3970,0.4318389787500001
3971,-1.9003055799999982
3972,-0.2201415066666641
3973,-0.2958978857142855
3974,-2.5685502393965507
3975,-1.2745101029166672
3976,-1.9373225688620697
3977,-0.30748914138888966
3978,-0.6508338190000018
3979,-1.5330883300000018
3980,-1.979201203965518
3981,-0.3025366387499986
3982,-2.7088829570833317
3983,-0.5080494668749997
3984,-3.2867516867777766
3985,-2.8476985753125
3986,-3.4640023881666657
3987,-2.0723980584999993
3988,-1.2763960803703713
3989,-0.6073711853174615
3990,-1.9721775643823534
3991,-0.11248128250000064
3992,-1.3198989790215534
3993,-0.24728016250000096
3994,0.1896411599999972
3995,-0.5508561190833335
3996,-3.6773051647674433
3997,-0.6854489058333336
3998,-2.134448158564286
3999,0.49715697874999876
4000,-2.8412140934999996
4001,-1.6417272150000037
4002,-2.245103732283549
4003,-2.4499920443333325
4004,-2.865998735238095
4005,-1.7518238102849617
4006,-0.02748262437499882
4007,-1.5722842043750012
4008,-1.7278009303201987
4009,-1.6289508352777784
4010,-2.070559804642857
4011,-2.206529123
4012,-2.867154420714285
4013,-1.2357343149310345
4014,-3.2584553259259255
4015,-2.6674668125000007
4016,-0.005493935714280188
4017,-2.8669802899999994
4018,-2.559930456004135
4019,-2.0310564996955813
4020,-2.2843919159999992
4021,-3.2403028306444486
4022,-1.9601458102777787
4023,-3.213125702857142
4024,-1.623353574185268
4025,-0.48689984321428675
4026,-0.7647801683024085
4027,-2.3030781350842244
4028,-2.7176715776666667
4029,-0.3365929447348483
4030,-0.6390505755416669
4031,-1.336918337941175
4032,-1.8910132726136366
4033,-0.5792650962499977
4034,-0.4672511236666665
4035,-0.11096845000000026
4036,-2.5128376709961686
4037,-1.9521808971875
4038,-1.7553122903571452
4039,-0.3295779777083334
4040,-2.52819351772727
4041,-0.8999801922222245
4042,-1.9701728240909084
4043,-0.6649650386111094
4044,-0.4978294429166663
4045,-1.6449113219477371
4046,0.2695101681250023
4047,-0.12497000374999612
4048,-3.353443061984128
4049,-1.9162784365624965
4050,-0.25489657625187395
4051,-2.9651516888888887
4052,-1.0371304664285705
4053,-2.782089015555556
4054,-1.8551958347058821
4055,-1.1489631178385427
4056,-2.5594590643581783
4057,-1.832058724833333
4058,-0.902513281790124
4059,-0.5551524545000006
4060,-1.6008164161363636
4061,-0.4649533904166674
4062,-1.2544974155555542
4063,-1.7440038945689658
4064,-0.47606539805555553
4065,-0.8750821998809535
4066,-2.832048803681034
4067,-3.106195263958333
4068,-0.2664577769540202
4069,-1.3204149919083334
4070,-2.4101434670312507
4071,-3.8445393063333353
4072,-2.508809583
4073,-2.9066416128125
4074,-1.8214406228189652
4075,-0.8280755112499989
4076,-1.6094510353160913
4077,-2.2355064967592586
4078,-0.43747289666666705
4079,-0.4537478500000063
4080,-2.053062063582433
4081,-2.4325824583045987
4082,-0.658109770208327
4083,-2.0642659346428576
4084,-2.8119615569999996
4085,-2.3735601196218483
4086,-0.2658724674999995
4087,-2.003946511180555
4088,-1.2514753066666675
4089,-1.153630304764365
4090,-1.6970890025925935
4091,-1.248388385277777
4092,-3.4642884175
4093,0.1322354827586203
4094,-0.9019008129999975
4095,-0.29764898893749886
4096,-2.509705237272703
4097,-2.428187950333333
4098,-1.9468657982440487
4099,-3.8370713693181813
4100,-2.466005657125
4101,-0.19613700166666703
4102,-1.3847985629166655
4103,-2.32344434375
4104,-0.24691155437500237
4105,-0.3598968274999983
4106,-1.485694948214286
4107,-1.7692832596726196
4108,-1.4988192854999993
4109,-2.0224499648214294
4110,-1.062745886666667
4111,-1.2387397263333333
4112,-0.39763798318181837
4113,-0.27794520487500024
4114,-1.689043346129033
4115,-0.07175955833333347
4116,-0.21802279249999756
4117,-0.6342360204166653
4118,-1.0723265040555552
4119,0.9711865358333327
4120,-0.19620525535714353
4121,-2.7047992993849204
4122,-0.0690232870833339
4123,-1.1666932127777823
4124,0.1149379187499946
4125,-1.9690255138636352
4126,-1.045989369166671
4127,-0.5371447850000024
4128,-2.786374037827107
4129,-1.0945619381603444
4130,-0.6682833075000053
4131,-3.112735602793105
4132,-1.9855971411042692
4133,-2.4980947432348497
4134,-0.3798733658333333
4135,-0.9057349983333352
4136,-2.7675370448478827
4137,-0.012492179444444437
4138,-1.397630332183909
4139,-1.4214683706034488
4140,-1.1202849734374993
4141,-2.4238108029761896
4142,-2.7439759438235285
4143,-2.3947443609999994
4144,-1.1419720379166671
4145,-1.041482054027777
4146,-1.1135275380000054
4147,-0.6368644741666666
4148,-3.463870031283333
4149,-0.2714202279166664
4150,-3.3454698327272725
4151,-2.1148636618821843
4152,-2.2759119127083336
4153,-0.4794700900000019
4154,-0.5212178747186132
4155,-0.6704483924999973
4156,-0.48016214499999893
4157,-0.47301459244047567
4158,-0.4307054824999996
4159,-1.96540869952381
4160,-4.092935191923076
4161,-3.1293557468750004
4162,-0.5331592515332583
4163,-3.3716278473333348
4164,-1.7927919242857098
4165,-0.4061828668749996
4166,-2.702845068452382
4167,-0.36153024520833377
4168,-0.07320986611111063
4169,-1.2785148299361424
4170,-0.41463393666666803
4171,-1.5052789492407401
4172,-1.6581430134415593
4173,-1.472616113137254
4174,-0.5616684475000002
4175,-3.1168321539543644
4176,-1.4366698377797618
4177,-3.1109428619230766
4178,-0.5525112789062518
4179,-0.9987791927150532
4180,-0.9591961605555533
4181,-3.4094140421212127
4182,-0.9654253609920621
4183,-2.6529766143827165
4184,-0.8547465072222215
4185,-1.393412923097701
4186,-2.1283165628571417
4187,0.05589427675000138
4188,-1.6121761485000001
4189,-0.5186999783333341
4190,-0.7950038537037061
4191,-3.0303690320833327
4192,-3.654475072000001
4193,-2.542729353291697
4194,0.10286146062500023
4195,-0.7103129894444441
4196,-0.8022593106410232
4197,-2.970921704558823
4198,-2.4337909545208314
4199,-3.4893750348189667
4200,-0.38504973218750127
4201,-3.353239764478449
4202,-0.6129045441666676
4203,-3.1028706809375013
4204,-0.8022187861111097
4205,-0.46309364225000044
4206,0.9782274927499994
4207,0.002706001000001379
4208,-0.5556171785714257
4209,0.23951953250000102
4210,-3.1807229608620693
4211,-2.9809590779761885
4212,-0.6520793930555553
4213,-2.899542786695403
4214,-2.382076348087753
4215,-2.5927989159090887
4216,-2.2613073489682542
4217,-0.37395098250000336
4218,-0.4619976090624993
4219,-1.9344897016071425
4220,-0.663302307500004
4221,-1.2007867865000008
4222,-3.424676279195578
4223,-0.44409909041666573
4224,-3.5394477636666672
4225,-2.1656874537207025
4226,-0.49779012784482557
4227,-1.6579378302729886
4228,-1.248875063787878
4229,-2.094307773179013
4230,-1.7784121744444452
4231,-3.818009987976193
4232,-1.5476998249791674
4233,-2.605195045079365
4234,-2.450671254783549
4235,-0.1295599039999999
4236,-2.514094751322701
4237,-2.3778703065
4238,-0.7982889609999972
4239,-0.5777905816666659
4240,-2.605525790537768
4241,-2.9249645055833327
4242,-0.5436441933333356
4243,-0.2928468566666673
4244,-2.2972074435185186
4245,-3.988032033833334
4246,-2.2252786062053573
4247,-0.4438037513541673
4248,-0.38886983374999673
4249,-3.133953209398497
4250,-3.9827987593333334
4251,-0.7888306588888957
4252,-0.6075186095089283
4253,-0.4517072187179477
4254,-0.07412543827651714
4255,-0.09826849821428141
4256,-0.9592664469999995
4257,-1.4826663604166654
4258,-1.0670417956250002
4259,-2.2477488536249997
4260,0.03182462187499979
4261,-3.966440516875002
4262,-1.2329935612500003
4263,-1.5070381475
4264,-0.16207277104166673
4265,-0.212278126666666
4266,-0.16524831906250004
4267,-1.9387276822916668
4268,-0.3348208535000026
4269,-3.194587714333333
4270,-3.28051356840909
4271,-0.8462108800000081
4272,-0.28725027474616893
4273,-2.5925431786666673
4274,-1.7938816400000028
4275,-1.3698556112407405
4276,-0.394775053750001
4277,-1.904524799935064
4278,-2.2564454992361114
4279,-0.5627135116666722
4280,-2.6720464501666656
4281,-1.6852106243501328
4282,-1.1580845914615385
4283,-0.39338853890625103
4284,-0.7639145642857146
4285,0.5148594237499999
4286,-1.920012393497025
4287,-0.13521286428571447
4288,-1.6245778019444448
4289,-0.6537106988888881
4290,-2.627190911888026
4291,-0.4166226589229467
4292,-2.3573653916666673
4293,0.036298491250000176
4294,-2.841275167170846
4295,-2.770795553750001
4296,-0.8248441598571418
4297,-0.04891924833333304
4298,-1.5204240299999996
4299,-0.7305562711111091
4300,-2.759043833520833
4301,-1.859093753571429
4302,-1.514544332834822
4303,-3.2513156152083327
4304,0.0151680274074082
4305,-2.2491428980747123
4306,-1.4425368827339908
4307,-3.8128632904545445
4308,-1.6252489201649178
4309,-2.3284760330208334
4310,-0.10331645779411795
4311,-0.9703058813888875
4312,-2.4138911594355497
4313,-1.5300916307514878
4314,-0.9553925026041661
4315,-2.3721013181130948
4316,-2.789331305517241
4317,-2.603497492798375
4318,-0.4376942069444425
4319,-0.9210956183333323
4320,-3.0405401474132665
4321,-2.8730843203333314
4322,-2.631724604972222
4323,-0.9068322404597696
4324,-3.1545255121428575
4325,-2.432804767892857
4326,-2.601431290999998
4327,-1.3948802145974024
4328,-3.4531768689166666
4329,-1.5745818139499999
4330,-0.7616403719999993
4331,-1.7938909266666674
4332,-0.06402199741071612
4333,-0.6963999724999983
4334,-1.3604785824137902
4335,-0.43699036550000014
4336,-1.817383681547619
4337,-0.2741834898229676
4338,-0.6633992197058819
4339,-0.5352274958333316
4340,-2.0559350505555547
4341,-0.37696516166668204
4342,-2.305963577575758
4343,-0.23479523822221773
4344,-2.0911952015517237
4345,-2.6820766515
4346,-2.954560287500001
4347,-2.920340307771848
4348,-0.6727081101562504
4349,-3.1269361682614933
4350,-0.37704939874999965
4351,-0.5318465066666676
4352,-1.7508430925000005
4353,-0.6606084395833314
4354,-0.5651152660000008
4355,-0.5582189327272729
4356,-1.8662260816666674
4357,-2.9019306004062493
4358,-0.3512189455555554
4359,-2.280208284913794
4360,-0.6748571133333341
4361,-0.6408361253148142
4362,-0.13608739749999987
4363,-0.6577550981249983
4364,-0.5803184449999984
4365,-2.6321991240909095
4366,-3.426525166208333
4367,-0.13876810627586167
4368,-2.882894919444446
4369,-2.3296893383333344
4370,-0.28605080999999544
4371,-1.877606699589947
4372,-3.4720356045833327
4373,-1.8024409480362085
4374,-1.9414351915325672
4375,-3.2435774379629643
4376,-1.1266276565460531
4377,-1.5284702542105246
4378,-3.5583565615000006
4379,-1.9604102097857143
4380,-0.6836931550000012
4381,-0.2198079269565211
4382,-0.7168388816666635
4383,-0.28371244902777765
4384,-2.3881671898809542
4385,-3.427818641
4386,-2.5709735210344813
4387,-3.849523806923076
4388,-0.6278194554999998
4389,-3.8255799138484834
4390,-3.617742581666668
4391,-2.427450099297083
4392,-0.1722291462500003
4393,-3.259422532647059
4394,-3.5691101193137253
4395,-3.3171072604000007
4396,0.7441179919444446
4397,-0.2656677702712947
4398,-1.1738147728448274
4399,-0.8606044241666666
4400,-0.5358912593750027
4401,-2.752244161931034
4402,-2.592644660057471
4403,-1.7373279332327591
4404,-2.4411891874099614
4405,-2.0396502283333326
4406,-1.3510201468518528
4407,-2.8839720616666664
4408,-3.379169608472223
4409,-1.6423578372368433
4410,-0.5499298378571496
4411,-0.6585908918402796
4412,-0.6453442023611129
4413,-2.2754941703192153
4414,-1.2860594898981483
4415,-1.9144298250000005
4416,-2.377408641309524
4417,0.028938069999999705
4418,-1.7752960369230768
4419,-0.6890194359374995
4420,-0.6687333711666668
4421,-2.958859195833334
4422,-1.7254518739285711
4423,-1.0571581597222206
4424,-3.7812064011212105
4425,-0.13960109833333453
4426,-0.7564620653571416
4427,-2.275262395151515
4428,-0.5643354877631565
4429,-0.016988674166668716
4430,-3.8398053113541675
4431,-1.0450837983333336
4432,-2.028255984999999
4433,-0.7376901869999998
4434,-2.326714632983516
4435,-2.510166298809525
4436,-2.4057846207692313
4437,-3.4762016504166677
4438,-0.5532015666666652
4439,-3.259668037500001
4440,-0.8943321171428558
4441,-1.5498521650000008
4442,-1.6857664798214285
4443,-2.0944111441666657
4444,-2.5508931962121197
4445,-1.8510400983333335
4446,-0.39731088520833185
4447,-3.4249879949777786
4448,-0.06417755055554863
4449,-2.1207065234036335
4450,-2.3024945475833323
4451,-0.1925924257142871
4452,-0.9299678574999994
4453,-0.8359773114999995
4454,-2.678928534000001
4455,-0.93145134681818
4456,-2.8937759842857136
4457,-2.6356774910256413
4458,-0.120511559035092
4459,-0.6298784223076924
4460,-0.4925391674999986
4461,-1.5759993306249995
4462,-1.5582758803333323
4463,-1.0098129172222226
4464,-0.5035798341596627
4465,-2.080539872694806
4466,-2.0097077025
4467,-0.13851051812499904
4468,-0.5997514267546586
4469,-0.5372550300000007
4470,-2.294414949187192
4471,-0.3473606516666665
4472,-0.28890025374999695
4473,-2.439370832284483
4474,-2.711788936428572
4475,-2.5226564421794864
4476,-1.1557943424458947
4477,-2.2995738883610426
4478,-0.5828450561328129
4479,-2.4807506708237543
4480,-0.11759277769230672
4481,-0.30499059000000034
4482,-1.5802607072758668
4483,-2.9573345916666667
4484,-0.5742408469791669
4485,-0.7109280435555566
4486,-0.25420363916666766
4487,-2.356162594166666
4488,-1.0143793395027463
4489,-0.5373942466666671
4490,-1.6055217194047624
4491,-1.5440190234305582
4492,-0.08880178416666477
4493,-2.9634879728189656
4494,-2.697408374598214
4495,-2.0151054005555555
4496,-1.4268663452083317
4497,-1.638864442125
4498,-3.2057067893424716
4499,-2.4380017984051725
4500,-0.4521555745000015
4501,-3.968927069166663
4502,-0.8693988911607162
4503,0.015213726250000725
4504,-1.2710895288888888
4505,-2.342733042083334
4506,-0.7489619924999991
4507,-3.2045387544166664
4508,-3.6969840839285717
4509,-2.8214370435714256
4510,-0.44506448666666953
4511,-3.128607387665805
4512,-1.2768754327083336
4513,-0.5132638287962968
4514,-2.3657960566017304
4515,-3.1625646137500008
4516,-3.2874515795000008
4517,-3.966479024625
4518,-1.36306374919643
4519,-0.8162519216666672
4520,-1.8465051594172928
4521,-2.7429841320882935
4522,-1.4156696876861474
4523,-2.3030304949056624
4524,-3.529553975
4525,-3.3629366456666654
4526,-1.0636477927500005
4527,-2.6462493043462643
4528,-2.4781941315714286
4529,-0.40182648444444463
4530,-0.7504407872632577
4531,-0.78785236340625
4532,-4.146020411904762
4533,-2.142419674335937
4534,-0.9886688875000047
4535,-0.8051231720408164
4536,-1.5472030504629624
4537,-2.497077373666666
4538,-1.0209956855187083
4539,-2.335621775693988
4540,-0.4031571770833331
4541,-0.22494676023809687
4542,-2.6254829241666684
4543,-0.8152043420000012
4544,-2.738560688583334
4545,-2.5097972271527773
4546,-1.8887006492346958
4547,-2.494762093081633
4548,-0.3083796909434848
4549,-0.599896006249999
4550,-2.913150250854909
4551,-2.827292055333334
4552,-1.6445265865184295
4553,-1.1885608980405409
4554,-0.5617403383333345
4555,-0.8060035630357122
4556,-2.5599928258886044
4557,-0.40882017379629804
4558,-0.8716138166666698
4559,-0.8726955048677522
4560,-1.6817931085517237
4561,-1.1785230285555561
4562,-0.2220363176259945
4563,-1.8185166921562494
4564,-1.7760839609655175
4565,-0.9205362554894189
4566,-0.9322293377142856
4567,-0.36737927124999814
4568,-0.40739133517857135
4569,-1.6429778648039213
4570,-2.196142779335938
4571,-1.3135101953333332
4572,-2.100362096111111
4573,-0.6660048524848484
4574,-3.3678508392000004
4575,-1.086225823923611
4576,-1.4334638261538468
4577,-0.3416295020833333
4578,-0.5865435013636344
4579,-0.030792373333336325
4580,-2.2283029480952385
4581,-0.3221847624999974
4582,-3.248780622083333
4583,-2.073954743194445
4584,-2.8760714015625
4585,-3.0313404544444458
4586,-2.989740895123564
4587,-0.7838149180000016
4588,-0.06319438083333129
4589,-2.347840150227744
4590,-0.23582434666666666
4591,-1.6794613472916637
4592,-2.1641060397435896
4593,-3.2892096332586203
4594,-2.645506138750002
4595,-1.3684150858333364
4596,-2.848373201113443
4597,-0.36718781333333556
4598,-1.7317541751354164
4599,0.23714135624999955
4600,-2.4540422400000015
4601,-0.9263301324999986
4602,-0.9108616893749986
4603,-1.3337502900000022
4604,-0.5965152399999996
4605,-2.4787722882692305
4606,-0.32586152291666615
4607,-1.9071713858333328
4608,-0.01771865499999829
4609,-0.38410837600000036
4610,-0.8471208155555546
4611,0.7759303825000003
4612,-1.7304895108771932
4613,-0.29817492499999787
4614,-2.0090362322796937
4615,-1.6730203332261264
4616,-0.7369731900000005
4617,-0.9590333469097215
4618,-0.7900744283333324
4619,-0.591896226
4620,-0.12155869500000094
4621,-0.45282265916666614
4622,-0.4006685562500003
4623,-2.562335476558175
4624,-0.9620553897395835
4625,-0.5488040782327586
4626,-1.8856922847500002
4627,-0.3472510479999983
4628,-0.39453985964285365
4629,-3.4316825319354844
4630,-0.2859711689999983
4631,-1.815585361929393
4632,-2.1538604217991066
4633,-1.363462576851852
4634,-0.439968133750007
4635,-3.6027808691666663
4636,-3.371850255925927
4637,-0.5921585825000003
4638,-1.5194881712833337
4639,-1.3625953327777776
4640,-0.23806202000000098
4641,-0.6880260594827581
4642,-0.12508960374999845
4643,-0.43681795811111407
4644,-0.18631707499999947
4645,-1.8113065227777774
4646,-2.960937885666669
4647,-2.7413953683333343
4648,-3.140609015662908
4649,-2.349647873920361
4650,-0.20079970933333513
4651,-2.563249235
4652,0.9112256662500009
4653,-1.2196653799285713
4654,-0.23129547400000472
4655,-0.529181723857759
4656,-1.2278275354365107
4657,-0.6793637937500012
4658,-1.7897026928571438
4659,-0.3269665875000003
4660,-0.6069589526086964
4661,-0.025948323760262935
4662,-2.7247529650000004
4663,-4.215373725555555
4664,-1.3566252176874998
4665,-2.8160802716071416
4666,-2.4882346561967417
4667,-1.4697001097557472
4668,-1.941634085736606
4669,-2.1628737264552558
4670,-0.8667852744999994
4671,-3.6930033878888877
4672,-0.3422987462500018
4673,-0.6776734888888889
4674,-3.2437593473958337
4675,-1.587302590000001
4676,-1.5692268884313725
4677,-2.055902871
4678,-0.24409026249999854
4679,-0.47871971666666646
4680,-3.5086665855000008
4681,-0.714624360000002
4682,-0.7747746941535703
4683,-2.9925911174999995
4684,-1.7028430559340655
4685,-1.4993420694444453
4686,-0.5628913708333343
4687,-2.5540584808189655
4688,-3.1035668814999995
4689,-0.5104412006249994
4690,-0.33502465250000046
4691,-0.9421317397058824
4692,-0.01016705500000008
4693,0.0
4694,-0.45932984833333396
4695,-1.9318443141666657
4696,-2.2100723624748886
4697,-1.9979176276923076
4698,-0.6324393144971268
4699,-0.36629966333333286
4700,-0.4530451027777727
4701,-3.263423301666668
4702,-3.110372110454546
4703,-2.0003329861206898
4704,-1.0175687695436497
4705,-0.3972812799999967
4706,-2.649284270595813
4707,-2.2035383383333556
4708,-1.814907556910345
4709,-0.09016126666666698
4710,-2.259000095750001
4711,-1.2677817157777775
4712,-0.44420027727272265
4713,-2.687640255031746
4714,-0.9595751510000013
4715,-1.078520665621693
4716,-0.6767324345598211
4717,-0.46621278689393947
4718,-0.6526114370833346
4719,-2.1777825109999993
4720,-2.8775654310041943
4721,-1.4868695422222196
4722,-0.9621440485227278
4723,-0.11453607687500167
4724,-0.8880950878333322
4725,-2.5790097475840335
4726,-0.6422015465000002
4727,-2.131377053363095
4728,-3.088678538695652
4729,-1.519275636666668
4730,-2.353447345340136
4731,-3.0310874166584822
4732,-0.8231572387499959
4733,-3.3723316838293655
4734,-6.678624999967298e-05
4735,0.02759834124999827
4736,-0.210122951568966
4737,-2.046113204322916
4738,-0.4998818170833337
4739,-1.9113315413888903
4740,-1.0745180931333331
4741,-2.7445010249305555
4742,-2.8876109585862073
4743,-3.9183972641666673
4744,-2.5807169366666702
4745,-2.1287071205882353
4746,-1.3167067231250023
4747,-0.9482559633333336
4748,-0.138904952499999
4749,0.8074653325000005
4750,-3.344343857413783
4751,-0.7872124312499977
4752,-1.8754095303726717
4753,-2.3833649672222226
4754,-0.5889873174999991
4755,-0.3042345312500032
4756,-0.668548079499999
4757,-0.27958456777777885
4758,-1.7299703656249985
4759,-0.09063705249999998
4760,-1.5428482959975385
4761,-0.5322799706547607
4762,0.44871908333333366
4763,-0.02227314684210575
4764,-2.4930587012500016
4765,0.4611265012500012
4766,-3.0813393857407414
4767,-1.2574211813409093
4768,-1.8707510703906252
4769,-2.7474836829166662
4770,-0.3647204104166679
4771,-2.638953635833334
4772,-0.1364068407812482
4773,-3.001009271999999
4774,-0.3650779623333378
4775,-0.9831583137499997
4776,-3.027483251919541
4777,-2.908767748730635
4778,-1.4270854213392872
4779,-1.6159224561111114
4780,0.35880356124999935
4781,-1.9540476407971006
4782,-1.739861825000002
4783,-0.23237526888888974
4784,-3.293435558798913
4785,-1.5689442361874981
4786,-1.5280570447580633
4787,-0.3892985997499977
4788,-0.5629544717187498
4789,-1.1799115600000032
4790,-0.732814428988096
4791,-2.0848889656910528
4792,-1.8260157628808937
4793,-1.797488716568966
4794,-1.9572295249107137
4795,-0.6405005124999992
4796,-3.71828213
4797,-0.39624812333333165
4798,-2.220151382
4799,-0.9733716048043827
4800,-2.3479514325680273
4801,-0.8632282035185163
4802,-1.8280032469841272
4803,-2.4151426779166663
4804,-3.2951850413984656
4805,-1.4720154843181819
4806,-1.5280859805
4807,-2.3242749942857146
4808,-0.5736508945312497
4809,-2.226688614500003
4810,-4.100849135500001
4811,-0.879719693349999
4812,0.08076914250000015
4813,-2.7482325118031605
4814,-0.2959449239999984
4815,-2.1325795016666684
4816,-0.09360177833333694
4817,-2.0455707081249934
4818,-1.622687504022988
4819,0.8139082989583457
4820,-0.5857218106250004
4821,0.17344036671875074
4822,-1.2692445342708336
4823,-1.9753538538198512
4824,-0.6000528383333332
4825,-1.4699495986309523
4826,-1.5348637935714282
4827,-0.8287769209999987
4828,-1.9932711192499997
4829,-0.7855255674999952
4830,-0.5144840866666675
4831,-1.2969378870000008
4832,-0.23128765722222228
4833,-3.369319869588906
4834,-0.3912804007499974
4835,-0.7284091325000013
4836,-1.7985575675985217
4837,-1.3518534155833337
4838,-1.8422132575985217
4839,-3.440315098690477
4840,-0.11699921750000009
4841,-2.0258683645833333
4842,-2.9751331642857144
4843,-1.191447635194449
4844,-1.5015960211715995
4845,-2.507833255781249
4846,-2.9546040562528737
4847,-1.6327002231249992
4848,-1.9806555430952386
4849,-1.4005556362499973
4850,-2.5565004992500002
4851,-0.6980129299999991
4852,-0.8083393839999999
4853,-2.821639237142857
4854,-1.1305932611111114
4855,-2.1969268411904763
4856,-0.5524095066666668
4857,-3.2138417527083334
4858,-1.2369621332827379
4859,-1.3658911025
4860,-1.611382191249998
4861,-1.721651177333333
4862,-0.5642133258533645
4863,0.0913164519444436
4864,-0.5127830534574497
4865,-0.45240659244444714
4866,0.298661862031258
4867,-0.8997386459999973
4868,-0.5857131505000005
4869,-1.2863784517708332
4870,-0.8761598825000001
4871,-1.0539184540297617
4872,-1.9445848871428544
4873,-1.7808432261538463
4874,-3.0426904688888885
4875,-0.6854256955555569
4876,-2.8777384187994897
4877,-3.3770564064814814
4878,-1.41037420945
4879,-0.4288392216666684
4880,-3.2812291204320982
4881,-1.47068668489375
4882,-0.9410564782222216
4883,-3.011719499292146
4884,-0.8836924775438574
4885,-3.1522000238095234
4886,-2.003574658333334
4887,-2.293267796176471
4888,3.833676469362069
4889,-0.9776288366854377
4890,-0.5400989466666655
4891,-1.2608928416666647
4892,-0.7460628318518508
4893,-0.361751663333337
4894,-1.8135884618939395
4895,-1.4224450552500003
4896,-1.4426395596800001
4897,-2.4806307467016815
4898,-0.44357537148437487
4899,0.020098730879309558
4900,-1.3870746944047558
4901,-0.29883116142857247
4902,-0.5424264947083373
4903,-3.2960812725925925
4904,-2.444949979187739
4905,0.18702794124999933
4906,-0.3146350379166667
4907,-1.009372189166669
4908,-1.6607090524489803
4909,-2.6117285211042685
4910,-2.7854743953875816
4911,-2.4235470506818184
4912,-0.2325341956896562
4913,-1.8772967130117555
4914,-0.44687482812500434
4915,-0.6346038441666657
4916,-0.5353095164285703
4917,-2.2942619129999997
4918,-4.303168757857143
4919,-0.21922312486590081
4920,-3.1386160570138895
4921,-2.3585453724137926
4922,-0.6124818376041669
4923,-0.20918894107142855
4924,-2.3314955685156247
4925,-0.32741243250000096
4926,-0.3366050033333351
4927,-1.1840839107812489
4928,-2.641871363703338
4929,-2.07859499534721
4930,-1.5856766587499997
4931,-1.0130314014583348
4932,-2.3826410000000005
4933,-2.6146367394791667
4934,-1.7733440812499999
4935,-2.3843534872500016
4936,0.22479138562500012
4937,-0.6525053522222208
4938,-0.38110427100000094
4939,-2.3193245994047627
4940,-2.907398064479167
4941,-1.6478634321428558
4942,-1.59501055898718
4943,-0.9933775114999974
4944,-3.444971993293334
4945,0.0
4946,-1.3467963426315783
4947,-2.8739160348988104
4948,-2.4994181341406243
4949,-1.9421997834047617
4950,-0.6774599400000003
4951,-2.234858861361111
4952,-0.38957817511904597
4953,-0.32417049541666676
4954,-2.3069270359687524
4955,-2.1677920900000025
4956,-0.8427346813708312
4957,-2.448505776538461
4958,-2.9791833144230733
4959,-0.523812147249999
4960,-2.233427010999999
4961,-0.7217466805000001
4962,-2.5288985692797623
4963,-0.6790556048888874
4964,-2.5473622838775505
4965,-2.706412687272727
4966,-3.186556689026438
4967,-0.7394271080000003
4968,-2.232215733690477
4969,-2.5817301612121213
4970,-3.490321403666664
4971,-2.633428733343891
4972,-3.0021855668246573
4973,-2.3051352428260863
4974,-3.053719460000001
4975,-3.4085660412222234
4976,-0.4736931678333375
4977,-1.1373370718131857
4978,-2.4106055500000014
4979,-0.6555518003663785
4980,-1.3772283481249952
4981,-1.1075561907375502
4982,-1.9556049729200877
4983,-0.5810539359920638
4984,-3.028526543500001
4985,-0.17480684388888554
4986,-1.6775606656944433
4987,-1.49501083377619
4988,-1.199412282579362
4989,-1.2831440294999994
4990,-3.534881557142857
4991,-1.1454940887500058
4992,-0.2908243141666584
4993,-1.4023399029739576
4994,-1.2540321606925282
4995,-2.9720629400607903
4996,-2.572461434305555
4997,-0.28764453728273337
4998,-3.9632777893333326
4999,-0.39075806875000296
5000,-2.7115708227380955
5001,-2.9429100563916677
5002,-1.2156351716666667
5003,-1.472541665876437
5004,-3.8781090220833168
5005,0.046442370000001176
5006,-0.4717893527083339
5007,-0.8156138987499997
5008,-0.9720623679166636
5009,-0.16126536374999922
5010,-1.7155004078846163
5011,-0.24256467166666607
5012,-2.7808863276666766
5013,-1.9777055431927348
5014,-2.651693542978059
5015,-0.22692338666666245
5016,-3.727048895952381
5017,-0.9168304130000005
5018,-3.780457149166667
5019,-1.8212424412500017
5020,-1.3573854725000036
5021,-2.1671256274048365
5022,-1.80256207176339
5023,-0.31123015624999795
5024,-1.0712479109195414
5025,-3.0576752862407424
5026,-2.245565171388888
5027,-2.6130137626974204
5028,-0.2140041889285718
5029,-0.2554379974999996
5030,-3.159417003185186
5031,-2.35182028357143
5032,-1.858549197941177
5033,-2.156497160769231
5034,-0.37525825500000565
5035,-0.9885028500000033
5036,0.021947803461537994
5037,-2.5352158629960315
5038,-2.400873266590136
5039,-1.357832416666665
5040,0.20813198867856997
5041,-1.473810968333333
5042,-2.292971107272715
5043,1.0989392731249987
5044,-2.0990443659999998
5045,0.21282626125000093
5046,-2.24156733843089
5047,-2.2056812178771548
5048,-1.8286296054999986
5049,-0.7321203665476184
5050,-2.3568010464703075
5051,-0.5729111911111104
5052,-3.513417046785715
5053,-1.8751825816666674
5054,-2.3072221633333334
5055,-0.43578493011904385
5056,-0.7326361916666656
5057,-0.4484231458333303
5058,-1.5765767331696452
5059,-2.025914533690476
5060,-2.244087048088235
5061,-2.4832401584375003
5062,-0.30589595583333457
5063,-0.864512115416666
5064,-2.49662617388889
5065,-1.0243831912500028
5066,-2.1796181883333343
5067,-1.157768648666667
5068,-3.263676677393939
5069,-1.8646108306770834
5070,-2.042238045208331
5071,-2.8201032385000007
5072,-1.768012420000001
5073,-1.1015622153333333
5074,-0.993906082499997
5075,-2.3972573657761904
5076,-2.2052311944073275
5077,-2.973140654270834
5078,-1.2007729041666664
5079,-1.2569234880952374
5080,-0.23687496416666676
5081,-0.681858158
5082,-3.0134353197500006
5083,-2.606330456875
5084,-0.8252074899999993
5085,-2.945749475740741
5086,-2.432313661145833
5087,-1.0381160736302082
5088,-0.027746308571425158
5089,-2.0686849155803566
5090,-1.4257386859195398
5091,-2.8269982194047616
5092,-1.0498388209848522
5093,-0.4440093702777774
5094,-2.7074360922244898
5095,-0.44357706140625197
5096,-1.6019123280208352
5097,-0.20424017583333173
5098,-2.6296852469000003
5099,-1.9788054300680276
5100,-0.6706663098571426
5101,-0.18520410999999815
5102,-0.31079031932471324
5103,-0.27043709500000074
5104,-1.174327239545456
5105,-2.4246793814835153
5106,-1.7498698746875003
5107,-2.559215438333333
5108,-2.504719901333324
5109,-3.653356084944442
5110,-1.8489888287499987
5111,-0.5461075436979167
5112,-1.4281947458333306
5113,-0.2727789437142844
5114,-1.9193035258881925
5115,-2.752985765000001
5116,0.3255353485344834
5117,-0.5797595515000011
5118,-0.59292876833333
5119,-1.0560782526454735
5120,-2.7001274273619047
5121,-3.1086161541071413
5122,-2.764798389722222
5123,-1.7953667342857145
5124,-3.2380276938888897
5125,-0.3319699782758622
5126,-0.8459137749999996
5127,-3.526169748888889
5128,-0.7350355066666646
5129,-0.1140001363095219
5130,-2.4583429935989014
5131,-1.5414856175000005
5132,-2.416973564137931
5133,-2.669351850666668
5134,-3.3855436679166657
5135,-1.1594333056758626
5136,-1.6203834302777764
5137,-3.1207837375522636
5138,-0.9489167891443461
5139,-2.5896548243939397
5140,-0.8454138460416681
5141,-2.6624601971166664
5142,-1.6185311820000003
5143,-2.9654263603124997
5144,-1.0216240161111128
5145,-2.128447954107143
5146,-3.473256686128205
5147,-0.5492847036111113
5148,-2.2090022428201963
5149,0.03887980375000074
5150,-1.1340691619999996
5151,-1.4288036281818173
5152,-0.8869592088571437
5153,-3.657226894848477
5154,-1.6360758408333322
5155,-2.7244716269893687
5156,-2.2906560864136907
5157,-1.3306511873214308
5158,-2.809083267380953
5159,-0.7313678041666662
5160,-0.6106065856249998
5161,-2.5190531306613764
5162,0.06827416718750001
5163,-2.976013061731481
5164,-0.78755513925
5165,-2.508305558187499
5166,-0.5611635127777785
5167,-0.5414035909375001
5168,-0.23126353700000096
5169,0.0
5170,-3.1629429714285715
5171,-3.5286886354761915
5172,-2.3229204646428565
5173,0.6606230593749984
5174,-0.6052610313194451
5175,-1.8681350853275884
5176,-2.457461196842105
5177,-2.803664447380953
5178,-0.8349661191666673
5179,-1.6244855646969727
5180,-2.8709703046547626
5181,-0.4493062249999993
5182,-2.261253049783456
5183,-1.0538638458333338
5184,-1.0485126309687538
5185,-1.3763610286562495
5186,-0.4319554574999991
5187,-1.3314544345474135
5188,-1.3086114308072887
5189,-2.353422261974789
5190,-1.4935774355729174
5191,-1.1042049549999993
5192,-3.022734623993055
5193,-2.0504629396593907
5194,-3.7336461274242425
5195,-0.7135303529543816
5196,-0.5134393967006788
5197,-3.6591365394444413
5198,-3.3748636851086946
5199,-1.2011975869374993
5200,2.0967774656249984
5201,-0.12101825999999605
5202,0.8569873377083255
5203,-2.0013961468703703
5204,-3.190578273205883
5205,0.5267977122222286
5206,-3.4306442915476185
5207,-1.024511623541666
5208,-0.873118734739584
5209,-0.6324551068749988
5210,-1.933180654318555
5211,-2.4743070367499995
5212,-0.6401601443749954
5213,-3.637195456136357
5214,-0.2583363537500034
5215,-3.14732338966133
5216,-3.3774189335185194
5217,-0.8459528145862073
5218,-0.13750002253787486
5219,-3.7309717765151516
5220,-0.21048284208333357
5221,-0.006437292115383942
5222,-0.8022721808333344
5223,-1.6198605417097696
5224,-0.3817182027380938
5225,-0.5168056933333327
5226,-2.5336260710606058
5227,-0.33520284749999973
5228,-0.05053587214285825
5229,-2.7275799751373624
5230,-2.1747304314583333
5231,-2.816329743520408
5232,-0.3091725222916657
5233,-0.8687514466666659
5234,-1.3986720006944477
5235,-0.9137797691666663
5236,-2.6960012115000014
5237,-1.2672929406666669
5238,-0.35477174999999905
5239,-2.0346657446875
5240,-3.6089857975
5241,-0.4061938631818203
5242,-1.5163928533806816
5243,-1.325208809
5244,-0.38896137208333137
5245,-2.9330092021428578
5246,-3.165908233264369
5247,-2.730477315666667
5248,-0.2606054191666658
5249,-1.89428505547619
5250,-0.03934875000000204
5251,-1.6585653610714286
5252,-1.068326577499999
5253,-1.0488444539999995
5254,-1.1502988628571416
5255,-2.998623806071429
5256,0.1775809224999989
5257,-0.3377874412500006
5258,-1.992559744447369
5259,-0.6533872466666679
5260,-2.022314588690476
5261,-3.0236475735
5262,-1.251052689761907
5263,-2.0502174965833335
5264,-0.7429552311302103
5265,-0.5368445712500041
5266,-1.237443363833331
5267,-2.3282116820258665
5268,-0.8297022472222232
5269,-0.40993436708333064
5270,-2.4475830154682217
5271,-0.1039799903571433
5272,-0.8856036224999997
5273,-2.176161533639455
5274,-0.2897631762083333
5275,-0.1586403985416709
5276,-1.114751237523707
5277,-0.9074884874999984
5278,-2.5507561406613752
5279,-1.870093086815416
5280,-2.6285307870488714
5281,-1.0083591781249996
5282,-1.1455063974999993
5283,-0.3655750375000011
5284,-1.550261877678572
5285,-0.6609993740384769
5286,-2.352124214430804
5287,-0.9234033056249977
5288,-3.9663173634166653
5289,-0.4772813874999997
5290,-2.8573776408333336
5291,-0.6182178143495928
5292,-2.9030109491666662
5293,-0.9943796837499974
5294,-0.9500676567633926
5295,-2.5427960919696972
5296,-2.768167373285713
5297,-2.492909137666666
5298,-3.447166220625
5299,-1.516291251830238
5300,-2.8755261850000013
5301,-2.0054189788541663
5302,-0.8348648383333455
5303,-0.7054425974999976
5304,-1.6847351029166662
5305,-3.453840850743589
5306,-1.2996285245517243
5307,-1.7693793977040821
5308,-2.7678794977931025
5309,-0.5471699794252893
5310,-1.515127039325397
5311,-2.9933311871666666
5312,-1.0312111024999968
5313,-0.23832087833333068
5314,-0.4167027966666666
5315,-0.5081330124999992
5316,-2.4495714007575766
5317,-2.9550842705
5318,-1.0853372900000011
5319,0.20576350750000216
5320,-2.394810706456045
5321,-0.21166450624999822
5322,-2.1342664537037033
5323,-2.24515610212766
5324,-1.051589876250003
5325,-1.480011692037037
5326,-2.735161069833334
5327,-3.0987251487941174
5328,-0.454813428541667
5329,-1.9854966088333341
5330,0.1981040516666681
5331,-1.956052571994049
5332,-1.7293471042346933
5333,-1.3567448652272722
5334,-1.4565338046428573
5335,-2.1361458958333324
5336,-2.1885901407500015
5337,-0.353462816249996
5338,-0.8702825391666664
5339,-2.5948528492250005
5340,-1.7545999912500003
5341,-0.30047535416666626
5342,-2.28349878723958
5343,-2.0314180137239592
5344,-2.0959345735606054
5345,-4.227516775882353
5346,-3.2380699813333345
5347,-0.64545575
5348,-1.4676292937621953
5349,-0.5298669968749952
5350,-3.0257951759375015
5351,-0.32565874499999836
5352,-2.857350029535402
5353,-2.4392034731157666
5354,-2.1771621971893187
5355,-0.6618680241666652
5356,-2.2689175599242417
5357,-1.1930892720833346
5358,-2.2619880482142856
5359,-0.7121693008333365
5360,-2.2224496037500003
5361,-2.3800541005555567
5362,-0.3181823495238092
5363,-1.898994502627552
5364,-3.25075140037037
5365,-1.112067171249997
5366,0.0021008912500004584
5367,-0.9283447760000001
5368,-0.9023381424999997
5369,-1.0939429061231885
5370,-1.5435080091259765
5371,-0.5027697113333346
5372,-0.4545510150000034
5373,-3.3458798966974563
5374,-2.5819809734821426
5375,-0.7632606959374995
5376,-3.5393336019444432
5377,-1.3076743327142846
5378,-3.1045189630442174
5379,-2.622575167702382
5380,-2.502603815782313
5381,-1.8808890366666666
5382,-1.069835427159863
5383,-1.4267552333333338
5384,-3.467047286035714
5385,-1.1355758848333324
5386,-3.1088845161666656
5387,-2.204320371726191
5388,-0.19070094749999988
5389,-2.782783946178161
5390,-2.740240361500001
5391,-0.2797488663608395
5392,-3.120236325092593
5393,-2.8787024103065133
5394,-0.6325818116666662
5395,-1.0863214943181878
5396,-2.713977800971265
5397,-0.20909298916666805
5398,-2.5722198585515863
5399,-1.1070341585327383
5400,-0.7940395022222222
5401,-0.9925994168571435
5402,-0.5502402655555537
5403,-0.7985137456944434
5404,-4.145272121666667
5405,-0.10845411461538472
5406,-0.19816286583333328
5407,-2.2746167868630955
5408,0.9203296866666673
5409,-2.367439304166667
5410,-3.087739108809524
5411,-3.029588784047619
5412,-1.228251754759617
5413,-0.5342576716666679
5414,-1.3091329968336929
5415,-0.8034840654166624
5416,-0.9702719519444436
5417,-3.116710351359375
5418,-1.8072203021875008
5419,-1.9625291211264382
5420,-0.7721995450694463
5421,-0.8115381298958324
5422,-2.211208898958333
5423,-0.2690976946551717
5424,0.28728242624999467
5425,-2.464400845000001
5426,-0.4996034000000016
5427,-2.782404940421456
5428,-0.4507195741666705
5429,-1.504287073750005
5430,-0.1825618869827581
5431,-1.9118815871487866
5432,-0.8194979575000003
5433,-1.3642622178205117
5434,0.03763386499999655
5435,-0.5030042899999986
5436,-3.2969268208333347
5437,-0.06672212691176369
5438,-2.627560148763737
5439,-2.947935847536458
5440,-2.789745149011678
5441,-0.6470748200000029
5442,-0.23707040509400024
5443,-0.3687403995833331
5444,-1.4562396174275085
5445,-0.6278293687499996
5446,-3.775944358500001
5447,-1.4179425335087719
5448,-0.5889631464583331
5449,-0.5959234474999988
5450,-1.7885979828947367
5451,0.88730901427083
5452,-0.11770066687499892
5453,-2.0931757773333333
5454,-1.2108690945238092
5455,-0.5581525004545437
5456,-1.5966889777777777
5457,-1.5331933254301071
5458,-2.3152429666125554
5459,-2.8053670341666663
5460,-0.8878374926802653
5461,-0.10157140833333234
5462,-3.0272095931632648
5463,-2.087912511663287
5464,-3.0928946734999996
5465,-0.8524718525396816
5466,-1.7826291849666653
5467,-0.07874223833333478
5468,-2.407361903379629
5469,0.04173347250000248
5470,-2.6964746145000014
5471,-2.570515454246031
5472,-1.369478456851853
5473,-2.2866478224585918
5474,-1.277191183571429
5475,-1.739864938571429
5476,-1.8565669021213052
5477,-0.915530580714286
5478,-2.203390619674796
5479,-1.7428806545535696
5480,-1.682223793928571
5481,-0.7879836893750021
5482,-3.5867377207142854
5483,-2.201549107894088
5484,-1.004300452729885
5485,-0.9644749189880955
5486,-3.6067499170000006
5487,-3.4262291407386356
5488,-1.4416131205555547
5489,-1.1696145799999988
5490,-1.2330844788888886
5491,-1.0498281918749985
5492,-1.7022037460416648
5493,-1.2492793440625007
5494,-1.3077337241666669
5495,-1.8133196875615778
5496,-0.7047076563636355
5497,-3.130113608125
5498,-2.8627464254629635
5499,-0.3397336608333328
5500,-0.06445735437500044
5501,-0.4364520039999974
5502,-0.8103591055208336
5503,-2.582307274375001
5504,-3.3106356472727274
5505,-2.4584392965476196
5506,-0.9957238012499987
5507,-1.2547779483333337
5508,-1.964583933888889
5509,-3.4027745472619038
5510,-2.4029382769779404
5511,-0.9952272372697368
5512,-0.9302428203333335
5513,-2.9669320769999996
5514,-1.3518617241666664
5515,-0.9767037154545452
5516,-1.2886633367827387
5517,-0.6938655350000005
5518,-1.01757647416668
5519,-1.405356684553571
5520,-0.9126630953703625
5521,-2.38417314617647
5522,-2.620458544249999
5523,-0.921647513333331
5524,-2.5855132285714286
5525,0.5608096126724126
5526,-2.0906081055000003
5527,-0.42149738999999986
5528,-2.3884611871245416
5529,-2.499224003468754
5530,-0.1210302612499996
5531,-1.7294137845454538
5532,-1.1262839884979226
5533,-1.0001604424999977
5534,-3.217685707653257
5535,-0.4297353981250023
5536,-0.4572512608333321
5537,-1.8840230390624995
5538,-0.6693635839120399
5539,-0.42974045832142693
5540,-0.3779117587500025
5541,-1.9628449554929308
5542,-1.9481931623333328
5543,-0.27037395261904557
5544,-0.8851744997222224
5545,-1.0379895263839292
5546,-2.642158604791667
5547,-1.2335547507812485
5548,-0.4716357154166664
5549,-0.35853339416666685
5550,-3.317378679743589
5551,-1.3197197059374997
5552,-2.2890054565862066
5553,-0.9620189865000001
5554,-0.8850414044444435
5555,-2.4614855628455294
5556,-1.488347683286638
5557,-1.6443158009961687
5558,-2.8170665737500005
5559,-1.4422019400000003
5560,-2.2516981660403728
5561,-0.11926880999999981
5562,-2.576704852666667
5563,-2.9448251228879316
5564,-3.0139508067282432
5565,-1.2668992698333326
5566,-3.180673676928573
5567,0.08898112999999341
5568,-0.15227345333333275
5569,-2.753752843859127
5570,-3.424325745961539
5571,-0.39943659199999787
5572,-1.4886352398611118
5573,-2.2993723137912077
5574,-1.4644141540909077
5575,-0.3609401016666651
5576,-2.761035454375
5577,-3.814804013541668
5578,-3.2385652598648638
5579,-2.3832456586839283
5580,-3.2633145450369456
5581,-0.7493619687500015
5582,-2.246160954226188
5583,-0.7997832179166675
5584,-4.051168095909089
5585,-0.5391021912499996
5586,-3.4112711201666657
5587,-1.5457938252083316
5588,-0.5190168671428564
5589,-0.4207951588214251
5590,-3.1224464916666697
5591,-0.1664376311111116
5592,-0.770539328214285
5593,-0.8903812985995359
5594,-2.9143288643666665
5595,-0.2765887125000006
5596,-0.08413210526315813
5597,-2.2854785030568547
5598,-0.49376642400000037
5599,-0.9366391824999996
5600,-2.319028808334643
5601,-0.46157563749999575
5602,-0.5905719459375026
5603,-0.1832207838888872
5604,-1.0799492930000028
5605,-2.8449829687500006
5606,-0.767922832083336
5607,-2.9447367739506167
5608,-0.4095197768750012
5609,-1.8462847241666671
5610,-1.5341953571153844
5611,-2.6078228876364946
5612,-0.6480812155555545
5613,-0.2986391490000013
5614,-1.6059433945833324
5615,-1.0575200730000005
5616,-1.2609242303571426
5617,-0.9455957438333339
5618,-2.26484911258333
5619,-0.5543333755555544
5620,-0.7097687249999982
5621,-0.8569172288888909
5622,-2.8025940946320347
5623,-2.2127316902001226
5624,-3.3492442036842114
5625,-1.4361007014583338
5626,-2.467089902994663
5627,-0.8028615141666677
5628,-2.0830245467784176
5629,-1.149602967499999
5630,-2.310911360971675
5631,-1.0574403314473693
5632,-0.057322459999999964
5633,-1.9725755245416663
5634,-2.9157951619848106
5635,0.09220284625000019
5636,-0.2088248350000006
5637,-3.665890645909091
5638,-3.7237433238333306
5639,-0.24321863135418198
5640,-2.3561434403730157
5641,-3.006099874662698
5642,-2.781554743164682
5643,-0.16421593499999965
5644,-3.2634116402777775
5645,-0.922363726999999
5646,-2.8653447399999994
5647,-1.1175050137499993
5648,-0.05488467952381119
5649,-1.6609773817787874
5650,-4.107272085789475
5651,-2.523989859615384
5652,0.7261369308333308
5653,-2.9325587756018527
5654,-2.5288646033333335
5655,-3.3921739249450553
5656,-1.1245097919642855
5657,-0.46450287892857134
5658,-0.8268718127878796
5659,-1.227301378333332
5660,-0.5423162166666676
5661,-1.5695444068181807
5662,-1.5662035571886979
5663,-2.385268461999999
5664,2.236464982916667
5665,-0.19804405874999986
5666,-1.5121599145833329
5667,-2.512095173630095
5668,-3.4036504474310347
5669,-3.5169982153571433
5670,-2.973494078087931
5671,-1.4545688854206895
5672,-0.38044488312500313
5673,-3.219729958750001
5674,-1.5389253425814158
5675,-3.3586079309126973
5676,-1.8136669583333302
5677,-2.135785200178572
5678,-0.2563319397222206
5679,-0.9240500164716003
5680,-0.481723831388886
5681,-0.5064977069543654
5682,-2.368371556687498
5683,-1.4115611279310347
5684,-0.31120876892857197
5685,-1.0379901068499995
5686,-3.0389687185555565
5687,-0.9500168649259264
5688,-1.5222541889444443
5689,-0.3669117136666671
5690,-1.2394670060000001
5691,-2.5336484317063497
5692,-0.31772017937499974
5693,-3.2511583462499996
5694,-1.0093713418055552
5695,-1.9420064519907412
5696,-2.9095179031011895
5697,-0.4719298454166676
5698,-3.044959928475
5699,-2.073353044166666
5700,-0.6196376862499999
5701,-0.687281581000002
5702,-0.38204573599999314
5703,-0.5731757745312483
5704,0.36555284687499956
5705,0.4001099299999993
5706,-3.332654179396551
5707,-1.9862328162500003
5708,-0.40170538499999964
5709,-3.0713094083333337
5710,-3.7208461800000006
5711,-1.2245903782499994
5712,0.024900389375002163
5713,-1.3130274891681026
5714,-0.33529008687500284
5715,-2.5767910133333323
5716,-0.582735417708335
5717,-1.6577778925992064
5718,-2.108265367587513
5719,-0.3850916755555662
5720,-0.2592804113864968
5721,-0.5995394877083338
5722,-2.6238385551111114
5723,-0.5118082090350885
5724,-3.128782125151514
5725,-1.3247420298333332
5726,-1.559884134083332
5727,-0.6676181854629664
5728,-0.38400511843750085
5729,-3.7244648111904763
5730,-2.0905906040624993
5731,-2.1537805012472906
5732,-1.1355535187083348
5733,-2.3362111023806373
5734,-1.8114129852083325
5735,-3.0274258377272716
5736,-1.8569660796296295
5737,0.06367128062499527
5738,-1.7748458117578103
5739,-3.0501953133333344
5740,-1.1199897866249997
5741,-1.3347524878823525
5742,-1.5855437032327577
5743,-0.24169031166666954
5744,-3.2834186061338073
5745,-0.08690717566666421
5746,-0.203573703125
5747,-1.9556917980468764
5748,-3.233830567499997
5749,-2.2418433432456144
5750,-0.4684286025000013
5751,-2.538495444642856
5752,-0.29569692933620784
5753,-1.8558230593333331
5754,-1.4638848950000007
5755,-2.8828750080303034
5756,-2.1560878539999995
5757,-1.5238022278947363
5758,-0.3045737837500013
5759,-2.2839468758637866
5760,-1.2161304049999917
5761,-2.4585614590119045
5762,-1.653154320215517
5763,-2.1455120728493644
5764,-4.2941519249999995
5765,-2.3430559563775506
5766,-3.8376121755208334
5767,-0.9034295795208331
5768,-0.2142253924999986
5769,-2.400583374999999
5770,-3.2173772408333337
5771,-1.3440385303703712
5772,-2.1316377112962974
5773,0.024077038571428084
5774,-2.0865759573888907
5775,-2.166417535927734
5776,-2.839391702857143
5777,-1.2632267449310368
5778,-0.37430803916666733
5779,-0.6200101194444455
5780,-2.5690311222772997
5781,0.31068654312499966
5782,-1.6478530139473684
5783,-0.5293452850000016
5784,-0.43362542999999104
5785,-3.6093695599999993
5786,-2.8179174386918615
5787,-0.8931898865625003
5788,-0.7449632983333316
5789,-3.520282357142858
5790,-0.5018371575000025
5791,-0.47138817932539706
5792,-2.8059125437777768
5793,-1.4772059614798845
5794,-2.246760297878788
5795,-2.2033065795
5796,-0.7937796400000001
5797,-3.1323396013032085
5798,-0.11215172638888839
5799,1.003735553850575
5800,-1.118488307850528
5801,-1.5626993412949008
5802,-0.8501582815745944
5803,0.08530955508620686
5804,-0.39325670322916534
5805,-1.9863026032298141
5806,0.03153900372916518
5807,-1.58728328111111
5808,-1.731013593988088
5809,-0.475514359270831
5810,-0.8503350406481489
5811,-0.659990643333332
5812,-0.5354747238095224
5813,-1.7715342151923077
5814,-1.516143607410716
5815,-2.0628242065789486
5816,0.08742118812500088
5817,-1.1919389006798036
5818,-0.2872567544034103
5819,-3.171758533958333
5820,-0.23147775511893087
5821,-1.55689979
5822,-0.8660201261715703
5823,-2.4830311367187496
5824,-0.4405536789666674
5825,-0.9840065624999994
5826,-2.8014430150000003
5827,-2.779514111333333
5828,-1.8322249824842873
5829,0.7587291362499986
5830,-0.71176266055555
5831,-3.119440272440476
5832,-0.24985981638888669
5833,-2.463468104948979
5834,-2.5338580862499995
5835,-0.817834084166666
5836,-3.158356351666666
5837,-0.7966987574999962
5838,-0.7280030705555541
5839,-0.5521352610937501
5840,-2.332168056121212
5841,-2.4288185669791673
5842,-1.897308452628205
5843,-0.5241850445000005
5844,-4.214894901666666
5845,0.009223705000000137
5846,-2.5680941532142865
5847,-0.20126767000000143
5848,-0.610465406187501
5849,-1.92317813064935
5850,-0.6391857048148147
5851,-0.8494175952777757
5852,-2.4350391874444446
5853,-2.2806763840000004
5854,-2.35113461025
5855,-1.2147171667916665
5856,-2.0745819071875005
5857,-1.647056361780459
5858,-0.4504776240625006
5859,-2.7261273478472225
5860,-0.22083206289855142
5861,-1.694854434166667
5862,-1.314082980000001
5863,-0.6283357933333337
5864,-3.2609719395238104
5865,-0.21714202656250192
5866,-0.5791514071428574
5867,-1.0585751067499956
5868,-3.346426772897134
5869,-2.4198448158333337
5870,-2.2831445097089946
5871,-0.8592874352747242
5872,-3.5968357132500004
5873,-0.9068635288374992
5874,-0.8669961631944435
5875,-1.7939234640925592
5876,-0.49562482175000183
5877,-2.340023019761905
5878,-1.948167040143679
5879,-1.6805086496388895
5880,-2.9278534334999984
5881,-2.2371363377272684
5882,-1.7192688465060766
5883,-2.687527499618058
5884,-0.4323707290000073
5885,-0.006262964166656578
5886,-1.211583213580673
5887,-1.7890022230952383
5888,-0.9624634303348216
5889,-1.8679906142274052
5890,-1.5743093055357105
5891,-2.3333826787586207
5892,-0.992865257019703
5893,-2.330644334230769
5894,-0.21569561578304994
5895,-3.820042391000001
5896,-0.35224859527777613
5897,-0.14236440124999916
5898,-3.5836585325000008
5899,0.0819748969999992
5900,-1.1916201811822908
5901,0.6891168873922413
5902,-2.227581687380953
5903,-0.8552623112500015
5904,-0.1464924120833322
5905,-3.099782156958812
5906,-0.754885816249999
5907,-0.022633213750000714
5908,-0.45454413777777664
5909,-2.1049006549358986
5910,-3.2027378962500004
5911,-2.6755502582305186
5912,-0.8370525111718745
5913,-2.5010701647619036
5914,-1.940020584642857
5915,-1.6349020705555561
5916,-2.671769407363095
5917,-2.6968897565384613
5918,-1.0741208737878778
5919,-0.2806834233333338
5920,-0.6016120585714292
5921,-1.7055220741250003
5922,-3.4572803774999983
5923,-2.532796064090908
5924,-1.0474375821428623
5925,-0.20701202249999806
5926,-0.2585777273333306
5927,-3.2055855203136976
5928,-3.5652380850000003
5929,-2.855925476314286
5930,-0.3244338554411762
5931,-0.8964716100000025
5932,-2.1146129774999993
5933,-1.436446337272727
5934,-3.006239250639204
5935,-2.8906212690145505
5936,-2.1689745777444442
5937,-2.5615167736363635
5938,-2.4172048124074075
5939,-0.08946806499999926
5940,-2.3986325643333335
5941,-2.7170967846874996
5942,-0.49484625518518516
5943,-2.3107847720056776
5944,-0.9560967629166646
5945,-2.2986236137083336
5946,-1.6115635493902676
5947,-0.7371078212499977
5948,-3.3724588965246936
5949,-2.5233646203333335
5950,-0.8747453294773696
5951,-0.3551194683333326
5952,-2.7970949454901963
5953,-2.398526329791667
5954,-2.4142045859523806
5955,-1.7952078387670618
5956,-2.40960435327381
5957,-0.9281805375000012
5958,-2.2694723936369043
5959,-3.0046333844971267
5960,-0.9685262467447915
5961,-1.230867703928571
5962,-0.9198096030733085
5963,-2.5258947081250005
5964,-3.59542025607143
5965,0.41184229672618855
5966,-2.7018315462500007
5967,-2.500848698408488
5968,-0.19129557750000004
5969,-2.8251768061666667
5970,-0.5649003063690472
5971,-0.8000810787500008
5972,-0.42160194595237954
5973,-3.1527415326190473
5974,-1.569322291750001
5975,-1.7339570481465518
5976,-2.135548649558822
5977,-0.10455105000000167
5978,-3.0937590464919067
5979,-1.9066669416071444
5980,-1.329865968636364
5981,-1.3209108730795034
5982,-1.021950393500002
5983,-1.1727622385000012
5984,-2.8410155502824868
5985,-2.126864173076923
5986,-1.1305412211607138
5987,-0.726053365924598
5988,-0.5863420611111102
5989,-2.327800102755951
5990,-0.08701416937500284
5991,-0.7774648062500003
5992,-0.0298378141666662
5993,-0.4357826985112215
5994,-0.7205221348888888
5995,-2.2906269146666665
5996,-2.0333507299999996
5997,-0.6816236487499978
5998,-2.512045959327731
5999,-1.944523644166666
6000,-2.244273694107142
6001,-3.113661218499999
6002,-0.6036777862500005
6003,-1.6422621560416655
6004,-1.788666265531609
6005,-0.8725378233333307
6006,-1.888469903333333
6007,-0.8463998224999983
6008,-3.093135745562499
6009,-0.7052411462500009
6010,-1.6763183639062547
6011,-2.336329271666666
6012,-1.822846709102569
6013,0.08083673916406156
6014,-2.9552872180302994
6015,-0.606163464012606
6016,-0.3213371253124997
6017,-2.8128786291666663
6018,-1.9965081080208327
6019,-1.8504077397916656
6020,-1.0708560823333322
6021,0.1806265768749995
6022,-2.9796423343750016
6023,-0.29189903624999936
6024,-2.546880178577879
6025,-1.0856357442307685
6026,-0.40036144232936505
6027,-2.2680882540151512
6028,-3.083181360881249
6029,-0.22593084736150681
6030,-2.4929030506613747
6031,-0.5812863116666662
6032,-0.7216154614492754
6033,-3.129271671233333
6034,-0.3500561933333349
6035,-0.9369433720000074
6036,-0.5707676369999988
6037,-1.2996422271874994
6038,-2.1402628791666665
6039,0.21772340812500013
6040,-2.3007771421875
6041,-1.7778815228571427
6042,-2.0200348016666667
6043,-3.6812032614285712
6044,-0.5281828934913779
6045,-0.47007365000000334
6046,-0.9861611582291712
6047,-0.9994050800000013
6048,-0.504240016913918
6049,-3.3623642405919525
6050,-2.4986737547058815
6051,-2.1507721858333335
6052,-1.8574455816328603
6053,-3.280319894250001
6054,-3.7295415401470584
6055,1.2225166662500007
6056,-1.765678220238097
6057,-2.0111917903030303
6058,-3.4145471484166676
6059,-0.6000478612499984
6060,-0.32757857194444523
6061,-0.3410104986111122
6062,-4.254853682931033
6063,-2.231134840151515
6064,-2.445641585
6065,0.2746831583002229
6066,-2.6017271470748304
6067,-2.9274190575000016
6068,-3.092502083333333
6069,0.03630212125000298
6070,-0.8232309699999973
6071,-1.3133058668750017
6072,-1.9528160232183909
6073,-0.4608305791666665
6074,-2.312732458761905
6075,-2.9186639329160045
6076,-3.3821137905185177
6077,-1.1142677086607147
6078,-0.34413840833333253
6079,-1.1124665361904766
6080,-1.6276102612438441
6081,-2.244240837751937
6082,-0.6152740595833327
6083,-0.29218654299999824
6084,-0.4979065900000039
6085,-1.7105195704166658
6086,-0.43600642375000415
6087,-0.5483744554761886
6088,-2.443650985733083
6089,-3.816355449393939
6090,0.4167823083333331
6091,-0.5580291750000057
6092,-2.9251457596289683
6093,-3.165496117333332
6094,-0.43304568555555534
6095,-3.187253551733334
6096,-2.6128197475
6097,-3.8586870412500005
6098,-2.8894612342666677
6099,-2.45755789754386
6100,-0.1638579074999882
6101,0.6505071599999992
6102,-2.2168181561904774
6103,-0.3313009074999984
6104,-2.000623767638888
6105,-3.1752927812500005
6106,0.03813375937500041
6107,-2.3549776551367865
6108,-2.786944513953489
6109,-2.2391406087417898
6110,-0.257738349583326
6111,-0.7730081049999967
6112,-2.5030343848809533
6113,-1.7729738619126978
6114,-3.409136437090909
6115,-0.18574687703148499
6116,-2.226777475
6117,-1.353750147275862
6118,-0.9320697473333333
6119,-2.844339936527779
6120,-3.4188992390000004
6121,-3.879947882499996
6122,0.01936170500000145
6123,-1.6436407558333344
6124,-2.05714438547619
6125,-1.4799112675307886
6126,-3.2594026877777784
6127,-1.8134784629999998
6128,-0.8858759719999991
6129,-3.7784762018749998
6130,0.0780509674999994
6131,-2.4514059016220227
6132,-3.7456433427121225
6133,-1.23645850658854
6134,-2.292050788333332
6135,-2.5587822072222224
6136,-1.2335747530220291
6137,-2.522000160663265
6138,-1.3058958576923072
6139,-0.3988872126190479
6140,-0.24260706999999984
6141,-0.42809385035714137
6142,-1.6563798708035917
6143,-1.047631763333333
6144,-0.41613972875000016
6145,-2.3291283956896556
6146,-0.674109861693548
6147,-0.5996840966666608
6148,-3.208372448000001
6149,-0.31004535472222966
6150,-0.6045200566666674
6151,-3.056304059817351
6152,-0.9596104779999998
6153,-1.4748971498333319
6154,-0.31572783527777776
6155,-1.5104712864285712
6156,-0.04292280300000044
6157,-0.2255286780769235
6158,-3.116680973834154
6159,-3.374635929583333
6160,-1.2838733449404762
6161,-3.5581928091666675
6162,-2.4707486783432544
6163,-1.4081958891726187
6164,-3.228677522590996
6165,-1.1911929105198453
6166,-0.5651232795833367
6167,0.026048007500001802
6168,0.32038161086206784
6169,-1.6423773769999983
6170,-1.4334219290277777
6171,-0.5009609959770138
6172,-1.8299430271428558
6173,-0.7942506437499972
6174,-1.7657390303333336
6175,-0.4132828532812596
6176,-4.047624774715255
6177,-0.21248978625000864
6178,-3.4005203564687476
6179,-0.6831364531249982
6180,-1.864373579375
6181,-3.3098719263425918
6182,0.19157399000000006
6183,-3.6889471109999996
6184,-0.7742038698571421
6185,-2.6683524388083333
6186,-2.9896756146666674
6187,-0.41923352590000035
6188,-0.5109697500000014
6189,-0.8889363144999998
6190,-1.9580637254137905
6191,0.620991614687501
6192,-1.084847615000001
6193,-0.3796838329597711
6194,-3.644023935166667
6195,-0.9603271716666697
6196,-2.538269037680624
6197,-4.196186996666667
6198,-2.35601416845
6199,-0.7443161044444397
6200,-0.4020708866666685
6201,-2.2273166961607123
6202,-2.9880088001666665
6203,-2.15878320365942
6204,-1.8032474931650242
6205,-0.6094389680000034
6206,-2.269430502380953
6207,0.26478334115625035
6208,-3.1848742784848483
6209,-0.24570019716703465
6210,-1.7273867954166662
6211,-1.6385234959523811
6212,-2.194514815352665
6213,-3.360924786785714
6214,-2.7736975197222216
6215,-2.4978299786943152
6216,-2.195395254375
6217,-2.3802718929999997
6218,-0.6881894820000014
6219,-0.622559889705883
6220,-0.47452015499999806
6221,-1.384245133666667
6222,0.07731056187500229
6223,-1.805002025939655
6224,-3.2404897350000006
6225,-2.074633520045076
6226,-0.674469673888891
6227,-2.494364972304762
6228,-0.7950263756249987
6229,-2.6381719445454546
6230,-0.10375533112068958
6231,-0.3296978980000025
6232,-2.3295878804393926
6233,-1.0380172100000002
6234,-3.2787234781944434
6235,-2.4497540156249995
6236,-3.412713637000001
6237,-3.3225880956770837
6238,-2.561572092727832
6239,-1.4692030799999998
6240,-1.4475684326785714
6241,-2.4558159716666688
6242,-1.9150350907870386
6243,-0.36752021785714106
6244,-2.3709525143842365
6245,-2.062817200625
6246,-1.3100962353906234
6247,0.7496155531746022
6248,-1.844316200833332
6249,-3.3650933417499997
6250,-0.09765259181818209
6251,-0.7265957903124995
6252,-0.9977723154166667
6253,-3.8086840847916665
6254,-3.147866788333333
6255,-2.964120770208333
6256,-3.8607882133939366
6257,-0.45038248250000096
6258,-0.3133490452040815
6259,-1.3293706066666633
6260,-1.083207109958335
6261,-2.4708415390151095
6262,-2.8504518415142717
6263,-2.918284943752874
6264,-1.043067210780092
6265,-0.608675188333334
6266,-2.1835397440250413
6267,-2.492271209056123
6268,-2.8463147497142853
6269,-3.084364303833334
6270,-3.095414375357142
6271,-0.7006981323874996
6272,-2.037924505157563
6273,0.10872505875000016
6274,-1.60526750890625
6275,-0.3431717706249988
6276,-2.5000453540689653
6277,-2.0763890654166652
6278,-1.7073378213394337
6279,-0.48710504104166663
6280,-2.1791949401785757
6281,-1.2831765058333373
6282,-0.6556539261363681
6283,-3.2587295361111117
6284,-0.5859819597999987
6285,-1.224334623571431
6286,0.09903331625000078
6287,-2.977491400555556
6288,-0.5542452931250015
6289,0.5412564908749999
6290,-0.7227073774999999
6291,-2.18936479285807
6292,-1.1497726675892856
6293,-1.3751915648611106
6294,-0.6376841447619057
6295,-2.724018262368422
6296,-2.538643234259259
6297,-2.7115141339021154
6298,-1.0106709258333333
6299,-0.34550683750000033
6300,-0.3057778925000001
6301,-0.849844910972226
6302,-2.9896298625925932
6303,-0.38885600062500103
6304,-1.20204872342912
6305,-0.37458726250000396
6306,0.2867424774999989
6307,-1.091131615408349
6308,-2.1310742489090377
6309,-2.1882570089743583
6310,-2.884990487254901
6311,-1.8081350131818177
6312,-1.8465381596551733
6313,-0.7589517222115402
6314,-2.5981693270987654
6315,-0.24568312916666457
6316,-0.6898967597435899
6317,-0.9572971788785651
6318,-1.4743499513461547
6319,-2.9465851014965985
6320,0.622512745477645
6321,-2.293330449851448
6322,-3.2775912614583356
6323,-0.3442264143333347
6324,-0.5605418896875012
6325,-2.294211682806514
6326,-3.3284096108788326
6327,-0.8108710309920658
6328,-0.6486200240000024
6329,-0.9978607266071435
6330,-2.9250557466607368
6331,-0.35746503937499874
6332,0.9701725316666661
6333,-0.37278645658854126
6334,-0.5582132001692734
6335,-0.8617908279999981
6336,-2.104887682592588
6337,-3.3011647952500005
6338,-2.9667078090025427
6339,-1.9377144820238092
6340,-2.0890929599999994
6341,-0.15627476333333354
6342,-0.681184819000002
6343,-1.0366694399999987
6344,-2.3863766182212642
6345,-3.081576141160257
6346,-1.2369773840624996
6347,-1.3387727691732807
6348,-2.8586232129166667
6349,-1.8391363953061233
6350,-0.557252527380952
6351,-3.683017185357142
6352,-0.4309181769999995
6353,-1.5259704811111163
6354,-1.2831919528571416
6355,-0.303155337499998
6356,-0.0744627054166666
6357,-0.4151564158333336
6358,-2.3948322001944433
6359,-2.0238944984375005
6360,-0.6487694074999979
6361,-1.1789072233333353
6362,-0.9112089370370365
6363,-2.2851010909687517
6364,0.12453846500000054
6365,-0.5191005466666638
6366,-2.088793268690478
6367,-0.7462561203826498
6368,-0.6621560427777785
6369,0.5097134040625004
6370,-1.9824641742857128
6371,-2.512404395139006
6372,-0.16186584400000542
6373,-0.16911967499999925
6374,-0.6132523613888891
6375,-2.5197825752579366
6376,-0.5685817830706067
6377,-1.6422256167616187
6378,-2.391588839431217
6379,-3.192612444444444
6380,-0.2823388860416647
6381,-2.4236812635714315
6382,-2.396851434166665
6383,-2.7620745470862063
6384,-2.1320907020512823
6385,-2.1022565076666653
6386,-1.7210616045862075
6387,-0.07422344041666484
6388,0.5538399125000026
6389,-2.453567828394397
6390,-3.146191273802083
6391,-1.3072955095572911
6392,-1.1801481721093747
6393,-1.0153931541666692
6394,-0.4835038631944452
6395,-0.07005457499999916
6396,-2.377536913088624
6397,-0.408970595555554
6398,-2.3872927062222224
6399,-0.8655565655555537
6400,-3.2635678793333343
6401,-0.47692993835497854
6402,-0.3139983324166664
6403,-1.6326734050833338
6404,-1.912244272222222
6405,-0.19679169749999836
6406,-0.832997405476189
6407,-1.6807464488509323
6408,-0.021142629687499692
6409,-1.9374404177500004
6410,-1.2371757783854171
6411,-0.2648358805555529
6412,-0.45146605874999857
6413,-0.5600307245237068
6414,-3.2067343679499984
6415,-2.80553174632353
6416,-0.620258596874999
6417,-1.6321654350985193
6418,-2.103953685389611
6419,-4.287512381470588
6420,-2.0670602458823537
6421,-2.187154794666668
6422,-1.3182748731250022
6423,-2.7624703058407745
6424,-1.693552856696429
6425,-0.8268369065641016
6426,-1.471404287500001
6427,-1.0379808983503402
6428,-1.9786053713636362
6429,-1.017421652158204
6430,-0.5001967333333326
6431,-0.23880907662500306
6432,-1.4772543431896552
6433,-0.6144632066666702
6434,-0.39742051613636353
6435,-0.6563462725000001
6436,-3.647770959541667
6437,0.8572649243749999
6438,-4.043544049642857
6439,0.19826044601190773
6440,-0.58239625405711
6441,-1.452971211319445
6442,0.5275526387499987
6443,-2.147024222314816
6444,-2.03018731329861
6445,-1.2376389456130266
6446,-0.6274300212499995
6447,-3.1683676988333342
6448,-0.6590012285000014
6449,-0.1877412187499985
6450,-2.1738531932708325
6451,-2.3618496547708325
6452,-2.933570659324713
6453,-0.8146155849999985
6454,-1.607684705380681
6455,-2.844751375966387
6456,-1.7076398941666642
6457,-0.3079247500000015
6458,-0.5689627439999996
6459,-2.350852942665229
6460,-0.4581023866666669
6461,-0.18658769750000204
6462,0.17763013666666674
6463,-2.586342292982456
6464,-3.115939426637931
6465,-0.056308182857139046
6466,-2.9860913179445707
6467,-1.3998115159573934
6468,-0.9031449805555588
6469,-1.8336508283333235
6470,-0.3262236497108851
6471,-2.262387023701149
6472,-0.33453556833333176
6473,-1.4589435936904758
6474,-1.2927190064999987
6475,-2.34921354127619
6476,-1.9619381172352217
6477,-1.8146400828571427
6478,-2.109076540119047
6479,-0.8008096099999988
6480,-1.824617550333334
6481,-2.899517651666666
6482,-0.8546726594999996
6483,-0.7181428556089753
6484,-4.031178039285714
6485,-1.0581757104833336
6486,-0.47049519608333057
6487,0.8453412447777803
6488,-3.4434415894623642
6489,-0.3883306591666666
6490,-0.07291882749999878
6491,-0.3952124038888864
6492,-2.533631231772487
6493,-2.3140231639583337
6494,-1.3883896355952392
6495,0.40069030875000067
6496,-0.7519927030000005
6497,-2.3766995583333332
6498,-2.3158437578070177
6499,-0.13131666043295334
6500,-1.9032218853571428
6501,-3.1945872472708343
6502,-0.2821043816666619
6503,-0.1396743726923065
6504,-2.546215657011905
6505,-0.8198785858854181
6506,-1.8191139642537717
6507,-1.2049967805921054
6508,-2.6863378481111115
6509,-0.4064118277777698
6510,-0.43229448250000196
6511,-0.9409387188333298
6512,-0.799965855
6513,-0.3881260274999998
6514,-1.4644022879999994
6515,-0.2275167681728791
6516,-2.50068604587585
6517,-0.03981742250000764
6518,-2.7538005566341983
6519,-1.3705181527192976
6520,-0.6672801233333345
6521,-0.7334071536111095
6522,-0.9521768727272734
6523,-1.7027978508333355
6524,-1.6947219500000001
6525,-0.4180774030258618
6526,-3.0063605170425762
6527,-2.0683527708333336
6528,-4.36779017333333
6529,-0.9121505640909032
6530,-2.518501732213099
6531,-0.4882426986111123
6532,-1.4845090086851855
6533,-0.269418501428571
6534,-2.162864122314816
6535,-3.6955496079999994
6536,-1.82365355375
6537,-0.9948720494444458
6538,-0.015232855166664904
6539,-1.8324889922470238
6540,-1.9693960362222223
6541,-1.6748510637499976
6542,1.8847966298412615
6543,-2.5769437491758245
6544,-0.5852841283333348
6545,-4.18312217897436
6546,-2.2642499626515145
6547,-1.9159368933333336
6548,-3.333508415615384
6549,-1.2689445127777779
6550,-0.651195774
6551,-2.4175779020480666
6552,-0.24967411166666645
6553,-0.9375004945833325
6554,-0.6758494286666632
6555,-0.5495435108333329
6556,-2.2765922624583332
6557,-1.8842076659374998
6558,-0.17547948321428614
6559,-2.4412341618194446
6560,-0.5111344814215684
6561,-2.8083045501870743
6562,-2.0103958154166666
6563,-1.000060060416666
6564,-0.435747960833333
6565,-2.728034570972223
6566,-0.1499195775000004
6567,-0.33059408583333116
6568,-1.4053438477380962
6569,-1.7272287331250027
6570,-2.069703236203703
6571,-2.924201613799489
6572,-0.07822026500000163
6573,-0.4978285339999985
6574,-1.1464252671666664
6575,-2.323321349047618
6576,-1.9100771963157885
6577,-1.7335726879629623
6578,-1.7251807893750002
6579,-2.061352058749999
6580,-0.7383978058333321
6581,-0.6538971368749937
6582,-0.8140924155555626
6583,-1.3631298192857142
6584,-2.032487770981432
6585,-1.354177886198979
6586,-1.8279685272681332
6587,0.3538175716666636
6588,-0.31061607437499994
6589,-0.34405693312500096
6590,0.44268977624999195
6591,-0.8092043887500004
6592,-0.8111519632758595
6593,-0.6920993941666644
6594,-0.6986142636398489
6595,-3.3768698634375003
6596,-2.3224837218394914
6597,-2.643367490971423
6598,-1.0383343133398446
6599,-0.2995328000239468
6600,-1.2364957982427045
6601,-2.9606349314285723
6602,-1.0488458515517245
6603,-0.41299813285714243
6604,-0.9250981203174623
6605,-2.8222259851190463
6606,-2.2120308081666678
6607,-0.20423279668103547
6608,-3.962195683250002
6609,-2.8205224225000003
6610,-3.1061970447321428
6611,-1.6452707609310344
6612,-0.5302466653947375
6613,-0.7107473778571419
6614,-1.4755299704999998
6615,-0.26005051437500093
6616,-1.4662158792857096
6617,-1.5457810287500025
6618,-0.6274805885000007
6619,-2.899257620075757
6620,0.03837031242424225
6621,-3.492277977666666
6622,-0.9902109741190461
6623,-2.36128471450431
6624,-2.3657320466071092
6625,-2.2742944595555556
6626,-1.4930934389100972
6627,-3.0918860211363466
6628,-2.434658257083334
6629,-1.0003969310000003
6630,-1.8052502713888883
6631,-1.364188243571429
6632,-0.37410183833333477
6633,-2.7203049926470575
6634,-0.08220966250000039
6635,-1.52656504859375
6636,-3.7336660264999986
6637,-2.371595123181819
6638,-0.33158715916666415
6639,-2.536754208199234
6640,-0.5114048326652304
6641,-2.48752887260582
6642,-3.205701243333334
6643,-1.040416694449999
6644,-0.7995898191666662
6645,-2.528180391225491
6646,-2.049230424722222
6647,-3.769406522291666
6648,0.8968141258333256
6649,-0.7701477490000002
6650,-0.3058256272368432
6651,-3.757945188333334
6652,-1.747215950715517
6653,-2.0410873020443345
6654,-3.0407220915
6655,-1.975029003180077
6656,-1.6924867901639342
6657,-3.5984850914285715
6658,-2.467611273989201
6659,-1.6366722830272102
6660,-0.1994557158275864
6661,-0.960272645781251
6662,-3.3131002515909085
6663,-1.1278364728819439
6664,-2.270245924885058
6665,-3.1350080442222237
6666,-2.702623713994253
6667,-0.7997319708333327
6668,-0.7476996806249954
6669,-3.1184218451623367
6670,-2.6804928773333336
6671,-1.902475528406248
6672,-0.726733002222223
6673,-0.3662188808333351
6674,-0.8275218715625012
6675,-0.891101538333333
6676,-1.2266864750000035
6677,-2.5210936278061227
6678,-1.4697520819270835
6679,-0.22915599866666697
6680,-1.7715592142982448
6681,-2.17018867389881
6682,-0.12306363999999803
6683,-2.29533932625
6684,-1.688578933928571
6685,-1.1310158500000007
6686,-2.4040318565654757
6687,-3.5018293296666663
6688,-2.2928831166163786
6689,-1.13291374277604
6690,-2.766302109455783
6691,-2.5955563612528705
6692,-1.4878244047499998
6693,-2.175919673452381
6694,-0.7841297337380949
6695,0.010343071249999447
6696,-0.3240808433333342
6697,-1.0039595611904637
6698,-2.0683455813636376
6699,-1.4517935991666668
6700,-1.1545184162901785
6701,-1.4744007839999995
6702,-3.5057649042500003
6703,-0.4638048984374956
6704,-0.7903124863095227
6705,-1.1231053457142843
6706,-1.7532491471666656
6707,-2.774847067601851
6708,-3.7633603204999977
6709,-3.810555288749999
6710,-3.4044608436444452
6711,-2.8729893312499994
6712,-1.3816264341176474
6713,-0.8121053025246306
6714,-0.7332847372321432
6715,-1.6946304437719293
6716,-1.2916623524999977
6717,-1.2261921065948274
6718,-3.1903301794444445
6719,-0.5512849641666655
6720,-1.817586091666667
6721,-3.389087203135415
6722,-2.0132016693333328
6723,-1.6281520479999982
6724,-0.4042525499999994
6725,-0.6472885424999978
6726,-2.4821432099999994
6727,-2.8080495022260537
6728,-2.4876435654960307
6729,-2.917955947037038
6730,-0.5012231678125
6731,-0.4675963164285721
6732,-2.022221064910098
6733,-2.68106058217857
6734,-2.5864494667044333
6735,-0.1654236009090911
6736,-0.3041159916666656
6737,-1.0829929199999953
6738,-0.5652836399999992
6739,-0.41731169666666784
6740,-2.6618883631333348
6741,-1.1135194705387932
6742,-2.3522108017532464
6743,0.08109436999999957
6744,-2.5854111224680607
6745,-1.2095137049285711
6746,-1.7027979503846145
6747,-2.4581429913054516
6748,-1.0706027599999999
6749,-1.3028549630277786
6750,-0.9451046286111099
6751,-1.7384456116666658
6752,-2.2860137806060608
6753,-1.8664681469999997
6754,-3.2556068341975313
6755,-0.46232112388888896
6756,-1.869384753047619
6757,-2.5446610701436794
6758,0.03639666375000006
6759,-1.881227906206896
6760,-1.9915083155153943
6761,-1.3476151697718053
6762,-1.464917692658047
6763,-3.3210013442187503
6764,-3.263757990555557
6765,-2.1740625612250066
6766,-1.4488419515948276
6767,-0.5607400050000031
6768,-0.48099039624999973
6769,-3.566975817777776
6770,-3.6130215369797187
6771,-0.08826496249999938
6772,-2.122380988639846
6773,-2.5864463222222227
6774,-2.3266439730000004
6775,-0.5869383472727298
6776,-0.9549747737500027
6777,-0.8006966500000002
6778,-0.422141090714287
6779,-0.6051819095833336
6780,-3.047561937380952
6781,-2.6189089584246035
6782,-3.071719742968425
6783,-2.2410134137962965
6784,-1.831466239166666
6785,0.060147375000000856
6786,-0.1670987783333319
6787,-1.9780596257604166
6788,-2.7825485456904775
6789,-1.3641614150536594
6790,-1.8161050383333333
6791,-3.4087673845000004
6792,1.220723241249999
6793,-0.7029357108333336
6794,-2.2098071605357155
6795,0.7425340274999996
6796,-1.0519848980327395
6797,-1.8603299907142856
6798,-2.256325136944444
6799,-3.8741430962500027
6800,-1.0652850441666633
6801,-2.1636725294687498
6802,-0.31889551124999915
6803,-1.7837684923333335
6804,-1.1252727325000005
6805,-2.4712704253333406
6806,-2.685668052378569
6807,-2.9759964480662604
6808,-2.9729691145701045
6809,-3.802127061988101
6810,-2.0862511285416527
6811,-0.8805467483333338
6812,-0.4452436255555633
6813,-0.21930670166666655
6814,-2.9013905242924314
6815,0.16620096666666603
6816,-0.4484043540909087
6817,-2.983540803252874
6818,-2.4632591813636355
6819,-2.3946581941176475
6820,-2.0206779420312486
6821,-1.711118435344827
6822,-0.41580178833333764
6823,-2.4309905013981483
6824,-0.0033331037500019534
6825,-0.3008321500000015
6826,-0.514117671249998
6827,-2.144975024797619
6828,-2.8596225328778195
6829,-1.1673852016666662
6830,-2.472931554
6831,-2.161926772023809
6832,-0.5586570722222272
6833,-2.921963576199996
6834,-3.353518839999999
6835,-0.6864664226666679
6836,-0.3197511254166674
6837,-0.23289523666666412
6838,-0.6177511081250007
6839,-1.2211230558333324
6840,-3.5560670402000003
6841,0.002887337499999809
6842,-1.4338111372241384
6843,-3.179010143444444
6844,-1.2260479450000008
6845,-3.6377991560714285
6846,-0.7782633984407471
6847,-1.2121177237931038
6848,-2.7611834328720235
6849,-2.5203998392857137
6850,-0.13195507736110793
6851,-1.7013588269736848
6852,-1.0342734266666653
6853,-0.8251726423412686
6854,-2.4965008919435734
6855,-1.5692018181818215
6856,-2.765965153518519
6857,-0.27228574396551775
6858,-0.5581275034374986
6859,-0.16089819666666605
6860,-3.1980533833333333
6861,-2.9463519568624945
6862,-3.252683904
6863,-2.7647865047222218
6864,-1.9530175465625006
6865,-2.238254834
6866,-2.640345206785715
6867,-0.28562209600000016
6868,-0.22273587291667063
6869,-2.0830309474404762
6870,-0.6605015174358974
6871,-1.2800029933333334
6872,-0.2665459908333325
6873,-1.5994923509090921
6874,-1.1532327777249995
6875,-1.077457179335938
6876,-1.4690175297222208
6877,-2.8180975566774893
6878,-2.3867407277499977
6879,-0.5619415440625009
6880,-1.1951047790740736
6881,-2.845789504935064
6882,-0.6674931537500015
6883,-1.5332850182970132
6884,-1.8966309165699409
6885,-0.23769597444444596
6886,-2.0604147837499993
6887,-1.7145790515686268
6888,-3.3130658790000007
6889,-0.5976583380000001
6890,-2.0674135809729095
6891,-0.8084177605208337
6892,-2.2814493831054685
6893,-2.0409458445000004
6894,-2.4767428106944447
6895,-2.5687424242274046
6896,-0.6559744659890109
6897,-1.6116100182812474
6898,-1.3003023369444453
6899,-2.48591545325
6900,-3.1636019660714285
6901,-0.17187131080459514
6902,-0.2979989499014794
6903,-0.19345201249999988
6904,-3.079937876030378
6905,-2.545254627121598
6906,-2.902104047636124
6907,-2.797331468375
6908,-3.2423577491666657
6909,-1.6414206259807351
6910,-1.5827578839310383
6911,-1.0177748840208334
6912,-0.27375388402777645
6913,0.014401535000001076
6914,-2.372258544496337
6915,-2.519420708904762
6916,-2.244521940666665
6917,-1.0813436303448274
6918,-0.5488407323611106
6919,-1.7205269602976188
6920,-2.732477100138889
6921,-0.45604135291666736
6922,-0.44356670375000296
6923,-2.1993314745208354
6924,-3.082009341324869
6925,-3.8542737998437495
6926,-1.4205911666562503
6927,-1.0540013676562499
6928,-1.9075615027626258
6929,-2.424256888991227
6930,-2.270865616499999
6931,-0.7783612054365067
6932,-0.2830682734999982
6933,-0.37424301416667083
6934,-3.2479615535915505
6935,-0.7389298794444414
6936,-2.1579382193513954
6937,-0.0787114517187506
6938,-1.201808497250002
6939,-0.6387111583333382
6940,-0.770841540416666
6941,-1.0990943833333322
6942,-0.11715708833333356
6943,-2.7921031167757935
6944,-0.25772352000000076
6945,-0.03387159965517226
6946,-0.3955946533333332
6947,-0.4818838550000019
6948,-2.9369996674010417
6949,-0.7435239459090894
6950,-2.5590615675
6951,-3.4342318383055557
6952,-1.0221616776488975
6953,-3.629398166590907
6954,-1.4718860772643674
6955,-3.917592265263155
6956,-2.388447550740741
6957,-3.278819089977778
6958,-0.47832751861111333
6959,-3.4430584679166665
6960,-0.04616663662414818
6961,-2.6212972601379314
6962,-2.833672429865901
6963,-0.6524206583333321
6964,-1.6772867802380955
6965,-1.3867624986666656
6966,-2.1961626079960315
6967,-3.8757705592592595
6968,-2.306356226329365
6969,-3.0912862545013904
6970,0.7168820927011481
6971,-1.2012752898809513
6972,-2.160842623282312
6973,-0.36574908562499786
6974,-1.640395188333333
6975,-0.18058348636363517
6976,-2.2742021234090903
6977,-0.7467220494186043
6978,-2.5645944912547893
6979,-0.7621618180000042
6980,-1.4259413965805752
6981,-1.189826083997707
6982,-2.283334479549071
6983,-2.0103575599999988
6984,-0.4484186839999943
6985,-0.6575870217939236
6986,0.06624425562500846
6987,-0.7709506778571352
6988,-3.6057128311363638
6989,-2.2624793803333327
6990,-0.6796490030000001
6991,-2.3455823562499996
6992,-0.004132007381407732
6993,-0.6880297222222183
6994,-0.28178494340909827
6995,-1.571865663333332
6996,-0.19381255416666576
6997,-0.5224845400000007
6998,-1.3357500845833323
6999,0.28563934125000046
7000,-3.6398261900000013
7001,-0.3546317316666654
7002,-2.6596292920927196
7003,-0.4339768377499979
7004,-0.47684958437500136
7005,-0.23116641869555335
7006,-2.032018669523809
7007,-1.5204478536363617
7008,-0.9253138156249987
7009,-3.1829624022053573
7010,-2.673883322137931
7011,-2.323798486020409
7012,0.6241605778125034
7013,-0.5060406184821434
7014,-2.496664910333334
7015,-0.7864752741666668
7016,-3.1431914013095232
7017,-1.940208180977011
7018,-0.4807930450000015
7019,-2.026578636918446
7020,-0.5281174411111097
7021,-0.15369370250000003
7022,-1.540064954583335
7023,-0.6007280266666678
7024,0.08445038499999846
7025,0.01244172166666857
7026,-0.10436636964285959
7027,-1.449872521000001
7028,-1.7936042578895273
7029,-2.1735884828571415
7030,-0.2531960570000001
7031,-0.268722304375002
7032,-0.1727582972270104
7033,-0.2666861554166693
7034,-1.716882107954545
7035,-1.9337203886111114
7036,-0.41390075500000023
7037,-3.001223165641019
7038,-2.2505268345119043
7039,-2.352884290661376
7040,-2.0203676215476185
7041,0.0371948612500006
7042,-1.338651716499998
7043,-0.1489697250000006
7044,-0.06268312999999992
7045,-0.19250953062500997
7046,-0.8282316014285739
7047,-1.0056161991666661
7048,-2.712450513670635
7049,-1.4802261233829876
7050,-2.2806779577777783
7051,-2.536743130443965
7052,-0.3849126426041316
7053,-0.8049817729166664
7054,-0.44176757964285784
7055,-3.1338971318181823
7056,-0.037400820000002
7057,-2.465980221076048
7058,-1.5672991626373511
7059,-1.9283840726515793
7060,-2.15299094067619
7061,-2.583922128434066
7062,-0.6587361541666654
7063,-2.9108665244791663
7064,-3.0535684137301593
7065,-2.336457405952381
7066,-0.31250953749999866
7067,-0.5162520129166657
7068,-3.1982746119661796
7069,-0.5108913612499985
7070,-0.9190374991666665
7071,-2.702138206553289
7072,-0.8328612005859384
7073,-1.5713690522222206
7074,-0.5466139891666664
7075,-1.1440430680624996
7076,-2.969780010208333
7077,-2.3213588336850646
7078,-0.8371450412500008
7079,-0.18534650047619042
7080,-0.8528676698437501
7081,1.1871788166666672
7082,-2.4531127963501427
7083,-1.9808603504296887
7084,-2.2573141294642847
7085,-0.15600592624999976
7086,-0.8411287368749996
7087,-1.9249122617777767
7088,-2.9136248261382987
7089,-1.1292506987931035
7090,-0.3956708762500014
7091,-2.2334680133125007
7092,-0.962023470572916
7093,-2.877480758499999
7094,-2.9872975289379076
7095,-0.7381845813645818
7096,-1.3706229750000007
7097,-3.1754108170833333
7098,-2.2603897708872127
7099,-1.9346654090756303
7100,-0.3105159849999997
7101,-2.9187766374067454
7102,-2.8163863759597705
7103,-1.023868638869732
7104,-3.237525571030303
7105,-0.7782292927083354
7106,-2.492317274545454
7107,-1.3747728230624996
7108,-0.49224179045454525
7109,-1.223864592364865
7110,-1.1541435741145836
7111,-1.3312513115384628
7112,-0.835630828571429
7113,-1.4379684748017234
7114,-0.015090736666666752
7115,-2.914592609995535
7116,-0.5933227426041677
7117,-1.6869654476923088
7118,-0.1563676812499999
7119,-0.7983284470000015
7120,-2.181389073193027
7121,-2.357238610274727
7122,-1.4628043029999998
7123,-3.53247994142857
7124,-0.6891100179999995
7125,-1.1712706423124994
7126,-0.7130762483333335
7127,3.1926663543749987
7128,-0.47493978277777654
7129,-0.432178749615385
7130,-2.2116406471880135
7131,-2.562992238926725
7132,-2.1188595676748085
7133,-0.9924840172222211
7134,-3.0417637840625
7135,-1.1440596519444446
7136,-0.805905350714286
7137,-0.001772031250000694
7138,-1.4389631273000003
7139,-3.3474554256904776
7140,-3.483537554961539
7141,-2.342077105210084
7142,-2.140788739175835
7143,0.04393392421052729
7144,-0.1670100881249983
7145,-1.0132587466666696
7146,-1.624817587471591
7147,-2.8363954661458335
7148,-0.18074614416666798
7149,-4.116040574130435
7150,-0.6365586055357149
7151,-1.513940912270833
7152,-0.38132614124999975
7153,-0.06165371937500774
7154,-0.018662681785715205
7155,-2.669187779077267
7156,-0.48063484083333563
7157,-1.8889477530603453
7158,-0.4567363066666677
7159,-0.6504774483333335
7160,-0.9275967750000008
7161,-3.452298534685183
7162,-1.9720136165476185
7163,-3.3999122616666675
7164,-1.3933968973214284
7165,-1.568526409700521
7166,-1.0289084674999998
7167,-0.37052628010416794
7168,-0.6882077600000045
7169,-1.0067859029166673
7170,-0.5784837046388874
7171,-1.0924720753571424
7172,-0.11457907166666696
7173,-0.5848783722222193
7174,-0.055840630833333904
7175,0.01699068333333346
7176,-0.8653483916666698
7177,-3.913910493666665
7178,-1.8804933093333327
7179,-3.5268186800000003
7180,-2.7692565010689654
7181,-3.8528529217499994
7182,0.004149037499999508
7183,-1.6412560863541659
7184,-1.372878197773443
7185,-1.184483194166667
7186,-0.7919073121904716
7187,-1.2665629299305579
7188,-0.40910000750000347
7189,-2.859550244047619
7190,-0.30546085291666775
7191,-1.9334264341666667
7192,1.4245052662500015
7193,-0.32394572944444394
7194,-2.6452486140122122
7195,-1.5707055491964372
7196,-1.7675977677083334
7197,-2.647840733
7198,-0.7184533290952373
7199,-1.7293066886333317
7200,-0.9126359413095236
7201,-0.28664048091647204
7202,-0.7006431762500007
7203,-2.2623967204916973
7204,-0.6140482616851879
7205,-2.439387535201149
7206,-1.4881987702777775
7207,0.4596685812499999
7208,0.07767259624999667
7209,-1.2236987848636367
7210,-2.5807658945555545
7211,-0.1690278587500007
7212,-3.4327734963768104
7213,-0.9519794253703695
7214,-1.464268726666668
7215,-2.772310767037036
7216,-2.7941331031111116
7217,-1.393226987166668
7218,-1.7706152166666669
7219,-0.9608348172916665
7220,-0.34966187833333345
7221,-3.204690599285714
7222,-3.3645796746428567
7223,-3.1733347670833343
7224,-1.9604412447108845
7225,-0.07481430749999873
7226,-2.809961184166667
7227,-1.6013290464961387
7228,-0.8855562308333352
7229,-2.3049027372857154
7230,-0.5064037787500002
7231,-0.8638211649166685
7232,-2.5466071625445235
7233,-1.5299758709482754
7234,-1.624270145666668
7235,-3.7561577234375
7236,-0.604305191249999
7237,-3.2496008863580244
7238,-1.9739232558333357
7239,-1.5385551824568977
7240,-0.9201449845833336
7241,-1.136746772777777
7242,-1.0667400959687499
7243,-2.0766628525517246
7244,-3.3530525554563892
7245,-2.3995365387777774
7246,-2.001695280275862
7247,-1.0704766932343766
7248,-0.27670568437500265
7249,-1.2399382956145828
7250,-1.8261176741666656
7251,-2.016907164615384
7252,-2.3568032198888886
7253,-2.6556552760007497
7254,-2.1567424389062495
7255,-2.3814855897105263
7256,-0.6585213785714268
7257,-2.9704737703124993
7258,-1.254240238076923
7259,-3.3604041219440863
7260,-3.512368879107143
7261,-2.9226304737632267
7262,-2.09649716909091
7263,-0.42858023333333267
7264,-0.7433404733333343
7265,-1.5811611723999999
7266,-0.34900407904761316
7267,-3.451624391285715
7268,-1.565599189166663
7269,-0.9910240713020824
7270,-1.1437299875000007
7271,-2.337717104318848
7272,-2.1412315628407215
7273,-3.805277780208333
7274,-2.680034604285715
7275,-2.0812189575297606
7276,-2.618560415
7277,-2.152323822968748
7278,-0.6587187822222234
7279,-1.3322446574305558
7280,-3.0210322781818153
7281,-1.0514978251666698
7282,-2.2470436091472865
7283,-1.5711496192838539
7284,0.5966979612500012
7285,-0.17165926029304046
7286,-0.4182532786206919
7287,-1.1424835964285711
7288,-1.233589757499999
7289,-3.9419797609999976
7290,-2.1980478374374997
7291,-2.2164637468671535
7292,-0.6964737262500004
7293,-2.07796491360427
7294,-2.565611808749999
7295,-0.9983573618421067
7296,0.5964332604487197
7297,-0.5750231845000002
7298,-3.4193516524999996
7299,-2.068612170119046
7300,-2.822881313869047
7301,-1.6295829685714278
7302,-2.150592575128206
7303,-2.716891397619047
7304,-2.2925133231944446
7305,-1.073230758999997
7306,-0.9996782090909093
7307,-1.631723435390625
7308,-0.13187324000000267
7309,-0.6569404393333322
7310,-0.325144682499998
7311,-3.2440308335714287
7312,-0.305930113928572
7313,-2.5803696899175823
7314,-0.50454981575521
7315,-2.4951216768750006
7316,-2.1129006239285704
7317,-1.8563658714880944
7318,-2.3405214667532444
7319,-3.119269011190475
7320,-1.6270710346078425
7321,-1.6001995407073388
7322,-0.4672141517857172
7323,-3.1356282209113298
7324,-0.1856117475000003
7325,-2.9848745444310345
7326,-1.4668470151945816
7327,-0.8702775470000006
7328,-3.0966329689085215
7329,-1.3770172287931035
7330,-1.99196457625
7331,-3.0546324343478264
7332,-1.7370844885061578
7333,-3.4304611374999987
7334,-0.6724856791666669
7335,-0.6346313861666649
7336,-2.3048569682327575
7337,-2.7257448257575745
7338,-2.2897839340476196
7339,-3.982831039166664
7340,-0.3368500484375003
7341,-2.6514877897619056
7342,-1.9649369122758622
7343,-1.7424623656428548
7344,-3.205139440925925
7345,-2.9614581922500007
7346,-0.259160623333333
7347,-0.4565053337931043
7348,-0.21100203055554959
7349,-0.5124433767708343
7350,-0.30749344472222145
7351,-1.46090413452381
7352,-2.5479291161764706
7353,-0.5372453364999987
7354,-2.139977348361607
7355,-1.825448261818181
7356,-1.4693435596376812
7357,-0.9210801758333318
7358,-2.4114148691789823
7359,-3.8636456055000004
7360,-3.779916136320512
7361,-0.38599991395832944
7362,-0.6975774539999975
7363,-0.34213799249999965
7364,-2.4735869751215107
7365,-0.0347525619999999
7366,-0.05627730437499956
7367,-0.3188946312500036
7368,-2.3311703542857143
7369,-2.863603719130435
7370,-3.676535540000007
7371,-0.4562642425074408
7372,-2.2753331596874986
7373,-0.299014215833334
7374,-0.1734624253333313
7375,-1.1104443584375003
7376,-2.9846198556560357
7377,-0.6541452704464271
7378,-3.234371249708333
7379,-0.8804195516666672
7380,-0.3750520916666649
7381,-3.1810686583333334
7382,-0.613581221666666
7383,-0.6970075187499992
7384,-1.374230396000001
7385,-0.7494748106250002
7386,-2.6777389414116364
7387,-1.3719808060763878
7388,-0.2650053435416675
7389,-0.6244984711111101
7390,-3.5750714624999986
7391,-1.6802986963888895
7392,-2.512037952510822
7393,-0.4466029038888877
7394,-0.5298573299503969
7395,-0.19584407214285754
7396,-3.0328199890842487
7397,-2.327332105863095
7398,-1.3148972354166668
7399,-1.6056009992360916
7400,-0.004059435857142191
7401,-1.5719199506666675
7402,-0.4342377119999995
7403,-2.4955939430187075
7404,-3.2809137341666665
7405,0.01622673875000184
7406,-1.0461259208333331
7407,-1.8680409705217391
7408,-3.675374461249997
7409,-2.933922713000001
7410,-2.066906303729287
7411,-0.21693030379309997
7412,-3.015912327407407
7413,-3.158382339916666
7414,-3.1028558024999997
7415,-0.2914816912499987
7416,-2.033889613571429
7417,-2.7663036032758623
7418,-2.1599220305833327
7419,-3.660454618953488
7420,-2.8153364546428574
7421,-1.1835709712500027
7422,-0.7358668167592618
7423,-1.7900182014285977
7424,-0.8713823907142861
7425,-2.6382217178414473
7426,-3.619638707999999
7427,-1.6665694441666687
7428,-0.7170950092592574
7429,-1.2545514894444438
7430,1.2204936525
7431,-1.0224469253571462
7432,-0.8006368307142877
7433,0.012524586666664561
7434,-2.2927261937637335
7435,-0.7787477937499929
7436,-2.5664670349074066
7437,-4.337826748541667
7438,1.4549496716666634
7439,-0.6229643468181791
7440,-0.23318390041666692
7441,-0.08898276055555875
7442,-1.7109803175977008
7443,-1.3251768802758628
7444,-2.309101976614402
7445,-0.6462788629999977
7446,0.14050859611111122
7447,-1.155319141875001
7448,-0.4044799199107132
7449,-1.7816462860477018
7450,-1.7075165893333348
7451,-1.1025921167125006
7452,-1.7934179713095237
7453,-2.769133845911331
7454,0.9689386731250011
7455,-3.1604904934616864
7456,-0.4002034097827405
7457,-0.47700404821428527
7458,-0.5171838922727287
7459,-0.744798209444443
7460,-1.1419064477272727
7461,1.5137066778333341
7462,-1.121722890000001
7463,-0.3573254239999983
7464,-1.2262506285
7465,-3.109963765877976
7466,-1.0745416579375013
7467,-0.03774522999999963
7468,-2.471147359583334
7469,-3.492700559384614
7470,-0.5761480291666649
7471,-1.9917637298214288
7472,-1.4099213988492083
7473,-0.30562680687499927
7474,-0.7938166044696967
7475,-2.203128711235632
7476,-0.7607700471369071
7477,-0.3457733376666667
7478,-3.053089222045455
7479,-2.619114758310346
7480,-0.2973325612500002
7481,-2.51969036875
7482,-2.460687109736842
7483,-1.0454456406250001
7484,-1.911032364729064
7485,-1.3968450876666672
7486,-3.3622630507527713
7487,-1.2220047158333334
7488,-2.706941164840848
7489,-0.6262856920833317
7490,0.4538444662500005
7491,-2.107482005
7492,-2.276744804583334
7493,-0.3225660603271446
7494,-0.48203653020833315
7495,-2.2319940057142866
7496,-0.11401581333333155
7497,-2.39138184009375
7498,-3.0676719945454547
7499,-2.220694913360615
7500,-2.106169527857143
7501,-3.2993611233333313
7502,-0.7569747819567326
7503,-1.8154016966666662
7504,-2.384631119539683
7505,0.17489729874999682
7506,-0.6039427575000005
7507,-0.40251292507836406
7508,0.1699630828125036
7509,-2.6577877606232487
7510,-2.1228674837499972
7511,-0.3296717453448248
7512,-1.8749009904642844
7513,-2.805655039775862
7514,-0.20158460655172294
7515,-0.7474745770833309
7516,-0.3074128896875017
7517,-0.38840573338095224
7518,-0.6355070871904758
7519,-3.655146486055552
7520,-2.4737152206481507
7521,-1.1049056653611113
7522,-1.4635147614583337
7523,-1.0579432456250002
7524,-0.7075563926562491
7525,-2.233037328303571
7526,-1.4510334465624999
7527,-2.2319488507088123
7528,-2.3504308124833337
7529,-1.2401901521153884
7530,-1.2413464621428558
7531,-0.6122714735714323
7532,-3.1781251722198256
7533,-1.8651783237500013
7534,-0.5549946937500003
7535,-1.5127242220187505
7536,-0.6921401923148127
7537,-2.4576134283228663
7538,-1.8091261801562506
7539,-1.3619555977115259
7540,-0.25437630366666325
7541,-0.22700687999999936
7542,-0.23662250460362538
7543,-0.23613481112068868
7544,-0.0849347496296273
7545,-2.76981404901455
7546,-1.207597279000001
7547,-1.344543247777778
7548,-0.7528143367166673
7549,-2.4160973761458333
7550,-0.4666177128571434
7551,-0.4069658766666606
7552,-0.0863209914705896
7553,-2.34340052887755
7554,-2.55084869948718
7555,-0.27150349333333307
7556,-1.6987105345238132
7557,-3.9932626388333334
7558,-0.17549402124999958
7559,-0.5361104965000003
7560,-3.611415811575756
7561,-1.4772572343749992
7562,-1.9314949100779972
7563,-0.7370282455555568
7564,-0.7008674644374991
7565,-0.4745201125000005
7566,-2.5797836329999995
7567,-0.7196049061111106
7568,-3.1096238191071435
7569,-2.3994793454232797
7570,-2.3906826406875012
7571,-2.516721744416666
7572,-0.7413721266666666
7573,-1.739951111428572
7574,-2.3588757471874997
7575,-3.0810711994999975
7576,-0.4675392380555555
7577,-2.0725533177758626
7578,-0.10082353333333553
7579,-1.2886033074999987
7580,-0.6161464124999991
7581,-2.8374701308180317
7582,-3.6908133833333325
7583,-3.507443436666667
7584,-0.5162427445833325
7585,-2.5890797837241375
7586,-2.4156568250000023
7587,-0.08270753749999837
7588,-0.3650691053125027
7589,-1.2395686383333289
7590,-1.9667290919800007
7591,-0.14247770374999824
7592,-2.62584188037037
7593,-3.270821998749999
7594,-2.3933816906249996
7595,-1.1713048792954546
7596,-1.727360162333334
7597,-0.6907301133333353
7598,-2.3953194894666656
7599,-0.6295251079411744
7600,-3.9141936256250016
7601,-2.454281473363636
7602,-1.1020103783333344
7603,0.36316678999999397
7604,-0.05834520428571415
7605,-2.1528052419196433
7606,-1.531505142000002
7607,-1.4288030739583317
7608,-1.8580060556250002
7609,-0.2714027507499992
7610,-1.1238805736590034
7611,-1.344921642777777
7612,-0.1097094162500003
7613,0.9178466289583334
7614,-1.9537262425551456
7615,-0.4549868322222213
7616,-2.683866170757575
7617,-0.5731287975000008
7618,-2.6297341187499987
7619,-1.9845631468333351
7620,-0.2683836362499994
7621,-3.2044435879166664
7622,-1.5765946024999988
7623,-1.8645345721249995
7624,-2.119538461818181
7625,-2.829295865966386
7626,-0.21123146000000226
7627,-2.6539919988136282
7628,-2.481164714375
7629,-2.0382713712954987
7630,-1.6221119063125
7631,-1.4323743112500003
7632,-1.5478492000595239
7633,-0.6599926340004506
7634,-2.5093424280423275
7635,-0.39271961000000033
7636,-0.18640755765624917
7637,-2.3168228750000006
7638,-0.3856115643809517
7639,-1.851742965344827
7640,-0.6186925749999972
7641,-0.3450931386904748
7642,-0.1618468793749989
7643,-0.3884129750000002
7644,-0.06711258541666787
7645,-0.9489801546754819
7646,-2.709266310625001
7647,-0.41582611249999957
7648,-0.8526977424999966
7649,-0.9240942674338615
7650,0.17724069041666368
7651,-2.8915023660000014
7652,-2.7388893073958336
7653,-2.6113159875879313
7654,-0.15986117986111084
7655,-0.6156334446666676
7656,-2.638722917328042
7657,-0.9860166368103449
7658,-2.0607411074097235
7659,-0.34502167057692207
7660,-0.4537037066666632
7661,-1.837937719107142
7662,-0.8192553546166664
7663,-1.2978889501190471
7664,-0.4992086899999997
7665,-0.2569728015535705
7666,-1.91602781530303
7667,-0.9140723493655304
7668,-2.5740807395000003
7669,-0.2832938429166658
7670,-2.702762577666666
7671,-1.8576053089035103
7672,-3.557437455329672
7673,-0.37682686409722105
7674,0.1431317349999972
7675,-1.175087052272727
7676,-2.4934508985208184
7677,-0.360776323750005
7678,-0.5733301422500006
7679,-1.6425350620000003
7680,-2.1393154294930548
7681,-0.2258458138461536
7682,-0.5088066146666691
7683,-2.2282760828236183
7684,-0.48529985727272806
7685,-2.0837522504884896
7686,-1.7430294244791664
7687,-3.5175252495833313
7688,-0.18568260199999714
7689,-1.8422904766666655
7690,-2.823380161535714
7691,-4.225110933099998
7692,-0.5938319166666682
7693,-0.5819312166041666
7694,-0.21183492458333308
7695,-2.709739127464286
7696,-2.933862450225
7697,-3.454407959880952
7698,-0.38791059437500053
7699,-1.0773073500000028
7700,-1.9011926225184723
7701,-1.9979097893333324
7702,-2.4184753758333333
7703,-2.7782570833333344
7704,-1.0703948151085547
7705,0.2704461775000002
7706,-2.684087633883337
7707,-1.0744526369545466
7708,-1.8541863074137943
7709,-1.6546803429190482
7710,-2.7503756748015875
7711,-1.5541386104166666
7712,-0.06951272124999885
7713,-1.9115091468229188
7714,-2.222635345483137
7715,-1.4436729681321836
7716,-3.1506585369047606
7717,-2.6380272879166675
7718,-2.4361644646666685
7719,-2.382050965628079
7720,-0.18891688333333434
7721,-1.4524000367153826
7722,-2.076047775772114
7723,-1.1727930481812738
7724,-0.5394212799999968
7725,-0.8492804044444466
7726,-3.064247861966668
7727,-0.17966207208333884
7728,-2.463191903074712
7729,-3.055646548604166
7730,-0.8501182997727273
7731,-2.3213958450000005
7732,-1.4833482520138908
7733,-1.2533137655517237
7734,-0.38926681752164555
7735,-0.45214413785714264
7736,-2.3156097145833323
7737,-0.38295869928571324
7738,-1.5945946361135064
7739,-1.8721297306944447
7740,-0.22062925874999806
7741,-2.7779586323750003
7742,-0.4342933527272741
7743,-2.497155506054422
7744,-3.3379358890322575
7745,-0.3025253887500057
7746,-0.5358045699999998
7747,-0.5971422588888878
7748,-2.174769913705357
7749,-1.129204899137931
7750,-3.5709133387500005
7751,-1.5067951521162943
7752,-0.9237187224999996
7753,-0.6818103772727294
7754,0.35974533500000305
7755,-2.2494785723070643
7756,-0.08612548160353602
7757,-1.4668680377459347
7758,-1.4100598603813552
7759,-0.3071470198275866
7760,-0.6152445087869465
7761,-0.632861437812501
7762,-1.4588930594500007
7763,-2.7561113569583338
7764,-0.6078159224999995
7765,-1.762524513945313
7766,-3.477498397666666
7767,-2.387248134428595
7768,-2.518617068039216
7769,-0.17853670875000027
7770,-1.8517309574144747
7771,-0.4970091422916691
7772,-2.9749174518333334
7773,-0.3175600509999981
7774,-2.017774129791666
7775,-2.306514077329193
7776,-2.994589143586208
7777,-0.1547842253124987
7778,-0.6225449733333358
7779,-1.1308659574999993
7780,-0.20360681249999857
7781,-3.025380696493055
7782,-0.2719599366666663
7783,-2.0577498407097705
7784,-2.388507173333334
7785,-0.28558292583333333
7786,-3.1963483615624995
7787,-1.8030250030208435
7788,-1.0111538749999984
7789,-1.5353885849573858
7790,-0.6048477849999969
7791,-1.379379104133333
7792,-2.023284495125661
7793,-3.796956807499999
7794,-0.5580088700000012
7795,-0.19858864166666698
7796,-0.11949234390624852
7797,-2.4979223316964294
7798,-2.073124101291209
7799,-0.47382519154761993
7800,-2.191401206750001
7801,-0.4683503683333375
7802,-3.0649221868567653
7803,-2.7355754636249996
7804,-0.3679232941666684
7805,-1.4751784437763165
7806,-3.339448230758621
7807,-0.964944491640626
7808,-3.0168960001388885
7809,-2.793216375000001
7810,-1.784013984166667
7811,0.20834670775641284
7812,-0.41355985000000006
7813,-2.692674508760505
7814,-2.695346935418719
7815,0.014565703333335733
7816,-1.843084071190475
7817,-3.3055543214200194
7818,-2.3885197676190475
7819,-2.221381058189483
7820,-0.5827429168333331
7821,-1.6515036658333333
7822,-0.31339008812499847
7823,-3.477598544763891
7824,-0.21622489125000044
7825,-1.1917278547000003
7826,-1.4095123212500003
7827,-0.4048492975000002
7828,-1.7470824655249053
7829,-0.7467565422222214
7830,-1.9295407531377538
7831,-1.204245116750002
7832,-2.2990447261542144
7833,-0.743824890416664
7834,-0.5835034179166647
7835,-0.7227659013541677
7836,-3.4369442967682007
7837,-2.7473934343080364
7838,-2.444268620841269
7839,-3.487807100424242
7840,0.007015786875000707
7841,-0.970266135663264
7842,-0.7273320772222244
7843,-0.5848416326666666
7844,-1.9820126402777778
7845,-3.722812292333333
7846,-1.5715473499999995
7847,-0.9623563912499982
7848,-1.6825140743235285
7849,-1.908905668646553
7850,-2.734771699216301
7851,-1.5491466628571435
7852,-1.6182735403703714
7853,-0.09414016249999868
7854,-0.9996411585526324
7855,-1.5008888638333338
7856,-0.8672310940476183
7857,-2.136726015421456
7858,-0.6466085964200678
7859,-1.2550038982758622
7860,-2.8703953813461536
7861,-0.838420510833334
7862,-0.719297537916666
7863,-2.5319517485582015
7864,-1.0593570483333323
7865,-2.7526476034663867
7866,-2.0739090204963433
7867,-2.422587112708335
7868,-2.2302929850000006
7869,-2.8311144150000005
7870,-2.0763642635000017
7871,-3.666831877857142
7872,-0.6145036685714302
7873,-1.6894958203869044
7874,-0.24247656518939403
7875,-0.5072878362499988
7876,-3.9384587583999995
7877,-0.4652934132500004
7878,-3.2105253719841262
7879,-0.1453751689285718
7880,-1.0253808688888881
7881,-0.5932334753246742
7882,-3.893460453636365
7883,-0.6809799182407422
7884,-2.244047649928572
7885,-0.6840280950000004
7886,-1.776019953666667
7887,-0.26995095499999877
7888,-3.2449517274807684
7889,-1.8713215715000018
7890,-1.408942188214287
7891,-3.444694518
7892,-0.9645934090000005
7893,-2.4045906896798033
7894,-1.8276010683333344
7895,-0.16232694807692438
7896,-0.36073170099137997
7897,-1.7315185633333339
7898,-2.0596644168749982
7899,-0.2565679075000009
7900,-0.9272572229166668
7901,-1.5767698438333333
7902,-3.1842369638928565
7903,-0.06666458000000001
7904,-0.9473090383333371
7905,-0.9382042636458335
7906,-0.6048011850000004
7907,-1.1764843600000034
7908,-1.1141725204166661
7909,-1.3416208503284064
7910,-0.9195708841666662
7911,-0.34603674625000047
7912,-0.06267894416666467
7913,-2.187534427787356
7914,-1.7200487435000014
7915,-2.465712242000001
7916,-1.5251614743842363
7917,-0.16647632027779005
7918,-1.4350622679250002
7919,-0.8636731299999978
7920,-2.1329360599521063
7921,-1.2090491911538461
7922,-1.0718826400000012
7923,-0.6962872313333321
7924,-1.7610202196666687
7925,-2.3143187000000003
7926,-0.709564330000001
7927,-3.1665357991249996
7928,-2.5904780203703712
7929,-0.040951215624993154
7930,-2.6008537469999995
7931,-1.1221514137500037
7932,-1.4674482181140358
7933,-2.992093305641025
7934,-3.8521262079761907
7935,-3.011579851829669
7936,-0.24399049791666094
7937,-0.1125830499999978
7938,-2.1959496741379327
7939,-0.7140119558333318
7940,-2.128239048394886
7941,-2.4432977863636363
7942,-2.05098305875
7943,-2.7248032032422738
7944,-3.826331624166665
7945,-2.2400433901256616
7946,-0.4872473386875015
7947,-1.4097183355803575
7948,1.5572960199999955
7949,-0.3386437455833331
7950,-2.0388929061111116
7951,-0.05810350408898049
7952,-3.253925137500001
7953,-1.5973186573076914
7954,-1.1311335123288682
7955,-2.340932952894736
7956,-0.39786391520833275
7957,0.03783357371305396
7958,-2.1071537930555557
7959,-0.5862758443749994
7960,-1.56863557875001
7961,-1.0347626545454545
7962,-0.550708905625001
7963,-4.229514713333333
7964,-0.5414248338888888
7965,-2.957191427573635
7966,-3.2494171878869054
7967,0.8359992687499993
7968,-0.4313013869999992
7969,-0.510555619791667
7970,-0.9229014007500013
7971,-0.824962836363636
7972,-3.2538026766666674
7973,-3.352528703135415
7974,-3.275854045937501
7975,-0.45651819124999804
7976,-2.482239865952381
7977,-0.49382606999999723
7978,-0.24785554958333478
7979,-1.9177141922222225
7980,-3.5379609583333327
7981,-2.5362492983821845
7982,-1.0767932666841582
7983,-0.7353782572619058
7984,-0.5841547516666689
7985,-0.9675499626587241
7986,-0.7149410083333313
7987,-0.41495760962643696
7988,-0.5153459865000002
7989,-1.3947957543534475
7990,-0.4153418910416633
7991,-2.553530020220391
7992,-0.14882054236842035
7993,-3.701482152962962
7994,-2.2452359196982754
7995,-2.302439253344672
7996,-1.1691348676026276
7997,-0.8034714730000019
7998,-0.3834568433333345
7999,-3.5674334321666663
8000,-2.1688180589614126
8001,-1.086479175000001
8002,-3.1863941905853546
8003,-0.749206370000004
8004,-2.020379727631579
8005,-2.5409906920845478
8006,-2.1884903720000013
8007,-3.027479124947916
8008,-2.4279070704999994
8009,-1.98640798297494
8010,-2.765672497144395
8011,-2.180761291785715
8012,-1.493799035999995
8013,-0.95150623624999
8014,-1.8581800926498349
8015,-2.022244144642857
8016,-2.5400236488333334
8017,-0.1082513349999985
8018,-3.5408728118749986
8019,-1.684660799940476
8020,-1.310087956582515
8021,-1.2120390328448274
8022,-0.5139934816666667
8023,-2.204679977391305
8024,-1.4689356063636347
8025,-0.4630038537499992
8026,-0.9643808857142856
8027,-1.8755301935862072
8028,-1.8822504440476189
8029,-2.496436364642857
8030,-2.3077786520562764
8031,-2.6328894647044336
8032,-2.1560043518681318
8033,-2.1025578891666683
8034,-1.8255471822352223
8035,-2.6786813427380953
8036,-3.7758873809999978
8037,-3.9796935210526327
8038,-2.6067901540909078
8039,-0.46828125249999974
8040,-3.2560967631481494
8041,-3.2491865215684856
8042,0.08418333624999974
8043,-2.5618288969918694
8044,-0.5271918430000013
8045,-2.4964509047356325
8046,-0.7921886083333305
8047,-2.771496174
8048,-0.7840503037499977
8049,-0.02824139333334112
8050,-0.6977305716666725
8051,0.08839522798742555
8052,-2.4184819144109193
8053,-0.6359912952083349
8054,-0.7861504581250038
8055,-2.3151889700000012
8056,-1.1183893688888904
8057,-0.3498121473214277
8058,-0.7578427641662262
8059,-0.7138836034375018
8060,-1.6898026756862747
8061,-2.8974592994417083
8062,-0.8928237216666667
8063,-1.9916963612500016
8064,-0.7452239566666657
8065,-1.0714212435000001
8066,-0.25534403203124967
8067,-1.158692742
8068,-2.300576585499999
8069,-3.297985820102171
8070,-3.5242971501538465
8071,0.0061892247354497915
8072,-4.1653314195833335
8073,-2.3050373715625003
8074,-2.663847809000001
8075,-1.6607197589285718
8076,-0.18939748999999986
8077,-1.2429353800000058
8078,-2.4920594461749985
8079,-0.6536033355102019
8080,-1.2908898040109886
8081,0.5069312188888659
8082,-0.7841686600000012
8083,-1.5320347100833338
8084,-0.4898726459598226
8085,-1.1693720467343751
8086,-2.8037404886666666
8087,-2.9424519467724872
8088,-1.5306237630000012
8089,-0.5222848573214343
8090,-1.3587918005000006
8091,-0.6013364706250002
8092,-1.4710953824999997
8093,-2.7707475025
8094,-2.6796616049634276
8095,-1.7160547556249977
8096,-0.8896565311363609
8097,-2.258836051283334
8098,-1.1258302186476286
8099,-1.038369361629762
8100,-2.6043845636904766
8101,-2.064758899999999
8102,-3.48750892107143
8103,-0.1984527500000013
8104,-3.5691515161666687
8105,-3.247844016071429
8106,-3.4175342623333314
8107,-2.3978773084101905
8108,-0.6062629511309513
8109,-1.764086942586956
8110,-0.431280275738916
8111,-0.4557231951587326
8112,-1.8126525902701158
8113,-1.985748114285715
8114,-2.8298692323399015
8115,-0.4031874843333327
8116,-1.767366990000001
8117,-1.1842323344499994
8118,-3.3463786559523805
8119,-2.2677143500000008
8120,-1.943085261011905
8121,-1.1333305880555555
8122,-3.1671409585515864
8123,-1.396420788125
8124,-1.9039596356410244
8125,-2.6116539071093072
8126,-2.342595209941537
8127,-2.114307901690271
8128,-2.148411580354405
8129,-3.1227455945103446
8130,-2.1676877401190473
8131,0.13683376687499993
8132,-3.6494072715625006
8133,-0.3020772505555532
8134,-0.9437063280000011
8135,-1.1886923753047614
8136,-2.495667078645834
8137,-1.0067712746666664
8138,-1.2914224955303022
8139,-3.74501564060606
8140,-0.46871397119048197
8141,-1.6318358752564093
8142,-1.9303651893137252
8143,-0.7358874741911767
8144,-1.956455898338978
8145,-0.7695588245833349
8146,-0.44871637458332714
8147,-1.5135248904761909
8148,-2.095710055208336
8149,-0.3137454275000007
8150,-0.6863907787931035
8151,-2.8501285243103447
8152,-1.8377478320000016
8153,-0.43926148875000237
8154,-2.7366174907407435
8155,-3.3820455538333323
8156,-3.5777038461587303
8157,-0.48147113589285645
8158,-3.1077591034965986
8159,0.12980286000000163
8160,0.04977068499999149
8161,-2.1160462345454545
8162,-3.165389938333334
8163,-2.341740573104167
8164,-0.4946902881249997
8165,-2.9440710005741773
8166,-2.3680530508432542
8167,-0.42103565249999925
8168,-1.1578162702643702
8169,-0.9437069620000045
8170,-0.8310376988888896
8171,-0.45913413491071864
8172,-2.2015168163293644
8173,-3.03283544610119
8174,-0.5032424835416665
8175,-0.457607183786946
8176,-0.6926631279166662
8177,-1.5091072404166663
8178,-0.6748442850000007
8179,-1.2563594801970441
8180,-2.3225191454538687
8181,-0.3771459882708328
8182,-4.172632269999997
8183,-1.6826360188294018
8184,-0.5044549950000018
8185,-2.179588050263158
8186,-2.700365508468754
8187,0.026896489791663925
8188,-0.6978640054999999
8189,-0.37315426500000054
8190,-0.26129458448275855
8191,-2.1719411406250013
8192,-1.519279632142857
8193,-3.212660742500001
8194,-3.449530881555555
8195,-1.720972566051723
8196,-0.30688925812500045
8197,-2.3035361629251696
8198,-0.922415920833334
8199,-1.8447312116644559
8200,-0.8021178096774204
8201,-0.5196700380000003
8202,-2.541030345268655
8203,-0.054588338749999465
8204,-0.6543779616666665
8205,-0.6145346348275851
8206,-3.138478141875
8207,-1.1246288721428581
8208,-2.412652801034484
8209,-0.3873206754166709
8210,-0.5019769292857136
8211,-0.14681218803571383
8212,-2.949310692638889
8213,-2.0232578668749945
8214,-0.7373207399999995
8215,-1.0250925768749994
8216,-2.7845655415
8217,-0.6412724780000019
8218,-2.0807296543750002
8219,-1.6304283477356327
8220,-1.3124982584374996
8221,-1.2240402537500017
8222,-2.8513117333333327
8223,-2.053016501904762
8224,-0.8744328691666725
8225,-0.23942527053571286
8226,1.306076984999999
8227,-3.4799468768333326
8228,-1.0120311621904747
8229,-1.3555513002507835
8230,-0.9644783249999976
8231,-2.9664838634770123
8232,-1.4314501023994257
8233,-0.09507664000000204
8234,-0.7268013762499947
8235,-2.5317624313043487
8236,-2.3515677306013956
8237,-1.6769908489374998
8238,-1.1764838865833325
8239,-1.3931796522083335
8240,-0.715360119375001
8241,-0.8117910368055554
8242,-0.8979202922222242
8243,-0.5139294183333334
8244,-3.3342792616190478
8245,-0.7055747683333333
8246,-2.6231631634375
8247,-0.9055550730000028
8248,-0.33262087699999726
8249,-2.356551098275861
8250,-0.49303110555555446
8251,0.6551073612500034
8252,-1.0930376246551718
8253,-2.2610391749999996
8254,-3.2366732602083332
8255,-1.4590466741666681
8256,-0.45069871839285724
8257,-0.4372827699999995
8258,-0.6236098982142845
8259,-1.7745731550000006
8260,-2.0992869275000006
8261,-0.30492847249999855
8262,-1.7236994336363636
8263,-2.6803581721428578
8264,-2.1586940125369454
8265,-0.9586328204999998
8266,-3.72417785166666
8267,-0.3577449343333363
8268,-3.0484940494791672
8269,-2.382658171875
8270,-0.6218891287500004
8271,-0.8327932337395836
8272,-0.7990102449999998
8273,-1.1080936124999976
8274,-2.6605154452758635
8275,-1.809153059930555
8276,0.0
8277,-2.2279784815151515
8278,-2.9183720242307696
8279,-1.8433700310294119
8280,-0.4400581559999992
8281,-1.6252174355000029
8282,-0.5192553203571452
8283,-0.2377006802917794
8284,-1.6704360071510422
8285,-0.49841570213767916
8286,-3.6217471388888893
8287,-2.628309046904762
8288,-0.4567856525000007
8289,0.9424658864583293
8290,-2.277238717857142
8291,-0.5302363620000005
8292,-0.8019417846726183
8293,-1.3718437576190479
8294,-2.4494607304682225
8295,-0.8624332472916668
8296,-3.4255014665705135
8297,0.2806434887499982
8298,-0.4248217887500001
8299,0.43896639062499787
8300,-1.9326085276958325
8301,-3.278912853055554
8302,-1.711578916
8303,-2.927120863125
8304,-0.7212978627272729
8305,-0.5644328797222258
8306,-2.7683882716666677
8307,-3.10588651875
8308,-1.3973806874377397
8309,-1.0196945324999998
8310,-1.8847581497270116
8311,-2.8508906958333333
8312,-3.281046608033662
8313,-0.5753064994047629
8314,-2.7449475896428575
8315,-0.0027602596491243204
8316,-0.33633597749999966
8317,-2.1268807149999995
8318,-0.5119832597222201
8319,-0.9151627383333315
8320,-2.10848392827381
8321,-0.790010206249999
8322,-0.2614204390462973
8323,-1.5799750686111114
8324,-1.2323127794999995
8325,-2.558976996219725
8326,-1.2267235002744
8327,-2.2512020644961237
8328,-0.9612006149999992
8329,-1.0513171166666682
8330,-3.1939516562499994
8331,0.5606591462499999
8332,-0.36856195500000055
8333,-3.366523677685186
8334,-2.377613964855555
8335,-1.9363996046428587
8336,-2.61723140975
8337,-2.7627911999687496
8338,-0.7442683142857186
8339,-2.1032347837499996
8340,-2.0507047124999995
8341,-2.5866648080000005
8342,-0.3957385848901095
8343,-0.19337846661111038
8344,-0.45052716500000045
8345,-2.4906910568537413
8346,-1.3601813594999996
8347,-0.7226372223958334
8348,-0.9284596035714284
8349,-1.8366354971874983
8350,-1.8294060722222223
8351,-0.26631882749999924
8352,-1.6463684326722756
8353,-0.259307798750001
8354,-0.16154873982639137
8355,-3.617263174
8356,-0.7276730941904759
8357,-3.0195070048069135
8358,-2.012399996504516
8359,-0.051746367068965314
8360,-0.49606403653324904
8361,-2.4799393246969688
8362,-2.1190834281388895
8363,-2.2658564328787874
8364,-0.8853534391964288
8365,-1.4225238650000014
8366,-1.5398044177796124
8367,-2.2521129805882367
8368,-3.6176026786666666
8369,-1.520320355122126
8370,-1.3547368712239571
8371,-3.020120663165252
8372,-2.8611980421739136
8373,-2.90718741060119
8374,-2.706944250574534
8375,-1.5088818365900336
8376,-0.570860657499999
8377,-0.4183285737500011
8378,-2.5111777220391858
8379,-0.48568834023076674
8380,-1.4122053541666666
8381,0.01259336300000058
8382,-0.8302495005555528
8383,-2.629550492777778
8384,-0.4921682749999974
8385,-1.4535999596390086
8386,-1.320777778666666
8387,-3.670053144833334
8388,-0.470004778749999
8389,-1.0710317321874996
8390,-2.041494886796875
8391,-0.7855447499999968
8392,-2.420765690714286
8393,-1.6061238621825398
8394,-0.47868793553571454
8395,-1.8372671244166696
8396,-1.2638004233333326
8397,-4.010769561666664
8398,-0.34510057299999913
8399,-0.6671038675000034
8400,-2.0089833298263904
8401,-4.09969153144737
8402,-2.2690228947534785
8403,-2.871509720616883
8404,-2.876227499375
8405,-0.6716710800793658
8406,-3.938316614375001
8407,-2.7523000799999995
8408,0.6585364362500001
8409,-0.3895105375000014
8410,-2.356205420586207
8411,-0.468447070000001
8412,-2.270608033276942
8413,-0.8698395057142859
8414,-1.891518465745614
8415,-3.020721381111111
8416,-0.5273847668749951
8417,-2.2390450240993784
8418,-0.629942448888888
8419,-0.6125861447222197
8420,-1.661546209634148
8421,-0.2738158937500006
8422,-2.610498750277778
8423,-0.6937945794444447
8424,-1.6250138108675283
8425,-1.7604868705
8426,-2.2459139192036126
8427,-2.6821203250490164
8428,-2.2358917560468754
8429,-1.407838550470237
8430,-3.1131508481481482
8431,-0.5209218083333328
8432,-0.632509055627705
8433,-1.770014516589196
8434,-1.6303699407291665
8435,-2.1046653138194444
8436,-2.2861204965772677
8437,-2.241132945478927
8438,-0.8015104105937478
8439,-0.5005962431250026
8440,-1.3939010896296298
8441,-3.031407700714285
8442,-2.5368033085412547
8443,-3.2778954122771737
8444,-2.486131639246031
8445,-2.424621426458335
8446,0.050002915000000314
8447,-0.4072379938888907
8448,-1.9831485689655162
8449,-1.2958966634374995
8450,-2.488014498645833
8451,-0.2809978386249985
8452,-2.496834717619047
8453,-1.9644224150000003
8454,-0.253580006428568
8455,-0.25177431949999873
8456,-1.2134036410714282
8457,0.030218802500005637
8458,-0.7980361068750028
8459,-2.502945719435322
8460,-2.6099724363577597
8461,-2.180949041666667
8462,-0.7208672468055551
8463,0.021185714333331874
8464,-2.1131596754464255
8465,-2.5568922270881234
8466,-1.4012979166666655
8467,-0.43331396625000024
8468,-0.2557803431666656
8469,-2.4097679914263126
8470,-3.274476783571429
8471,-1.340124068000002
8472,-0.8781849018749952
8473,-3.099354685176871
8474,-3.628116425500001
8475,-0.6692528183333385
8476,-1.4461708742528732
8477,-0.8116797078571452
8478,-1.0051259062499995
8479,-1.8053148135000014
8480,-0.29612407939393587
8481,-0.054570624250004585
8482,-1.7710396387991076
8483,-0.8356537712500014
8484,-3.0516124800000006
8485,-0.2793429799999956
8486,-1.839568289242425
8487,-2.5460684047108835
8488,-0.504584270208332
8489,-3.205801718055556
8490,-1.527730192
8491,-2.372769111060606
8492,-0.19707843129629607
8493,-2.40897969538961
8494,-2.870472926792555
8495,-0.790205908999998
8496,-2.9369527463809524
8497,-1.7872914101809205
8498,-0.3266379866666658
8499,-1.480701408272985
8500,-2.430324807533157
8501,-0.537127037242063
8502,-1.3063368739999994
8503,-3.8026981506666675
8504,-1.1950464461384607
8505,-2.205418816916681
8506,-1.1429497000000002
8507,-2.525315605966666
8508,-2.5665204340740746
8509,-2.255936357738094
8510,-0.3736830974999972
8511,-1.0709861642857195
8512,-2.3088776627976193
8513,-1.1202787739772726
8514,-2.849447464458333
8515,-1.5262567298888854
8516,-0.19269878416666408
8517,-1.924714834583333
8518,-3.589194142000001
8519,-3.7171619672727263
8520,-1.7013023237949503
8521,-2.3912998520833324
8522,-1.5308048536781602
8523,-2.0838015682219804
8524,-0.6943284894982323
8525,-0.807921742499996
8526,0.9604628524999992
8527,-1.4587677839999997
8528,-0.8412325693750002
8529,-3.1084765384126984
8530,-2.227475808333334
8531,-1.801291367421769
8532,-1.2573207592708364
8533,-1.5971485741999998
8534,-2.084703074940478
8535,-0.28553304499999965
8536,-0.3205151347000003
8537,-1.4353280295999997
8538,-3.9687326407499994
8539,-2.2552220346428586
8540,-3.4714655074999974
8541,-0.8457294909999995
8542,-2.1854973408333334
8543,-2.876009241904761
8544,-0.06408288500000185
8545,-4.302724565160714
8546,-0.4574735802272727
8547,-2.3615410114583337
8548,-1.480878889250001
8549,-0.16612902500000004
8550,-1.705534862419951
8551,-2.2548473871428576
8552,-0.5148442456249995
8553,-1.7664246093663198
8554,-0.6333048992708304
8555,-1.4755940895000006
8556,-1.5947809093939378
8557,-0.5284849278439149
8558,-0.8451044459999977
8559,-2.164239095333334
8560,-0.4395845796666634
8561,-2.3487976910973094
8562,-2.9288347089285707
8563,-2.9377454085185186
8564,-0.31681963949999953
8565,-3.845216944666667
8566,-1.346765707586207
8567,-0.8872129459999997
8568,-0.04542617833333414
8569,-0.016668392500001517
8570,-1.798018929090908
8571,-1.8900565358823505
8572,-2.9289765593541666
8573,-0.7818787620504936
8574,-1.7750275111538458
8575,-2.6331066689047624
8576,-2.381144441607142
8577,-0.4619950761111126
8578,-1.881982101666667
8579,-2.319179365714286
8580,-1.974806886607143
8581,-2.8342378347619044
8582,-1.475107493
8583,-0.519555554166665
8584,-1.9442622340909088
8585,-3.227572116092592
8586,-2.043381956458333
8587,-0.3359588959999996
8588,-1.9033091451130943
8589,-0.6687853346666657
8590,-2.1154600563333332
8591,-0.6819976182693965
8592,-3.59294307013793
8593,-0.25247807064102273
8594,-0.9215836550000027
8595,-2.5857456252777786
8596,-0.5207483058333319
8597,-0.21786539749999534
8598,-3.424094721458333
8599,-2.002326596964287
8600,-2.3159505562499993
8601,-0.37435607089774103
8602,-1.8576392289880985
8603,-0.8269972663809524
8604,-2.3221209661111097
8605,-1.911686005555556
8606,-2.183258042638889
8607,-1.5992387178333332
8608,-3.5211455498333364
8609,-0.7842781458812232
8610,-3.7953783816666657
8611,-2.0298357169872965
8612,-2.5672257067931037
8613,-2.890801567499999
8614,-2.223578186964287
8615,-0.6685394862499985
8616,-0.4409798527777771
8617,-1.3544190205555557
8618,-2.020705376875
8619,-0.30236748243303524
8620,-0.2985156310000008
8621,-3.0596627382425283
8622,-0.7035757583333341
8623,-2.210706690804599
8624,-0.4539662571875005
8625,-3.878578741803032
8626,0.2794292267672418
8627,-2.200260621250001
8628,-2.185755024285735
8629,-2.5738786218333343
8630,-3.013451491032184
8631,-2.8545034831944442
8632,-2.269829564940476
8633,-0.0689931739880949
8634,-2.7967668517105273
8635,-2.2707922432142866
8636,-1.3295889916130952
8637,-3.5031943104960326
8638,-3.480496879215687
8639,-1.1997989713047617
8640,-0.1665142581481475
8641,-1.6173990218
8642,-1.084312144687499
8643,-0.32860895357142844
8644,-0.29126743187499926
8645,-2.427338771995798
8646,-1.665262489920977
8647,-1.885161441111111
8648,-0.5388015261111102
8649,-0.029914947278322352
8650,-0.7897175870833344
8651,-2.058277383354884
8652,-1.6642789243518519
8653,-0.3332357477777788
8654,0.23017160124999947
8655,-2.3852700482499984
8656,-0.40541703245833105
8657,-1.8203261810000009
8658,-0.4846051148710302
8659,-0.9810454259999986
8660,-0.7141346001190474
8661,-1.6862751016666664
8662,-1.8058299401436801
8663,-1.6452765415769242
8664,-3.0143534140277777
8665,-3.3730617140079366
8666,-1.0103324717269828
8667,-1.7844265240409491
8668,-2.4349771406168825
8669,-0.9037052553787881
8670,-0.7686785858333344
8671,-3.1692055610416667
8672,-2.289423585476191
8673,-0.9757611061111101
8674,-0.5268706892857153
8675,-1.382593593333333
8676,-0.6554052428571414
8677,-2.1516953550000024
8678,-3.7221933660000035
8679,-1.7472979455555564
8680,-1.7561754952499968
8681,0.6814291816666677
8682,-0.8551658058333373
8683,0.0922893154894182
8684,-2.3002710622527465
8685,0.2989281003125086
8686,-4.2564668050000005
8687,-0.8576912987500016
8688,-1.917084578181819
8689,-0.942057359947917
8690,-0.5548779091666655
8691,-0.45213508847221934
8692,-1.8992876093181819
8693,-0.7929513070535718
8694,-2.412228320833334
8695,-2.2878414951916373
8696,-2.831634451619047
8697,-0.5969074789666658
8698,-0.48725831833332717
8699,-2.4473728662499994
8700,-0.5488131825000018
8701,-0.4191411237499949
8702,-2.5369682773809523
8703,-1.9484946653472217
8704,-1.82412478219697
8705,-1.4208018935416564
8706,-2.377695598037035
8707,-0.4836594321428568
8708,-2.930340037545635
8709,-2.431623399258929
8710,-1.259803718660714
8711,-2.1329814429597698
8712,-2.3312633604347828
8713,-0.42521708903846134
8714,0.6749265475000001
8715,-0.7166474103124969
8716,-1.1392145750000005
8717,-0.3555179397499998
8718,-0.397662213000001
8719,-1.961375711944444
8720,-1.9448106613271596
8721,-0.4389853588690471
8722,-3.2427062757291663
8723,-0.6356605766666661
8724,-0.980193509083333
8725,-1.7053322923333332
8726,-3.238361179322034
8727,-0.6676267045000017
8728,-1.9370855738854682
8729,-1.4974041277777783
8730,-1.7564790782569446
8731,-2.5174814418877562
8732,-1.812846898478262
8733,-2.581947146405914
8734,-2.7609690543055563
8735,-1.8753983490476185
8736,-1.6224787424999993
8737,-0.4412376247222222
8738,-0.5146121890624995
8739,-0.46676427687500066
8740,-0.048270930026042436
8741,-3.075945864
8742,-0.7792132649999957
8743,-0.5859435237500037
8744,-0.2335749299999943
8745,-0.4110784400000019
8746,-0.3350869433333328
8747,-0.29388966999999955
8748,-1.0579341062499994
8749,-0.3407609433333339
8750,-0.7889508647222213
8751,-0.5902066674999996
8752,-1.8315019859090904
8753,-0.6450805160000002
8754,-0.7936226175000014
8755,-1.7532405009516252
8756,-2.8010100576785715
8757,-1.872106807899687
8758,0.011004127499999683
8759,-1.6927976435714283
8760,-0.24672110124999946
8761,-0.6552801813333347
8762,-1.3986615410000014
8763,-0.2864058514285688
8764,-0.6663131699999973
8765,-1.538329979666666
8766,-1.1318140390277793
8767,-0.3549902028004929
8768,-0.4877455465325653
8769,-3.140033187583336
8770,-2.6482068801359655
8771,-1.3215865140384624
8772,-2.389649785555555
8773,-3.256047028611111
8774,-0.8350797550000006
8775,-2.467705925000003
8776,-3.6030509804761897
8777,-0.7727289466666699
8778,-0.13262181543859547
8779,-2.3254649040000004
8780,-1.949608897708334
8781,-2.797289450882352
8782,-0.3985807370052106
8783,-2.3279061658333284
8784,-1.01556529095
8785,-0.7666176467857143
8786,-1.6018767098437516
8787,-0.8320596466666679
8788,-1.2569693644687518
8789,-0.6468476450000011
8790,-2.1240439950680265
8791,-0.48737738599999714
8792,-3.0093935160714276
8793,-1.1308610450000005
8794,-3.4676156328111176
8795,-2.2487335299999986
8796,-1.0542629474999998
8797,-1.8666098764444448
8798,-0.30263384468749877
8799,-0.8719251650000004
8800,-1.0901500383928442
8801,-0.7702387568005931
8802,-1.1571057003125
8803,-1.707505457333331
8804,-2.2439798424285704
8805,-1.9174102173275855
8806,-0.6652070499999958
8807,-0.4102195140773806
8808,-1.2676467697222218
8809,-3.0500561060258624
8810,-0.5360772075000018
8811,-0.10535970833333626
8812,-1.0255320813333335
8813,-2.12479554765625
8814,-2.300544082451252
8815,-0.16986982625000024
8816,-1.0332667496739134
8817,0.10581207875000143
8818,0.5193360850000026
8819,-0.9220796100000008
8820,-2.463637802000001
8821,-4.08410520125
8822,-0.5384206291666667
8823,-3.148412294641026
8824,-3.1906332993333324
8825,-1.3970521176904753
8826,-2.3892843418530862
8827,-1.731748506354167
8828,-1.227316405916667
8829,-1.7313107870833333
8830,-3.0504982915756704
8831,-2.8542012509090906
8832,-2.603880691500001
8833,-2.3852898505442175
8834,-2.2131116418888888
8835,-2.4830555838168835
8836,-0.9456154535714253
8837,-1.016716155833329
8838,-1.7828301824999992
8839,-2.444242602
8840,-1.0299392578333326
8841,-0.31884316203703694
8842,-3.754535269642855
8843,-0.48585430916666716
8844,-2.2634243418181814
8845,-2.431070082592593
8846,-0.19444558000000306
8847,-0.6550159745833355
8848,-0.218436486249999
8849,-2.459652085
8850,-0.7084035196666666
8851,-0.4187757031250001
8852,-0.8711032616666662
8853,-1.8733931307183909
8854,-2.87671320112814
8855,-1.9424780024999995
8856,-0.10987347000000014
8857,-0.6927071563888885
8858,-0.5221110362499957
8859,-2.5989850012292877
8860,-3.0422607819061307
8861,-1.995608452857142
8862,-1.8336554125632183
8863,-0.6848659674999986
8864,-3.2406589545114945
8865,-0.8937567249999958
8866,-0.4087988775000042
8867,-2.113799596297619
8868,-2.829249780818966
8869,-1.4121628689453136
8870,-1.8112921922222214
8871,-0.6028253595833325
8872,-0.4744245550000035
8873,-1.58014964341797
8874,-3.040449417333333
8875,-2.230633351051587
8876,-0.8169217356944445
8877,-0.7531995216666654
8878,-1.950542879375
8879,-1.7113622562499995
8880,-0.5123625465476189
8881,-0.8944596872475363
8882,-0.2305231487499979
8883,-0.7351132354999919
8884,-1.875742454999999
8885,-2.563325121851852
8886,-3.422507976111113
8887,-0.5870558699999956
8888,-2.945787132230264
8889,-1.2332864002157768
8890,-0.6827262418750024
8891,-1.602813389568966
8892,-0.33308265749999677
8893,-2.1087983179999994
8894,-0.8169221619687494
8895,0.5838578264583334
8896,-3.3743605727499997
8897,-0.43255627000000274
8898,-0.8147804333333326
8899,-0.6931331762499973
8900,-1.6808579221205358
8901,-3.074055651666667
8902,-0.1308494194827583
8903,-2.130445326111111
8904,-3.8146135282291667
8905,-3.0491926654166663
8906,-2.276241102727271
8907,-1.8715798950520837
8908,-3.2519894955555575
8909,-0.6992661904166644
8910,-1.4208633007142846
8911,-0.22198279124999942
8912,-1.4765478904166658
8913,-2.587786172976191
8914,-0.266854584166668
8915,-1.3524951896023925
8916,-2.938508188697919
8917,-2.7125415749999995
8918,-2.822340059583334
8919,-2.2480295447406453
8920,-2.431969152619047
8921,-0.5235222362499989
8922,-2.8503075149999995
8923,-1.8182856076666667
8924,-1.6108465986572273
8925,-0.21834808375862025
8926,-2.674883012592591
8927,0.18496715750000092
8928,-2.1446863940661625
8929,-1.7642213919047605
8930,-2.044959703232639
8931,-3.095597672753623
8932,0.7485456745833332
8933,-2.1403878034375
8934,-2.671380542500001
8935,-1.0446346494499998
8936,-0.2662113112499993
8937,-4.207758563249999
8938,-2.3600478877777777
8939,-1.6907098150407087
8940,-1.7481333630530018
8941,-2.876566269
8942,-0.3997025067708364
8943,-2.426548707724942
8944,-1.1531761727777772
8945,-1.432946590277778
8946,-2.1307099194155836
8947,-2.216233123611111
8948,-0.4235444177777789
8949,-2.5397652730902784
8950,-2.769308367321428
8951,-0.6405896324940485
8952,-0.7895928486507936
8953,-4.275249604285714
8954,-1.4087580168124996
8955,-2.349470745663265
8956,-1.6852072914367824
8957,-2.5423616575000003
8958,-0.6583464247727254
8959,-0.7560053975000006
8960,-1.1592184724999999
8961,-1.3023143347509547
8962,-0.2984818118749999
8963,-0.691006975000002
8964,-3.8419467836363634
8965,-0.39132501187499713
8966,0.8515988900000018
8967,-2.4055859918333327
8968,-2.385457897249998
8969,-0.07850760763157819
8970,-1.505773364999999
8971,-0.6594606036666661
8972,-0.1163174283333331
8973,-2.5862830018333343
8974,-0.887567814999999
8975,-3.0227890546797886
8976,-2.594094796296296
8977,-2.2412848440310076
8978,-0.9944171187499986
8979,-3.1871296699999996
8980,-2.0337779506249998
8981,-0.9202234016666632
8982,-1.918618356562499
8983,-1.4833446901515168
8984,0.9015777523611064
8985,-2.446102053764368
8986,-0.41092450392857166
8987,-2.4965589461697713
8988,0.12423259374999951
8989,-0.7547292769999956
8990,-3.2232666026642858
8991,-0.946367579333333
8992,-3.3578986332249996
8993,-1.4723491014583336
8994,-2.5518627685
8995,-2.9901062048979608
8996,-0.9527194013452401
8997,-2.5587967472727278
8998,-2.481131521500001
8999,-0.5910538055833356
9000,-0.42189018714285964
9001,-3.3920590543192484
9002,-1.7055469925961513
9003,-1.5831563211588329
9004,-2.7071918133333326
9005,1.5750217241954019
9006,-0.47561765437499925
9007,-1.316093814699998
9008,-0.4036820615277759
9009,0.4898279624999997
9010,-1.9566220166666675
9011,-0.38598615788461643
9012,-1.9949778201666668
9013,-1.2260524504166657
9014,-2.5354736532142845
9015,-2.696657163563218
9016,-2.427746425833333
9017,-1.2975954149999964
9018,-0.7208339249999994
9019,-3.26351046051282
9020,-2.604692312977012
9021,-2.820029439460785
9022,0.46737612166666054
9023,-0.31080211333333335
9024,-0.16145748815972402
9025,-3.2673173250000045
9026,-2.146936383571428
9027,-3.2627508228095237
9028,-0.7197681062499939
9029,-3.3111164358750003
9030,-2.4987580686538453
9031,-0.5225101247916655
9032,-1.676674889999999
9033,-0.9920402924999987
9034,-2.270798107386905
9035,-1.1916645549047609
9036,-1.4308816466666674
9037,-3.053953418981482
9038,-3.128658436679199
9039,-0.49986311961309493
9040,-1.9838235744642856
9041,-0.4533102079166653
9042,-3.369297396307692
9043,-2.6704993997058817
9044,-0.5915843412250013
9045,-3.0859900018055564
9046,-0.21346111208333518
9047,-2.4425581020250067
9048,-0.6349645291758228
9049,-0.42768653125000355
9050,-0.6098486812499981
9051,-0.8978085200000017
9052,-2.360240520555555
9053,-0.7201878874999977
9054,-1.100275000238092
9055,0.07793078250000107
9056,-0.34514874666666745
9057,0.5430221274999987
9058,-2.846217888293103
9059,-1.3384717452472528
9060,-0.2850719201666667
9061,-3.9977812672727278
9062,-2.4004717915555553
9063,-2.0014144613075433
9064,-3.448520474642858
9065,-2.1313317875000006
9066,-2.2005774301847283
9067,-1.3939951620881237
9068,-2.1110147628571454
9069,-1.7118207861309571
9070,-2.4810283878846153
9071,-2.7252688553896096
9072,-0.46584116212121207
9073,-2.7716607043205124
9074,-0.7633883131249992
9075,-0.8359469598253982
9076,-0.31741169666666735
9077,-0.7157343711607149
9078,-0.4401754343750035
9079,-1.2595916695833296
9080,-1.555679080555554
9081,-2.4674178353124994
9082,-1.0684746383333323
9083,-1.7760848793103463
9084,-0.5660502191666694
9085,-3.141984578409091
9086,-0.4540578611250002
9087,-0.2674396656034486
9088,-1.6452120545340898
9089,-0.019792172631575136
9090,-1.0512831028703695
9091,-1.680201099443827
9092,-0.5827636583333309
9093,-1.2856254291071423
9094,-2.5816131941043428
9095,-2.7334601714144307
9096,-1.8881167675000001
9097,-2.3001010813955025
9098,-1.7275091616666711
9099,-3.718484556931034
9100,-0.5115989590277792
9101,-2.1191473076562453
9102,-0.6095200683333326
9103,-2.6390624348214273
9104,-2.801126125416667
9105,-2.356596268344154
9106,-0.1341221300000003
9107,-0.3589014779166657
9108,-0.510941508333333
9109,-1.6795332463461556
9110,-0.6901034161904757
9111,-0.8223234918571449
9112,-2.9614097927500005
9113,-1.6655044691896554
9114,-0.16696232156250002
9115,-0.21356119687500152
9116,-2.2389060256211177
9117,-0.3460328558333332
9118,-2.8694532611931804
9119,-0.3945450246341429
9120,-0.3139738191666647
9121,-0.34585185606191193
9122,-2.3225834489473693
9123,0.9106934174999992
9124,-1.9684099091156477
9125,-2.1069721282812495
9126,-2.904985484948979
9127,-1.1282652499999997
9128,0.3875021624999988
9129,-2.806052723750001
9130,-1.9889637855833342
9131,-0.4705154166666669
9132,-3.6831441938888907
9133,-2.3660763720000006
9134,-2.63203482
9135,-0.9005008233333361
9136,-0.6684781254166664
9137,0.3206935524999963
9138,-2.738702727333334
9139,-1.142265570138884
9140,-0.20975325486589944
9141,-0.6401545757619047
9142,-3.059468489833334
9143,-2.4681347772500013
9144,-0.864514320833333
9145,-0.9762314797916707
9146,-0.670550465910253
9147,-0.6619355677951381
9148,-0.9180839286111109
9149,-1.3556204612499982
9150,-2.827434139642858
9151,-0.6355230686974781
9152,-1.1530576709975355
9153,-3.0005036554999998
9154,-2.2453078214921995
9155,-2.5820512346369924
9156,-0.3325019001597203
9157,-2.592374248913786
9158,-0.5431645806862728
9159,0.12077277000000208
9160,-2.4292747066220226
9161,-2.5714238454166676
9162,-1.908194573308748
9163,-2.5920388807142856
9164,-1.6748807180911334
9165,-2.9586466645689655
9166,-2.448090529833332
9167,-2.655388389947917
9168,-0.8021014560256401
9169,-1.9204629559062496
9170,-2.141073916013484
9171,-0.9050267722222239
9172,-2.8750379171014506
9173,-2.0843878250000003
9174,-3.1403310959774453
9175,-0.07315796499999916
9176,-0.8927725588314169
9177,-0.35287193125000077
9178,-1.357903475
9179,-2.5398069682777797
9180,-3.086994967808926
9181,-3.25534563375
9182,-0.06182607312499755
9183,-1.4899675231538472
9184,-1.9077216981979155
9185,-0.2524445386250022
9186,-3.3912202111111016
9187,-0.9196565076527795
9188,-0.3995493324999986
9189,-0.27669656125000053
9190,-2.9161949040873014
9191,-1.204018805464289
9192,-0.5660387515277782
9193,0.012934338125000222
9194,-2.353118185982142
9195,-3.8123649239999997
9196,-1.7587041797569445
9197,0.8213030854166661
9198,-2.921843938706896
9199,-1.0053669578125
9200,-2.402852091999999
9201,0.00714690500000259
9202,-0.014123781388889256
9203,-2.5058329902380936
9204,-1.4298000065
9205,-2.5653248698227356
9206,-2.458472760905173
9207,-1.5361206427023804
9208,-2.4672929015999987
9209,-0.0834786366666691
9210,-1.7527689165705125
9211,-2.403213892921457
9212,-0.7158683749999994
9213,-3.2514870154166666
9214,-0.8068928288888912
9215,-0.2302277074999992
9216,-2.8795771837500004
9217,-2.452866078000001
9218,-3.899716204333333
9219,-2.146241022708333
9220,-1.8937556714696218
9221,-0.6572042349999982
9222,-0.47962362999999897
9223,-2.133102561666666
9224,-0.8594699667799195
9225,-0.517612222499999
9226,-0.9030045408333334
9227,-3.8213636928571435
9228,-0.7749566481249985
9229,-3.3223266832417577
9230,-2.99083868178161
9231,-1.7267430299122806
9232,-0.37582612805555726
9233,-0.37306886937500394
9234,-0.5813631949999998
9235,-0.4761823758749976
9236,0.04974763500000101
9237,-2.1640406951339304
9238,-2.5106557157246367
9239,-1.0869845000925933
9240,-2.071970654166667
9241,-1.7076015532250002
9242,-1.5017770275000002
9243,-0.7210517066666711
9244,-0.6833865980555555
9245,-0.36049656010100745
9246,-1.4522743304166674
9247,-2.410865821656745
9248,-0.32018120902884395
9249,-2.717315583833334
9250,-2.237133783636364
9251,-0.43869024416666846
9252,-0.5337715422222212
9253,-1.4443564862643659
9254,-0.4900148637499999
9255,-0.24952011416666764
9256,-2.058823672146666
9257,-1.3235291658380681
9258,-1.146464365364584
9259,-3.7733216104545435
9260,-0.45580848199999763
9261,0.6149614614999992
9262,-0.1961434699999991
9263,-0.9238522724999996
9264,-2.8672328850000013
9265,-2.2137175437499943
9266,-2.546126431326837
9267,-0.4744553693333309
9268,-0.4314179307692274
9269,-1.612558675266667
9270,-2.2661357870833396
9271,-0.7252019905555535
9272,-0.11645303166666683
9273,-2.9002206436590034
9274,-1.6197399172666667
9275,-0.5003016124999995
9276,-0.447013033799999
9277,-1.6251751631403937
9278,-0.2377435900000009
9279,-1.4360827007692303
9280,-0.827460379196428
9281,-0.6074128501190466
9282,-1.0400380071666655
9283,-0.5581268500000007
9284,-0.9260396749999984
9285,-0.3485934411111155
9286,-1.764112228750002
9287,-0.29645188166666525
9288,-3.1789911516666662
9289,-0.5324960865909099
9290,-0.5381858361458285
9291,-0.2331023019230772
9292,-0.1435914114565816
9293,-2.2228163055576924
9294,-0.15582683749999848
9295,-1.891868966785714
9296,-2.9258610732235226
9297,0.17558297749999952
9298,-0.45083646534090926
9299,-0.17293982083333503
9300,-0.7222558086458335
9301,-0.5632505449999989
9302,-0.47896176541666335
9303,-1.5578921971428485
9304,-2.6891856058399477
9305,-0.09472888416666692
9306,0.1761669437499993
9307,-0.7998636449999985
9308,-2.8838319507142858
9309,-0.41140278531250063
9310,-0.584098419
9311,-1.911933923512379
9312,-1.5387357718750012
9313,-0.17219165125000035
9314,-0.5763651724999997
9315,0.019341450000002425
9316,-1.450229536833333
9317,-0.4730091689642862
9318,-2.7252711578571436
9319,-1.8935100680818957
9320,-2.9878878134698272
9321,-3.732768266333333
9322,-1.2696587740441183
9323,-2.1654231862187503
9324,-0.8964365874999984
9325,-0.4951783583333347
9326,-0.7180369884999998
9327,-3.3991446230000006
9328,-0.017118973749997934
9329,-2.225629343333333
9330,-2.5197857543939395
9331,-2.9465330252528745
9332,-0.6316266425757597
9333,-1.5729329762499997
9334,-1.8129939043939396
9335,-2.587682251609197
9336,0.5821484698563211
9337,-2.8369588154545458
9338,-2.190777713854166
9339,-1.0928410905000008
9340,-0.869188344999999
9341,-2.077506058080357
9342,-1.3461513474999993
9343,-0.9688911313333322
9344,-0.26196093166666756
9345,-1.697071193596491
9346,-1.9274052068472909
9347,-2.2742659725251824
9348,-0.5071770975000005
9349,-1.774151544899425
9350,-2.6498756837499995
9351,-0.6997330194999992
9352,-0.15444952439393989
9353,-2.9362635307333336
9354,-0.6589879004761902
9355,-1.1510218516666697
9356,-0.44699698333333515
9357,-2.5587676117500004
9358,-3.1180665238500005
9359,-3.3544302001754374
9360,-0.28090666666666664
9361,-1.328151704375
9362,-2.0998655820119048
9363,-3.0550529299999996
9364,-2.17247984454365
9365,-0.07227551041666569
9366,-0.7343721370000026
9367,-1.0874215949999997
9368,-0.7226800792773438
9369,-0.8172734737500004
9370,-3.2211928226333346
9371,-2.299778542440477
9372,-2.381213178721675
9373,-0.052278555862067574
9374,-1.626650663999999
9375,-3.1183578568333337
9376,-0.2632286293749999
9377,-2.283761781171875
9378,-0.6245860299999997
9379,-1.6927066750000006
9380,-0.7898519374999999
9381,0.13271611077586343
9382,-2.457222104272486
9383,-2.451150581147186
9384,-2.2465582069999996
9385,-1.4516769874652777
9386,-0.7935869020000006
9387,-1.6841606138541678
9388,-0.099534913571428
9389,-0.37749018416666047
9390,0.051087372583339175
9391,-2.158112120611658
9392,-1.7097354754761906
9393,0.032178136666658474
9394,-2.2903537373511904
9395,-1.5322514642838527
9396,-1.6293164260208333
9397,-3.699847019090907
9398,-1.7219160637962965
9399,-2.6838797668986034
9400,-2.0075730146756974
9401,-3.529615748611111
9402,-1.1475833641666657
9403,-0.8225861330555571
9404,-3.0746754011363633
9405,-2.5369874921886444
9406,-0.9449341024999995
9407,-0.9247021364285705
9408,-2.496064636363636
9409,0.18030723625000178
9410,-3.1117091069047613
9411,-3.7348426140151503
9412,-0.6445759866666663
9413,-2.778398404583332
9414,-1.7087600945833339
9415,-1.9006384830608973
9416,-0.6250300229999993
9417,-3.0139287992424237
9418,-0.049254262826703865
9419,-2.8137383649999994
9420,-1.1530033382135398
9421,-1.8142293629166661
9422,-2.520201857872024
9423,-1.1020703121590913
9424,-0.5268599433333326
9425,-0.11397460897435853
9426,-1.8689105583072916
9427,-0.3719995725000018
9428,-0.5073272430000031
9429,0.12326748000000087
9430,-3.452167908717948
9431,-3.499453334060604
9432,-0.36313556833333394
9433,-3.9366520277450983
9434,-2.25546569404729
9435,-0.47941711749999794
9436,-1.8970324325191572
9437,-2.199069989074075
9438,-0.5878298616666626
9439,-0.859124135
9440,-0.14320691786111203
9441,-2.3524855407959193
9442,-0.08023600708333234
9443,-0.5351901697222227
9444,-1.9865800842528747
9445,-0.49457612333333145
9446,-3.118503749229363
9447,-2.039267438035715
9448,-2.1997456016550365
9449,-1.675274395833334
9450,-1.9727833042792877
9451,-2.6672906113293653
9452,-2.338752899642857
9453,-1.9299695301041666
9454,-0.0667762912499974
9455,0.04695810500000164
9456,-2.002679033333333
9457,-0.09590878000000203
9458,-2.0667254129166666
9459,-0.4475707952777744
9460,-0.041226980000000364
9461,-3.55495382952941
9462,-2.000197782604168
9463,-0.8368851283333356
9464,-2.146415199919951
9465,-2.652387126839515
9466,-0.016717138833332968
9467,-0.3732856108333304
9468,-1.05522757654762
9469,-0.1748599087499998
9470,-2.550871035
9471,-0.9172534112301578
9472,-0.4013556986507929
9473,-2.4810789597187486
9474,-0.4632381133333304
9475,-0.4267712968749997
9476,-0.3245143964880954
9477,-4.118578068377194
9478,-3.3491297409195404
9479,-2.072877409999999
9480,-2.314873115500002
9481,-3.297215261868131
9482,-0.8967297855468761
9483,-0.5177227816666677
9484,0.7478105492500001
9485,-3.288349918333333
9486,-1.1195747570587886
9487,-1.8317589911574075
9488,-2.1318089729999983
9489,-2.9798845178846145
9490,-0.9244693749855072
9491,-3.36552491475
9492,-1.420519377111111
9493,0.845827911249998
9494,-0.2863767323958335
9495,0.8944323137499985
9496,-0.30125162846354137
9497,-0.2985286525000008
9498,-1.7749282325680278
9499,-0.3030315000000002
9500,-1.8863803102969343
9501,-3.0469093768333337
9502,-2.1945899174999988
9503,-0.31252593499999914
9504,-3.2198757667499995
9505,-0.4527478805555592
9506,-0.23419471666666544
9507,-2.0028034186111117
9508,-0.9173112705555528
9509,-2.6608833004629626
9510,0.6527258200000006
9511,-0.36539186333333856
9512,-2.2174552241666667
9513,-1.7833984345114953
9514,-2.878090893419913
9515,-2.4796114861494254
9516,-2.410766014438117
9517,-2.591280778724138
9518,-0.8267827357142831
9519,-2.235122678333333
9520,-2.214918839679804
9521,-0.11467031812500039
9522,-0.7222714347222213
9523,-0.9958706005625002
9524,-2.9914924659166657
9525,-0.7691735312500008
9526,-3.2139503581818185
9527,-0.5697240176666668
9528,-0.5821135314285755
9529,-0.9220374080555528
9530,-2.4861176425749565
9531,-1.9684704936979163
9532,0.10858690675000027
9533,-3.2585876476666678
9534,-0.5076889725
9535,-0.9896899633333286
9536,-0.8750190703333341
9537,-2.0711368834666657
9538,-0.6958948594444507
9539,-3.748839505833334
9540,-1.6946891927777774
9541,-0.3569883897499988
9542,-2.999338294416667
9543,-1.3357637194744305
9544,-0.6053596824999969
9545,0.8699364542968695
9546,-0.9595810064285705
9547,-2.4584537958412693
9548,-2.4870435631445007
9549,-3.017570597142858
9550,-1.5618773090909095
9551,-2.56097521625
9552,-0.44414865083333527
9553,-0.7256004555000004
9554,-0.6167322266468247
9555,-0.922648139333333
9556,-0.5934552324999984
9557,-0.634143947500001
9558,-1.5236585948611117
9559,-3.085859221923076
9560,-1.2223989936363635
9561,-0.7419430933928552
9562,-3.126331969230519
9563,-2.4314898043409863
9564,-0.3919380200624971
9565,-0.41273316312500014
9566,-2.546329767625479
9567,-1.251634133958333
9568,-0.4551222750000008
9569,-1.0330377438888902
9570,-0.7955539666666667
9571,-1.5262051426666663
9572,-3.440691451275864
9573,-0.6422573390277778
9574,-0.8672512082843156
9575,-1.8548519920833337
9576,-3.2877185646017772
9577,-3.742577128636361
9578,-2.4274268339285707
9579,-0.6617146915833336
9580,-1.4557368364687513
9581,-0.42944283512821574
9582,0.24481105989583085
9583,-2.142987361240741
9584,-1.8863189281798745
9585,-3.2206291309314663
9586,-2.718061147106343
9587,-2.994910598732041
9588,-2.7423824923255826
9589,-3.2823068269270834
9590,-1.562370397812499
9591,-2.6734167109995233
9592,-3.5018033293218394
9593,-0.6569232937500002
9594,-3.1739994478787876
9595,-3.634401944318181
9596,-2.4972749357453674
9597,-1.6821886770535628
9598,-0.7037210389285684
9599,-0.49559193854166583
9600,-3.9884812013333324
9601,-1.7858987057738087
9602,-3.637355124545455
9603,-1.3411925465476162
9604,-2.7090664361250005
9605,-0.029964210555555662
9606,-3.8503711456666663
9607,-2.6998381995000003
9608,-2.492094681034483
9609,-0.27062124299999796
9610,-2.77902229111111
9611,-0.1858409041111114
9612,-1.0668703371626986
9613,0.7039487474999993
9614,-2.0024036818965523
9615,-1.946710067053574
9616,-2.4801504786765864
9617,-0.5112561883333342
9618,-2.7091399706481476
9619,-0.825231304821429
9620,-1.0426353257440475
9621,-0.5575320254545463
9622,-0.9415297793181878
9623,-2.5633849270416666
9624,-3.9079494949999996
9625,-0.1051507893750004
9626,-1.7939407808333332
9627,-2.8702787592857137
9628,-1.8681581702183905
9629,-2.105372147292857
9630,-3.0103236785185183
9631,-0.5258433475000004
9632,-0.645003518333335
9633,-0.28939372023809384
9634,-0.9432176497916664
9635,-0.6323077458333316
9636,-0.9117645864285768
9637,-4.128085444166666
9638,-2.5072363839999996
9639,-1.0177236272222256
9640,0.07102309124668583
9641,-0.358116510833336
9642,-2.0226967566666674
9643,-2.890761752499999
9644,-2.2110357576436783
9645,-2.620949977498515
9646,-2.320183180303571
9647,-0.5983011253030306
9648,-2.502110189940477
9649,-1.3149112078764358
9650,-0.23707986600000056
9651,-2.6785896616785707
9652,-0.33839405465909134
9653,-0.07275007833333369
9654,-2.6537098590000006
9655,-2.460654356818182
9656,-2.406050083460884
9657,-2.4732385959999994
9658,-2.8303952513333477
9659,-0.2726412222413792
9660,-1.3140479824999995
9661,0.4501605600000005
9662,-1.243297442647058
9663,-3.7989155065079365
9664,-0.5953175214999987
9665,-0.8300780932440469
9666,-1.1034241237500002
9667,-2.3549317370833607
9668,-0.7699863446825402
9669,-1.4700984608536585
9670,-2.5182077031964276
9671,-1.1132831793253974
9672,-2.143387065925697
9673,-1.8358945341666666
9674,-0.5793708849999994
9675,-2.4327507063636364
9676,-0.7083093583333332
9677,-1.5024296932187504
9678,-2.5398395396666666
9679,-1.0058808658333354
9680,-0.43518952444444164
9681,-1.2718330969230793
9682,-0.30837465500000033
9683,-0.07222095898809577
9684,-0.5382134275000006
9685,-2.7737130566560344
9686,-0.7550770369713522
9687,-0.48653418111110924
9688,-1.5140200366666672
9689,-0.35478822749999583
9690,-2.4391655854999996
9691,-0.8753505581730766
9692,-3.7397041728333336
9693,-1.6518376243157873
9694,-2.1868692069999995
9695,-1.3746242728491378
9696,-3.86699120771212
9697,-2.7961328559722225
9698,-1.1704771589310325
9699,-0.8388001038020865
9700,-2.339184834915966
9701,-2.5794058921666667
9702,-2.1256551198124995
9703,-0.0462333083333372
9704,-2.2427513142424242
9705,-0.5201712418181809
9706,-0.5288990062500014
9707,-1.2133945588409099
9708,-0.9650637099999984
9709,-0.06537383763157915
9710,-2.773980556833334
9711,-1.773729677272727
9712,-2.393062800000004
9713,-1.4236534378906256
9714,-1.759991043928571
9715,-2.267775065428571
9716,-1.809534580436508
9717,-2.022742533281251
9718,-0.82497301491228
9719,-2.9006948921666673
9720,-0.5103258787500025
9721,-3.435694530254237
9722,-0.371217620000003
9723,-3.629882879333333
9724,-0.6725410530803573
9725,-2.3616263499999994
9726,-0.4025635016666674
9727,-1.872863196547619
9728,-3.2637548416666684
9729,-2.24045972362782
9730,-1.9089118988235294
9731,-2.130953433464286
9732,-0.5238895036111124
9733,-2.0650487699999998
9734,-2.1828185068253965
9735,-1.1632019271455913
9736,-3.4483667691187736
9737,-0.7068257280833325
9738,-1.3605719070370366
9739,-2.939900697000001
9740,-1.2248211792023025
9741,-0.9564901143181814
9742,-0.0017319229999984032
9743,-2.953759986875001
9744,-2.6210998515413526
9745,-2.340062960500002
9746,-2.207901110833334
9747,-0.31511325125000134
9748,-2.768880493749999
9749,-0.39195878328125033
9750,-0.2704870604166665
9751,-1.742102248079269
9752,-4.100032981008773
9753,-2.4659809251746028
9754,-2.502631145771073
9755,-2.290420843973727
9756,-3.14837259234375
9757,-0.5291029000140917
9758,-3.7924303211212105
9759,-1.6290880789848112
9760,-0.5234276159999993
9761,-0.4612871666666649
9762,-0.20479133904761884
9763,-0.858906821388893
9764,-3.0136339525362077
9765,-0.3501864175000013
9766,2.332258972812504
9767,-1.2035610370277785
9768,-3.2728313438888907
9769,-0.9355009979411761
9770,-1.8025923552633938
9771,-0.5240123549999994
9772,-1.6838706001290757
9773,-0.25454512374999716
9774,-2.8195511010714287
9775,-1.5267119246120686
9776,-0.40480253964285645
9777,-2.045062144846744
9778,-0.2061931483333339
9779,-1.7522208007142852
9780,-1.1348211197105267
9781,-0.48195322627819487
9782,-0.8768973445454549
9783,-2.6609747724444457
9784,-1.9528968765
9785,-0.3918749194444449
9786,-0.1724258375000005
9787,-2.067442550642447
9788,-3.037896960462963
9789,-2.308089079930556
9790,-1.7095288645833335
9791,-0.20678933263392554
9792,-0.49746957249999824
9793,-1.267670202291665
9794,-0.8930734290000004
9795,-0.4585097978693191
9796,-1.730266618235295
9797,-0.27138625708333386
9798,-2.5626385101058204
9799,-2.3886416151754393
9800,-2.7392715425674594
9801,-0.7563341932812495
9802,-0.43467413857143555
9803,-0.16606216791666598
9804,-1.2407018729866062
9805,-2.59037369514409
9806,-2.4691399145454542
9807,-2.1658808556770826
9808,-3.494424863043479
9809,-1.4550478145643937
9810,-0.17705219666666405
9811,-1.1327451249999996
9812,-0.6912334919444447
9813,-0.7532598612528751
9814,-0.7116533328571423
9815,-1.5228533941025644
9816,-1.028000667083334
9817,-1.0584659424999998
9818,-1.93676992922619
9819,-0.6400448583333352
9820,-3.3048983708333335
9821,-3.4003248422727266
9822,-2.568614331750001
9823,-1.1732570536250002
9824,-2.7282356455681818
9825,-1.527350056428572
9826,-3.2030519056666673
9827,-0.7436077045054941
9828,-2.938114664017765
9829,-0.5903389078439155
9830,-0.9267144636607147
9831,-0.3621892471874979
9832,-3.5060350782738077
9833,-0.41716752899999676
9834,-1.9709430451041667
9835,-1.1280233893749998
9836,-2.0885939874999995
9837,-2.257728706095238
9838,-1.0230918349999982
9839,-0.9035204661111104
9840,-0.561467046658481
9841,-0.9230439627500004
9842,-0.5445177538095242
9843,-3.342765284042967
9844,-1.461899039374999
9845,-0.3084674166406245
9846,-0.7754965481818203
9847,-2.280801145625002
9848,-1.0136533575000009
9849,-2.1452805604411394
9850,-1.5528036569310344
9851,-1.122721079999991
9852,-0.07940325874999976
9853,-0.23295873624999786
9854,-1.552821248690473
9855,-1.6061121250000001
9856,-2.6569499147126443
9857,-0.6106647137499989
9858,-1.1841542293750038
9859,-2.7718521787179498
9860,-1.941305193333331
9861,-0.5303394340000096
9862,-0.2776609308333313
9863,-0.950610430757575
9864,-3.3157597132500007
9865,-1.286536387857142
9866,-2.229420791666667
9867,-0.814036156440477
9868,-3.052269929259259
9869,-2.331791116770834
9870,-2.647954259644704
9871,-1.89249510715625
9872,-2.6802383270833348
9873,-0.33480456744031967
9874,-0.6115613142720299
9875,-3.1174839264285694
9876,-1.65685013375
9877,-1.9797399339285724
9878,-0.16404994495237873
9879,-3.0569051097926936
9880,-2.5638696971365906
9881,-0.36121922000000095
9882,-1.7066941772340423
9883,-2.137067267222223
9884,-0.6254775112083332
9885,-1.4561003447916665
9886,-2.7661646783333333
9887,-0.6960230001736107
9888,-2.777763071236772
9889,-0.48750918999999726
9890,-3.2087102763235302
9891,-0.09460263999999914
9892,-0.7413615550000022
9893,-0.6638746329166683
9894,-0.9417864935000001
9895,-0.6254828528571424
9896,0.1957906767672415
9897,-3.4925284151388607
9898,-1.3473175035714287
9899,-0.7397249399999962
9900,-3.122880093774817
9901,-3.4678201588333315
9902,-0.9694337261538448
9903,-2.260618635000001
9904,-1.366622997449999
9905,-1.568701435357143
9906,-1.8468766340476193
9907,-0.029093352758622883
9908,-2.044618744894181
9909,-1.350735491333333
9910,-0.5314046761772483
9911,-0.16828074177011487
9912,-2.702815289903274
9913,-0.3130972087499986
9914,-2.8556675794999995
9915,-0.39199487304347813
9916,-0.7537502633333327
9917,-0.298147689166671
9918,-1.8386674978767117
9919,-0.9114862966666687
9920,0.14767377354166666
9921,-2.3924893752777776
9922,-0.5242963187500003
9923,-1.7741758291379326
9924,-2.670997083666667
9925,-0.7977876237848207
9926,-2.416603513214286
9927,-0.9258110738888897
9928,-2.9847616989583337
9929,-2.3697318379094154
9930,-0.13803003333333308
9931,-0.3717808446428584
9932,-2.7855731904761902
9933,-3.4073018945689655
9934,-3.7793223886363645
9935,-0.33391479614942554
9936,-1.247685409445652
9937,-2.2477891316472904
9938,-0.44293521898809374
9939,-0.6733224283333321
9940,-0.9156598811111141
9941,-2.441186287499998
9942,-0.12456846672414447
9943,-3.015423657036206
9944,-1.3036202658333333
9945,-1.8264804547619053
9946,-1.0086346386979157
9947,-0.8532792550686806
9948,-2.0837957935508578
9949,-0.4694336021428569
9950,-0.7175818455665016
9951,-1.9677292961111126
9952,-1.988121836746032
9953,-1.8516184070833341
9954,-0.6711379377931024
9955,-0.23201982510416505
9956,-1.1409578101190487
9957,0.08092121416666724
9958,-0.41647594075000427
9959,-2.8389373430287352
9960,-0.3814633909523814
9961,-2.532606250707849
9962,-1.469990501775571
9963,-0.495227183125003
9964,-2.75973060789935
9965,-1.3424984824999981
9966,-0.7524238751680677
9967,-1.1557875427777786
9968,-3.184553575833334
9969,-0.06921748687500173
9970,-2.0634326014285707
9971,-0.20158497666666383
9972,-2.565018183037767
9973,-1.7574014637109432
9974,-0.46442834435483854
9975,-2.135967272983137
9976,-0.5780275900000001
9977,-1.2753799569999997
9978,-1.414470359117647
9979,-2.6963414318333334
9980,-1.4069700808999994
9981,-0.5824967368750009
9982,-2.2331000576111117
9983,-0.8087233375000024
9984,-0.3993826256250017
9985,-3.2432186562376537
9986,-3.90252685
9987,-0.1880115638888903
9988,-0.8453849241666713
9989,-2.6639641391071427
9990,-3.0951811205555564
9991,-1.799521775971265
9992,-0.8433055344747883
9993,-1.8124929221455892
9994,-3.492359346896552
9995,-0.2768107097435892
9996,-2.173664530277777
9997,-2.9609126056250004
9998,-2.360164598750026
9999,-2.793862971190475
10000,-0.08417796999999953
10001,-3.965580118333333
10002,-0.9688893346666674
10003,-2.371289781895833
10004,-0.5558039005357145
10005,-1.7513619711111128
10006,-3.586752802083332
10007,-2.1810898812499993
10008,-1.8345156818303563
10009,-0.767691381515148
10010,-2.3601967878484498
10011,-3.319221122252747
10012,-1.8057048064583323
10013,-2.9836495442592597
10014,-2.5168420581812163
10015,-2.063292658333335
10016,-2.0195359856250006
10017,-0.8231638077777776
10018,-0.15414768396551715
10019,-1.5774439758999996
10020,-2.6468208312500003
10021,-0.5667286037280699
10022,-2.6100973722727274
10023,-1.2224089617460312
10024,-3.034918442291667
10025,-0.21101027361111335
10026,0.4918620775000022
10027,-2.5457210712499996
10028,-3.4000874351666672
10029,-1.9060873250757568
10030,-2.1037094552528735
10031,-1.0635581922996789
10032,-1.6966724772222175
10033,-0.5428646720833346
10034,-1.6091611857692298
10035,-0.5752441412499998
10036,-2.3733756097368435
10037,-0.31478544166667
10038,-3.1479612853703696
10039,-0.6540451554569902
10040,-0.9017993219375
10041,-0.7273595468055613
10042,-0.1578912293750001
10043,-0.3799750278571454
10044,-1.6624233733333333
10045,-3.0578833683333406
10046,-1.4362016639108033
10047,-2.681546492309114
10048,-1.8946549324999993
10049,-2.570221568611112
10050,-0.2554539324999965
10051,0.7029488255172431
10052,-2.0630122387292884
10053,-1.9770016028571429
10054,-3.0818523137500016
10055,-0.6209594119999992
10056,-0.19803607499999978
10057,-0.27762571916666445
10058,-1.302884688809525
10059,-2.1876844455907216
10060,-2.559328634761904
10061,-0.49292535250000036
10062,-0.995039735158729
10063,-0.9451931148724496
10064,-0.8251264204545452
10065,-0.1474943757738091
10066,-0.4917368718750019
10067,-1.6350074155555552
10068,-1.3223823111363644
10069,-2.575388232168737
10070,-0.08009572362068873
10071,-0.5263380809722188
10072,-3.7568721968749994
10073,-0.5692628550000052
10074,-1.5814178759722204
10075,-2.6973023968494902
10076,-1.2691365114537012
10077,-2.028316064821429
10078,-2.3255556940476176
10079,-0.5440004069999957
10080,-2.501749714748564
10081,-0.8842385700000015
10082,-3.3664497520193324
10083,0.5583727856944449
10084,-0.2468676237728925
10085,-0.9861238599479165
10086,-1.6839977563888897
10087,-0.21444591923076983
10088,-3.2206833707250007
10089,-1.6187959757716563
10090,-2.470062192328042
10091,-1.2015982574999984
10092,-2.6532596059057987
10093,-2.5202193866291336
10094,-1.4274169642307704
10095,-3.7423477702500003
10096,-2.4048899123629313
10097,-1.1143872585632189
10098,-2.0869646635714276
10099,-0.8551573502777754
10100,-1.50585336015625
10101,-2.854193908888887
10102,-0.5866400471031723
10103,-2.864761999583333
10104,-1.5163545836538488
10105,-2.928629402222222
10106,-2.8691044135297625
10107,-2.566325263636364
10108,-3.2749814068750007
10109,-3.0784703249241074
10110,-3.2140000634444434
10111,-3.236607310999998
10112,-2.014279678382353
10113,-1.3166643900000006
10114,-2.0707428407954525
10115,-2.451144455000001
10116,-0.7345551466666664
10117,-2.038509285927037
10118,-1.9934507477777785
10119,-2.7720598537021073
10120,-1.3468585145000005
10121,-0.4805716766666676
10122,-1.3869245352249997
10123,-2.980756329833324
10124,-0.8097056699999996
10125,-1.1917973361111143
10126,-4.238587321250001
10127,-3.018827914756098
10128,-0.4462446079999978
10129,-0.7130686653333328
10130,-1.6494474348697896
10131,-2.1920235694047627
10132,0.2061311024659846
10133,-0.4068013327380946
10134,-2.9586065193658713
10135,-0.5820654744791715
10136,-0.6769501404166647
10137,-0.34694018875000054
10138,-4.039624749416665
10139,-0.7909760593749988
10140,-0.8120918162499997
10141,-1.0130728558333324
10142,-3.0122479517187513
10143,-3.425096944333334
10144,-2.437405645685549
10145,-2.8655752519999993
10146,-0.26475795449999495
10147,-0.13434752285714271
10148,-0.32368150180555705
10149,-0.8783803083333339
10150,-2.0302847073026307
10151,-2.4577612008594762
10152,-0.4770751480000001
10153,-2.5793139806785708
10154,-0.27337055916666486
10155,-2.2429446236278197
10156,-0.5219357516666676
10157,-0.26924373948275804
10158,-0.3811936825000011
10159,-2.788419930178571
10160,-2.6933773856249994
10161,-1.8106554711091953
10162,-0.47606955999999956
10163,-2.195813860384616
10164,-0.4056313833333339
10165,-2.444654029714011
10166,-1.5331131847528747
10167,-1.1926754997368416
10168,-1.9452221408333332
10169,-0.5616494087500078
10170,-2.18564286288889
10171,-0.6263452040000004
10172,-1.816090526488093
10173,-2.386440232777778
10174,-0.4399355433333323
10175,-3.876075379705882
10176,-2.0263805796626984
10177,-2.8439392852272714
10178,-1.808232487222223
10179,-3.674702479999997
10180,-1.987645879285715
10181,-1.4470439835662445
10182,-1.4130037084821427
10183,0.17109729749999758
10184,-0.2870380075000014
10185,-3.1976829215909093
10186,-3.2517381562500005
10187,-2.1576865611187075
10188,-1.745691165972222
10189,-0.4315855787500027
10190,-0.3401472232142879
10191,-2.2297778426041663
10192,0.0795298349999977
10193,-1.8014263121473457
10194,-3.3471255724038453
10195,-1.7332328919687505
10196,-0.21793904000000097
10197,-0.9856014705208332
10198,-2.875312009000001
10199,-0.10926408791666613
10200,-0.43229546062499935
10201,-2.513649340187501
10202,-2.493450009619049
10203,-0.5920732000000012
10204,-0.33988851044117707
10205,-0.4707349108355273
10206,-0.7763800819999943
10207,-0.316874893749997
10208,-3.1319166178750004
10209,-1.22367205344189
10210,-0.1415466174074077
10211,-1.3751239762499992
10212,-3.055237869642856
10213,-3.9921810793965515
10214,-2.3955432812591435
10215,0.5245032522619066
10216,-0.32329337833333505
10217,-2.4150992164080454
10218,-0.5040645611111114
10219,-1.19354799925926
10220,-1.8358919272916658
10221,-2.006257130571428
10222,-0.7695822217857133
10223,-0.9615223076562511
10224,-1.8579952405263154
10225,-0.7215064783482177
10226,-2.6265259115384607
10227,-1.2666301124999992
10228,-1.5999618561221594
10229,-2.950329574733334
10230,-2.333128913166666
10231,-0.8016435082758615
10232,-3.437075475869566
10233,-0.42728642277344164
10234,-2.8396933288958333
10235,-1.037242126000001
10236,-0.8219546255000054
10237,-0.7121120562499996
10238,-1.9262826130000001
10239,1.0122025458333326
10240,-0.592019896250001
10241,-0.06936126812500021
10242,-3.5648828614176216
10243,-2.2863483645562765
10244,0.22981074124999168
10245,-1.125950917416666
10246,-2.036313437439025
10247,-3.151682846666666
10248,-0.07192560833333299
10249,-0.49039232720587855
10250,-1.5989737494220941
10251,-3.32911240484375
10252,-3.207679155185184
10253,-3.9369228570000003
10254,-0.7748391274999982
10255,-2.4006660606666674
10256,-0.6639089545833317
10257,-2.147675433341836
10258,-2.0296324319047625
10259,-1.4415632906451612
10260,-1.1411743664516132
10261,-0.6982928344444415
10262,-1.77594929475
10263,-3.2810966956250005
10264,-0.641243549249998
10265,-2.5895899686363646
10266,-1.0686415127777664
10267,-1.0700457908035712
10268,-1.8445269533333324
10269,-2.7835351125757573
10270,-0.7521960137500002
10271,-0.6322301508974354
10272,-2.0380622671428577
10273,-0.8422504016666661
10274,-2.0374307205357147
10275,-1.0634531462500005
10276,-0.27752420465909144
10277,-0.35947862796715907
10278,-1.8689020957692304
10279,1.4822802012499992
10280,-3.018237603081897
10281,-3.6062463164285723
10282,-2.840055451045305
10283,-0.11740503366666309
10284,-2.817122843371212
10285,-1.5271860231481473
10286,-1.990669390122549
10287,-3.431557339411766
10288,-1.9081729228749993
10289,-1.7184468929762287
10290,-2.0619609785869573
10291,-0.367986953333332
10292,-3.095266208000001
10293,-0.15631046115079408
10294,-2.4458410070833327
10295,-2.4588031207983185
10296,-2.290466749833336
10297,-1.8209303972727255
10298,-1.7465312854999993
10299,-0.8630979730000007
10300,-2.9533654200119046
10301,-1.5218820332916654
10302,-2.523708880161565
10303,-0.6821153145833314
10304,-0.8145220474999988
10305,-1.9867672240833343
10306,-2.2599620264999998
10307,-0.7313519062500013
10308,-2.8237114133333345
10309,-2.200483281089265
10310,-0.23135375534090874
10311,-1.1299987866666665
10312,-0.20297519146153647
10313,-1.1296711287499992
10314,-0.26533188785713996
10315,-0.9193113068554708
10316,-1.0921938147619048
10317,-1.0337116568333349
10318,-2.196633055418103
10319,-0.6623352983333319
10320,-0.6614990201587303
10321,-3.254973632333332
10322,-2.225625571853741
10323,-0.630123789999999
10324,-0.43534600583333294
10325,-1.5894890905555559
10326,-0.8579937192500022
10327,-3.2245924075000034
10328,-0.9775269550000019
10329,-3.4702690113076917
10330,-3.1527691866353384
10331,-0.94040068875
10332,-1.978087302948718
10333,-0.25879688916666055
10334,-0.24740237270833218
10335,-3.4289828259375
10336,-1.348088182126436
10337,-1.0083417557692316
10338,-0.440987726060602
10339,-0.47355041472222265
10340,-1.0115760345833316
10341,-2.295040512481481
10342,-0.606855818125001
10343,-0.37273311200000026
10344,-1.9036034749023427
10345,-0.3595071262499996
10346,-1.6593478690909094
10347,-2.974367648076923
10348,-2.541662714895833
10349,-0.6175201900000028
10350,0.012339934999999969
10351,-1.9493447919540232
10352,-1.6141878063218396
10353,-0.7011950508333307
10354,-0.4802785000925904
10355,-2.407047725892858
10356,-0.3220417752083347
10357,-0.5638284867916568
10358,-0.6506070974999991
10359,-0.6570018304166663
10360,-2.0324697725
10361,-1.6871750911083738
10362,-0.44506613192118244
10363,-2.2103201105555517
10364,-3.6410489743181818
10365,-1.2918184897619045
10366,-2.535232650114942
10367,-2.0745257893534483
10368,-2.6034465621002267
10369,-2.402174846249999
10370,-1.1594875452380948
10371,-0.5992806058333334
10372,-2.710524105714286
10373,-1.7640432565740696
10374,-2.7225966376436777
10375,-0.582629535
10376,-0.5152247993749981
10377,-0.8192487938888865
10378,-1.9202525790459775
10379,-0.5978283683333337
10380,-0.6729150770312486
10381,-0.8074272015055426
10382,-0.8464889385374149
10383,-1.9852024683750007
10384,-0.9455481222727258
10385,0.3267331499999999
10386,-1.0037213562500007
10387,-1.5554177401071425
10388,-1.5742188863333346
10389,0.11578425124999825
10390,-3.1013887898484853
10391,-2.3599514500123164
10392,-1.998486268921052
10393,0.023750533333334545
10394,-2.4804980101616536
10395,-0.40694808490000156
10396,-2.171974545
10397,-2.2664899469852933
10398,-3.235346197183908
10399,-3.2393904517857135
10400,-2.309414955553221
10401,-0.725558209097222
10402,-0.4647404897222221
10403,-2.446216848874458
10404,-3.946509419625
10405,-1.3108842864062495
10406,-3.0045629105625
10407,-1.6022389726562487
10408,-0.6524061184821424
10409,-0.7131732046666684
10410,-0.3537748257692313
10411,-1.6790378558333343
10412,-0.48934177357142516
10413,-2.2283563053879316
10414,-1.3404686301340998
10415,-1.0769928646913574
10416,-1.6632413345833328
10417,-1.0571414985884346
10418,0.8405989183333334
10419,-0.3201156064285716
10420,-2.043013091714286
10421,-2.3005676451636905
10422,-0.9981712384999988
10423,-3.2456635836764707
10424,-0.1547536954166636
10425,-0.9069371558333312
10426,-1.5173996547222208
10427,-1.8322039162336514
10428,-2.0501841883333336
10429,-0.7764169798706888
10430,0.046989763534483094
10431,-1.5706338998484854
10432,0.24118245468749855
10433,-3.3915165632500015
10434,-2.21492267166669
10435,-0.7636172024999981
10436,0.9921363037500015
10437,-0.8344472975909089
10438,-0.09556743166666593
10439,-0.7774390055555548
10440,-2.037685382083334
10441,-1.7889805153571428
10442,-0.5646826888888873
10443,-1.3435718058333328
10444,-0.30286873000000014
10445,-0.11010331000000069
10446,-3.6903356036250003
10447,-0.6249022819444442
10448,-0.9997084205555554
10449,-1.819617046944445
10450,-2.5542175127083357
10451,-2.555278688261906
10452,-4.273562566428572
10453,-3.2695810959210525
10454,-0.9626716771369047
10455,-0.509471069899425
10456,-2.4583846939219587
10457,0.061362349999999566
10458,-0.9621155848315742
10459,-4.295307543571429
10460,-1.4972595091071421
10461,-2.595848674724139
10462,-2.276909493088625
10463,-3.542292739895833
10464,-0.29046604268749976
10465,-0.3002151283333312
10466,-0.7695796397727309
10467,-1.8712216028124993
10468,-0.9079533988541666
10469,-2.8119468024500005
10470,-1.8670600685714283
10471,-1.3558092
10472,-1.8850407965172415
10473,-1.1796530221033652
10474,0.39903966062499974
10475,-2.56957765595238
10476,-0.5435433698333384
10477,-1.9426672827083333
10478,-1.0675695211696443
10479,-0.6652515303125028
10480,-2.3366253689999987
10481,-1.9699339681372559
10482,0.4085980287499993
10483,-2.4530890704166666
10484,-0.1669589458333327
10485,-1.9997954976785712
10486,-0.651657767370688
10487,-2.3172844399999994
10488,-0.4570883226587294
10489,-1.5603120051810344
10490,-2.547586700146554
10491,-1.4095385597500008
10492,-2.4456135691666665
10493,1.9901083212500001
10494,-1.3650854290267798
10495,-0.3223893681249983
10496,-0.9390850736589271
10497,-0.8257759216071422
10498,-1.0664538675000017
10499,-3.046913139848485
10500,-2.484092525758476
10501,-2.562836901622808
10502,-0.8583679349999986
10503,-1.1439688430208337
10504,-0.030845707142856633
10505,-0.6226170433333342
10506,-1.6204347815208335
10507,-0.3693027149621212
10508,0.6048636940773875
10509,-0.7623552291666679
10510,-1.00801586513889
10511,-2.847773842142858
10512,-2.7660773373775505
10513,-0.30657985896715917
10514,-0.617763947597391
10515,-0.7145175499999997
10516,-2.378664632619047
10517,-0.9113287825
10518,-3.0254920492857145
10519,-1.2170297833333354
10520,-0.8583969000000007
10521,-2.199821948541669
10522,-1.7204352542857149
10523,0.002350798750001104
10524,-0.8848432061666661
10525,-2.952021454583333
10526,-1.848594704215686
10527,-2.1714133455866547
10528,-0.3668372592592593
10529,-3.1150627421428565
10530,-1.3878518011904735
10531,-3.024022469545456
10532,-0.45895985350000074
10533,-0.9269083487500005
10534,-1.1439023199107143
10535,0.4367983606315793
10536,-0.7326978161547544
10537,-0.3951499266666656
10538,-0.03347403916666991
10539,-0.09124897069293564
10540,-1.6386806038888888
10541,-0.39636901051023726
10542,-3.2356722416666654
10543,-2.9806407040277776
10544,-1.5904564678448274
10545,-0.36008341000000027
10546,-0.3217030333333329
10547,-0.9620291524578385
10548,-2.35952419621693
10549,-2.4961285964285715
10550,-2.2774510142424247
10551,0.03277577249999908
10552,-2.4994784274999997
10553,-2.780659908383791
10554,-2.834475006071429
10555,-1.2545524390948275
10556,-0.7204691393750018
10557,-1.8105443227083313
10558,-2.3738767447619042
10559,-0.9652512373724481
10560,-1.3617694709523807
10561,-2.8482116766666663
10562,-2.9109138771212133
10563,-1.2892858451249993
10564,-0.6195093345833342
10565,-1.6651760836945815
10566,-2.234606177142856
10567,-2.834797800583334
10568,-1.3428074928304614
10569,-1.152171241666666
10570,-0.3659477624999994
10571,-0.9086216924999988
10572,-0.1555212300000015
10573,-0.44765989888888785
10574,-3.0860292065178574
10575,-1.2079608014285685
10576,-2.4052359870833335
10577,-1.4822344930555558
10578,-1.679157045804349
10579,-0.3452583739655175
10580,-2.3521098766806716
10581,-3.0913220336111116
10582,-1.114880482000001
10583,-0.2533497424999986
10584,-0.1863644832327589
10585,-0.2808007504166663
10586,-1.6834282591666667
10587,-2.830933748804598
10588,-3.3748147729999993
10589,-1.8040814475000004
10590,-1.2438754228977276
10591,-0.5194814759375004
10592,-0.6857838314583328
10593,-2.0628502390277785
10594,-2.448960731590136
10595,-1.9569235624404757
10596,-0.6570043188888898
10597,-3.2880807903333324
10598,-1.9750714904444446
10599,-3.0342052746938792
10600,-1.740530835222223
10601,-3.330141265312501
10602,-0.9210123294444365
10603,-2.7364701607692314
10604,-2.1086847204499994
10605,-4.489867450833334
10606,-3.529201394374998
10607,-2.5796533322435895
10608,-2.4899638576190477
10609,-0.12072963402777741
10610,-1.705678375684309
10611,-2.3414845965900373
10612,0.05827981187500164
10613,-0.6486921674999984
10614,-0.9063052189473696
10615,-1.6051895190551193
10616,-0.30013971925000504
10617,-0.7500777209226186
10618,-2.0159357227083325
10619,-0.9792966056250023
10620,-1.8865173628125014
10621,-0.2013621566666668
10622,-0.5908135382500006
10623,-2.9515812185862074
10624,-0.1347618958928573
10625,-0.9420215337500046
10626,-2.4202447807142855
10627,-0.23266785500000017
10628,-1.7739353118181815
10629,-1.847575358749996
10630,-0.18419653443965367
10631,0.4245995352777771
10632,-3.2231845140740756
10633,-2.1285239748148137
10634,-2.0697197565517245
10635,-1.0121621124999995
10636,-2.9214712156150804
10637,-0.17512255058333004
10638,-0.7727737493372814
10639,-1.879111585357143
10640,-0.8929288191666677
10641,-0.4245572214062503
10642,-2.4045429750000005
10643,-2.2736109319444453
10644,-1.1008967966666698
10645,-0.027183797777777723
10646,-1.5491495663636383
10647,-0.8434288550000062
10648,-1.8693245768850573
10649,-2.353807886206896
10650,-3.790654651666666
10651,0.9014312783333333
10652,-0.6643380683333326
10653,-2.4535804580594367
10654,-0.5108024045982152
10655,-1.4902433291562498
10656,-3.1094857406349212
10657,-0.6351787290997025
10658,-2.328941733105469
10659,-1.3924170608333224
10660,-3.2279325754166663
10661,-1.6689724225000009
10662,-4.084325441666668
10663,-1.4099479918750006
10664,-3.6859673896428577
10665,-2.2295700450485363
10666,-2.498921508269231
10667,-1.744562756875002
10668,-3.968920960499999
10669,-2.3570386306875006
10670,-1.9071081328124997
10671,-0.7942890616666661
10672,-0.4402782255681824
10673,-0.751230216482142
10674,-0.5896025254545468
10675,-1.8943283266666646
10676,-2.9134529894086016
10677,-0.08040443833333673
10678,-0.5068031816666667
10679,-1.8156306434642846
10680,-3.1909736261904764
10681,-2.420968008
10682,-1.2695695949999977
10683,-3.5421433873958335
10684,-2.141000711875
10685,-0.3023508544444474
10686,-0.7082368199999985
10687,-0.6818589603124998
10688,-3.190776871594827
10689,-2.9834642718750004
10690,-2.189480853694581
10691,-0.8993939812500003
10692,-1.1089127259821434
10693,-0.4330000667500002
10694,-0.24822540999999987
10695,-3.1787959394444454
10696,-2.240690312604167
10697,-0.2859062704583323
10698,-0.2794526519932099
10699,-1.2746002112499992
10700,-0.583448496409774
10701,-1.8293405805000007
10702,-1.2227529460185187
10703,-2.0400656781250013
10704,-3.2559822414583337
10705,-0.09164175499999772
10706,-2.100018835689655
10707,-2.7444599424999994
10708,-0.6346373975
10709,-2.6236429144899427
10710,-3.0615084075416674
10711,-0.19524842333333345
10712,-0.6951922323055536
10713,-1.192343681594826
10714,-0.6809038623333322
10715,-0.2503871799999997
10716,-0.5456193755833336
10717,-1.0082400074999924
10718,-1.4509888270330453
10719,-1.371228103088456
10720,-2.4319523024263128
10721,-0.05028746189655086
10722,-0.3615554013461541
10723,-0.5475135952380948
10724,0.02121779000000057
10725,-1.6851896454999995
10726,-4.3159788571875
10727,-0.43794802304167035
10728,-0.49651151570833285
10729,-0.6331169866343563
10730,-0.9312647415517242
10731,-0.49592311222222446
10732,-2.170341459904837
10733,-0.2830543664655183
10734,-2.188524859749998
10735,-2.86370298279762
10736,-1.3525279193749995
10737,0.32608087152298754
10738,-2.9828016685416663
10739,-4.1606286175000005
10740,-1.8911455592499997
10741,-1.3914863907777766
10742,0.17519384517857262
10743,-0.24404875222222067
10744,-0.5686721831818162
10745,-2.420595578095237
10746,-2.5694577669444447
10747,-2.8443974524500013
10748,-3.0893887602083323
10749,0.14514899354166677
10750,-1.1760702172499997
10751,-0.2983667290000014
10752,-2.913337414438515
10753,-2.8210860282931045
10754,-0.2125355624999988
10755,-3.669252299333336
10756,-0.3083411312500033
10757,-1.568615287954546
10758,-3.0193851969135808
10759,-0.2331286300000007
10760,-1.6906620817187497
10761,0.6838113834375008
10762,-2.3713700303571423
10763,-0.5714708929999972
10764,-2.189271769250001
10765,-2.5233255580808085
10766,-0.38162391545454644
10767,-1.9675619642289317
10768,-1.77690362
10769,-0.8916973124999998
10770,-2.8227067171509734
10771,-1.854216484846744
10772,-1.3780881580862072
10773,-2.6492097003333335
10774,-1.0453106314062506
10775,-0.5629376740909083
10776,-2.1487453487499977
10777,-2.399999724792627
10778,-2.7321256682747417
10779,-2.05442515
10780,-0.6765381811111061
10781,-1.432454579713541
10782,-1.2146626542343748
10783,-3.2591054741666667
10784,-0.2915944300000035
10785,-0.09276986950000037
10786,-2.502685172166666
10787,-2.583052676805555
10788,-1.5520270749999996
10789,-1.304836018666667
10790,-1.0659854716666668
10791,-0.6545130362500018
10792,-2.246411671431038
10793,-2.4353786585416684
10794,-1.8631402600000004
10795,-0.4408126312500009
10796,-0.2119536974999979
10797,-2.3866440628159333
10798,0.19207614559387073
10799,-3.318827082264808
10800,-3.4922369876666663
10801,-1.4526352391971276
10802,-0.9739886383333334
10803,-3.037072476481482
10804,-0.5033844175000013
10805,-0.7576419043333331
10806,-0.3404951616666653
10807,-2.3392729705603443
10808,-0.240338696666664
10809,-3.6444226207142854
10810,-0.46936900361111294
10811,-0.09993407547226364
10812,-2.0446989771055386
10813,-1.5760793333333347
10814,-2.6108797469444434
10815,-0.6402934958333333
10816,-1.571865657343749
10817,-2.483796874789916
10818,0.4832852287499998
10819,-1.8003902528571436
10820,-0.3975374553385409
10821,-1.1827775446428568
10822,-2.1483213546772766
10823,-0.17731581011904582
10824,-2.4498072237978925
10825,-0.3193830660119031
10826,-0.44843093285714275
10827,-3.2585601770816313
10828,-1.6285575687499971
10829,-2.3180791194687487
10830,-1.885605225821018
10831,-2.310054099940476
10832,-0.7691176960069457
10833,-2.9786249442744257
10834,-0.6851481861111108
10835,-2.652558236923077
10836,-2.593350152328042
10837,-2.1861441026256614
10838,-3.46656378
10839,-3.155564397222223
10840,-2.404784103242297
10841,-0.521217914345237
10842,0.04169834065217144
10843,-2.4556536284630996
10844,-0.26736549027777673
10845,-2.0067293544444444
10846,-2.616900460704762
10847,-2.30537281125
10848,-0.9619322998437507
10849,-0.3760651233333334
10850,-0.6289962922976192
10851,-2.844568743636364
10852,-1.4915383909999984
10853,-0.8415825722222192
10854,-2.5328648860204086
10855,-2.7481234506249996
10856,-1.4576704433333336
10857,-3.1738136698888884
10858,-2.208534905431035
10859,-3.2826345840000006
10860,-1.1007739499107134
10861,-0.30374973750000267
10862,-3.149551102552083
10863,-2.7472908507142857
10864,-3.1629360387931036
10865,-0.2654048012857171
10866,-1.1831249233333334
10867,-2.2131057150000006
10868,-2.4200482008333335
10869,-3.2558080697500014
10870,-2.324256956333333
10871,-2.216372410580357
10872,-0.27397787145210845
10873,-0.8483444918749967
10874,-2.0984207467129625
10875,-0.15102722799999527
10876,-1.5456322528333335
10877,-0.7763978817045476
10878,-0.10776626593749938
10879,-0.5349006060000022
10880,-0.7578049145833354
10881,-2.575887152727272
10882,-3.648074786818182
10883,-1.6136933964080467
10884,-1.8200563025328418
10885,-2.782214058723316
10886,-0.6037735600000005
10887,-0.8197346105183972
10888,-1.4479209017499997
10889,-0.331581483333333
10890,-3.4918676244444447
10891,-3.1628627379034393
10892,-2.5368770289694162
10893,-2.6770940762873563
10894,-0.38081474124999914
10895,-2.7006946757738106
10896,-2.2661389058802173
10897,-2.7928846070028417
10898,-3.2908789056666676
10899,-2.2240651589270826
10900,-3.2739008149999984
10901,-2.523420492999999
10902,-2.4513571663793114
10903,-1.8477072081734136
10904,-2.5763235405968166
10905,-0.4265018564285746
10906,-0.7261650133333332
10907,-0.951430400409226
10908,-2.2818666291220246
10909,-1.0499283412820513
10910,-1.0174446263333237
10911,-0.4933073626388875
10912,-2.2679489120918364
10913,-2.5739355932738093
10914,0.15080763822916765
10915,-2.5137958950197046
10916,-0.5294970237500003
10917,-0.836694129285713
10918,-0.1782002289999994
10919,-2.421163056138975
10920,-4.23005034725
10921,-2.2399222773922416
10922,-0.7386749267857147
10923,-0.41435003785714336
10924,-3.431262843708332
10925,-0.39753075833333423
10926,-1.3546703719821427
10927,-2.927415691998723
10928,-2.7246189850000007
10929,-0.5287125749999966
10930,-0.15396874458333354
10931,-1.6573149230735307
10932,-2.5284592619999993
10933,-1.2845888195129944
10934,-1.4535172545000017
10935,-1.8322962761111097
10936,-1.1104946641666658
10937,-0.28348825625000007
10938,-0.9291264579999999
10939,-3.218824381833335
10940,-0.09511308250000106
10941,-3.9505633779999996
10942,-0.08897282156249986
10943,-2.4430469637515966
10944,-0.9794650449285669
10945,-0.2939551318750002
10946,-0.36310890645833505
10947,-0.06909047513698618
10948,-1.6435781497235569
10949,-0.5443772966666695
10950,0.0
10951,-3.4736603603448266
10952,-3.4823608682307676
10953,-0.4523578258333316
10954,-2.3498162576388886
10955,-1.9547798616666703
10956,0.8464212311111107
10957,-2.2367907584615376
10958,-0.8479909854074061
10959,-0.3687005816666673
10960,-0.4041807250000005
10961,-1.2342805098275857
10962,-1.7366828795833307
10963,-1.321299250669642
10964,-1.3799647212962969
10965,-0.7058412673333336
10966,-2.641684768020833
10967,-0.42275544541666665
10968,-2.1827053336111115
10969,-0.7771149775000001
10970,-0.8119760387534715
10971,-1.884495004999995
10972,-3.2990570245628077
10973,-1.8570413364999994
10974,-2.0670502716666683
10975,-3.15568769781955
10976,-0.8614602885856693
10977,-3.3560221340304235
10978,-0.09428849615384613
10979,-0.1606247477873571
10980,-0.8142960758333345
10981,-0.9483151930316094
10982,-0.4464572882986112
10983,-2.830780777272727
10984,-2.0555878254166657
10985,-2.9718634936494253
10986,-1.0297761393014875
10987,-2.136130307272728
10988,-1.2027551957142844
10989,-3.5633972933333347
10990,-0.6683155041666623
10991,-0.34622566616666717
10992,-0.8673649403333329
10993,-1.2714185662500004
10994,-1.3488817111111109
10995,-3.1688811729166666
10996,-0.06369045999999923
10997,-3.178103438958333
10998,-2.9834281548333235
10999,-2.464913868190905
11000,-0.4066805731250014
11001,-0.37845085166666603
11002,-0.44505851222222265
11003,-0.2730501237499996
11004,-1.6634672691458352
11005,-2.2325364082539645
11006,-0.36364582900000036
11007,-3.836669838750007
11008,0.6614984313362067
11009,-2.4194651316444453
11010,-2.454015545429607
11011,-0.4786431393749986
11012,-1.8873355966071432
11013,-2.9825733069047615
11014,-2.465885658859649
11015,-1.4549544309999987
11016,-0.44872332249999936
11017,-0.08664157749999646
11018,-1.1387691346651785
11019,-1.3458455036063182
11020,-0.35156586833333375
11021,-2.3759885953333333
11022,-0.40754275583333427
11023,-3.6603345446969686
11024,-1.3454585463888888
11025,-2.4120020114000074
11026,-0.6292123575000007
11027,-0.27491492499999737
11028,-0.8625799370833332
11029,-1.1991178711853452
11030,-2.2049733169999994
11031,-0.21010948375000046
11032,-0.29880135625000026
11033,-2.8820794348148144
11034,-2.189594627222222
11035,-2.055193100718393
11036,-2.062001783974359
11037,-0.6580990577777754
11038,-0.2850754433333324
11039,-0.5066533173350667
11040,-3.2784534771785716
11041,-3.35878035975
11042,-1.7675823984821426
11043,-1.8166160951810348
11044,-0.3269754749999976
11045,-3.5634469955
11046,-2.8349375982500007
11047,-2.296817968568681
11048,-1.5125889504166679
11049,-1.9252824361979144
11050,-2.5228999101851812
11051,-0.8057393040909088
11052,-1.8166595295833332
11053,0.6178523472916666
11054,-0.6058358301724133
11055,-1.4193674939999994
11056,-2.0619196175
11057,-0.4701490699999994
11058,-0.9345107228571438
11059,-0.5610815137499993
11060,-2.8896232130952377
11061,-1.9845588840833344
11062,0.19653586375000032
11063,-2.5539543927380937
11064,-2.882482311428571
11065,-3.976786868555555
11066,-2.4212153288296703
11067,-2.723872338609195
11068,-2.2523640885714284
11069,-2.295021557038691
11070,-2.339890498750009
11071,-2.3570321000000005
11072,-0.22652501333333439
11073,-1.4168271675000004
11074,-0.6597766483333333
11075,-0.6005869531992355
11076,-1.1109870078645905
11077,-0.6892207139285712
11078,-0.8939846434999993
11079,-3.4464973886666668
11080,-0.5835602516666691
11081,-0.29455423333333347
11082,-1.3583273020000006
11083,-0.783529134722223
11084,-3.3172580592857144
11085,-0.4052863489338212
11086,-0.43523623833333147
11087,-0.5866167199999976
11088,-2.50704106562755
11089,-1.5751778163095231
11090,0.10747738456521708
11091,-0.30845677205570393
11092,-0.6073781699999993
11093,-0.6924985977777757
11094,0.5845286912500001
11095,-1.9275621170370372
11096,-2.140257175357142
11097,-1.1000525622222201
11098,0.005909895000000276
11099,-0.402662928749999
11100,-0.8867221462500012
11101,-0.5614187307236845
11102,-2.9463488005879306
11103,-2.0838011253703703
11104,0.04071844694444474
11105,-3.365374738
11106,-1.0167196208333316
11107,-1.729146057327588
11108,-0.1878905551923073
11109,-3.0977395569607853
11110,-4.065957644210526
11111,-3.2881798112121206
11112,-2.123191564949713
11113,-1.7710081786939087
11114,-2.8328768953333325
11115,-0.7946456196428571
11116,-2.0196237162500004
11117,-1.7577536846739132
11118,-2.206744143333347
11119,-0.020391218749995943
11120,-3.5035318511111115
11121,0.31694371946120725
11122,-2.2593078324162557
11123,-2.789979532534461
11124,-1.843717397460318
11125,-0.1061131742708336
11126,-2.0470603071428815
11127,-3.839365544333334
11128,-2.778189815277777
11129,-2.150410828468801
11130,-0.2936382445833319
11131,-2.4438604485119035
11132,-1.2398302690907732
11133,-1.7055087627551018
11134,-3.783986143833334
11135,-0.547658528620687
11136,-2.8952638337500005
11137,-2.9035431858333354
11138,-0.07312285750000003
11139,-3.726515860333332
11140,-0.39567487937500045
11141,0.04593775064815494
11142,-1.1403321127298855
11143,-2.203158051052632
11144,-1.6137321338775503
11145,-3.2807177259259275
11146,-0.9651671007575751
11147,-2.9230905920000003
11148,-0.8503257006249996
11149,-1.840547514497128
11150,-1.5038818599107149
11151,-1.222817425277778
11152,-2.652494211938116
11153,-0.6259196455555518
11154,-1.4649576738888872
11155,-1.398607744375
11156,-0.06333883666666651
11157,-2.8999533087500007
11158,-1.245628302708333
11159,-2.1522169128944615
11160,-1.3732809258104384
11161,0.2922627774999995
11162,-2.6347275513333344
11163,-0.988191208888883
11164,-2.592852457775865
11165,-0.6500757999999985
11166,-1.7328253364104402
11167,-1.2551805153124995
11168,-1.298118654166667
11169,-1.1463536691666718
11170,-0.31012749174999643
11171,-0.8784841763333319
11172,-0.4840999066666658
11173,-1.218957849551282
11174,-2.89789627879885
11175,-1.3658208145920614
11176,-2.1006089174509803
11177,-2.383092748087028
11178,-0.9714969681770835
11179,-3.5029926075000026
11180,-0.5187959737500019
11181,-2.415832439761902
11182,-3.0377901897500004
11183,0.013162164583331304
11184,-1.2239786227467107
11185,-0.5162144347222227
11186,-2.1875462520000015
11187,-2.568305550416656
11188,-2.4948268210714284
11189,-2.3748624632056194
11190,-0.4035947251041705
11191,-0.5004476091666668
11192,-1.497563052126436
11193,-2.332108297081773
11194,-1.3161510849999996
11195,-2.8282664401785707
11196,-0.34739306328124897
11197,-0.5334485421875002
11198,-1.5185467058333335
11199,0.3258491633620686
11200,-0.6602968071794815
11201,-0.04938845250000057
11202,-1.8792157794444444
11203,-0.8018059100000023
11204,-2.5857585556410254
11205,-1.2929155836206903
11206,-0.9816191580555559
11207,-3.303367612083333
11208,-2.1497061682512344
11209,-0.6990659054761892
11210,-2.593993404761904
11211,-0.23824714374999978
11212,-2.2430113512499994
11213,-0.3362663108333355
11214,-0.40332330453304754
11215,-3.2147015683333335
11216,-1.6640317466071406
11217,-1.061694440190476
11218,-1.277397556666667
11219,-0.35918698874999677
11220,-0.502335278125
11221,-2.3053744156666687
11222,-0.010315541249998006
11223,-2.3557566190909074
11224,-0.718239238000001
11225,-3.201050415833336
11226,-0.8108441599999998
11227,-0.2693874719999997
11228,-2.750666436666667
11229,-0.2520578143750001
11230,-3.066904042236841
11231,-0.4805608187499981
11232,-0.527077179032568
11233,-4.124671778666666
11234,-2.0261366104545435
11235,-1.0864182589687499
11236,-2.035364312283457
11237,-0.6756441605555553
11238,-0.3788139055000002
11239,-3.0155875679166666
11240,-1.842320058497024
11241,-2.10099587142857
11242,-2.3438319834663854
11243,-1.7844321780859387
11244,-2.160326880000001
11245,-0.3321114662499989
11246,-0.771035163749997
11247,-2.3132450894642864
11248,-1.7587946410714288
11249,-0.21083444153846204
11250,-0.6878928658333301
11251,-0.4816322329166667
11252,-0.3198158811948501
11253,-0.8035712108333352
11254,-3.3610115122249993
11255,-0.2923356072418503
11256,-1.7704739706578951
11257,-0.353683592894736
11258,-2.268005356428572
11259,-0.5691654263333398
11260,-2.790545232634409
11261,-1.242050435624999
11262,-0.27971710919117626
11263,-3.0153061945370436
11264,-1.2852244365401784
11265,-3.253281090416666
11266,-3.202578796594829
11267,-2.942022257291665
11268,-2.6822620276811593
11269,-1.55314623447995
11270,-3.1444675591145863
11271,-3.1531789950224898
11272,-1.1135401521093726
11273,-2.028611891298699
11274,-0.5966127281904761
11275,-0.9165387758333358
11276,-2.3728897568537413
11277,-1.7288204050000047
11278,-1.503453288055556
11279,-0.41095430937500055
11280,-3.337573271258621
11281,-1.2474233211490033
11282,-1.8658876444642851
11283,-2.5627845675729173
11284,-0.9286707799999974
11285,-2.533599572489533
11286,-2.5118227174181254
11287,-0.7223121262500012
11288,-3.3681656043382344
11289,-2.4829738306666664
11290,-2.8509485629545464
11291,-1.177593710984848
11292,-2.6537239028260866
11293,-1.4743413190312502
11294,-0.662002467406833
11295,-1.384578818504756
11296,-2.9506650840000015
11297,-0.42999690250000694
11298,-1.324036506551724
11299,-1.6765291377272735
11300,-0.9055170362499965
11301,-0.2575820981250061
11302,-2.3960760047844825
11303,-0.0002002037499977405
11304,-2.4629473802105246
11305,-0.48334265888888694
11306,-2.5286096386842103
11307,-0.9169860298593742
11308,-2.8002234991176462
11309,-3.299127436388888
11310,-2.309739849212506
11311,-0.7231184285000005
11312,-0.5820882143939375
11313,-2.409939881851851
11314,-1.6233069270535705
11315,-2.3831652232758627
11316,-4.009504141363635
11317,-2.4425063958675595
11318,-0.978702217381823
11319,-0.5339303699999967
11320,-2.1794151057142868
11321,-0.5802735543749993
11322,-0.7129481258620696
11323,-2.5457480161210313
11324,-0.5000045856666674
11325,-0.04305183750000019
11326,-2.613930104848484
11327,-0.39796676166666717
11328,-1.0909012825000062
11329,-0.6409127319246034
11330,-2.3850122782499965
11331,-1.0846004496031745
11332,-1.1012475149999994
11333,-1.317511259583333
11334,-1.7908991124999996
11335,-0.3072892148275863
11336,1.0055695786250016
11337,-2.6425570837500003
11338,-2.4257524645833337
11339,-3.417182534545454
11340,-1.8913279425482623
11341,-0.45292685208333205
11342,-0.6714573131249981
11343,-1.1684959672660102
11344,-0.4082924762499971
11345,-1.3700386549999994
11346,-0.3641807333333329
11347,-3.4445044843902433
11348,-0.2619541138194433
11349,-3.091405516416668
11350,-2.8894845945000007
11351,-3.582640128499999
11352,-0.6028777589999978
11353,-1.6787541528544057
11354,-1.6474307180588479
11355,-1.9332113136111104
11356,-0.4296899359770106
11357,-1.884719061666666
11358,-0.46126116712185117
11359,-3.3789490360000003
11360,-0.011093731562500153
11361,-0.6393202490000001
11362,-2.6041873533333333
11363,-0.40037398541666747
11364,-0.847306141250002
11365,-0.7043336498148152
11366,-0.22088834555555556
11367,-1.088297671264368
11368,-2.6251626584464285
11369,-1.6299150772727273
11370,-2.967787349538264
11371,-0.3275535626332271
11372,-0.8799665616111128
11373,-1.1677866820238083
11374,0.11893715155172302
11375,-2.757854983829365
11376,-2.104854353238095
11377,-2.4457940963505744
11378,-0.4850446883333335
11379,-0.19013660875000227
11380,-2.1964013622023812
11381,-0.48096543000000075
11382,-1.5605061224999996
11383,-3.0130479500862064
11384,-2.3148243062499985
11385,-2.0625653150344827
11386,-0.07140401500000237
11387,-2.5368945897222126
11388,-1.3465976564999997
11389,-3.4388490504022995
11390,-2.2468217162823283
11391,-3.1413967904166675
11392,-0.11703245124999961
11393,-0.8249988572727266
11394,-3.1601639054761894
11395,-1.1348830477678575
11396,-0.20018613062499924
11397,-0.10917206500000039
11398,-1.788711969901962
11399,-1.6952027967307686
11400,-2.4845717655689645
11401,-2.4590436738172423
11402,-0.23247237749999905
11403,-1.2175599859863278
11404,-3.9284728701190472
11405,-0.841200041666666
11406,-0.09482935416666412
11407,-0.14113330583333314
11408,-2.905090861920498
11409,-2.0784612076724143
11410,-3.78275696125
11411,-2.3835775701388884
11412,-0.27522106541666425
11413,-1.9205744320863094
11414,-0.7975110845833324
11415,-2.882397983406593
11416,-0.5221759056875015
11417,-3.214050472499994
11418,-0.43411192416666544
11419,-2.581556988929597
11420,-1.198004552116667
11421,-1.0387458487500005
11422,-2.0787615134375006
11423,-1.9797411075000002
11424,-2.0220310776923087
11425,-0.4593935908333343
11426,-1.9413606250000002
11427,-3.2536278836363635
11428,-2.308949837601352
11429,-2.505974840625
11430,-1.8420107340476157
11431,-1.2573130781666635
11432,-0.4647285965925928
11433,-0.4588361924999944
11434,-0.6441747683333384
11435,-1.749785736298701
11436,-0.06903248166666742
11437,-0.20339908086745728
11438,-0.07710090729166552
11439,-2.3034910930891512
11440,-0.4394018939285727
11441,-2.4777712038744593
11442,-0.4340186895000026
11443,-1.421125936979167
11444,-0.319932665416669
11445,-0.23964713574404684
11446,-2.366885536964286
11447,-3.599564860681817
11448,-0.2386886874999945
11449,-0.6350574825000042
11450,-0.9961007786111113
11451,-2.1839894520000045
11452,-3.1865793357692302
11453,-2.180117867355203
11454,-2.478640178181215
11455,-0.9055933625000009
11456,-2.4849673209375003
11457,-2.343071128787878
11458,-0.7605360866666686
11459,-1.9669977318750007
11460,-3.016015173752752
11461,-3.215188622592592
11462,-1.2858394263541655
11463,-0.7537919746428555
11464,-3.3174231122222215
11465,-2.1607146253284077
11466,-1.0475420388571408
11467,-1.9029474694444446
11468,-2.465107194915966
11469,-1.8518620152777778
11470,-2.3552466733214286
11471,-3.0662034727777754
11472,0.7211634159374967
11473,-2.837911568582707
11474,-2.0655187742857146
11475,-1.5656123535416657
11476,-0.9961686447222243
11477,-2.3316023030297615
11478,-0.12101837357142894
11479,-2.4118882477516994
11480,-1.305522709999997
11481,-3.5009190833333337
11482,-1.2435616149999997
11483,-1.5673674831818183
11484,-3.6436033940909094
11485,-4.252385752499997
11486,-0.6437857999999999
11487,-1.1217675416145845
11488,-1.288243495312499
11489,-0.37792416333333356
11490,-0.38376491916666566
11491,-3.007623690185186
11492,-0.6001142727083332
11493,-0.3968130267646957
11494,0.7090749072222224
11495,-0.5727468192857178
11496,-1.5406538549019606
11497,-1.837703686422413
11498,-0.3182604370370387
11499,0.1805205100000027
11500,-0.4893478288888904
11501,-2.1564009257142844
11502,-2.087832082976191
11503,-2.4971287518589738
11504,-2.4220789694999993
11505,-2.7378953981855503
11506,-0.24581486882844514
11507,0.989070171249999
11508,-0.7126894312500003
11509,-2.690631258243055
11510,-2.270877465514705
11511,-0.7171676619999972
11512,-0.47936188874999885
11513,1.2480422406249998
11514,-3.3938993199350627
11515,-1.0588581522916662
11516,-0.7222324707291676
11517,-0.13176031189655352
11518,-2.7985269745833334
11519,-2.9588574310416664
11520,-0.37730185095237956
11521,-2.596717666666666
11522,-0.616630152222219
11523,-3.4477328635087714
11524,-3.081503326428571
11525,1.4131961566666718
11526,-0.3029057783333317
11527,-2.3603784541875
11528,-2.8576537392142853
11529,-0.580927030865349
11530,-2.664043195625
11531,-0.32472050400000113
11532,-2.1383605648928574
11533,-0.7197858399999975
11534,-0.6353447772727263
11535,-2.9453928334374995
11536,-2.283527078765393
11537,-0.25606944948275945
11538,-0.6904437600000001
11539,-2.336045457928571
11540,-2.39570948125
11541,-0.24996127999999906
11542,-4.246024258
11543,-1.8239010538888891
11544,-3.5357901234500004
11545,-1.841094451316667
11546,-2.3972765386363637
11547,-2.5684411911458334
11548,-1.902705648545918
11549,-2.685720872166668
11550,-1.7495811634057972
11551,-0.4871296595000018
11552,-3.009051929305555
11553,-1.663927147511842
11554,-1.6540223576498554
11555,-1.3574719018518522
11556,-3.775575807500007
11557,-1.0343505996875004
11558,-1.9692918614285724
11559,-0.43477009785713755
11560,-2.3276491950840326
11561,-0.8141351182291672
11562,-2.056832527275863
11563,-2.4591605377536228
11564,-1.8588993361111115
11565,0.0737091456249992
11566,-0.3776682670312539
11567,-0.5819315730357175
11568,-0.6278688166666679
11569,-0.146932781666667
11570,-0.5307287052083334
11571,-0.4843396300000033
11572,-1.1083699906785713
11573,-0.07062139156862453
11574,-2.2233097666071444
11575,-0.502529962083333
11576,-2.942224596458333
11577,-0.4975373256250002
11578,-1.348374966066667
11579,-0.5630030755921032
11580,-0.27457584749999686
11581,-0.6605818274999979
11582,-1.7037864304684338
11583,-1.3063731321527785
11584,-1.5376681950980389
11585,-2.6023199122054597
11586,-2.2999136338259447
11587,-0.5111246471875025
11588,-0.85628102
11589,-1.088003907837501
11590,-1.3546826724404764
11591,-0.7058713218749961
11592,-1.015579242592593
11593,-2.8390510185
11594,-2.128904500833333
11595,-2.185270198361607
11596,-2.5441217944327357
11597,-1.865578482
11598,0.08874055964285787
11599,-0.2896323603256674
11600,-1.457412306350001
11601,-1.3087067394047622
11602,-2.85464059401455
11603,-0.16878251833333024
11604,-2.7067211177910053
11605,-0.8024571637500006
11606,-0.8785268332582683
11607,-0.27599582458333227
11608,-1.9387596418333337
11609,-0.08844013916666545
11610,-1.6196795234523802
11611,-0.7551634363409104
11612,-0.5545030409999981
11613,-3.210084799500001
11614,-1.8307979418981484
11615,0.07526279625000143
11616,-0.3061957860000007
11617,-0.6029058700000007
11618,-1.9663922169999999
11619,-0.050700419999999885
11620,-0.5883477088888895
11621,-1.742946234821428
11622,-3.2660475760000005
11623,-2.4375949319999974
11624,-0.3005213900000001
11625,-0.41051470875000096
11626,-2.169924133951491
11627,-0.19531484999999976
11628,-0.9469256058333286
11629,2.1085791462499994
11630,-2.433658827272727
11631,-2.4822825239514654
11632,-0.31575110962499764
11633,-0.675040391316666
11634,-0.6096640774999988
11635,-1.385028116250001
11636,-0.5739736637499995
11637,-0.3311910816840265
11638,-3.4263751137500007
11639,-1.7990823665853668
11640,-0.6347011069212954
11641,-1.8587012421428577
11642,-3.726696077301588
11643,-1.7599323115441177
11644,-1.274698732000001
11645,-0.6650542396666672
11646,-2.9756232152777784
11647,-0.5684226810000027
11648,-2.005301981875
11649,-0.41023893499999886
11650,-1.5947621366071385
11651,-0.3033228937499999
11652,-2.9125574113541663
11653,-0.08750066833333303
11654,-0.06584860648437463
11655,-2.4780187436363614
11656,-1.9277165266666667
11657,-0.4155462018333296
11658,-2.9275448816666665
11659,-1.8379405561800002
11660,-2.302106116
11661,-1.5145114367592585
11662,-2.128399830966118
11663,-0.4230642968620707
11664,-1.7977850711594212
11665,-0.04577717000000803
11666,-2.1909128648148157
11667,-3.66203571625
11668,-0.42824703142857007
11669,-2.3385173234624146
11670,-0.6246459048448287
11671,-0.41577992806568154
11672,-1.8533730681249994
11673,-1.2999585954545447
11674,-0.05489940833333318
11675,-0.5922703925000002
11676,-1.750546960662022
11677,-2.105683651875001
11678,-0.33346613974999856
11679,-0.24169402451149358
11680,-2.2650595153571373
11681,-0.5713281505555555
11682,0.07212195174137434
11683,-1.7268969921428554
11684,-1.0220626499553565
11685,-0.24586180347701259
11686,-2.235289159107143
11687,-2.4768931420238105
11688,-3.535616801563221
11689,-1.9545792862499998
11690,-0.7871603470545963
11691,-1.0573317549084247
11692,-0.6512282284999997
11693,-0.50848024388889
11694,-2.7003539637859206
11695,-0.8784664887500035
11696,-3.304186793333334
11697,-1.0639044210000008
11698,-1.4916028921428581
11699,-2.074358707499999
11700,-0.423883827552082
11701,-0.026545130520832554
11702,0.24167899125000014
11703,-2.339886761551725
11704,-0.5389767020052076
11705,-2.7449656303174597
11706,-3.786492631666667
11707,-0.9113563118750001
11708,-1.6501702366666664
11709,-1.024525277604166
11710,-0.4351127790000021
11711,-0.6028068370833353
11712,-0.5442295645454542
11713,-0.5133943392857166
11714,-0.16567397000000028
11715,-0.34201156444443964
11716,-0.2592693664035078
11717,-0.8325476709722229
11718,-3.2351516241458342
11719,-0.847494942656251
11720,-0.44591140249999484
11721,-0.3452446614285693
11722,-2.035562333888889
11723,-1.4876819619683914
11724,-1.5840717916111111
11725,-0.6317105993750012
11726,-1.1925669842968745
11727,-0.6471931228333384
11728,-0.07211981916666499
11729,-1.2886841360267849
11730,-0.5205617483333338
11731,-0.7609316082575791
11732,-0.7791027225000009
11733,-2.6714013691666674
11734,-1.9662792717105257
11735,-1.4283468992643222
11736,-1.6396678047222224
11737,-3.3605707022656257
11738,-2.532890937395833
11739,-1.020022562500003
11740,-2.1545874526785784
11741,-0.6217118166666668
11742,-0.17391273534482643
11743,-1.9651984965357143
11744,-0.3480832180468756
11745,-0.29572519249999374
11746,-0.8334507839999983
11747,-0.8878050201893938
11748,-0.1713641147916647
11749,-2.0594984877192988
11750,-0.41948465420067904
11751,-1.1352323524999997
11752,-2.587061672853448
11753,-3.141671946583334
11754,-3.0086793875886526
11755,-1.1720779405357138
11756,-1.067659837222216
11757,-0.5186196659920638
11758,0.39020528801724197
11759,-4.237734716724137
11760,-2.8937209244312165
11761,-0.08056051249999996
11762,-0.41734936333333295
11763,-0.06558400666666368
11764,-0.19824427166667036
11765,-1.1671957610676391
11766,-2.520906898087027
11767,-2.191792862
11768,-0.4077188266666691
11769,-3.206231359222223
11770,-2.021118499986772
11771,-1.4644986619444431
11772,-0.3244990214814807
11773,-0.9160421270833323
11774,-2.4087150612499983
11775,-0.8870194621264366
11776,-0.6113937993750005
11777,-0.2975691823214275
11778,-3.643606586625
11779,-4.1579698800000005
11780,-0.21606099541666524
11781,-3.224797653750008
11782,-2.082547178333333
11783,-2.8901769961637926
11784,-0.7650217131785715
11785,-0.8300672125000007
11786,-0.544842446250005
11787,-3.4481509325
11788,0.0066706912500000826
11789,1.083333463749999
11790,-0.21951619653846202
11791,-1.1271999780528843
11792,-1.7416102649489804
11793,-0.41780548531250145
11794,-1.0531193267513046
11795,-2.1652150261394554
11796,-3.099192539956897
11797,-0.6185059496428664
11798,-0.6155329043749997
11799,-0.23502832538461751
11800,-0.1988477183333348
11801,-1.8933586610459785
11802,-0.4481397633333349
11803,-1.0392341193589745
11804,-0.6761169016666694
11805,0.042649132500003795
11806,0.6029967083333361
11807,-0.46743199267240954
11808,-1.9088771843043153
11809,-0.7726216583333265
11810,-0.6349174563487213
11811,-2.458837664
11812,-0.7000273674999965
11813,-1.9004327519137916
11814,-1.0050284899999984
11815,0.016627212499999988
11816,0.05646118140350908
11817,-0.04823108999999922
11818,-0.17780315189236262
11819,-0.38520334750000274
11820,-0.5718203600000002
11821,-1.2750927507407401
11822,-0.45782841633333077
11823,0.38314022000000136
11824,-0.9012772259523807
11825,-2.3123908303124994
11826,-2.79844017925
11827,-1.3030490850000005
11828,-0.7146666109999991
11829,-1.2543251941999995
11830,-2.3316806425000007
11831,-0.7638296814583327
11832,-1.7151271862500002
11833,-2.329995071139455
11834,-0.6912688439999982
11835,-0.95972068425
11836,-3.286606347055556
11837,-0.46164263208333356
11838,-0.7561679475000034
11839,-2.470794032555419
11840,-0.3235409957499996
11841,-2.964461737843135
11842,-1.2356752629310344
11843,-2.142108493016459
11844,-1.3770119799999994
11845,-2.4230428037499996
11846,-3.3301326493084584
11847,-3.85047666372222
11848,-0.24624997642856833
11849,-0.6714042128125
11850,-0.5051163721296342
11851,-1.7907374760416654
11852,-2.904036032697045
11853,-0.6632701742442101
11854,-1.3184720687083331
11855,-0.9808548856874992
11856,-1.064891435729167
11857,-2.2238593883045987
11858,-2.1540904944472903
11859,-2.2867649691666663
11860,-2.52574934764586
11861,-3.3306641347619044
11862,-0.10735772187499748
11863,-0.228935456250003
11864,-2.524452869285714
11865,-1.6069293082777776
11866,-0.4397754923706927
11867,-3.035673169734375
11868,-2.0615454663888886
11869,-1.90361912125
11870,-0.05989392374999625
11871,-3.269091094466667
11872,-1.7897225231944445
11873,-1.8466824102777781
11874,-3.6734060133055557
11875,-3.9093342250000003
11876,-2.4590370227561222
11877,-1.1736277855747126
11878,-2.906399697347702
11879,-0.44250345166666705
11880,-0.5652514478333337
11881,-1.7517375019999981
11882,-2.1527793374252875
11883,-0.762747582991071
11884,-1.7088157409090912
11885,-2.3586504169747893
11886,-0.7035048541836731
11887,-1.896590105530302
11888,-1.8294740279471549
11889,-2.803982781428572
11890,-2.909459797539378
11891,-0.8159322773095242
11892,-0.8249396784999997
11893,-1.9378918397222218
11894,-2.1675195982539748
11895,-0.26003228499999764
11896,-2.5180412296874994
11897,-2.4186114185801624
11898,-0.5044639887500004
11899,-3.281016781500001
11900,-3.066876938958334
11901,0.8307348362499987
11902,-0.22850933124999956
11903,-2.3870389072727276
11904,-1.8456268005555556
11905,-3.2261988037500005
11906,-0.19171812109374997
11907,-3.6558483263333286
11908,-0.4148245488888883
11909,-0.533046275833336
11910,-1.5389605090624987
11911,-0.3967839427777771
11912,-3.0807718174019603
11913,0.624334065952373
11914,-0.07009129706896558
11915,-0.4068444087499974
11916,-0.39398405555555704
11917,-2.689175556346154
11918,-0.40727522600000016
11919,-0.3860368942857149
11920,-0.029599811842105226
11921,-0.3694191194444431
11922,0.15853135999999957
11923,-2.3061196877450962
11924,-0.8055488385185176
11925,-0.45936764750000103
11926,-0.19162351474999967
11927,-1.3000977307142787
11928,-1.116882109895832
11929,-0.8954015220000002
11930,-0.6086466195000014
11931,-2.351263315000001
11932,-0.9617217564062501
11933,-3.973205283117523
11934,-0.8262178712499981
11935,-2.150266564722222
11936,-0.38684203965277675
11937,-2.960836056580458
11938,-0.7929937014743587
11939,-2.9923550983333334
11940,-1.8904087113936778
11941,-0.5944482862499996
11942,-1.9554192382857158
11943,-2.7322904244642863
11944,-2.5126361870175455
11945,-1.5091499223500002
11946,-2.5373599260000006
11947,-1.8034290224999994
11948,-2.518472316875001
11949,-2.7544835214285714
11950,-0.8118388666666666
11951,-1.8314688134558832
11952,-1.1916019331999999
11953,-0.11960239467980317
11954,-0.44384068886206907
11955,-3.342973633571429
11956,-2.382188713690477
11957,-0.7275767780000016
11958,-2.563966185740742
11959,-3.6034106277499967
11960,0.45931817625000093
11961,-2.9768776727119253
11962,2.756672782499999
11963,-1.8045864504022997
11964,-1.6704027793333354
11965,-1.59167361328125
11966,-2.4051747701047623
11967,-3.3194060780555534
11968,-0.9619168955229878
11969,-0.2016916575000005
11970,-0.7950673230681815
11971,-1.8056958083333337
11972,-1.8753826600000003
11973,-2.4595506060344836
11974,-2.4989351436282154
11975,-2.9240007255555556
11976,-1.9616475124218749
11977,-1.317403839285715
11978,-0.6136610383333334
11979,-2.571571564324713
11980,-2.5911020619774434
11981,-2.3920220577891538
11982,-3.7856474933333324
11983,-2.1089558975000005
11984,-0.884713492395834
11985,-3.1877457886003446
11986,-2.0403302691666667
11987,0.1202282555555551
11988,-2.685813710238095
11989,-2.4236402232142846
11990,-1.2584329259674287
11991,-2.747634232301588
11992,-2.814538871857144
11993,-2.7383046797222224
11994,-2.224417566221265
11995,-0.7269177783333353
11996,-0.23667956953124936
11997,-3.5639530949999996
11998,-1.944289697222222
11999,0.0017573587499981613
12000,-0.35496427249999957
12001,-2.7228311179166655
12002,-2.0858896202192985
12003,-3.0263639822499995
12004,-0.4186062400000061
12005,-1.6638419441666685
12006,-3.1419010291890395
12007,-1.2897035304166664
12008,-1.4576618983333336
12009,-2.5749101732407405
12010,-0.6577966733333321
12011,-1.924051140833333
12012,-0.2915072250000007
12013,-1.1362900842592591
12014,-0.71909869611111
12015,-1.5124836922499996
12016,-1.7345488670833258
12017,-0.45071571055555876
12018,-1.4065820833333333
12019,-0.8309063155000004
12020,-2.214197438484848
12021,-2.223938991666667
12022,-0.8909655517752237
12023,-2.984145067528733
12024,-0.2899011212499989
12025,-2.531050579113756
12026,-1.3636545726423612
12027,-0.8228290309895853
12028,-2.132147201081169
12029,-0.6220480778571442
12030,-2.5109184831250007
12031,-3.1157407509698274
12032,-0.6792951815598215
12033,-2.296009982420636
12034,-2.7978368703879353
12035,-3.7497382423333385
12036,-2.8694165569900796
12037,-2.2868378326923082
12038,-2.9586070105555557
12039,-0.3637516374999983
12040,-0.7770612101496651
12041,-0.9976624199999998
12042,0.8494060525
12043,-2.766077881190476
12044,-2.481358991978654
12045,-1.6546727699298227
12046,-0.9463613767726287
12047,0.30646282086206966
12048,-3.403675276013889
12049,-3.436739420555556
12050,-0.4841251949999986
12051,-2.026037591682189
12052,-3.0985687240065665
12053,-0.5294938375000005
12054,-2.3513789547826085
12055,-0.5994639245312499
12056,-2.1228218764635356
12057,-2.45051476425
12058,0.029579722500001182
12059,-0.292902834375
12060,-3.8209380630000025
12061,-2.600851788397435
12062,-1.9797080733333334
12063,-3.034714023409089
12064,-1.2338780364999995
12065,0.015296066666669125
12066,-1.4413631250625003
12067,-2.714751318833334
12068,-0.773987577687501
12069,0.9419105625000004
12070,-2.549136384770833
12071,-1.1508422116666672
12072,-0.5149543454999929
12073,-0.7609367862499994
12074,-0.13822636374999853
12075,-3.7067063276666667
12076,0.5762525875000044
12077,-0.7858189174338632
12078,-2.7118220811083744
12079,-1.6937122276249974
12080,-2.7025742974242424
12081,-2.3006820218103443
12082,-1.5825632872395659
12083,-0.9520247300000015
12084,-3.005856138752874
12085,-0.645768988333332
12086,-0.311007634500001
12087,-0.21440217940734208
12088,-0.8266191467857169
12089,-0.40791869115079277
12090,-1.4833867177857134
12091,-0.4018375999999992
12092,-2.2214619402571842
12093,-1.701866446931034
12094,-2.2917420620689652
12095,-0.8428128884615376
12096,-3.113979509375
12097,-0.7870267010000006
12098,-3.5954726594444413
12099,-3.3112881585802465
12100,-2.271007043333332
12101,-3.1461210066987833
12102,-0.7212689352777788
12103,-4.2961077549999995
12104,-3.4226719002499997
12105,-0.510099275740741
12106,-1.806417634999999
12107,-0.25305230875000007
12108,-1.2136292437239593
12109,-0.1270222250000046
12110,-2.4193781186111116
12111,-1.042791715
12112,-0.359068421607143
12113,-2.4389068123730158
12114,0.7954111712500005
12115,-3.551662291666667
12116,-0.18597026738126204
12117,-1.9313930109523787
12118,-0.7881116212500014
12119,-2.4420123233333335
12120,-1.1697527580610627
12121,-3.706797714285714
12122,-0.6121159002455366
12123,-0.8154162347222199
12124,-1.0718062082692303
12125,0.04588215187500211
12126,-2.3693726329761904
12127,-1.7656734374999985
12128,-1.1754731170454547
12129,-1.0102398348412531
12130,-0.5927108225
12131,-0.7972106355555622
12132,-1.9536336480769232
12133,-2.008557448333333
12134,-2.4515144214444438
12135,-2.2882330389285714
12136,-1.0524099444285717
12137,-2.350788297282051
12138,0.030779726000000097
12139,-2.8779853297058824
12140,-2.266538991515151
12141,-0.2248624437109381
12142,-4.17622066444444
12143,-3.8683268416666663
12144,-1.779286491428569
12145,-1.4823808451041696
12146,-3.375202601413791
12147,-2.569991883671717
12148,-2.395962666666667
12149,-0.7364028166666662
12150,-2.2484778776041665
12151,-0.7034518745000007
12152,-1.3850467486666673
12153,-0.6977909885000088
12154,-2.0466015773275856
12155,-3.4057396201041668
12156,-0.5528992799999983
12157,-0.6681538472222233
12158,-1.5663748583908041
12159,-1.9263108036904768
12160,-0.38719763624999715
12161,-2.8727340616666646
12162,-2.5885888815
12163,-2.4452802037394963
12164,-1.437793791666667
12165,-0.3864838037500036
12166,-2.340042725833333
12167,-2.4732249276666662
12168,-2.2818161846924596
12169,-0.8083889823245615
12170,-0.591599556999995
12171,-2.2323441077777773
12172,-2.456173770425169
12173,-3.0924083945000005
12174,-0.47079037250000155
12175,-0.22633729000000002
12176,-0.7918317589880957
12177,-1.9703121910344836
12178,-1.0282253014687506
12179,-2.063703354955357
12180,-1.5471338804166659
12181,-0.23817251541666687
12182,-2.158982824166666
12183,-1.7013134638888887
12184,-2.360086020180625
12185,-0.15973149285714175
12186,-2.114691025493295
12187,-0.7660357466666653
12188,-0.8127059820981941
12189,-2.7872100329310348
12190,-3.6148509698749995
12191,-0.4854727908333339
12192,-2.717583835603449
12193,-0.8267243815384608
12194,-0.45912025833333203
12195,-2.297922147857142
12196,-0.32017464545454416
12197,-1.3765666798670892
12198,-0.7911978185714277
12199,-3.213395772435064
12200,-1.101783966666666
12201,-0.4702801531249978
12202,-0.0056133243749996176
12203,-2.201462566254789
12204,-2.8497295144195407
12205,-1.0192064038409088
12206,-0.5825387099999967
12207,-1.5914102926562528
12208,-1.793557752847222
12209,-1.1643704449999988
12210,-2.7934028167532468
12211,-3.006311021013957
12212,-1.8297312059062527
12213,-3.4987343729166605
12214,-1.6453128883333332
12215,-0.3552935335416674
12216,-2.3729552664422053
12217,-0.7129788381249984
12218,-0.16235838458333252
12219,-3.1872932938888883
12220,-1.6096289076543215
12221,-3.4282547425000005
12222,-0.1032052349999996
12223,-0.2669348096491362
12224,-3.15594301551852
12225,-0.6556221152777731
12226,-0.2366616540697681
12227,0.2767366762499961
12228,-3.358458938653845
12229,-2.8192558111111117
12230,-1.7779738328333337
12231,-3.2751939564444474
12232,-2.6704880995454485
12233,-2.0297732275732763
12234,-0.8556266887500001
12235,-2.2083305614285718
12236,-2.292747814523806
12237,-1.5910412692857139
12238,-1.0436866038888841
12239,-0.49230489428571544
12240,-0.21872186014588763
12241,-2.874989288653846
12242,-0.6936264977777759
12243,-3.2310520672222216
12244,-3.0296963500000005
12245,-2.5227358235632145
12246,-0.8587921201785714
12247,-2.458910103
12248,-3.3446507790000006
12249,-2.463984302103948
12250,-2.5351077367125066
12251,-0.3986453800000014
12252,-1.374369412962963
12253,-0.4745876444444421
12254,-1.928012280520834
12255,-0.44796718553333364
12256,-2.5637564166666666
12257,-1.0076061520833335
12258,-2.476656507243774
12259,-3.2992598445454537
12260,-1.4770214385714238
12261,-0.25756445429545366
12262,-0.3552246256666656
12263,-1.2319827396666674
12264,-2.271091594259259
12265,-0.7572200554166665
12266,-2.218596720204545
12267,-0.7856104336607144
12268,-2.344317947499999
12269,-0.8084054849999992
12270,-0.45333379958333353
12271,-2.286155341944444
12272,-0.3840419224999998
12273,-0.4732087883333331
12274,-2.6417730659542977
12275,-1.2697086423258905
12276,-0.505499445000001
12277,-0.44363435749999525
12278,-2.56185141986453
12279,-0.47091663750000023
12280,-1.338558848045038
12281,-0.24106537895833502
12282,-0.14495584884615306
12283,-0.6666346156060576
12284,-3.0142126382843153
12285,-2.9708392769999996
12286,-0.8489588860000019
12287,-1.2629454575977
12288,-1.6874217595454548
12289,-2.639629860135152
12290,-4.018697117750002
12291,-1.8520812633103456
12292,-0.320622574583334
12293,-2.9541109004967154
12294,-0.4460737638095252
12295,-2.987412474850575
12296,-0.0250450450000006
12297,-0.14693162173363086
12298,-0.9817310710504197
12299,-1.095917878809524
12300,-3.0190757344444443
12301,-2.189612262416668
12302,-2.7988084388888885
12303,-2.4024016400000003
12304,-0.548545262058825
12305,-0.192909463333334
12306,-3.940443139124999
12307,-3.775055662045453
12308,-1.4675466465937488
12309,-0.47724602249999126
12310,-0.21867996166666614
12311,-3.256982102333334
12312,0.8489538203125022
12313,-1.1774866100000008
12314,-1.969763134583334
12315,-2.8519379410000005
12316,-0.19183802874999856
12317,-0.3922253086666679
12318,-1.5928441254166668
12319,-0.29135345944444485
12320,-1.7893422520000002
12321,-0.791811782083327
12322,-1.4244893306723467
12323,-0.9066892843750018
12324,-2.2783447819696963
12325,-2.514923455
12326,-1.2544819891666645
12327,-2.48377749553161
12328,-2.812731088124999
12329,-0.4310752874999997
12330,-3.435843894166666
12331,-0.7173294697222197
12332,-3.6708344981060606
12333,-2.188822850782312
12334,-2.425933910797102
12335,-2.5155755975000003
12336,-2.281445611666665
12337,-2.484288005478925
12338,-1.5614509135221668
12339,-0.8524399124999995
12340,-0.40340938100000096
12341,-0.9110458324137944
12342,-3.2316843445238086
12343,-0.6404687011363667
12344,-0.8549962350000015
12345,-2.412108247996031
12346,-0.9619318771264377
12347,-2.367837964410919
12348,-3.2511851854166665
12349,-0.599672680546874
12350,-3.16318817761024
12351,-1.9404976124023428
12352,-1.3914733189724138
12353,-2.2251071018537405
12354,-3.1058550605333335
12355,-4.281651369230769
12356,-0.970558108583333
12357,-0.4964587480859395
12358,-0.7986029282775966
12359,-1.1283760591666665
12360,-2.717148923125
12361,-1.071860271034482
12362,-1.7119071172660092
12363,-0.23374328041666637
12364,-0.5554404000000019
12365,-2.367866973685065
12366,-1.889409310416666
12367,-1.5143223183229815
12368,-0.5752348329166684
12369,-0.8271290193308697
12370,-0.06074282107291538
12371,-0.5196179799999996
12372,-0.2354365924999975
12373,-3.639110510344826
12374,0.2512322040000029
12375,-2.329565223749999
12376,-0.7322708927777816
12377,-0.4453941308333296
12378,-2.0549925302083327
12379,-0.8285514331465521
12380,0.10701953843749834
12381,-1.3539336259090904
12382,-2.2436480015476192
12383,-3.628609801785715
12384,-2.5424544218181806
12385,-0.06188175974026068
12386,0.9085927355208332
12387,-1.5846004424088538
12388,-1.335625025625001
12389,-2.798056310000001
12390,-0.6453606667931041
12391,-1.3893422497619052
12392,-1.0793916033333333
12393,-1.4070624454166658
12394,-2.260707690864121
12395,-3.2181859641666706
12396,-4.320807935178572
12397,-0.5843099109999997
12398,-0.04929230500000159
12399,-2.492951431529146
12400,-1.609659967145594
12401,-2.632716396666666
12402,-0.39563509333333374
12403,-2.7600177984999994
12404,-0.627015536666665
12405,-2.6034209455555537
12406,0.07330951395833196
12407,-2.8553027550000007
12408,-1.867687607916667
12409,0.07200533062499659
12410,-3.128102243397567
12411,-0.04388731694444322
12412,-0.049218507500000896
12413,-2.368056011801802
12414,-2.5370716525500074
12415,-1.7377157054174224
12416,-0.3274520617391313
12417,-1.1505724860416668
12418,0.0
12419,-1.5566956183333327
12420,-0.9034067991666662
12421,-1.3036228095000024
12422,-0.3795178041666709
12423,-2.3894211058928567
12424,-1.7506827875
12425,-0.9507154766666671
12426,0.03131227708333384
12427,-3.5832566657142846
12428,-0.7897201106250016
12429,-2.3189860562936246
12430,-2.2404450850595237
12431,-0.7525815912500029
12432,-1.2305554850000036
12433,-2.974195047499999
12434,-0.053040937500000496
12435,-0.23803798604166726
12436,-0.2408379449999984
12437,-2.705528002440477
12438,-0.6816522129999975
12439,-0.09864002954401369
12440,-0.38639210245000155
12441,0.021477920624999314
12442,-3.4317584649705886
12443,-0.7787556689999974
12444,-0.37077214687499804
12445,-2.066411199390757
12446,-0.7999052124999991
12447,-0.5393093812499998
12448,-0.3625904699999983
12449,-0.6121987159375024
12450,-2.7981477254444447
12451,-0.7325704929999993
12452,-2.5031605782053576
12453,-1.4924672886666674
12454,-0.17412528520833703
12455,-1.212095436222222
12456,-3.0081883517907526
12457,-2.1444550299999996
12458,-2.770848755416667
12459,-0.6114847759375017
12460,-0.5089161339880963
12461,1.1010910863888863
12462,-3.0813404697102014
12463,-2.255026315833333
12464,-1.048739989583332
12465,-0.22759561291666808
12466,-2.7602246036379308
12467,-2.9911054675050175
12468,-1.5472384212500003
12469,-0.42720125149425076
12470,-2.1396662922727283
12471,-1.064458409333333
12472,-2.6750331186997123
12473,-1.3750569087037041
12474,-1.7168151456666692
12475,-3.2271573211904765
12476,0.015621406250001968
12477,-0.9049613478571418
12478,-1.4802033755102042
12479,-0.4531038717857143
12480,-0.43185497166666664
12481,-0.6256983574999992
12482,-1.6200290795833339
12483,-2.4516761436538466
12484,-0.614225619857136
12485,-2.2641565777857147
12486,-1.1517597175000063
12487,-0.3000357454687501
12488,-0.2053023699999983
12489,-0.6451083537301585
12490,-2.4832764844073267
12491,-3.3339334718846154
12492,0.05698213499999838
12493,-3.33473847279297
12494,-0.4233528520000007
12495,-0.23351387624999376
12496,-1.0284502179666666
12497,0.18017311008620673
12498,-3.581396522174999
12499,-2.205320383095239
12500,-0.6485357441666664
12501,-0.16053126277777746
12502,-0.36763038916666463
12503,-0.6064196293750008
12504,-3.4718164693333335
12505,0.022808687916666532
12506,-3.9891021426666655
12507,-0.34634194499999893
12508,-3.332704743233333
12509,-1.024969332333334
12510,-0.6243764976388917
12511,-1.627743441551724
12512,-0.37607980100000304
12513,-0.9506921764499993
12514,-2.9976558471798023
12515,-0.7850072811666664
12516,-1.3783924581904756
12517,-1.0954498841702276
12518,-2.490447211904762
12519,-1.3205996093956036
12520,-2.46593096
12521,-3.5474047607142856
12522,-0.38563433850000167
12523,-3.36388194125
12524,-1.781462497368421
12525,-0.23584965781249867
12526,-2.874237976666667
12527,-0.4622086853017251
12528,-1.4552337754166669
12529,-1.0348469633333295
12530,-0.08118413875000385
12531,-2.3583007792708326
12532,-0.4617681937500011
12533,0.00019328233333245257
12534,-2.829717449461208
12535,-0.7784586035632183
12536,-0.2089872612499999
12537,-0.3530098674999991
12538,-2.740575714364087
12539,-0.4037538055555577
12540,-0.484959264032567
12541,-2.852132954166667
12542,-0.7965373470000031
12543,-0.4341094154166658
12544,-0.47579510999999897
12545,0.5333312310937544
12546,-2.45768740671456
12547,-0.403847810000002
12548,-2.036556515675465
12549,-0.6395661188888858
12550,-1.1841537337500014
12551,-0.07606693571428837
12552,-0.4746958719999981
12553,-0.1595791131250035
12554,-3.3446211433333337
12555,-0.08676243916666948
12556,-0.03250946729166593
12557,-1.0288475744444459
12558,-1.8774378464890304
12559,-0.4590528758333316
12560,-2.475551670500001
12561,-2.5511062242857094
12562,-3.3786296058697314
12563,-0.5151359468749983
12564,-1.0669256066666688
12565,-3.150763854047619
12566,-0.6035011666666671
12567,-0.949919777499999
12568,-0.2834853049166739
12569,-0.6507516049999994
12570,-0.6347363066666626
12571,-0.8266830439132649
12572,-0.32104420071428613
12573,-0.45070334208333307
12574,-0.04542289437728842
12575,-3.9065406926190485
12576,-3.7910096510000018
12577,-0.9624981687276772
12578,-1.089603731583333
12579,-3.8228543089393927
12580,-2.3729057689393938
12581,-0.4362295249999993
12582,-0.472480345000001
12583,-0.7867808980000006
12584,0.03470705499999838
12585,-3.8465635374999976
12586,-0.6088025016666686
12587,-1.9534841299479169
12588,-0.07142315354166452
12589,-2.4938976826058195
12590,-2.456086594583332
12591,-0.8982283075000002
12592,1.181301844375
12593,-3.8713124704545447
12594,-0.896093119285719
12595,-2.420213610428982
12596,-2.5046636636904758
12597,-1.1801322363154745
12598,-0.6806069840504989
12599,0.8740515875000003
12600,-2.4184687095833333
12601,-1.3673601376119406
12602,-0.07974541000000031
12603,-3.0291522611538464
12604,-1.299647031666666
12605,-1.726457208250001
12606,-0.36355844083333483
12607,-2.805604998088624
12608,0.9002192085416667
12609,-1.2763071180729177
12610,-0.10770546000000003
12611,-2.040783233
12612,-0.39147296364942363
12613,-0.7916758093031633
12614,-1.7088464075
12615,-3.391320483380811
12616,-2.258967747435897
12617,-0.4814104566666657
12618,-2.893873149714559
12619,-0.5313133199999968
12620,-2.378653411500001
12621,-3.949675898125001
12622,-2.2309965758150176
12623,-2.6319602378896096
12624,-2.43424595955303
12625,-0.6808678347222165
12626,-2.145890091767857
12627,-0.14474939476190501
12628,-1.292993156428572
12629,0.9914836774999998
12630,-2.2581497655
12631,-0.3452401712083333
12632,-2.7532859430535708
12633,-2.765007686333329
12634,-0.7611560177083341
12635,-1.9687017228333323
12636,-0.46082918227272723
12637,-0.3164347549999995
12638,-0.5553603618750002
12639,-2.386140228333333
12640,-2.7499819453333334
12641,-1.86761311837963
12642,-3.1631007070833332
12643,-0.8912465507142845
12644,-3.4185206346428565
12645,-2.997387182713922
12646,-1.399946179074074
12647,-2.605111105580362
12648,0.02880782624999867
12649,-1.0531737527272726
12650,0.08324176999999959
12651,-0.21088979444444433
12652,-2.246898491071428
12653,-1.9256553197413793
12654,-0.13964566574074094
12655,-0.79806856849138
12656,-1.9533655586250007
12657,-0.5201371719999998
12658,-0.06934552749999945
12659,-0.399427311547619
12660,-2.2397824692857142
12661,-2.794713231293103
12662,-2.47238531729322
12663,-0.45893090049319846
12664,-0.37233478812500476
12665,-1.9602675537500005
12666,-3.5062734356666665
12667,-2.4095407774206348
12668,-0.8132582723333328
12669,-2.0205625391666655
12670,-1.7850599683333295
12671,-0.39896058062500117
12672,-2.610939604861112
12673,-2.9701320699137916
12674,-0.24274853920634915
12675,0.14740680103448156
12676,-0.17863062303728228
12677,-3.1085158391071426
12678,-2.4377196438544058
12679,-2.6209999849450543
12680,-0.43810382512820484
12681,-2.2386753125
12682,-3.2104819657142865
12683,-2.296756592062496
12684,-0.24444091916666602
12685,-2.837391060306514
12686,-0.19259980177083355
12687,-0.43996794416666685
12688,-2.0185196569444446
12689,-1.4597880307812456
12690,-0.4689561225000016
12691,-2.32739635
12692,-1.3809526421428566
12693,-1.9114852262500002
12694,-2.3681121399062146
12695,1.2717912837499998
12696,-2.3453893289583334
12697,-0.6136462312931001
12698,-0.5305159769666687
12699,-2.7075753735000005
12700,-0.6315271295833327
12701,-0.20637432663691055
12702,-1.8875352234375002
12703,-0.6976692708333339
12704,-2.452395296666667
12705,-1.4524341318181844
12706,-4.2966667828333325
12707,-1.4308106942761587
12708,-0.5062888728174618
12709,-0.42864501333333277
12710,-2.329954492083334
12711,-1.0662746819047615
12712,-2.4719130052380938
12713,-2.3020574767410693
12714,-0.26552841999999827
12715,-2.057931684531251
12716,-3.6074472677272733
12717,-0.5216586322222234
12718,0.49698666500000144
12719,-0.12463609916666603
12720,-0.47685704692176906
12721,0.13042409875000516
12722,-2.610852319374999
12723,-1.149382419568967
12724,-0.934256288750003
12725,-2.9726201365740743
12726,-1.08963017547619
12727,-1.5441004226449284
12728,0.6011552450000011
12729,-2.46936863569294
12730,-1.5153921097067904
12731,0.08198951375000263
12732,-0.39853352384615337
12733,-0.2796808976666666
12734,-1.101147053571429
12735,-0.9315635736093739
12736,-0.5520458008333335
12737,-1.017656257038264
12738,-2.3427030044999997
12739,-1.9364986549999987
12740,-1.177800070535715
12741,-0.39788748266666507
12742,-2.431138037083333
12743,-2.380003211499999
12744,-1.889608905579937
12745,-1.936473975350575
12746,-1.433233207
12747,-0.16664676833333303
12748,-0.24542743249999965
12749,-2.1403160822222214
12750,-0.35411876140624976
12751,-2.148807061139455
12752,-3.572212831417619
12753,-0.9150800489062522
12754,-2.7017292075274724
12755,-2.367620389107143
12756,-2.722459591249997
12757,-3.288295090606061
12758,-0.9024959865948272
12759,-0.493070855833329
12760,-0.22007836430555608
12761,-0.07931555205356793
12762,-1.8035545981818188
12763,-3.101253307500001
12764,-1.470366598965517
12765,-2.2855517028333323
12766,-1.7825754367569786
12767,-2.2756107364999996
12768,-1.0216895014285683
12769,-1.9634221921212112
12770,-0.16096500583334242
12771,-1.8184624147413802
12772,-1.697361469642857
12773,-1.3937451576011488
12774,-0.32921405666666637
12775,-2.475534951678572
12776,0.11308827279102074
12777,-0.5718645084999991
12778,-0.4678778888888881
12779,-2.2445706185648153
12780,-4.102966585614034
12781,-3.5693227419444455
12782,-1.8106627110937499
12783,-0.8985914744270834
12784,-0.1580016599999965
12785,-1.5018705693518521
12786,-0.47971511256249855
12787,-0.5575641111111113
12788,-1.4938531443333327
12789,-0.09131279569293552
12790,-2.5070827384589944
12791,-3.00102770188434
12792,0.8940091675000001
12793,-3.8012802165000004
12794,-2.4573899388630958
12795,-1.4967659770454533
12796,-2.042354028517242
12797,-1.6994534939583228
12798,-1.3132958118749993
12799,-1.6161034292857142
12800,-2.6621157371346476
12801,0.5319193412499992
12802,-3.2611050679166675
12803,-3.1927279503846155
12804,-0.45383418499999983
12805,-0.5076454225000013
12806,-0.8401067873333347
12807,-0.34389383499999937
12808,-2.6696664807183894
12809,-3.446832076428573
12810,-2.500243828124999
12811,-2.4894074511471858
12812,-0.7208357750000015
12813,0.5483129252499964
12814,-0.5437543827777773
12815,-2.3856405559523806
12816,-0.43020847500000825
12817,0.03600903500000108
12818,-0.21680480749999909
12819,-0.6468947850000021
12820,-2.66516158287037
12821,-1.1583775999999943
12822,-0.02236149788461498
12823,-3.1062948443181835
12824,-2.1804538019499993
12825,-3.1373285167535747
12826,-2.3540432403541645
12827,-1.3307742925000028
12828,-3.358495275357143
12829,-0.6207010699166702
12830,0.08038587666666785
12831,-2.417695669446428
12832,-2.7331317320000013
12833,-3.4265510080000006
12834,-0.2781261841321836
12835,-2.2227957343318967
12836,-2.6040750947834557
12837,-0.6988556876562484
12838,-0.57311995222222
12839,-1.2473711710897435
12840,-0.9003699402777777
12841,-1.3472140602721083
12842,-0.2883624733333363
12843,-2.0572135710000006
12844,-0.30084203985221947
12845,-0.30899205749999903
12846,-1.5711815611414797
12847,-2.595811925000001
12848,-2.7071938612885145
12849,-2.569328564216301
12850,-0.6148313770000012
12851,-0.20570242576923192
12852,-0.6950755164006699
12853,-2.3137142609310333
12854,-3.1170131843103444
12855,-0.6452046758134907
12856,-2.807868593
12857,-1.5656061120833336
12858,-2.1438856779597706
12859,-1.3470285206096924
12860,-0.9253761412528732
12861,-0.5973231562500019
12862,-2.134631861086956
12863,0.7392054047569445
12864,-0.5914715650000026
12865,-1.2402758937499996
12866,-1.6092589417887904
12867,-1.6336328550000008
12868,-3.382133738125
12869,-2.9093757377380953
12870,-3.5769702910919654
12871,-1.269603159999999
12872,-0.8298932031481456
12873,-3.09300787369682
12874,-1.8962507174825782
12875,-3.0980380930555547
12876,-0.5316900180911323
12877,-0.4520032953333256
12878,-0.8552422512500009
12879,-1.8220147500000032
12880,-2.464583263065134
12881,-0.14323075772486768
12882,-1.7136991641250006
12883,-3.5031726218849193
12884,-2.7768152547222216
12885,-2.751183317222221
12886,-2.5966803917569785
12887,-0.8616835692857148
12888,0.2829932687499994
12889,-3.039014093333332
12890,-3.9022447458333325
12891,0.6839344733333377
12892,-1.557358493829366
12893,-1.732833139944442
12894,-1.8210491622222225
12895,-2.31086287538961
12896,-2.3840465376190485
12897,-1.7678313220238075
12898,0.06234438958333044
12899,-1.0412142549999923
12900,-0.3491347209374993
12901,-0.048872288749997495
12902,-1.9310502390784783
12903,-0.6923002337500019
12904,-2.227598457142857
12905,-2.2907889164136908
12906,-1.0387559968333329
12907,-3.2051721310000003
12908,-0.8123409159999995
12909,-1.560249456344086
12910,-0.6564465847916665
12911,-2.8217274283333333
12912,-0.3493562529999991
12913,-1.8080240271450312
12914,-0.7132539106666665
12915,-1.7764599128571423
12916,-2.5330216927083335
12917,-0.6487017259999973
12918,-1.806563863140401
12919,-0.1894796537500015
12920,-2.7223261674712638
12921,-1.542294598963746
12922,-2.3756840785714255
12923,-2.603736668707923
12924,-0.4442273073333354
12925,-2.9019726802507835
12926,-0.7242594735625012
12927,-3.0100033491071434
12928,-0.7268201395833316
12929,-2.863510178936667
12930,-1.1658191938461537
12931,-0.5826696159999983
12932,-0.7123313006597224
12933,-1.4951964894999996
12934,-1.8822782033928576
12935,-1.9952798455423277
12936,-0.3164155433843136
12937,-0.4000251991249968
12938,-1.7708586570238103
12939,-2.181224332051282
12940,-3.3367184715681804
12941,-0.10887526375000078
12942,-1.0038188044791667
12943,-2.69028426346154
12944,-0.6934569879166664
12945,-2.384711510277779
12946,-0.8096149389999994
12947,-3.2568876767187493
12948,-1.4652984519444456
12949,-0.19143227597701204
12950,-0.41113109366666833
12951,-0.22010558833333338
12952,-0.7354772099999991
12953,-1.2032626767499948
12954,-2.7908241253452375
12955,-0.058996034999999836
12956,-1.955903735838509
12957,-1.6089177412500035
12958,-3.424111036468753
12959,-3.142049877188889
12960,-2.437057929865901
12961,-0.09547188131250053
12962,-0.4972544994999993
12963,-0.5428240700396829
12964,-1.1689032793103447
12965,-3.3216714470833324
12966,-3.4604932965624986
12967,-0.4776797743181824
12968,-0.813687522868304
12969,-0.5027453372916616
12970,-3.0761638941666662
12971,-2.5061078379166672
12972,-1.9331891623611106
12973,-0.41249696555555576
12974,-0.29311965958333364
12975,-2.107650687604167
12976,-2.4134885929999994
12977,-2.0566343799545455
12978,-1.958008406796873
12979,-0.6554997416666666
12980,-2.8079940589473678
12981,-0.38711745861110813
12982,-2.461447549533046
12983,-1.4504067746671203
12984,-3.287025233125
12985,-2.53295952226923
12986,-2.378073908221675
12987,-0.499579253666667
12988,-2.1775994683333346
12989,-1.281894722916667
12990,-0.5508422770833326
12991,0.9451384967001957
12992,-1.6776170099469512
12993,-0.08899128591517881
12994,-0.3642197712499997
12995,-0.2094627368749995
12996,-2.987542761153846
12997,-1.8502787283494306
12998,-1.267481359626436
12999,-2.754892171249999
13000,-2.836238154444444
13001,-3.663232986222223
13002,-2.4182089285515858
13003,-2.4691884924117407
13004,-3.4392174414305714
13005,-2.904775849907403
13006,-1.0550112200793644
13007,-0.03884156432291519
13008,-4.057076625333333
13009,-0.4573141765000003
13010,-0.5229888684374941
13011,-0.5435259819146813
13012,-0.6637263550000003
13013,-2.1713481635412006
13014,0.10298715301724126
13015,-0.4473487133333336
13016,-0.8065616792857132
13017,-0.8468233933823538
13018,-1.9682671207738087
13019,-1.8952337825
13020,-2.262327972583333
13021,-1.3886115333333322
13022,-0.0448035874999988
13023,-0.5518911749999992
13024,-0.6475795799999998
13025,-2.262595125512822
13026,-3.4067525365227267
13027,-1.9342404862500004
13028,-0.9621595995312511
13029,-0.6863176874999981
13030,-2.345040502996033
13031,-1.2367712330468734
13032,-0.5378453337499991
13033,-2.452017968076925
13034,-0.30585662770833055
13035,-3.0430055962499987
13036,-0.6791978299999997
13037,-1.8436584364285713
13038,-2.547104268577879
13039,-1.1533296693711914
13040,-4.213851241666669
13041,-3.823918631500001
13042,-2.2427333723214287
13043,-2.2980209892931045
13044,-0.2422765042158779
13045,-0.8702524289999986
13046,-0.1785989771428567
13047,-0.4246698184722233
13048,-1.1050986107738094
13049,-1.4132110031178151
13050,-1.4250445516304346
13051,-3.2138105145114944
13052,-0.4634178191379286
13053,-3.3799830548095233
13054,-0.5182462562500021
13055,-2.269456707750626
13056,-0.9984446332183915
13057,-0.5388751508333343
13058,-0.6000934802724356
13059,-0.10422689500000122
13060,-0.7980574005862067
13061,-0.5678094987499982
13062,-2.4709413063775503
13063,-0.5176573329166674
13064,-1.3466760185104163
13065,-1.7646815031944432
13066,-1.4074287516666655
13067,-0.38625132874999935
13068,-2.0308391884913797
13069,-1.42997215078125
13070,-3.0335081523000005
13071,-0.9124753752380936
13072,-3.156674795755555
13073,-3.778288352239583
13074,-0.5983264660416676
13075,-2.439380242499999
13076,-2.7273645499999994
13077,-0.24286273416667203
13078,-1.4401613519166676
13079,-0.7696419219999981
13080,-0.3862871339000023
13081,-1.5815121528437497
13082,-1.5167694559318552
13083,-2.484277875219494
13084,-3.1141810901879703
13085,-1.1284442586476295
13086,-1.646966730551723
13087,-3.681598229999999
13088,-2.7041743725000003
13089,-1.7839826624999975
13090,-1.848115953690476
13091,-1.6874739169999995
13092,-1.1924383484374985
13093,-0.7572661774107097
13094,-1.3261386313636363
13095,-0.9481179916666633
13096,-0.8170649650000037
13097,0.12335570384343875
13098,0.08000512375000035
13099,0.03857711899999998
13100,-2.0943470574999994
13101,-3.002144623333333
13102,-2.3149378331818182
13103,-2.7617760994444445
13104,-0.5044596326666735
13105,-2.585449242446429
13106,-1.8940249213649416
13107,-3.2499778350000006
13108,-1.0951951899999994
13109,-3.197294497916668
13110,-1.8630929675
13111,-2.248796895535715
13112,-2.3545739860526314
13113,-1.7788276150000002
13114,1.3784618174999999
13115,-1.5793643677272733
13116,-3.553419810833333
13117,-3.2917089908640365
13118,-2.741191453589744
13119,-0.02323496076922993
13120,-0.34620159896551694
13121,-2.9502841303485763
13122,-1.428987384583333
13123,-0.3014614618750002
13124,-3.2530346718333343
13125,0.0963263660119047
13126,0.0524474958333343
13127,-2.4659948005491072
13128,-2.524975561662088
13129,-1.9447213370666663
13130,-3.9244067180000024
13131,-1.2277851425000026
13132,-0.31473455874999745
13133,-0.0051965222222207785
13134,-1.5853079077777776
13135,-0.7687204044444419
13136,-1.974830837307692
13137,-1.437808316217533
13138,-3.336481226377771
13139,-0.553292990714286
13140,-2.250475525151515
13141,-1.1660696873333307
13142,-2.2195856033333325
13143,-3.4881816627758617
13144,-3.0056475477777775
13145,-0.23626001684210363
13146,-1.2306512961111113
13147,-2.408770690000002
13148,-0.2525068795833351
13149,-2.3838350972689075
13150,-0.3154251490674594
13151,-1.3808708900992641
13152,-3.116218820068027
13153,-1.5854788839310365
13154,0.021274810625000917
13155,-0.7071258774583331
13156,-3.7852587137878797
13157,-0.7435519546874986
13158,-1.063520374034483
13159,-2.2969254753125004
13160,-0.06327837708333384
13161,-2.7613227328571424
13162,-3.190923624637682
13163,-0.031065807777778787
13164,-1.118875966562502
13165,-2.8897089895238097
13166,-0.692858332916666
13167,-0.3770147270000052
13168,-1.4702869926847288
13169,-1.9813016345952386
13170,-0.6745571992105263
13171,-1.021103145
13172,-3.4930670729166615
13173,-2.11622174888889
13174,-0.414885584999998
13175,-0.3619490715972265
13176,-0.5163146964102557
13177,0.3813421075000001
13178,-0.12620462847700983
13179,-2.98763705
13180,-2.374470917500001
13181,-0.6686127094642903
13182,-0.3723892709999973
13183,-0.46705707000000035
13184,-2.514771984545455
13185,-2.1733043222470245
13186,-1.0887429777777777
13187,-2.5678254176441104
13188,-2.395054243726653
13189,-0.07967309250000021
13190,-3.113346441923077
13191,-0.4354106804166662
13192,-0.9884635352573483
13193,-2.236058751250002
13194,-0.355376705
13195,-0.35406013437500095
13196,-2.6686687219999996
13197,-0.4802498100000001
13198,-2.7484462021354172
13199,-0.8109965143333284
13200,-0.4110424318028768
13201,-3.194926496083334
13202,-0.6452812540624997
13203,-0.49206192654762454
13204,-0.2793208712499968
13205,-2.971538255714286
13206,0.5012402783333331
13207,-0.12041762759803773
13208,-2.1564604711661883
13209,-1.8111360502380944
13210,-3.4253200408333333
13211,-0.635787703333334
13212,-1.5768502490277776
13213,-0.670927836249998
13214,-0.5290145369999977
13215,-0.39439836250000404
13216,0.030191862916659318
13217,-2.236421412678574
13218,-1.7992792670574715
13219,-0.2718274400000003
13220,-3.4480482148333342
13221,-0.23325976062499976
13222,-2.135569647797619
13223,-1.7086473424999997
13224,-0.5185600477777794
13225,-0.5089958213888851
13226,-1.9370036458333335
13227,-1.9340690239737282
13228,-3.588416688928572
13229,-0.778767271000001
13230,-0.1301994374999973
13231,0.0961885433333336
13232,-2.3658326061874986
13233,-0.23715261442887936
13234,-2.009472192981745
13235,-0.4729132088571412
13236,-1.3533609229166657
13237,-1.2920359242857138
13238,-2.4880090768290044
13239,-0.25851097200000056
13240,-2.105964738
13241,-1.9584451959339082
13242,-1.5769260206249998
13243,-3.34754683646875
13244,-2.3897652540476195
13245,-3.371833870912698
13246,-3.074661041594829
13247,-3.2350893666666662
13248,-1.8228950749999995
13249,-2.1660297120817367
13250,-0.9895610867207784
13251,-0.8913679216666607
13252,-0.7998633038928581
13253,-1.6882031241309525
13254,-2.485199199545455
13255,-1.2133131114322921
13256,-0.542205618125005
13257,-3.2558050648999997
13258,-2.1460752499603166
13259,-3.0605678491533252
13260,-2.432139453888888
13261,-1.8442005289880967
13262,-0.4821906846527086
13263,-2.743159605
13264,-1.5933169142838561
13265,-3.7487960240789477
13266,-1.5674265444477367
13267,-2.204039929623656
13268,-1.0415158274999996
13269,-2.1387707932902305
13270,-2.543098923520408
13271,-2.5981025803333333
13272,-1.3016032421153843
13273,-1.0354080827777787
13274,-0.6244712793448286
13275,0.4532272962499964
13276,-1.8395577881034475
13277,-0.016288469080459653
13278,-1.0705689321455931
13279,-1.33745662939236
13280,-1.2178497199074074
13281,-2.555571072
13282,-2.1916079457142863
13283,-0.1146069291666656
13284,-2.8583268912500004
13285,-3.1628528553030293
13286,-1.482684894166666
13287,-0.9274780170833345
13288,-1.5221890935185185
13289,-2.680342483333332
13290,-2.9663111137500002
13291,-1.774506774408867
13292,-0.12608137708333045
13293,-0.8575332243750005
13294,-2.2529962696124026
13295,-2.176588683749999
13296,-2.2517352193333338
13297,-2.851549956644737
13298,-3.9304483996969704
13299,-2.990291902216837
13300,-3.384167442600001
13301,-3.250465469367347
13302,-2.9097706732703075
13303,-0.5834870459374997
13304,-1.641857242894088
13305,-1.822719407023809
13306,-1.9555081904561784
13307,-1.127843153333332
13308,-2.7520322165476188
13309,-1.3107101750000003
13310,-3.829410627575757
13311,-3.1531934981818197
13312,-2.076267824955357
13313,-2.049539410833333
13314,-0.8566283662499975
13315,-0.2836857012499996
13316,-0.3538886249999962
13317,-1.5271764094023
13318,-3.275363665606061
13319,-0.8410566540476176
13320,-1.6923122631249998
13321,-3.2590589945652164
13322,0.28762038642857135
13323,-1.21342858833333
13324,-0.8667896613504463
13325,-0.7705650283333346
13326,-2.6121102265277774
13327,-0.48109025867187327
13328,-0.46815938425000353
13329,0.044811709999999394
13330,-1.8847280529525854
13331,-2.224196386666668
13332,-3.1533606017499998
13333,-2.7749981045862073
13334,-2.2455331658914726
13335,-2.8888746765833337
13336,-3.16275681640625
13337,-0.7648142274999993
13338,-0.7604106922222198
13339,-0.1667876144736841
13340,-0.3868543779999989
13341,-2.769899473833338
13342,-0.9366198861410278
13343,-2.7656293784841273
13344,-2.2985199341666664
13345,-1.1376131837272718
13346,-2.6032802433115765
13347,-2.360119415624999
13348,-0.1757608395833324
13349,-0.6039184979999999
13350,-0.6153471305555532
13351,-2.942707110595239
13352,-3.1048375115151505
13353,-1.4919749593749954
13354,-3.219932291166676
13355,-2.173563474033613
13356,-1.6631965823684207
13357,-1.9265316571130953
13358,-2.5323098851249988
13359,-1.8619164310869574
13360,-0.9147417072436973
13361,-0.5457573399999992
13362,-2.1230140901562464
13363,-1.0108581582499998
13364,-3.171249255712963
13365,-2.534015127738095
13366,-1.389769591896551
13367,-1.6276508376190486
13368,-1.4300756045833343
13369,-2.1961755853234646
13370,-2.7107290464285714
13371,-0.7597676718055464
13372,-0.48073083867187333
13373,-2.6421141251666667
13374,-0.18448107953125023
13375,-0.24419770045454536
13376,-2.629095416805555
13377,-1.589379307687074
13378,-3.5731866257053286
13379,-2.778881700170242
13380,-2.7542307718698993
13381,-2.2260940330357144
13382,-0.20109428833333473
13383,-0.5995905414192766
13384,-1.2273829374999998
13385,-0.6740550407931067
13386,-2.307923671470588
13387,-1.3161834387499987
13388,-1.2874416880624997
13389,-1.786828043357366
13390,-3.0055407672727275
13391,-0.7243781191666647
13392,-1.8742890240312486
13393,-3.6714355900000015
13394,-2.6806788688341534
13395,-1.1346952159791666
13396,-2.50099527015526
13397,-2.0906449558333335
13398,-0.029890910287358945
13399,-1.977821851349205
13400,0.007668675000001457
13401,-0.37881899666666485
13402,-0.5782343447916678
13403,0.06876029333332667
13404,-2.0287701588888893
13405,-0.32207532249999815
13406,-2.175894123996598
13407,-2.4020306986111106
13408,-3.8070645327777757
13409,-0.8116259099999988
13410,-2.818625340625
13411,-0.6447182466666672
13412,-2.261358031568965
13413,-0.075224409791665
13414,-1.435096649000002
13415,-2.9350118049123366
13416,-0.19913828132352845
13417,-1.1403451566666658
13418,-1.5579971888328088
13419,-3.6655261121428575
13420,-2.471841808994709
13421,-0.525662634374998
13422,-0.5043458196059107
13423,-0.3085055631249993
13424,-0.36602410928571366
13425,-2.009573537439285
13426,-2.8222803687500004
13427,-1.3678546265384612
13428,-0.267694867291667
13429,-0.6078127850000025
13430,-2.3375294747435897
13431,-0.45540772083332726
13432,-0.6843335983333342
13433,-0.6557985140624938
13434,-2.600660130686275
13435,-2.1932737981501833
13436,-0.0500051566666618
13437,0.6616204649999986
13438,-0.40693582264455586
13439,-1.9949769272222215
13440,-2.5370330204568967
13441,-2.043282564353448
13442,-2.7258837691666664
13443,-0.4871983554166661
13444,-1.5556240300862072
13445,-0.3819936274999982
13446,-2.814071734342105
13447,-3.878322058181033
13448,-2.41726390796296
13449,-0.13781926166666617
13450,-2.5015613258002642
13451,-0.6547733441666637
13452,-2.525455847777779
13453,-0.18506245612068759
13454,-1.575460973431713
13455,-2.7435226032783877
13456,-1.092194374227433
13457,-0.5871159113888906
13458,-1.5167706905000002
13459,-2.8653867155000006
13460,-2.5046800976960775
13461,-2.577923281018519
13462,-0.7769879830000008
13463,-1.332471049091954
13464,-1.517534396197919
13465,-0.7390669995454534
13466,-3.3418293934166674
13467,-3.827422233764368
13468,-2.3604421015555563
13469,-2.4914131235
13470,-2.235873041301814
13471,-0.5339774569047607
13472,-2.8432582789999996
13473,-1.3515019428304615
13474,-0.5334687008333328
13475,-2.1902169689008617
13476,0.06805578708333115
13477,-0.7800187838235293
13478,-1.8520868080555557
13479,-2.7025474928205133
13480,-0.19806794892857177
13481,-0.47142781999999883
13482,-2.3096565910000004
13483,-0.6086014691666654
13484,-3.0449622125757574
13485,-0.7697531511111132
13486,-0.7524559954747531
13487,-1.960649933833333
13488,-1.7547228409420301
13489,-1.1064241283948852
13490,-0.7152201090624999
13491,0.040276533657407014
13492,-0.21549619200000053
13493,-0.6887933803333347
13494,-2.9007185509615385
13495,-0.9446897181818188
13496,-2.8995819843773947
13497,-2.43104627875
13498,-1.595509662897437
13499,-0.5025035095833319
13500,-0.4664588239583338
13501,-1.658923009375
13502,-2.000697117500001
13503,-0.6970136237499993
13504,-1.6138664942500012
13505,-2.823910251333335
13506,-1.5285604437681162
13507,-0.7764063577185952
13508,-0.4510595958333319
13509,-2.2543286640732756
13510,-1.1179759625
13511,-0.7833789100000015
13512,-2.83806099722222
13513,-0.8253234799999992
13514,-2.2039416365608466
13515,-2.1555505954999994
13516,-3.4855643166666663
13517,-2.152056234375003
13518,-0.5654277149999984
13519,-1.0530532973916664
13520,-0.1318945012499988
13521,-2.1003341254
13522,-2.685463896770834
13523,-2.4995482817857146
13524,-1.7215393114285718
13525,-2.741621015583333
13526,-2.679812909133335
13527,-0.5700115987500027
13528,-1.0297786963333337
13529,-0.7133583468750011
13530,0.3785099694166667
13531,-1.4559432211166665
13532,-0.6229662850000004
13533,-0.026956208988096364
13534,-0.17369762541872039
13535,-2.700689597510822
13536,-0.7488205524999998
13537,-0.7865309495000019
13538,-0.16871010465517125
13539,-2.7628454728810903
13540,-0.9466399625680262
13541,-1.503727016995535
13542,-3.181542948888889
13543,-3.1073917524404684
13544,-0.34950385999999867
13545,-2.934729701818182
13546,-1.8974658117089849
13547,-2.316049757553192
13548,-2.7199105163333344
13549,-0.6002561176904763
13550,-1.7147234467857138
13551,-3.6530011035000016
13552,-1.6155353171710531
13553,-1.9386508399772735
13554,-2.2556847329464285
13555,-1.8020372502777766
13556,-0.6583639963235299
13557,-0.046230124305555224
13558,-0.7331438765000006
13559,-0.2119319981250003
13560,-0.7111137390909102
13561,-2.2576385360606066
13562,-3.763499655766282
13563,0.3415145425000077
13564,-0.26884713573275754
13565,-0.2469919686666664
13566,-2.0668095088218243
13567,-0.365352917500001
13568,-1.2490609332986107
13569,-2.178189461111111
13570,-0.46274743277777713
13571,-3.656574790277776
13572,-1.6169793359126985
13573,-1.2118808003065122
13574,-3.4815946357738095
13575,-2.55806420488451
13576,-0.9353494219940472
13577,-2.7901680803214286
13578,-0.6997445091666687
13579,-1.8180829252298853
13580,-0.23204420777777715
13581,-3.550195442777778
13582,-1.7612624100000012
13583,-1.5059361446450623
13584,-3.012944771752875
13585,-2.9065197497408963
13586,-4.108302953637931
13587,-2.928488759074074
13588,-0.9482681177380934
13589,-1.0488384480158726
13590,-0.9553398292999986
13591,-2.5378969025000018
13592,-0.0545299083333326
13593,0.9277737837499984
13594,-0.931271765555555
13595,-0.44440300307539715
13596,-2.4549253507623403
13597,-1.0610036631896556
13598,-2.0053055459478366
13599,0.26886964124999935
13600,-0.8953327887499993
13601,-2.4558551521666674
13602,-1.5548281758333313
13603,-0.5106771272222232
13604,-0.3550023016666657
13605,-1.9979524137499993
13606,-2.139787241020408
13607,-0.3156803687500016
13608,0.6144726837499999
13609,-2.7104777621428573
13610,-1.5386392615909095
13611,-0.24267193800000159
13612,0.04526563499999838
13613,-2.0929107613636386
13614,-0.1675912633333354
13615,-1.218534237
13616,-0.5753708314285737
13617,-2.4897973110526324
13618,-3.321142171041667
13619,-3.08095637197279
13620,-2.112952643
13621,-1.849146079396134
13622,-0.0884064300000027
13623,-2.633280241263781
13624,-1.2863482407250004
13625,-0.4684156779545448
13626,-0.29181303875
13627,-0.5407859761111129
13628,-0.9186238248387106
13629,-1.8410391102083334
13630,-1.8802115394444447
13631,-2.044242344216309
13632,-3.484423909782609
13633,-3.136539828250014
13634,0.02050699999999968
13635,-3.6382999549999995
13636,-0.4254346441666659
13637,-0.49133842500000036
13638,-1.2338506561260776
13639,-0.8468918267343755
13640,-2.815877459488507
13641,-0.21141954781250005
13642,-1.1898021400000003
13643,-0.24849025958332996
13644,-0.7573702562500018
13645,-0.48278809718750004
13646,-2.320507379621366
13647,-0.8366093862500001
13648,-0.6493432920833335
13649,-3.086774677487468
13650,-2.030181492962967
13651,-0.6750111106249932
13652,0.06053427666666443
13653,-0.8062252700000011
13654,-1.996526119285714
13655,-0.06144775499999966
13656,-2.515399914310345
13657,-0.8622523709090906
13658,-1.279725115263158
13659,-0.9572818112499988
13660,-1.8714568110714325
13661,-2.221343732387387
13662,-0.44793970249999937
13663,1.5161178562499995
13664,-1.5129850167968228
13665,-3.0551297022916657
13666,-1.0944346205754314
13667,-2.7019051650666666
13668,-2.8312689610000006
13669,-0.5947807188888868
13670,-0.5437562837499996
13671,-3.4308147428571445
13672,-1.5341488074826382
13673,-3.3048701147727253
13674,-1.4150614362500016
13675,-2.5513008229960317
13676,-0.5283551048214338
13677,-0.37738584130953867
13678,-1.690155245
13679,-1.1180705543333318
13680,-0.7444724137499978
13681,-2.9927692795028746
13682,-1.7186903814648442
13683,-1.7039017599999973
13684,0.7889554699999953
13685,-3.3186769149212645
13686,-0.07411526916666666
13687,-2.0398507060000015
13688,-1.9139411526785588
13689,-2.3279811115986386
13690,-1.9287041801851847
13691,-2.108493468808756
13692,-1.676793532
13693,-0.14550110277777684
13694,-3.949980786052631
13695,-3.011939487468071
13696,-0.21752877804347817
13697,-1.9300734111580884
13698,-3.227670473333334
13699,-3.679772133235295
13700,-2.9447898500416665
13701,-0.5960465082471273
13702,-2.0446691275937496
13703,-2.984249975815019
13704,-2.224686791527778
13705,-0.1223453762499993
13706,-0.7493726575000004
13707,-1.6431717595238118
13708,-3.449158389210526
13709,-0.34320936499999943
13710,-0.22383726625000122
13711,0.0774129370833343
13712,-0.36466235958333293
13713,-0.24248409000000065
13714,-0.3897390581333343
13715,-0.9235060309374994
13716,-1.354177777767853
13717,-0.9748493022222249
13718,-0.4574512033333349
13719,-0.2824419516666694
13720,-1.478446876371529
13721,-1.0156052453333289
13722,-0.6742735869841283
13723,-2.640571713888889
13724,-1.7863475401333335
13725,-0.29059854229166593
13726,-2.9253952253124984
13727,-0.6024623430555565
13728,-2.383931325833333
13729,-0.09858621249999829
13730,-0.610229415555556
13731,-0.3993699424999993
13732,-2.988804707133759
13733,-0.4316011877777785
13734,0.19588861062499996
13735,-0.46316581770832954
13736,-0.8917585372656252
13737,-1.566915397162162
13738,-2.620333949852941
13739,-1.232495127104761
13740,-3.102703516666667
13741,-0.6992181366666683
13742,-2.9089132899629724
13743,-0.2952527218750003
13744,0.0016607293749970609
13745,-1.703025735000001
13746,-1.8567255105833325
13747,-1.2283620403750048
13748,-0.5799663702561287
13749,-0.7386289999500051
13750,-0.20588268791666664
13751,-3.13462465018797
13752,-3.0375402743125006
13753,-0.548441215181993
13754,-2.8330511939215692
13755,-0.5527229432833577
13756,0.05460940750000276
13757,-1.6698579990151514
13758,-0.5385584668124949
13759,-0.9325564547619065
13760,-0.38532035044642854
13761,-2.462361621735294
13762,-1.296789230454545
13763,-2.1151945690454537
13764,-1.8231425563636363
13765,-1.917676578259899
13766,-2.1899928880000017
13767,-0.11567534178571444
13768,0.10731525711537852
13769,-0.2465094700000018
13770,0.0
13771,-2.6794761430000005
13772,-1.84043751404762
13773,-1.1895336203333344
13774,-2.7463008751379308
13775,-1.1343228148098219
13776,-2.4846971256568624
13777,-1.1048233824242397
13778,-2.5572573115
13779,-0.30462335125000095
13780,-2.6010948777450995
13781,-0.45809861277777486
13782,-1.8087626935000003
13783,-2.3478425315384617
13784,-2.9549167968750005
13785,-0.4676233791666675
13786,-2.5736195252528735
13787,-0.9621856408705359
13788,-0.34494137978515393
13789,-2.2233575910989005
13790,-0.5426937036666686
13791,-0.5540231669999969
13792,-2.9596819682000013
13793,-1.8280156690972216
13794,-1.7534268015151575
13795,-2.6170857033333323
13796,-0.6409541466666662
13797,-0.2965187295833355
13798,-1.2335714633333295
13799,-3.315729301302055
13800,-0.9927285760000018
13801,-2.5177527789370737
13802,-3.0712552640000004
13803,-1.803674388333333
13804,-2.973788747674105
13805,-0.6025564789999975
13806,-3.2120232428124993
13807,-0.38319984600000223
13808,-0.5747862971874937
13809,-1.1152362308333328
13810,-0.1554779447916701
13811,-0.5916200037857123
13812,-1.364866687156252
13813,-2.740915204962963
13814,-2.645673866011193
13815,-0.708004894374999
13816,-0.27627158083333353
13817,0.14908770275862082
13818,-2.6260621574999994
13819,-0.6733307311842102
13820,-2.439039253199234
13821,-1.8122294064449918
13822,-0.11324264153846177
13823,-0.866250379186509
13824,-1.7760132201470589
13825,-0.5421201086507944
13826,-1.5514467606166658
13827,-3.130875999583333
13828,-2.259917213636363
13829,-1.7195033217857147
13830,-0.26672900375000097
13831,-0.7176162704999989
13832,-0.8357966449374998
13833,-1.0511606819999997
13834,-1.6625199635578305
13835,-4.035030822857142
13836,-0.9467945273469403
13837,-0.655176995833339
13838,-2.0748081101923073
13839,0.08884928249999291
13840,-0.2425575185416733
13841,-1.0098551958072903
13842,-1.060583796250002
13843,-2.4480910228211634
13844,-3.0950236912367735
13845,-3.262027181458334
13846,-1.5128864124652788
13847,-2.025652015452586
13848,-0.6229684774503971
13849,-3.4391860009523807
13850,-3.5714692374736843
13851,-2.1607586342500005
13852,-3.402772094969696
13853,-0.33220332519230694
13854,-1.1247834213392858
13855,-1.979550032916667
13856,-2.053914901094687
13857,-0.937914013208994
13858,-2.8963478428407226
13859,-0.5923506360606094
13860,-1.7499910241666672
13861,-2.462045172222222
13862,1.7628022465499953
13863,-0.7011823949999965
13864,-2.8548585309113292
13865,-0.879287952444443
13866,-2.3261342008593746
13867,-2.7143578559795056
13868,-3.8164480482142875
13869,-1.758490110249997
13870,-0.6810185916666652
13871,-2.4576094511964284
13872,-1.216816311307692
13873,-1.6037221869298248
13874,-2.2502068881249997
13875,-2.2936928240625
13876,-0.26848981337984207
13877,-3.7110877435833296
13878,-2.976672738663793
13879,-2.1141663797619046
13880,-0.33765390000000084
13881,-0.5714874568749977
13882,-1.6220403573484854
13883,-1.6303586413815794
13884,-1.0723366614666665
13885,-2.96752349024074
13886,-2.8612955973137257
13887,-0.32761234090277824
13888,-3.194785346332288
13889,-1.6455244053571403
13890,-0.583130141249999
13891,-1.947587627643679
13892,-1.740830380201148
13893,-1.49830094971155
13894,-0.10596154631944484
13895,-0.514445456515151
13896,-0.600496146250001
13897,-0.784190169453125
13898,-2.832103523916668
13899,-2.339163448554422
13900,-0.767052543124999
13901,-1.5558054725000001
13902,-0.26410529653846027
13903,-3.1886097665625
13904,1.66696995625
13905,-0.6434530166666654
13906,-1.0244506143939953
13907,-2.0532658988541668
13908,-2.969154539090908
13909,-2.3153076331874987
13910,-2.4892164117792634
13911,-1.5914881290325664
13912,-2.344257215867347
13913,-0.7897868223333319
13914,-0.38330485791666685
13915,-0.46870149416666607
13916,1.1555469174999995
13917,-0.1437070062500041
13918,-0.46905776041666913
13919,-0.3158699949999999
13920,-0.664185229999994
13921,-1.135183778482143
13922,-1.2091484188333328
13923,-0.2484271699999998
13924,-0.8399457556250027
13925,-0.40969238937500024
13926,-1.904882845021552
13927,-3.8592185609374976
13928,-1.9803117193849193
13929,-1.8212862728749997
13930,-0.774910149999999
13931,-0.4352950591666662
13932,-1.864117119027777
13933,-0.7054986188888898
13934,0.009897511130953754
13935,-1.9491417397222228
13936,0.11260126166666495
13937,-3.1084675332738088
13938,-3.858373712727274
13939,-2.614443671885965
13940,-1.381214651661442
13941,-2.083604793333333
13942,-4.2222155699999995
13943,-0.505176608690476
13944,-1.2425652154166684
13945,-2.302612706154761
13946,-3.669000699583334
13947,-0.91120927708333
13948,-1.0461184866666666
13949,-3.4317778538888866
13950,-2.0267031324038847
13951,-1.9668755523076926
13952,-0.12065502909091079
13953,-0.6417682788888873
13954,-0.3659408133333362
13955,-1.7619729362500003
13956,-0.6030350574999991
13957,-2.1164074666666663
13958,-1.7351495408620685
13959,-0.6738442949999998
13960,-0.45629272499999934
13961,-3.6410615157142865
13962,-0.7856886109999998
13963,-2.5191131720000004
13964,-3.0172891002281736
13965,-2.69273711543856
13966,-1.68387797659091
13967,-2.9505616607142864
13968,-3.130192515574036
13969,-0.4395691005000003
13970,-0.4084656280208332
13971,-1.423418701400247
13972,-1.5552283211979183
13973,-1.077390962125
13974,-0.9121127111444441
13975,-3.0172922668749997
13976,-1.491177548397437
13977,-1.8350720331896548
13978,-2.11612401804348
13979,-0.7244636658333311
13980,-0.8869577849999984
13981,-1.8305851783333331
13982,-0.3330980366538479
13983,0.026849116666667783
13984,-0.7629036908333298
13985,-2.9578226647888806
13986,-3.276742368749426
13987,-2.2430243843452393
13988,-3.2367313072527484
13989,-2.4427437952310926
13990,0.11120783874999951
13991,0.00988405499999819
13992,-2.203208559444446
13993,-0.6155273784999963
13994,-0.4061074833333329
13995,-0.3112421249999997
13996,-0.8689751199999991
13997,-2.121673409626437
13998,-0.16179156749999932
13999,-2.2835189959999997
14000,-3.075378259312499
14001,-1.8535940756249987
14002,-0.4444718957142868
14003,-2.154324109444444
14004,-2.612948956329365
14005,-1.7520899166666652
14006,-1.5354867961249987
14007,-3.224557474166666
14008,-0.6677360766666673
14009,-0.47693786417240747
14010,-0.8526771690885333
14011,-0.6363162533333314
14012,-0.11667885499999997
14013,-0.301427698055555
14014,-2.147136002252603
14015,-2.301786870865662
14016,-1.384316650145836
14017,-1.965710594910715
14018,-2.967999715666667
14019,-2.7946706806944466
14020,-2.8687315745425757
14021,-2.405621740454546
14022,-2.8427950022058837
14023,-1.5237105522619052
14024,-1.102624861999999
14025,-0.3697946029166683
14026,-3.163385720520833
14027,-0.5625037530000014
14028,-0.5899503142857127
14029,-0.5754389063333321
14030,-2.2181050013805734
14031,-1.4328078040885401
14032,-0.04226430146551685
14033,-0.6257625422222214
14034,-3.2834990161566098
14035,-0.6614250009999992
14036,-0.5973374473214275
14037,-3.77029774975
14038,-0.2481865749999983
14039,-3.513836216820511
14040,-0.16402413499999824
14041,-0.016332998125001552
14042,-2.1306148150287365
14043,-1.5786587368809528
14044,-0.3586301763004919
14045,-0.5747615615624984
14046,-2.2653114310606055
14047,-2.3293605795502645
14048,-0.8183616969841268
14049,-0.7431837587499999
14050,-0.4902752109615373
14051,-0.6130038516666652
14052,-0.9349319516666649
14053,-0.23053100569444082
14054,-0.35836413960899094
14055,-1.7452540209999994
14056,-0.6787004642857143
14057,-0.8249438564999996
14058,-0.4831377044659959
14059,-2.145798818705358
14060,0.03800806750000163
14061,-3.1158364452877283
14062,-1.5711971668333333
14063,-2.545751063460884
14064,-0.7979409535487004
14065,-3.134206962314815
14066,-3.9080529503571433
14067,-1.9245719515625002
14068,-1.485391746163793
14069,0.013203913333335038
14070,-1.7507029679821418
14071,-1.728439179242425
14072,-1.9399013045341629
14073,-3.249919229285715
14074,-1.350668138932293
14075,-3.2362091936666673
14076,-0.2710829608333351
14077,-0.633819243000002
14078,-0.266671070833335
14079,-2.058700450642857
14080,-2.988653883500001
14081,-2.3257263489583337
14082,-2.2460107369254656
14083,-0.9244997274999989
14084,-1.120059625583333
14085,-0.08436889862068632
14086,-0.22643331250000145
14087,-1.997904419961241
14088,-0.8743460287500007
14089,-0.3089883968750007
14090,-0.7510221812500006
14091,-0.9631328539062487
14092,-1.9608376655357143
14093,-1.1079319580000024
14094,-2.918234809537038
14095,-1.9522076909020942
14096,-2.4451578550000006
14097,-0.5158545964285709
14098,-2.451668246914286
14099,-2.005854385962715
14100,-3.310094555072596
14101,-1.6474776681896532
14102,-3.2761550861500006
14103,-2.6543193135416674
14104,-3.223608216
14105,-1.1173255268115942
14106,-0.5125702300000019
14107,-2.0981625285714287
14108,-1.188962142793099
14109,-2.4659751369047607
14110,-1.8314564608616068
14111,-0.38843705499999803
14112,-3.941366084666667
14113,-3.0902740376893933
14114,-3.109234126495849
14115,-2.715856359937502
14116,-1.1808208074999997
14117,0.0
14118,-0.11447998864583298
14119,-2.3795708774404756
14120,-0.1884144550000002
14121,-0.28338523777777763
14122,-2.0062560458333314
14123,-2.0381291036041658
14124,-2.4569116830446425
14125,1.0348570043749996
14126,-1.6069722595052003
14127,-2.9225400338636076
14128,-2.4233324249999995
14129,-3.824387376425287
14130,-4.033464534285715
14131,-2.241347587222222
14132,-0.4089529791666635
14133,-0.2832197914999995
14134,-0.2092161686842113
14135,-0.5897136851400437
14136,0.5496010124999984
14137,-0.15225091109374933
14138,-1.9963054922727272
14139,-1.2336281313333317
14140,-1.6415248991071425
14141,-2.2575647819999984
14142,-0.3634625496428561
14143,-3.6630214940909074
14144,-0.3757777659090907
14145,-1.3893365032142857
14146,-0.009331720172413866
14147,-1.2786268094214837
14148,-1.7142141945312503
14149,-0.6729746896910918
14150,-3.123118884404775
14151,-0.8240477865624989
14152,-1.5481106142424237
14153,-1.9991775020238096
14154,-1.7992785613888884
14155,-2.4331812827083326
14156,-0.3000427666666692
14157,-3.1531292429034394
14158,0.02443215499999951
14159,-1.404771015937501
14160,-0.3902033329247274
14161,-2.2694218704776876
14162,-2.3834544002499998
14163,-2.518122031733955
14164,-2.149845650663264
14165,-1.4143897160416639
14166,-0.7185546969088666
14167,-3.5091425152083335
14168,-0.22668762652343766
14169,-2.0181922211250005
14170,-1.5541087471666648
14171,-0.8286797362499989
14172,-2.419461252003969
14173,-0.7753190293750052
14174,-2.331133612819942
14175,-0.8590315242106685
14176,-1.6908620306944446
14177,-3.728230869166667
14178,-0.4859539637499992
14179,-2.283087546888888
14180,-3.1078083555654756
14181,-3.3038611070289865
14182,-0.9806242109920641
14183,-0.2327338518749995
14184,-2.554731680083334
14185,-0.14616515258064425
14186,-2.1697174975000006
14187,-2.3308371036904774
14188,-2.0293609908928576
14189,-1.668066714250001
14190,-2.6690913269230765
14191,0.18141663974999744
14192,-1.7600508784999995
14193,-0.8424371300000028
14194,-1.9484625913333342
14195,-2.271758034928568
14196,-1.6664933893333322
14197,-2.7157154571428572
14198,-0.4520471779166672
14199,-3.194080227333336
14200,-2.4245954699503978
14201,-0.3537266416176452
14202,-3.001665100625
14203,-0.9830540224533283
14204,-3.2955542322916664
14205,-3.5096626734833336
14206,-2.734427540409092
14207,-1.3778487009499998
14208,-1.4165665249500001
14209,-1.373679018564463
14210,-1.7359972095833343
14211,-0.38518074488095366
14212,-2.181572227582475
14213,-0.4612710105000019
14214,-2.668888976666666
14215,-0.5341642393055555
14216,-1.1784358545312497
14217,0.19807081124999826
14218,-0.4586414712500009
14219,-0.6316835288888877
14220,-0.46135852916666664
14221,-2.6629976021428563
14222,-1.6695345124999996
14223,-0.1678273648125014
14224,-2.7098644312499993
14225,-0.8103605691535705
14226,-2.454337211666667
14227,-1.2655198705972912
14228,-1.516231263849999
14229,-0.747945888000001
14230,-0.43311157592593236
14231,-0.07176842473198135
14232,-3.0308067399444423
14233,-3.8627205079166664
14234,-0.1899812333333332
14235,-0.6302162677931051
14236,-0.28757147499999824
14237,-0.24736783854166822
14238,-0.6866874677708324
14239,-0.4026675974074105
14240,-2.966227941320802
14241,-0.9088039158333352
14242,-0.19018472422413782
14243,-4.044683666250002
14244,-2.97235874138889
14245,-1.7322205446798027
14246,-3.225797496499999
14247,-1.7145378769999993
14248,-1.2453742262023795
14249,-2.1339010138888885
14250,-2.570062335909088
14251,-1.4145799779166595
14252,-3.0021654712962973
14253,-0.6438635450000003
14254,-0.42318652125000256
14255,0.07621733666666586
14256,-3.501638054444445
14257,-0.9648636458281246
14258,-0.42996655782052073
14259,-3.7557750890350885
14260,-0.5634966222222206
14261,-0.5868114373611104
14262,-2.8699802189540238
14263,-1.469169655380747
14264,-0.35088958541666315
14265,-0.15754397000000017
14266,0.0029220999999992614
14267,-0.8120729594999994
14268,-0.23282902867646604
14269,-0.10297344041666652
14270,-0.9847224804187188
14271,-0.8494902226562484
14272,-2.277419056590038
14273,-2.3716559904166683
14274,-2.162599036937499
14275,-3.4051990275
14276,-0.9152717387499996
14277,-2.155610362499999
14278,-0.49024710416666695
14279,-0.9457763366666667
14280,-1.905005969999999
14281,-3.1804479690000003
14282,-2.6323811335879306
14283,-3.506252752233334
14284,-0.848617432777778
14285,-0.06213509312499932
14286,-3.288611039285715
14287,-4.464469765416666
14288,-1.63259851610119
14289,-3.775860681969699
14290,-0.08959694062500034
14291,-3.6290922981666682
14292,-2.468798889820931
14293,-0.32988803374999875
14294,-1.16640589222222
14295,-2.4121931698308274
14296,-2.172301722937499
14297,-3.38577283375
14298,-2.511325247142857
14299,-0.08410202074999802
14300,-3.869808769259259
14301,-0.5265386328392936
14302,-0.2669783533333335
14303,-1.0149365986458356
14304,-1.1634504497500004
14305,-0.9310848278988075
14306,-2.4930635934375003
14307,-1.901617485226054
14308,-0.3356196697988514
14309,-0.9442554714999986
14310,-1.2668583406666656
14311,-0.7022925877272764
14312,-4.11047683875
14313,-2.1989125453775595
14314,-1.5236150527968757
14315,-1.6911140571428567
14316,-3.207356374102564
14317,-3.0756966273879307
14318,-0.35452353958333926
14319,-0.5313575856034495
14320,-2.3090469385000008
14321,-1.7700825153947364
14322,-2.2006408573333345
14323,-1.0017559458333327
14324,-3.3925213055833314
14325,-0.30458715874999953
14326,-0.2500238361494258
14327,-3.3052863298437494
14328,-0.7949232771166678
14329,-3.478862383449426
14330,-2.0741211380803586
14331,-2.7924746581168822
14332,-0.5574402994612067
14333,-0.9653517133333338
14334,-2.52227075778125
14335,-2.461239497976191
14336,-2.4153270594444445
14337,-3.0136092355555553
14338,-2.5111123126086974
14339,-2.9951654519696986
14340,0.3581891500000012
14341,-3.0329408695454663
14342,-0.20958111451149897
14343,-2.2721788533333336
14344,-0.08420462750000013
14345,-1.0107590294196436
14346,-2.546457344545361
14347,-2.707522738214286
14348,-3.9146101888541533
14349,-2.054308188333334
14350,-0.4258325603477999
14351,-1.1398531366666669
14352,-2.1675250703409095
14353,0.3963516905711195
14354,-0.4583142512499929
14355,-1.8778921256250003
14356,-2.359386815245849
14357,-1.2016096609259255
14358,-0.45123014708332576
14359,-2.475307321000001
14360,-0.8078371484482746
14361,-0.468279402222221
14362,0.14865712499999262
14363,-3.291512927333333
14364,-2.3581097846666657
14365,-0.20354682416666625
14366,-0.8871451711206895
14367,-0.27116767312500006
14368,-1.4559736660517237
14369,-2.2642393215
14370,-2.4777618844444445
14371,-3.490891200153845
14372,-2.8293128281465516
14373,-1.0342468507083324
14374,-0.15207302777777917
14375,-0.3844453166666651
14376,-2.4630471016666666
14377,-0.4058479043840575
14378,-0.34725840166666916
14379,-0.926130674772727
14380,-0.49371974583333156
14381,-2.9678631792661365
14382,-2.6841463064999997
14383,0.5518998587500006
14384,-0.2624145599999868
14385,-0.49067297537878835
14386,-0.22483739799999966
14387,-0.536247050133332
14388,-2.4722702253
14389,-2.6631625072619047
14390,-0.5200390413333331
14391,-0.6603375671428567
14392,1.0645125257112067
14393,-2.5894318445238094
14394,-1.5298771179545456
14395,-1.7978744328448277
14396,-0.32475137249999975
14397,-0.9614010325965241
14398,-0.44454740244791796
14399,-0.9633605801041671
14400,-1.8813498479374993
14401,-1.422324364166667
14402,0.0009816100000013723
14403,-0.002125777500002831
14404,-0.80516133750149
14405,-2.379304036139455
14406,-1.0230532163888881
14407,-0.5660282255555545
14408,-1.6016500343513953
14409,-0.4512199199999941
14410,-1.3861572673333327
14411,-2.682567967205882
14412,-2.3529711542680776
14413,-2.0040345296756974
14414,-2.8447401491749975
14415,-0.11379629823275916
14416,-2.4360889264062493
14417,-2.2348339965277777
14418,-1.4912205730583339
14419,-2.7811187260357144
14420,-1.9609422269047616
14421,-1.8010565332738093
14422,-4.118745691250001
14423,-1.038247646810662
14424,-2.0488779011718723
14425,-2.735133841130952
14426,-1.7500637771574776
14427,-0.6463465379172402
14428,-2.129064480961538
14429,-2.489222776388891
14430,-0.47757952875124116
14431,-1.171629707719003
14432,-1.4952956265104167
14433,-2.2522090786821707
14434,-2.6493014769396055
14435,-1.9627077535714286
14436,-2.8032638016156457
14437,-1.0542139397222234
14438,-3.03006384625
14439,-0.6297076900000007
14440,-0.42353334633332623
14441,-1.6927905818269233
14442,-2.2638147874074073
14443,-1.619417345926641
14444,-3.8456637536666656
14445,-0.6047336430555555
14446,-0.9589825927083334
14447,-1.4421928213372095
14448,-2.0389281423245613
14449,-2.3306205245601253
14450,-2.234609702777778
14451,-0.6587726465405183
14452,-1.5624960232321428
14453,-1.9085931538051468
14454,-0.12345870916666672
14455,-2.578309968333334
14456,-1.123648380217391
14457,-1.4260267496666665
14458,-2.352359293273809
14459,-1.9164285600615776
14460,-0.35752802625000024
14461,-2.694555046500008
14462,-1.8429590454062499
14463,-1.9596724879688925
14464,-1.8245778365151517
14465,-0.6591540465000001
14466,-2.0671957491666664
14467,0.8292758445512666
14468,-0.07586468999999951
14469,-3.6168604677777787
14470,-2.945203001176587
14471,-0.5692989989999984
14472,-1.735121456685714
14473,-2.6512342577182557
14474,-0.6434567719791655
14475,-1.009261388750005
14476,-1.5312738914285708
14477,-1.7753240211666665
14478,-2.08184262095
14479,-3.4508841035000004
14480,-1.2037027845870538
14481,-0.960797718906251
14482,-0.3388252107827384
14483,-2.022614702047413
14484,-1.4376743756465504
14485,-2.739774235666667
14486,-1.3062801099999994
14487,-1.336780317051725
14488,-2.276988067863095
14489,-2.0517134273275843
14490,-0.6451150735196165
14491,-1.8985905559375
14492,-0.3937661912857117
14493,-1.833020585476191
14494,-0.6096569000000022
14495,-2.5341812589285713
14496,-2.075439855999999
14497,-0.5293757199999986
14498,-4.1026601825
14499,-1.4853890068749998
14500,-1.0302750964999987
14501,-3.330954054137932
14502,-0.12759668833333393
14503,-0.27765523557291755
14504,-0.5457022983571427
14505,-1.4679394664285712
14506,-1.1683528804166674
14507,-3.4804691582010596
14508,-1.6819085388541675
14509,-1.9385899991091968
14510,-2.3619439878571447
14511,-0.08556919902777496
14512,-2.019996428775863
14513,-2.170061939337912
14514,-2.0220089319999843
14515,-3.2121874458753306
14516,-0.7994898151136357
14517,-1.0299322865909089
14518,-0.5843012333333318
14519,-1.9796402961785717
14520,-2.327878003666667
14521,-3.141827008333332
14522,-1.1440646493750002
14523,-0.720922373888891
14524,-1.213149317916666
14525,-2.4679166438541666
14526,-3.4495078855
14527,-2.259939006855589
14528,-1.953540482857145
14529,-2.064195043420566
14530,-1.8659368729166659
14531,-1.9660374155303038
14532,-1.6018981520833337
14533,-0.21714912652777704
14534,-3.1100284162244316
14535,-2.254672489548612
14536,-0.4895578030000024
14537,-0.30904385166666715
14538,-2.9021457209999992
14539,-2.9179544370604398
14540,-0.6575489218181829
14541,-1.4347106164999996
14542,-0.7129723870370372
14543,-2.7633117656410255
14544,-0.8069476020870541
14545,-0.3689720439285712
14546,-3.0337881842307697
14547,-0.3965778140000012
14548,-1.9003165855625
14549,-0.4465825486250026
14550,-1.3104808087612676
14551,-0.9630144498912849
14552,-2.392887180390625
14553,-1.4595306784062416
14554,-4.000824173333333
14555,-2.4034091961111126
14556,-1.6607786360000005
14557,-3.4850464210512806
14558,-0.6043146191666668
14559,-0.34580519233333384
14560,-0.7050440287500006
14561,-1.560353950499999
14562,-2.197114999
14563,-0.8588143732142852
14564,-1.6674778456060613
14565,-1.5271797063505743
14566,-1.6137897069230762
14567,-1.5192460622222197
14568,-1.5430594420833335
14569,-0.8364340299999972
14570,-0.46550123049999714
14571,-2.851774280450001
14572,-0.8555993775000061
14573,-0.4530433858333325
14574,0.01251068344827555
14575,-0.153033664444444
14576,-1.733542170769229
14577,-0.6642943300000006
14578,-1.919917295068028
14579,-1.4146390424499997
14580,-0.41428196416666907
14581,-2.0042695636111088
14582,-1.8685451641858237
14583,-1.8216005806249995
14584,-2.5742503603232763
14585,-2.3520735479428563
14586,-0.7794576968749993
14587,-0.7659680518749994
14588,-0.8435273038571381
14589,-1.0376334889374994
14590,-1.7637974733333333
14591,-2.9614528075
14592,-2.0447407033333342
14593,-1.670853487222223
14594,-2.6082555140740737
14595,-1.5098783237833335
14596,0.273972750416668
14597,-0.6445502116666676
14598,-2.5020510303835977
14599,-1.5611929394166673
14600,0.4979009769140621
14601,-2.3835339984716746
14602,-3.6487660511666666
14603,-0.8404244721666672
14604,-0.4149262188888905
14605,-0.5953075295833328
14606,-1.3100744931168824
14607,-2.6048117733333336
14608,-0.9835194581249995
14609,-2.178129823888888
14610,-2.827090324166667
14611,-2.0432793938198577
14612,-1.358433314501915
14613,-0.2442472750000005
14614,-3.0852458706818195
14615,-1.4583512365909088
14616,-0.5575604049999989
14617,-1.4216139697678558
14618,-3.019921331547619
14619,-0.4708088295833335
14620,-1.5137371247916698
14621,-0.47901372666666475
14622,-3.7091965082399434
14623,-0.46884852510416647
14624,-1.7835717319117643
14625,-0.17866593899999827
14626,0.11579855322916899
14627,-1.5479142236309522
14628,-0.5713660833333328
14629,-0.9912715206122432
14630,-3.205377071298245
14631,-2.3335193772527463
14632,-2.9245791580833327
14633,-1.9403245106164482
14634,0.22544564312500626
14635,-0.13832129014367922
14636,0.44964313750000073
14637,-0.46376752916666675
14638,-3.3702648063405176
14639,-2.918296353055551
14640,-2.9818524588596964
14641,-3.397889916483517
14642,-2.6157393050992686
14643,-0.5068481223529405
14644,-2.6492955014814816
14645,-0.34196713360221664
14646,-0.8046964016666655
14647,-1.858383299696969
14648,-2.1901550725000005
14649,-1.6975539260000005
14650,-1.8925737118124992
14651,-0.6761965602777771
14652,-2.205195419583333
14653,-4.159174074166669
14654,-1.1979681770000006
14655,-2.783797551
14656,-0.5408335000000015
14657,-1.7460158285416665
14658,-2.8942812567777776
14659,-0.6680701387499974
14660,-0.2725856566666683
14661,-0.47758012531250005
14662,-1.321262207536232
14663,-0.8513578154597694
14664,-0.15873355664152103
14665,-0.9040030489062492
14666,-2.625739340363637
14667,-2.269697551309522
14668,-3.536360435714286
14669,0.18844157249999918
14670,-0.8778761112500006
14671,-1.3245142266666687
14672,-0.9858732478061223
14673,-0.3321435154166667
14674,-3.042222145625
14675,-0.4014816654166668
14676,-1.6958325858189645
14677,-3.466975090425287
14678,-3.257222851184209
14679,-3.0880120100000004
14680,-0.8909651693253977
14681,-0.6130512111111083
14682,-1.510024561864623
14683,-2.064169683168105
14684,-0.500113050185186
14685,-3.2817098765740735
14686,-0.9423733764999952
14687,-0.5706144129999998
14688,-0.6316785686111106
14689,-0.7008211702380956
14690,-0.9710711660555549
14691,-0.6983493199999984
14692,-2.455564168895833
14693,-2.820343855714285
14694,-1.2057458215624997
14695,-0.3625783130282727
14696,-0.21267999916666666
14697,-2.7503490017250005
14698,-0.29704166152586176
14699,-1.508595819607144
14700,-0.3517762133333333
14701,-0.15670685870535447
14702,0.01192579333333502
14703,-1.2709659325000002
14704,-1.4123732966145832
14705,0.4054661754166631
14706,-2.2583491407142864
14707,-1.2257506968181828
14708,-2.361791616875002
14709,-0.6732129104999999
14710,-1.1030686738802076
14711,-2.9499596316666663
14712,-2.5576946435714274
14713,0.21250930749999952
14714,-0.3160209832327574
14715,0.08397102277777672
14716,-3.050280072137931
14717,-0.32524070770833546
14718,-1.9852647477450982
14719,-2.9869588739374984
14720,-2.4501914742917514
14721,-3.6227151775000044
14722,-0.15086505492857044
14723,-0.49576254724138025
14724,-2.3022666871110427
14725,-3.035498554128206
14726,-1.6589544824999998
14727,-0.5023170389999976
14728,-2.372273168333333
14729,-0.17458708500000242
14730,-3.2344788181481485
14731,-3.96091708125
14732,-2.3550851495258627
14733,-1.0245921588888873
14734,-2.3963167191666668
14735,0.01713482914285791
14736,-2.383409771999999
14737,-1.1411264974358948
14738,-1.5607948235988895
14739,-1.7128409582499995
14740,-2.2589662555555527
14741,-1.2038005060729047
14742,-1.0385488171904769
14743,-1.8400379805000013
14744,-0.963667906388889
14745,-0.8504571709920631
14746,-1.7200155552545167
14747,-2.290307375588237
14748,-1.6034788661206898
14749,-0.47792558358333015
14750,-2.936812904062501
14751,-0.23219943958333347
14752,-0.4886177737499908
14753,0.9523461230555531
14754,-1.9880236777471259
14755,-3.2843226514835164
14756,-1.0228598150401593
14757,-2.4361777151933137
14758,-1.5251349050682481
14759,-0.052399171388889464
14760,-0.5219400047727273
14761,-3.5519779401639346
14762,-2.8526676870833323
14763,-0.7704727649999992
14764,-3.2923874789999994
14765,-0.4037830900000019
14766,-0.4378292511666615
14767,-0.8306932600000003
14768,-0.6064870528333358
14769,-2.1790304758566803
14770,-3.9895589986363635
14771,-3.8416642926666666
14772,-0.9900833690624999
14773,-0.1711806710714287
14774,-2.9785847222222213
14775,-2.4303244029545454
14776,-1.6139310317614943
14777,-0.7344183241666657
14778,-2.5887252067651887
14779,-0.3247680154545456
14780,-2.7073626252910055
14781,-1.531377246086207
14782,-2.9951852145454527
14783,-0.633748253851461
14784,-0.16544268791666758
14785,-0.8006596579999988
14786,-2.2680706441666714
14787,-0.33762642249999875
14788,-2.3705868927455356
14789,-1.3786708220370372
14790,-0.9913314440624994
14791,-2.6763145439937706
14792,-0.7882413033333329
14793,-2.5591849231249997
14794,-2.0701116495000007
14795,0.10190197944444417
14796,-1.8903113516666668
14797,-0.45807925183333253
14798,-3.068816304031251
14799,-0.8114933574999981
14800,0.02971973122916527
14801,-1.219773292666666
14802,-2.323136091469774
14803,-0.2546529724166646
14804,-3.332098468095208
14805,-0.6297606874999992
14806,-0.17074511666666461
14807,-0.7128949359999993
14808,-2.542993825000002
14809,-0.334137536818181
14810,-0.29199189083333477
14811,-2.656413044468752
14812,-0.31831054166666445
14813,-3.0131836142592667
14814,-0.9588292546428576
14815,-0.48322409499999824
14816,-1.7239562051388884
14817,-2.1214214609113293
14818,-0.5182351477777792
14819,-1.5733835333950614
14820,-1.9656461476785734
14821,-1.0912733249999995
14822,-3.377933791730798
14823,-0.4458675205882347
14824,-0.6830577324999992
14825,-2.740306304907408
14826,-1.4764455764285722
14827,-2.8573606967307708
14828,-2.7859732741666674
14829,-2.303999970178571
14830,-1.9859844059090912
14831,-2.693133813921265
14832,-0.5638915793750021
14833,0.9276726375000001
14834,-0.3495069562500017
14835,-2.5457749655000006
14836,-0.9059972015086204
14837,-1.903788921666667
14838,-1.963204765277778
14839,-1.809191147449998
14840,-0.08503013874999965
14841,0.0409623999999944
14842,-3.4483726560526318
14843,0.06590468963362128
14844,-2.8718426207916656
14845,-3.1861440172499997
14846,-0.26657049375000064
14847,-2.9569243533602156
14848,-0.657169534999999
14849,-1.5476573784505199
14850,-1.9560846131785823
14851,-0.35399226541666495
14852,-4.168452028653847
14853,-3.6124686646874977
14854,-2.0307361227833334
14855,-1.5942708305338538
14856,-2.9962518450000006
14857,-2.3543098241666667
14858,-0.5105547834999982
14859,-1.3896440921428594
14860,-0.3306078785416746
14861,-0.6294754621296256
14862,-3.216402385833336
14863,-1.189846526880951
14864,-0.623150037000002
14865,-0.3975714795833314
14866,-1.2707362681527772
14867,-0.7284729960000007
14868,-1.750918062380952
14869,0.2304898559375097
14870,-1.5765638634057975
14871,-1.571971446681818
14872,-2.8854834439247306
14873,-3.040215971111112
14874,-1.9204497488505756
14875,-3.3331500072463767
14876,-3.3205348875000027
14877,-1.927741243437501
14878,-0.24485259333333254
14879,-2.0487510039427685
14880,-0.47751153305555505
14881,-0.19014901833333178
14882,-3.6317974153124988
14883,-1.9378811501559936
14884,-0.6756636759999971
14885,-0.5983667724999991
14886,-1.7747260898611106
14887,-2.496932166805556
14888,-0.7965391460069444
14889,-1.1450527016116065
14890,-2.3756234372680627
14891,-0.25793000178571546
14892,-2.778750954333333
14893,-0.9528419699999988
14894,-1.5170695204166675
14895,0.8633029312499971
14896,-1.7978192607142833
14897,-3.186771167852666
14898,-2.5788909151959247
14899,-2.2989151892410415
14900,-2.2864474235021923
14901,-0.8973852426221254
14902,-1.9015927115332505
14903,-0.46037054744444106
14904,-1.9977222041666605
14905,-3.29522065937501
14906,-2.3472699667653933
14907,-2.2512722151636906
14908,-0.0015312362499990684
14909,-0.5591733899999994
14910,-1.201397138425926
14911,-1.6958504512500008
14912,-0.7544589864583339
14913,-1.157373246206897
14914,-0.7710894600000018
14915,-2.66667841602941
14916,-1.6561898230952408
14917,-0.7697148505952376
14918,-0.7698684410000013
14919,-2.9189446885185144
14920,-0.7914362245211066
14921,-2.1054073620833327
14922,-1.6145898036363646
14923,-1.6849968378571434
14924,-2.8745200341301587
14925,-0.12485336249999553
14926,-2.4663694325387304
14927,-3.507712333807692
14928,-1.0848371468750004
14929,-1.6363464886111103
14930,-2.414696242996032
14931,-1.1516584314798877
14932,-0.14465159989942578
14933,-0.5213160820000013
14934,-2.890821084742856
14935,-2.2634500943045124
14936,-2.1107973789062484
14937,-0.8590414631183894
14938,-2.274162635530304
14939,-0.7214436913333344
14940,-2.2049159516190486
14941,-3.1799114029103452
14942,-1.553248311578948
14943,-0.9039513527380946
14944,-1.2993674930357157
14945,-0.5208822299999984
14946,-0.7577833903703682
14947,-0.42703919812500146
14948,-3.3474437825
14949,-0.2174817851724143
14950,-0.20575865312499886
14951,-0.20983889868421066
14952,-1.7325589588333323
14953,-2.0664093408764366
14954,0.008595309999996914
14955,-1.5090648969499996
14956,-1.913018990277778
14957,-2.9042796358235297
14958,-1.9027782749999997
14959,-0.27258217898809356
14960,-1.950974333343596
14961,-3.497674579666666
14962,-1.2139474079487174
14963,-0.49112010208333157
14964,-2.563863766703869
14965,-0.7491829500000028
14966,-2.189735595104165
14967,-0.3890391950000023
14968,-1.090724972000001
14969,-3.186058913535714
14970,-1.3432079523802074
14971,-0.4327984282870936
14972,-0.6912010337500014
14973,-1.0091773940277804
14974,-0.7462177053125055
14975,-0.6664354480882357
14976,-2.2978871192592587
14977,-2.3405844088936782
14978,-0.9555403932999994
14979,-2.1821282759166793
14980,-1.7953732219607839
14981,-1.8195673250000008
14982,-0.9542511571153844
14983,-3.4669063223333345
14984,0.01360687000000027
14985,-2.666855457993731
14986,-0.8518214808307207
14987,-2.950170463687499
14988,-0.35365339948275754
14989,-0.4985859595833328
14990,-2.233409576999999
14991,-1.1558985139285716
14992,-0.43347451972222234
14993,-3.2715549339583347
14994,-0.3413174117830856
14995,-2.528997859138888
14996,-2.6026477791304354
14997,-0.3040723816666681
14998,-0.986596835333333
14999,-2.8398333476630655
15000,-2.1044930693124995
15001,-0.6725508368750006
15002,-1.6652015255769235
15003,-1.079197937857143
15004,-2.082850940376301
15005,-2.1923555842499978
15006,-0.2713965054166696
15007,-3.032076414
15008,-0.46962974687500036
15009,-2.551014959722222
15010,-1.950918339444444
15011,-1.5441694251970435
15012,-0.8519636916666715
15013,-2.8053855414285715
15014,-3.0567182858333326
15015,-1.7917420202012013
15016,-2.1901621292307683
15017,-2.967547980666668
15018,-2.088526139047619
15019,-0.5643196349999968
15020,-0.5101804383333288
15021,-1.8433332528362065
15022,-3.0831529606926398
15023,-1.9323334972451423
15024,-1.3137928157258068
15025,-0.1804959861904763
15026,-1.9539666500000001
15027,0.21689532999999983
15028,-1.1173842371904754
15029,-1.1230031405048067
15030,-1.765417127666666
15031,-0.26138505474359036
15032,-2.4493158190756716
15033,-1.6797250377777775
15034,-2.348228508981481
15035,-3.655784751578947
15036,-2.2524942812499997
15037,0.9255226500000001
15038,0.0295789924999994
15039,-2.9438536278571426
15040,0.0922626152631575
15041,-3.6371820707142866
15042,-1.9738785846743294
15043,-1.0498528227777757
15044,-1.8311101454166672
15045,-2.9749734106465517
15046,-2.1882737666666654
15047,0.006979634583338168
15048,-0.5460459274999986
15049,-1.8841161280519474
15050,-3.1299697625
15051,-0.4753296129999981
15052,-2.492503281216931
15053,-0.621881178181818
15054,-0.7908270793333336
15055,-0.583614756179089
15056,-1.4614249029999997
15057,-0.38015387999999817
15058,-2.9075062626256605
15059,-2.183260722248062
15060,-1.5877119537499993
15061,-0.3590444220000009
15062,-2.8347472923275867
15063,-2.1142585751277707
15064,-3.4830868354545443
15065,-3.154025528296297
15066,-2.6703504380769227
15067,-3.5235103803942525
15068,-1.9088803933333327
15069,-1.0364500272222206
15070,-0.800303629166668
15071,-0.9059701279761896
15072,-0.43893432925000014
15073,-2.688152365387931
15074,-0.3230864916666647
15075,-1.0452475063888944
15076,1.1017102962500012
15077,-0.5685833170833323
15078,-1.8928834028906252
15079,-0.4885658820000007
15080,0.32807379625
15081,-1.1711531608333328
15082,-0.48748852394736575
15083,-1.6820955546875005
15084,-2.6715154584666676
15085,-3.378215464562499
15086,-1.7958914479510528
15087,-1.7301570455338207
15088,-2.301630555530303
15089,-0.4265730426851846
15090,0.5713827866666664
15091,-1.776640384903846
15092,-2.802440528655613
15093,-0.8760839255555639
15094,-1.4529602899999994
15095,-2.4624727269047617
15096,-1.8877954244642845
15097,-2.624149660416652
15098,-1.4183371111083731
15099,-0.41573223187500474
15100,-2.611450766041667
15101,-0.06951267666666776
15102,-2.5103911141666666
15103,-1.539852931944445
15104,-0.4398400500000008
15105,0.1268655900000013
15106,0.04402441499999998
15107,-2.5197892949066087
15108,-2.4703419223044216
15109,0.09290706833333928
15110,-1.7451414612500002
15111,-1.432876992115987
15112,-1.4406986949444436
15113,-0.039081147708341035
15114,-0.17543571815789138
15115,-0.6207172537499988
15116,-1.8200473799999992
15117,-0.39614364388888507
15118,-0.8104721311904768
15119,-1.5210740136666667
15120,0.5417743177083345
15121,-0.9938061093055555
15122,-2.5369913103958326
15123,-0.6446886313333351
15124,-0.9416048210000014
15125,-1.0554401533333357
15126,-0.07896113749999945
15127,-1.9329285387777781
15128,-2.2848070752083296
15129,-0.1428662650000021
15130,-3.5070608728571417
15131,-0.8567214329166669
15132,-3.2883695520370364
15133,-2.9478906150301722
15134,-1.8899486854166667
15135,-0.276863163749999
15136,-1.3727427600000006
15137,-1.713807222844828
15138,-2.3825367457575752
15139,-2.7731542636363637
15140,-2.2788829526964287
15141,-0.6984051374999977
15142,-0.8701936988035713
15143,-3.312393359471265
15144,-2.8321901120652173
15145,-2.078282849375
15146,-0.7879062870833327
15147,-0.024695205000000442
15148,-1.4007042774074074
15149,-1.2904351894971264
15150,-0.26862527666666597
15151,-0.6988432050000029
15152,-0.3587034179545441
15153,-0.3434179683333327
15154,-1.0828108917187507
15155,-0.6633181693749997
15156,-2.4223918959259274
15157,-1.2942145200000041
15158,-2.3113029621110432
15159,-2.2496160190000003
15160,0.3932274802083313
15161,-0.37108115888888604
15162,-3.0013753882916667
15163,-0.678325325000003
15164,-1.3628188988888894
15165,-1.8577539900000033
15166,0.37458866883333286
15167,-0.6766963397222214
15168,-0.6853416403124992
15169,-0.05522714500000081
15170,-0.6347312456249994
15171,-2.5811801059375004
15172,-0.6907956449999956
15173,-1.6986023210714285
15174,-2.5639702137060034
15175,-2.2302100364240927
15176,-0.6043379950850323
15177,-2.485233960035013
15178,-0.106186618055555
15179,-1.3279709444642853
15180,-0.5810494383333342
15181,-3.321316444166667
15182,-0.4929229565178562
15183,-2.3198454872916665
15184,-0.4183831385227221
15185,-2.637281693125
15186,0.6823142799999999
15187,-0.4617563423076901
15188,-3.0540255739999984
15189,-0.11169626995097935
15190,-1.836237842085169
15191,-2.458725366363637
15192,0.03830342187500335
15193,-0.5264350195833334
15194,-0.955135205
15195,-0.9948261604999971
15196,-0.9370094308309381
15197,-0.5779780925000004
15198,-0.27832455499999975
15199,-0.3426689425000049
15200,-2.113245786111111
15201,-3.2554555111111125
15202,-3.1168663944345236
15203,0.6311194443750006
15204,-0.5994195562500018
15205,-0.8772608254545495
15206,-0.7559807914285712
15207,-0.6756467387931024
15208,-0.4594340436805524
15209,-3.2208457860000004
15210,-0.7704823316666669
15211,-0.5375369397619048
15212,-1.0246068257142842
15213,-0.6578266973994253
15214,-1.3386827402729888
15215,-2.0239554031575517
15216,0.11761583029102063
15217,-1.1679570245957918
15218,-4.428458950909089
15219,-2.3243008222083343
15220,-3.6939235176470597
15221,-0.7584992433333358
15222,-2.8139345264285702
15223,-0.11460608176436864
15224,-0.5069638372988514
15225,-0.44030456249999617
15226,-2.2571144922333333
15227,-1.2953120465208336
15228,0.03349821875000103
15229,-0.4529151927083331
15230,-2.9552199788888873
15231,-2.081940428456897
15232,-2.476962810999999
15233,-2.28289746363637
15234,-0.19238970142857323
15235,-0.28147766624999804
15236,-0.864624959784314
15237,-0.5317463866666637
15238,-3.058223753690477
15239,-0.061040652048610075
15240,-1.3423805612096777
15241,-2.5432990120208347
15242,-2.5229611500501252
15243,-1.1925517487346937
15244,-0.8067398280155669
15245,-2.1979959383333343
15246,-3.339669136388891
15247,-1.5562146559739591
15248,-2.2589658511796533
15249,-0.19688371583333245
15250,-2.5359143349097217
15251,-0.8083280338888856
15252,-0.4255243634615384
15253,-0.4427034254166662
15254,-0.6725321866666656
15255,-0.841980271666668
15256,-3.228819810194445
15257,-3.4751901565384764
15258,-0.4549059696875011
15259,-1.8742515337568058
15260,-0.552478555625
15261,-2.7973198200000007
15262,-3.0998822164999993
15263,-1.9301304437500004
15264,-2.306320079166667
15265,-2.5790121252857148
15266,-2.7964141
15267,-3.523132323717948
15268,-0.6351135616986686
15269,-2.456241291285974
15270,-2.496220726086208
15271,-2.4662756033333326
15272,-2.332450028571427
15273,-1.6421010616666665
15274,-0.5270430104166657
15275,-0.8258439038888904
15276,-0.4786079243750052
15277,-0.3547700222222261
15278,-2.586424955000001
15279,-1.3578610921896552
15280,-0.6709425423170723
15281,-0.5517561712500019
15282,-2.4660533835714307
15283,-1.5498084834505204
15284,-0.2580214922222221
15285,-2.4885364952380953
15286,-3.3888592435185187
15287,-1.6561587292083337
15288,-0.2333926137500022
15289,-3.617029635333332
15290,-0.8882653358333327
15291,-0.18111032190476198
15292,-0.5420881302539051
15293,0.003934851875001755
15294,-0.3359948475000003
15295,-3.941403542499999
15296,-2.6104380961666664
15297,-0.1332688774999923
15298,-0.592074639230768
15299,-3.2736430266666665
15300,-0.07373023728070088
15301,-1.6049719302103176
15302,-0.3729836957499998
15303,-1.224337459807703
15304,-3.1046587321444408
15305,-1.7119363986666662
15306,-3.836966738848483
15307,-0.6092300041666666
15308,-0.1257697215624997
15309,-0.6699772144444507
15310,-1.0060674524999982
15311,-2.3917975522727275
15312,-1.627935621428571
15313,-2.154116421527777
15314,-0.5436875934770123
15315,0.0
15316,-2.4820996438159746
15317,0.08535895416666506
15318,-1.1018931235483878
15319,-2.561474058754788
15320,-3.2522801433333335
15321,-1.4745182194444428
15322,-0.8268041847407422
15323,-0.460637932265624
15324,-3.5794651927250003
15325,0.15635386708333243
15326,-3.7521039483333305
15327,-2.543749990208333
15328,-1.6222947163649426
15329,-1.7312905145000002
15330,-1.3902203049999997
15331,-1.358516071547618
15332,-1.22564698944445
15333,-0.5557563297222217
15334,-0.9511081386383928
15335,-0.25886348574999546
15336,-0.20171576107143047
15337,-0.364765307499999
15338,-0.17373662277778124
15339,-1.6290658291499998
15340,-0.2977622544444453
15341,-2.4928602307688728
15342,-1.2464654564999997
15343,-0.9033033505555577
15344,-2.095770612925169
15345,-1.4512635916666672
15346,-2.7402761743437503
15347,-3.557799488366667
15348,-0.21290252124999398
15349,-0.3003135033333404
15350,-2.026643345329671
15351,-1.9581851379166662
15352,-1.4993131805882347
15353,-0.2708169250000001
15354,-1.742267925631578
15355,-0.34063196499999915
15356,-3.324276698888889
15357,0.0755016700000013
15358,-2.3786806749999996
15359,-1.8900786845934963
15360,-2.477635888333332
15361,-2.4362784008333325
15362,-3.1271722029960305
15363,-0.3876795520238058
15364,-1.9530544564547379
15365,-3.491619559666667
15366,-0.596848876499999
15367,-2.1789475214062506
15368,-1.5416102289285705
15369,-0.7088008505555562
15370,-0.4807460437499991
15371,-1.2682435820833362
15372,-0.563932587826087
15373,-0.27215843889846764
15374,-4.277761973749999
15375,-2.8118024836759257
15376,-2.1048582311666664
15377,-0.6999687872222206
15378,-0.29702967454545354
15379,-2.982250818166667
15380,-2.108112388000001
15381,-0.22000522200000033
15382,-2.302504960416666
15383,-2.9610620736544964
15384,-1.443432850882353
15385,-3.0229477145098023
15386,-2.502865663466667
15387,-2.7273410627380947
15388,-1.7618798711419752
15389,-1.7265214198787717
15390,-1.9474560555208336
15391,-1.2501062644444443
15392,-3.9000115280000003
15393,-3.2889011782857147
15394,-2.2138296291666664
15395,-0.5651810227083338
15396,-0.20847878833333322
15397,-1.5442718116111114
15398,-2.3020560369696983
15399,-2.359423404062444
15400,-2.86607626637255
15401,-4.089766204298246
15402,-3.279988280555536
15403,-1.0801831604062495
15404,-0.5502560214285747
15405,-0.3634775388888948
15406,-1.4858176455555565
15407,-0.25678360833333613
15408,-1.8005744193792512
15409,-0.2054342223275869
15410,-0.1508538349999995
15411,-0.7437544383333309
15412,-0.4795091312500004
15413,-0.06714692844827663
15414,-0.6788033874675321
15415,-0.06527937250000093
15416,-0.08842025310606
15417,-0.39498135500000114
15418,-0.36653777416666955
15419,-2.1314055475680265
15420,-3.4412264730000004
15421,-0.5835073099999997
15422,-0.3317600816666655
15423,-2.523466715349703
15424,-0.30226968249999925
15425,-1.6954672455555562
15426,-1.957898693333334
15427,-1.4241115539247313
15428,-3.0800857090625007
15429,-1.7307402254616233
15430,-3.481307855757575
15431,-2.692280293829365
15432,-1.0846201064285712
15433,-0.8005551183333353
15434,-1.3411181828333334
15435,-2.911804260833333
15436,-2.6392859556560344
15437,-0.8311745126190472
15438,-2.327874575520833
15439,-1.1702541252500005
15440,-2.77634308875
15441,-1.9533102820454546
15442,-0.2926187387500008
15443,-2.260361754333332
15444,-0.8181168762499995
15445,-0.5135345099999995
15446,-1.0375182597728507
15447,-1.5945930689819383
15448,-1.9273073038630955
15449,-0.6607633704166629
15450,-2.868657693241379
15451,-0.123896884732142
15452,-0.18091732749999956
15453,-0.3025194552777763
15454,-3.2199438308571433
15455,-2.80555861375
15456,-3.0019995110589277
15457,-1.1864768230788167
15458,-3.6580356786363635
15459,-1.006003727907404
15460,-3.5560871571666666
15461,-0.6415023025000011
15462,-0.7336133391666673
15463,-2.038798490668104
15464,-0.7645874700000022
15465,-1.08862588625
15466,-3.01776698923077
15467,-2.143351144999998
15468,-2.20287460281746
15469,-0.5797731037499982
15470,-0.7020654211494257
15471,-1.6226240189136893
15472,-1.0704680244374998
15473,0.036222141011904796
15474,-2.143005662111111
15475,-0.21859834708333237
15476,-1.308234898988095
15477,-0.9217641895000005
15478,0.0
15479,-2.5632664336458335
15480,-2.8265844746666664
15481,-1.8141211671428548
15482,-2.099204554761902
15483,-2.309198436666667
15484,-1.137952625555556
15485,-1.226403651715926
15486,-0.9562793990000003
15487,-1.0971244170555559
15488,-0.35971011500000216
15489,-2.906874535641024
15490,-0.1666360962500022
15491,-0.8655313531000002
15492,-0.8708610916307471
15493,-1.542374556794872
15494,-0.6590267005263145
15495,-1.9164332651354177
15496,-2.583733810488095
15497,-3.333029768461538
15498,-0.4486752026138878
15499,-1.9085436385416656
15500,-0.3403269006249978
15501,-0.24109311249999918
15502,-0.43389105474999995
15503,-2.067716923613636
15504,-0.6788662343750005
15505,-2.3329657570881235
15506,-2.147953162718254
15507,-1.428554211681817
15508,-0.5126512600000019
15509,-3.03830917
15510,-0.6024802275000027
15511,-3.2984035791666653
15512,-2.4213418738461536
15513,-3.11040649758621
15514,-2.589218652777778
15515,-0.5023238004999981
15516,-1.3020731761904776
15517,-1.7114453870833337
15518,-0.017917188947366543
15519,-2.161222606406535
15520,-0.19770720125000008
15521,-0.0917423522727267
15522,-1.1106856906249987
15523,-0.12511378321428676
15524,-1.8574149437499998
15525,-3.0332898854166666
15526,-0.39144363958333867
15527,-3.1302751706249996
15528,-0.25679886399999957
15529,-2.262120790892855
15530,0.005839113125002626
15531,-3.0547069124310346
15532,-2.4292323011904764
15533,-0.7095176075000005
15534,-2.1307237420490717
15535,-2.363658254444444
15536,-0.044082224166656185
15537,-3.193642910138891
15538,-0.9870344161111101
15539,-3.019484092752232
15540,-2.0566719056249996
15541,-3.0683376697023803
15542,-0.31519344458333
15543,-0.6316373780000006
15544,-0.9093377519999983
15545,-0.20467698666666578
15546,-2.1635195864355325
15547,-0.44766913468748726
15548,-0.12335180499999865
15549,-2.4752164153030294
15550,-3.6857878489285696
15551,-2.4491908178211643
15552,-1.5847795469371193
15553,-2.2468139276923074
15554,-1.284958853625
15555,-2.4735467846205355
15556,-0.8149784870312509
15557,-3.477044902440475
15558,-2.5721410279511145
15559,-1.0926712641041665
15560,-2.0820809397222226
15561,-0.8069243823529412
15562,-0.4415542708793069
15563,-3.0432019433333353
15564,-1.2485348290000027
15565,-0.31333652960416647
15566,-2.451981873235294
15567,-0.9098154593749994
15568,-0.613486305500001
15569,-0.13904961666666557
15570,-3.6555932181818176
15571,-1.4416582326785712
15572,-3.3005215237654313
15573,-0.03327646499999837
15574,-0.22856628249999922
15575,-0.5018120229999994
15576,-1.8853605087408432
15577,-0.12912161000000058
15578,-0.12133411683333482
15579,-0.9586009623214287
15580,-2.1479728466666663
15581,-2.944382028847221
15582,-3.3673903384999995
15583,0.6166455127083337
15584,-1.8853003836874995
15585,-1.2592570726190486
15586,-1.9611838621249995
15587,-0.0963823219444458
15588,-0.32569657375000105
15589,-1.9186728526190475
15590,-0.826551342166668
15591,-2.9432295164499997
15592,-0.8310821775000008
15593,-3.342882417142857
15594,-0.06610386388889111
15595,-0.5209366343750004
15596,-2.0531596352619044
15597,-1.450949288367457
15598,-0.556456129999999
15599,-0.17447263964285803
15600,-0.8844602681250009
15601,-3.556688546111109
15602,-0.7790943725000012
15603,-1.4173557404285726
15604,-2.650895510115285
15605,-2.6858066620512817
15606,-0.8267738600606058
15607,-2.6970007564583334
15608,-1.1445195457407367
15609,-1.1185256040000013
15610,-0.5800832007327568
15611,-0.5615106980357122
15612,-0.2324679016206016
15613,-2.835343167250001
15614,-1.5152485033333332
15615,-2.3954156159013604
15616,-0.03637390333332983
15617,-2.2076366248611112
15618,-0.44631093577778025
15619,0.0008905625000039663
15620,-1.5889571846071426
15621,-0.5314029658823509
15622,-1.6771271754166657
15623,-0.0560849454166652
15624,-2.991003283181821
15625,-2.422929928680897
15626,-0.6619648737499944
15627,-0.413795292270828
15628,-2.2430829620833337
15629,-0.6576229255000016
15630,-1.0188344509698268
15631,-0.42856309249999214
15632,-1.3207703347656252
15633,-2.4176546630357145
15634,-0.3113396162500024
15635,-0.8361904110000011
15636,-0.8192526862500014
15637,-3.0599450377856994
15638,-0.363315783124996
15639,-1.0967131060885447
15640,-0.47519775555555555
15641,-0.8707122385110299
15642,0.08338466999999856
15643,-2.9492691630555563
15644,-2.4727801221562506
15645,-2.29303750261969
15646,-0.316626001111113
15647,-0.27102028524999966
15648,-1.7175544385416668
15649,-3.0338327353571435
15650,-0.5496728859999997
15651,-0.2736412754166662
15652,-0.948753260416666
15653,-1.7889542243333338
15654,-2.081831488999999
15655,-1.4045423271428565
15656,-2.400602837428571
15657,-0.7973078749999984
15658,-0.9636403271875018
15659,-0.2202230924999995
15660,-2.903348538251232
15661,-2.820636907916667
15662,-0.28731242203274404
15663,-0.5919899674999982
15664,-1.220513247777777
15665,-0.7291258147585267
15666,-3.0115105434698277
15667,-0.64162503875
15668,-2.3391917035509033
15669,-3.093301214019607
15670,0.8922200985416655
15671,-1.3408432859310349
15672,-0.7828903066666726
15673,-0.4563233712500079
15674,-3.538690571666666
15675,-0.0721041215384599
15676,-0.47642469458333414
15677,-0.3900629509523808
15678,-0.4139464693333338
15679,-2.7608316658333365
15680,-2.5671157788888888
15681,-1.3576959657352945
15682,-3.6391689690000013
15683,-0.8615047053902095
15684,-1.1484863330517252
15685,-3.0399361891666676
15686,-0.4943482479999986
15687,-2.4169664960515878
15688,-3.045368714166667
15689,0.684768167777778
15690,-2.467629380657327
15691,-1.9265539136718743
15692,-2.0774844622222237
15693,-0.8324633966666646
15694,0.25941064000000047
15695,-2.057149791145833
15696,-2.3556422051058195
15697,-2.3261446267797625
15698,-0.44462663244444417
15699,-0.9158222853333313
15700,-0.9683160289620683
15701,-0.6585281323026299
15702,-0.6840250083333399
15703,-2.2779713572619054
15704,-1.681288110064655
15705,-2.45208269388889
15706,-1.93059506552631
15707,-3.213023907425289
15708,-2.8739655360041665
15709,-2.988829571851851
15710,-2.732001539907407
15711,-3.312328550179486
15712,-1.3845337431249973
15713,-1.3766395602525507
15714,-1.627888064263392
15715,-1.2053718425000006
15716,-0.4639743099999919
15717,-2.226278001666667
15718,-1.771613095208333
15719,-3.01476975453125
15720,-0.742177496666668
15721,-2.0160203533347696
15722,-2.47005434583334
15723,-1.6794167385777778
15724,-0.8565322141666665
15725,-2.5180092012126245
15726,-0.16742089666666615
15727,-1.6313038499999994
15728,-0.27575833722222143
15729,-2.9337796689285693
15730,-0.5627729719642858
15731,-2.0293368584770115
15732,-0.6723631780000009
15733,-1.7116207995197052
15734,-2.6352086542857136
15735,-2.504924871216932
15736,-0.7406157475000015
15737,-1.2975611295833342
15738,-1.9049663198132183
15739,-0.39500185305555546
15740,-1.3663540288888878
15741,-0.9461311991666671
15742,-0.6435815725000005
15743,-0.39515411874999984
15744,-1.7567987432857137
15745,-3.4807733714999975
15746,-1.2392529871212126
15747,-1.5508041156666657
15748,-2.605988714022727
15749,-1.2327974147542888
15750,-3.255844817000002
15751,-0.3406106683333334
15752,-2.1869562302222247
15753,-2.499323883055553
15754,-0.1915979199999982
15755,-1.0489973416666665
15756,-1.3017925411538454
15757,-1.209200204083335
15758,-1.928987396963602
15759,-1.6850425553125028
15760,-2.3532942956818177
15761,-1.1219153347701163
15762,-2.5037377671428565
15763,-0.553770036053638
15764,-0.9869251632142841
15765,-2.3343133881666662
15766,1.4121152568750004
15767,-1.251412653833333
15768,-3.1711679174242433
15769,-0.7331085000000002
15770,-1.2188013157499937
15771,-1.9691439372916664
15772,-3.4017184760416663
15773,-2.758962322261904
15774,-2.2292775740476194
15775,-3.6653477362499998
15776,-3.0546022340909076
15777,-2.227401601212121
15778,-1.0550985705555551
15779,-2.6220189498809523
15780,-0.13035502499999918
15781,-1.1302920340277798
15782,-0.724300867916666
15783,-2.2410513512857135
15784,-0.2647494109895838
15785,-1.8754491216666664
15786,-0.48500269333333534
15787,-3.0989062764001716
15788,-0.5126962263333326
15789,-1.7165892264716758
15790,-2.563697553749998
15791,-2.4918396336925284
15792,-2.0321961839999987
15793,-3.308075045114943
15794,-1.4829116418333324
15795,-0.7205670943303564
15796,-3.7128335449722214
15797,-0.22044840916666786
15798,-1.9076711446666659
15799,-0.5736724216666609
15800,-0.38953852499999897
15801,-0.807927857750002
15802,-0.4889918421499992
15803,-3.2384291922489963
15804,-0.579115999000004
15805,-1.2609518001724145
15806,-0.8369478311904757
15807,-1.7322465985416653
15808,-3.109775057107143
15809,-2.888861876698979
15810,-0.40201961999999636
15811,-2.2720338747437734
15812,-0.7074610533333328
15813,-1.4545630391666673
15814,-1.6268859464310323
15815,-0.4510341425
15816,-0.7702749028571428
15817,-2.7164435079844966
15818,-1.3436974146679685
15819,-0.017634247500001976
15820,-0.17108835323275962
15821,-2.1295270908333337
15822,-1.359852848949999
15823,-3.311104155333334
15824,-2.927573511068966
15825,-0.6349791415277792
15826,-0.658539459833331
15827,-3.0371417121626987
15828,-0.35186784888888667
15829,-0.6387818193333352
15830,-3.6977947704999847
15831,-2.09719692125
15832,-0.42316972020833354
15833,0.026661801724143532
15834,-0.19824139645070815
15835,-0.8404258475000024
15836,-1.0310578308571423
15837,-1.9381046885714284
15838,-1.1433634692857144
15839,-2.343272488551587
15840,-1.579683229999991
15841,-1.6326443937500006
15842,-1.830975397717742
15843,-2.411185361176314
15844,-1.9783042359999996
15845,-1.9767342311111085
15846,-3.3547878541666662
15847,-1.4650953904597699
15848,-1.330957356000001
15849,-0.5551026448611114
15850,-2.7364761841666665
15851,-3.503020980277776
15852,-1.7941937592857156
15853,-1.879407420980392
15854,-0.6905308802777737
15855,-0.3004057975000025
15856,-0.4536939577832462
15857,-1.6599602292708322
15858,-0.09481202016666686
15859,0.12750222375000675
15860,0.3230095871052634
15861,-2.3897290512266522
15862,-3.70648601112121
15863,-0.22900603124999552
15864,-2.2151410741513646
15865,-0.3144436638333389
15866,-0.1758322733333332
15867,-1.5350483948500004
15868,-0.9841565333333312
15869,0.09926039425000077
15870,-1.1127194023475977
15871,-2.2384662738591268
15872,-1.2768286689230746
15873,-1.8779592727777779
15874,-2.7884365064102563
15875,-2.173472364187501
15876,-1.764532271449653
15877,-0.48993082687499623
15878,-1.030519672391549
15879,-2.4222853043406594
15880,-2.909695468681035
15881,-1.3911346685000001
15882,-2.2663363689310345
15883,1.4111718290277746
15884,-1.4588067200000008
15885,-2.9794744228571424
15886,-3.7737012608750002
15887,-2.185173317952382
15888,-2.0537103066666673
15889,-0.6967559091666671
15890,-0.21793043808593993
15891,-1.8165359425000003
15892,-0.8841410478448282
15893,-0.7267235144841256
15894,-2.18494683875
15895,-2.506195764047618
15896,-2.647696009391165
15897,-0.7362751833333316
15898,0.3596044843749999
15899,-0.6552373268067212
15900,-2.46284939711111
15901,-2.2568608741071423
15902,-0.7531256231249941
15903,-1.8398933739634151
15904,-0.9830587200000025
15905,-0.015159295000000128
15906,-3.096012737702703
15907,-4.459131897499997
15908,-1.2166094910000012
15909,-1.0754883984821428
15910,-2.28667560211039
15911,-2.595678251999999
15912,-3.2790385757066356
15913,-0.19799694549107016
15914,-2.527237383922414
15915,-0.9278046767726291
15916,-0.952312971139842
15917,-0.42900613375000063
15918,-0.9971788647585969
15919,-1.9293201324185456
15920,-2.7552086391666677
15921,-2.3685615429166678
15922,-3.0611450143750005
15923,-3.220135257981763
15924,-2.979957276750001
15925,1.037821919999999
15926,-3.465548755833333
15927,-1.677610558500001
15928,-1.8896570030131579
15929,-2.9694034615000007
15930,-0.5220570760000023
15931,-2.3172802172222213
15932,-2.429325057666667
15933,-2.3224190385
15934,0.3944103037500071
15935,-0.9331414287500012
15936,-2.1477799273333327
15937,-0.424974315833333
15938,-2.641628772727273
15939,-1.4175851405689657
15940,-0.760831623333336
15941,-0.10950630083333361
15942,-1.7565986568633543
15943,-2.5957365812962943
15944,-1.3724345230555548
15945,0.04088620041666502
15946,-0.6114687772413809
15947,-0.3061308959999998
15948,-3.4684068836190467
15949,-2.963911693055556
15950,-2.416467001980777
15951,-2.8210420003363095
15952,-1.64650157578125
15953,-0.834815710624996
15954,-0.05086819874999904
15955,-0.8194812774999987
15956,-1.7829062761466175
15957,-0.14892679600000064
15958,-2.9548057465277773
15959,-1.0062007007586213
15960,-2.1321406491666672
15961,-0.6840786968593751
15962,-2.3123030606081083
15963,-0.6328613440833335
15964,-2.1246336746153847
15965,-3.8954981469166663
15966,-0.404347580833333
15967,-1.8731107129464288
15968,-3.254960442083334
15969,-1.125855964937499
15970,-1.7082743515625005
15971,-2.2237113754285716
15972,-2.9050363909910715
15973,-2.6527897053333356
15974,-1.14873093745
15975,0.7964247887916684
15976,-1.9606246340625
15977,-2.4078633807738092
15978,-2.7781162866666667
15979,-3.3830551158333377
15980,0.9524291725000005
15981,-2.778430149175825
15982,-2.244489987426106
15983,-0.2840165186041664
15984,-1.0312173546666676
15985,-2.76367026986111
15986,-1.165989458333281
15987,-2.247902868906248
15988,-0.3248468900000006
15989,-2.4743062306283528
15990,-0.49406602999999905
15991,-2.4468376684065927
15992,-1.5458172520000002
15993,-2.0952981360416665
15994,-2.40069353529762
15995,-0.8022683599999976
15996,-0.3005505069999998
15997,-2.4316587204523814
15998,-0.672561126666667
15999,-3.070061787470717
16000,-0.7564911063095232
16001,-0.45507907874999987
16002,-2.6152433624999993
16003,-0.4344670433333313
16004,-0.7594424012037043
16005,-0.7329219958333315
16006,-0.5151813052083334
16007,-1.107666330344827
16008,-0.5296377318750043
16009,-3.0598834849137937
16010,-0.22188130749999857
16011,-0.4199929756206899
16012,-0.9548964885555549
16013,-2.2827754626079733
16014,0.15484507041666618
16015,-3.035414427857143
16016,-2.1640737866206905
16017,-2.01564538625
16018,-1.1932129704227936
16019,-2.454409629181508
16020,-0.5047772636494248
16021,-0.5824941883333334
16022,-0.8717317907575751
16023,-0.9913320075000023
16024,-1.796096185530013
16025,0.40940960750000244
16026,-1.8554361816666674
16027,-3.2042819779761915
16028,-3.128044478125002
16029,-0.2785276555555522
16030,-0.08812799000000027
16031,-3.735884278928573
16032,-2.5223855896428575
16033,-3.286430635277777
16034,-2.929560521734694
16035,-1.1853045932183914
16036,-2.6337244840736176
16037,-0.9007077107995691
16038,-2.125727549733974
16039,-1.8150699733692524
16040,-2.266617494928571
16041,-1.063013854942529
16042,-0.13657628269230726
16043,-1.9604615862037034
16044,-4.076956099416664
16045,-0.6689727386904768
16046,-1.710803575421456
16047,-3.0203174190948276
16048,-2.2353642333642796
16049,-0.1403742000000007
16050,-1.2041066496651789
16051,-2.3606193079137916
16052,-3.0966008757142833
16053,-0.6701467695833303
16054,-3.7414739972564113
16055,-2.3846797662499997
16056,-0.23813254000000939
16057,-3.4004324303819438
16058,-3.579474422656034
16059,-1.676373578928572
16060,-0.9938989936111113
16061,-0.5277725311111097
16062,-2.810185670901361
16063,-0.3271089612500031
16064,-2.2267623720833334
16065,-0.7232154362499976
16066,-0.9160639168055553
16067,-0.7465786570000006
16068,-3.3623015144444457
16069,-2.5065599658020044
16070,-3.2784125986904757
16071,-0.5467133816666667
16072,-1.4516875825
16073,-0.5169201650624995
16074,-2.0556157207978365
16075,-0.8567314545833334
16076,-0.12451336599999899
16077,-0.7115833320833322
16078,-0.4505217331249982
16079,-1.2293099765833333
16080,-2.369895161315787
16081,-0.6501351140624996
16082,-1.0816878512500026
16083,-1.6532964980491072
16084,-1.7924745161718736
16085,-0.15261389708333262
16086,-1.9020974002500024
16087,-0.32363007638889013
16088,-3.0210751249999994
16089,-1.8665278925517226
16090,-1.1983509850757563
16091,-0.3277145185000003
16092,-2.800929619666667
16093,-0.9279304393318959
16094,-2.6746416530377672
16095,-2.5712875568627465
16096,-0.05862644750000001
16097,-2.1990451986083746
16098,-3.1091108876071427
16099,-1.7404824157857148
16100,-0.5385093239880945
16101,-3.6322481709999996
16102,-0.24609071625000078
16103,-0.3418431917142847
16104,-0.9557616990476213
16105,-1.1371905578571422
16106,-0.41626061249999413
16107,-2.857885393999998
16108,-1.7639534450000005
16109,-2.513076170397783
16110,-0.35908485500000137
16111,-2.075222479285716
16112,-0.7355499283333344
16113,-1.7546243692857146
16114,-2.307818982812519
16115,-2.291196596818182
16116,-1.8128886658823529
16117,-2.0041276377777755
16118,-0.21354417375000168
16119,-2.1184251184615377
16120,-1.1137489592708332
16121,-0.31459033833332956
16122,-1.4604442037500007
16123,-0.8645585569252872
16124,-2.545440239828041
16125,-1.1394116011111162
16126,-1.6723885579166662
16127,-0.6571503875000015
16128,-0.7216947956874975
16129,-0.25160581124999837
16130,-0.5048053033333334
16131,-1.3062351931250014
16132,-0.9913402128571434
16133,-0.40806944116666666
16134,-1.5804747567758626
16135,-2.0444815950000006
16136,-0.3272619724999994
16137,-0.3629328504166649
16138,-1.329870144944444
16139,-0.8926437494999988
16140,-2.208159844117648
16141,-1.5316591213095254
16142,-1.5935681832812492
16143,-3.25519786375
16144,-2.5116932983169145
16145,-0.08921331333333644
16146,-2.6111354076033106
16147,-1.1806168010806652
16148,-3.037705825999999
16149,-0.19002738342105524
16150,-1.5177941349999997
16151,-0.29034646416666493
16152,-2.7976168300000004
16153,-0.6634001510416638
16154,-2.75505324098545
16155,-0.1824907109770114
16156,-0.6310492083333349
16157,-1.0984754255468747
16158,-0.3382334136111196
16159,-0.1675786381250014
16160,-2.916625972698413
16161,-0.44854665000000227
16162,-0.5549894385416678
16163,-1.0389370044047634
16164,-2.5605884812962967
16165,-0.46972669274999956
16166,-2.916885902222224
16167,-1.00175571055556
16168,-1.6911094521264374
16169,-1.4860150922378048
16170,-2.720508113696428
16171,-3.297388075083333
16172,-2.642242212486773
16173,-0.4982939555319145
16174,-0.3525971813333314
16175,-1.7012847571929826
16176,-2.6023665563103453
16177,-3.4148748551388906
16178,-1.2964213729166663
16179,-0.5124293602083325
16180,-0.42948686937499936
16181,-3.9266676577777764
16182,-1.1319852493055562
16183,-1.913959471111112
16184,-0.70487055078373
16185,-0.31669763999999984
16186,0.8492159766666655
16187,-1.449014392777778
16188,-2.5469590946296314
16189,-0.012572867083334494
16190,-3.2019492481944454
16191,-3.088789137941177
16192,-0.01894287785713646
16193,-3.6954249399999988
16194,-0.6997990938888895
16195,-0.8761546453177151
16196,-0.6590701047836529
16197,-0.294048468750006
16198,-3.988066557458333
16199,-0.332018231666666
16200,-1.9039577320928023
16201,-0.4267563682738095
16202,-0.3679471358620664
16203,-3.091127485625
16204,-0.8861227203333307
16205,-0.8614104477499993
16206,-1.410527672
16207,-2.3904132132068967
16208,-0.125284451785717
16209,-3.091059832037038
16210,-0.13448642916666742
16211,-1.9721486983749992
16212,-0.7140231450000082
16213,-0.19839139791666582
16214,-0.9649609967032995
16215,-3.620338527999999
16216,-2.0442951510565477
16217,-0.20761954431034488
16218,-2.9661650500000007
16219,-0.809339719999997
16220,-1.7651883006087263
16221,-2.67297744568327
16222,-0.3407970662499986
16223,-1.0205828308333358
16224,-1.9170865072500007
16225,-0.8568534768179572
16226,-2.9976477018749987
16227,-0.6094920114166655
16228,-1.549569960674603
16229,-2.4184028263775508
16230,0.15410190500000098
16231,-0.2536105983333332
16232,-1.186467960533843
16233,-0.518399057777777
16234,-2.0280802540722496
16235,-1.7614214725390633
16236,-1.9027932202777784
16237,-3.0352381667425306
16238,-0.8354517870833362
16239,-0.6192085262499987
16240,-2.0992435131714298
16241,-1.6204351309523806
16242,-2.72886538742857
16243,-2.585572099915967
16244,-0.5250557836458327
16245,-0.457048125
16246,-0.31321403149999866
16247,-1.0568234322257075
16248,-3.3087265857692296
16249,-2.3797331431874995
16250,-2.704159566611721
16251,-1.2899004606818176
16252,-4.25637281
16253,-3.0014005979545457
16254,-1.8245897121428558
16255,-3.5016158335
16256,-0.30389278500000216
16257,-2.671571133966667
16258,-0.5680140012500008
16259,-1.7239247895000005
16260,-2.369613685604167
16261,-0.08819616225000004
16262,0.07125463125000309
16263,-1.5936489274999999
16264,-0.2394173888965497
16265,-4.140328989999998
16266,0.12264651625000056
16267,1.1409748563541697
16268,-0.3885098062499992
16269,-2.3027079990634918
16270,-2.9346300902622127
16271,-0.34695077681818726
16272,-2.056674646666667
16273,-3.2751136006481465
16274,-0.38197974749999997
16275,-2.279731501274508
16276,-0.42358852249999696
16277,-1.2000023591810347
16278,-0.5031244922222223
16279,-3.866590884
16280,-3.082470131249999
16281,-2.3241534457246376
16282,-3.487587180518501
16283,0.020214559523809683
16284,-2.9804673033903937
16285,-1.2668957174999989
16286,-2.516541403649425
16287,-1.2588791087499993
16288,-1.7455233929310345
16289,-3.575732090166664
16290,-2.3951630360696043
16291,-2.399846410714285
16292,-0.9916395283333331
16293,-1.1882392013888843
16294,-0.6930195999999986
16295,-1.5227366853304596
16296,-0.8215086912500027
16297,-3.605931631470585
16298,-1.982492657450002
16299,-2.415776589999999
16300,-3.1905124762037036
16301,-2.2920412385221667
16302,-0.9348328450000025
16303,-2.913354760848983
16304,0.0
16305,-1.893001050833334
16306,-0.03154787937500103
16307,-2.9879466085833335
16308,-2.1765000972031254
16309,-0.7719015860000014
16310,-0.03324094609523952
16311,-1.2009862383333332
16312,-0.48310709999999657
16313,-0.38516921916666685
16314,-2.3894678616666662
16315,-0.14610608499999955
16316,-2.770439125666666
16317,-2.0110923904045124
16318,-0.06626987795454653
16319,-3.613995620555555
16320,-0.24481543249999996
16321,-0.35103004828124895
16322,-0.6085838975000044
16323,-1.2880608885714295
16324,-1.5752159940517216
16325,-0.6016960038270608
16326,0.06453856875000241
16327,0.2447649724999934
16328,-0.8088099351388891
16329,-0.9844566178125002
16330,-0.5902103912068957
16331,1.4172402966666624
16332,-2.7364963206249993
16333,-3.116898823928572
16334,-1.335737794166667
16335,-1.6780573655555553
16336,-0.5300658887500003
16337,-0.6225111480833334
16338,-2.4392219362500005
16339,-3.954000719333332
16340,-1.3222841037499977
16341,-1.899057999315475
16342,-1.0032014557614932
16343,-0.3441260658333336
16344,-0.4403349120588261
16345,-3.2618791708854165
16346,-3.1462473134402944
16347,-3.0185473753846077
16348,-2.8912958200000003
16349,-2.7063772447678573
16350,-2.351895718666666
16351,-0.7937018901666647
16352,-0.6640040223571418
16353,-2.001360928710941
16354,-0.4669479150000001
16355,-0.7382152358750005
16356,-0.9227109907500008
16357,-1.0092745887142889
16358,-2.6023725423973727
16359,-0.4253502994117485
16360,-1.8014803366666665
16361,-1.8517544223684215
16362,-2.396182305213014
16363,-3.3128255499999977
16364,-0.2576570874999984
16365,-3.6590015521666635
16366,0.33508167499999963
16367,-0.6216418125714231
16368,0.8419680825000011
16369,-2.2115575976190476
16370,-2.0752872339062503
16371,-0.18777700597917146
16372,-2.8165200054166672
16373,-3.395783402142857
16374,-1.9824780593750013
16375,-0.20215809302827203
16376,-3.1712613693107774
16377,-2.184056704267242
16378,-0.25783830187499923
16379,-2.1101835411363625
16380,-0.9486019034635405
16381,-2.056912734711538
16382,0.20542232584686104
16383,-3.3154653480000014
16384,-2.5006865198194443
16385,-2.7866111367499995
16386,-0.5710728491666686
16387,-1.759074503333333
16388,-2.346473276785715
16389,0.872394495
16390,-0.16673357125000354
16391,-0.42056436999999863
16392,-2.4249903014062504
16393,-2.2637045582857147
16394,-0.8253240662500003
16395,-1.2457289063181813
16396,-0.14780536395833188
16397,-3.016703070634921
16398,-1.967021801607143
16399,-0.7966273645454526
16400,-1.8943784932692307
16401,-4.018382872637929
16402,-1.9575147770312502
16403,-2.561684609772726
16404,-2.5847514729058436
16405,-3.194144759102563
16406,-0.7117132560714298
16407,-1.2073142220000004
16408,-1.8841202048542698
16409,-0.1094675950000017
16410,-2.4292104282500007
16411,-0.4917841951436775
16412,-0.4358570067410718
16413,-0.5448290866666644
16414,-0.5494636823333323
16415,-0.08172346348214228
16416,-2.160714092916667
16417,-1.2879418852898552
16418,-0.2626261550000019
16419,-0.09752497927777691
16420,0.10911935875000012
16421,-2.3618810842857125
16422,-2.568158011666665
16423,-3.4588350046428573
16424,-2.769714892272727
16425,-0.9116683341666677
16426,-2.606721124234914
16427,-2.024236461291344
16428,-1.825998821666666
16429,-0.0576747543750038
16430,-0.6287326953236612
16431,-0.2575408376388945
16432,-1.5125193303030307
16433,0.3715773500000097
16434,-0.9911279243750002
16435,-1.1393557231084652
16436,-2.8176246429166674
16437,-3.7646084644573627
16438,-3.6337481134782617
16439,-0.5428877149999985
16440,-2.2027338761111115
16441,-1.9577638772222221
16442,-0.7961384015625015
16443,-0.926370942499999
16444,-0.7698650212500056
16445,-3.612123938749999
16446,-0.6568609253333306
16447,-1.0275540803014878
16448,-1.6656732319905956
16449,-2.9481394912643695
16450,0.29109225083333357
16451,0.0
16452,-0.3196805233333322
16453,-0.8129773408771923
16454,-2.761743254460783
16455,-1.7842377074999884
16456,-3.1368711920833343
16457,-1.757586377232142
16458,-0.3131337924999995
16459,-1.3693459236250878
16460,-2.4635583485036947
16461,-2.5370522027843916
16462,-2.010150902142857
16463,-3.303628883055554
16464,-1.9985106786422406
16465,-0.9178337199999993
16466,-2.8423674162499992
16467,-2.659108978888889
16468,-2.0615542670312497
16469,-3.1763948535000006
16470,-2.7176954594022993
16471,-3.195823640999999
16472,0.03798616875000036
16473,-1.1991516322500075
16474,-2.286362877368423
16475,-0.6238872749999993
16476,-1.426070763863636
16477,0.18429039500000144
16478,-0.4748415125237081
16479,-2.0695087818714817
16480,-1.2271584549999996
16481,-0.6944186029166692
16482,-0.3543439129761938
16483,-1.7617217310714288
16484,0.08454933375000095
16485,-2.477580906304762
16486,-1.0515208165476178
16487,-2.4116040223630955
16488,-1.0340135149686527
16489,-2.3398828025000014
16490,-1.999617329374999
16491,-0.12087615499999889
16492,-3.024087829999996
16493,-0.8898162174999988
16494,0.24518802500000003
16495,-0.7824109428787874
16496,-0.6489145477777735
16497,-4.413080099375
16498,-2.43253147423077
16499,-1.0451751953348207
16500,-2.771391324294819
16501,-1.3603546276923082
16502,-3.9994288377500014
16503,-1.7622083687944292
16504,-2.698962277500003
16505,-0.5442998554166674
16506,-0.6711083283333323
16507,-0.41406829361111025
16508,-0.4952219569999997
16509,-2.6799839610517253
16510,-1.8673795130300306
16511,-3.2420601301960787
16512,-0.48028308805555636
16513,-0.22075397611111056
16514,-3.2301142225000006
16515,-2.0190231104166663
16516,-2.5262741915914786
16517,-4.1569661008333325
16518,-0.7754999500000007
16519,-2.2017803269444447
16520,-0.9534617048790922
16521,-2.111517040119048
16522,-1.9037136166666664
16523,-1.1152336917758618
16524,-2.3712434771969693
16525,-2.665469837695925
16526,-2.7133186929885063
16527,-2.477896700446429
16528,-2.678094229470736
16529,-2.1934863979117654
16530,-3.169513764833335
16531,-0.561173073333336
16532,-1.644872913333336
16533,-1.1667785369047619
16534,-2.091160693833333
16535,-2.6166784485079355
16536,-2.8340878546777506
16537,-0.3451697150000004
16538,-2.6646778276152845
16539,-0.26713753784313604
16540,-1.442793307916667
16541,-3.2536242800000004
16542,-2.957393104166666
16543,-2.888663548416666
16544,-1.6893179159195406
16545,-1.0786223316250019
16546,-1.7919325390347223
16547,-0.2811943525000018
16548,-1.344887793645834
16549,-1.8581110506317944
16550,-2.9347289894999995
16551,-0.5778012016071429
16552,-0.5583525283163279
16553,-3.1335559942532467
16554,-2.7457271574999993
16555,-0.5251723872500023
16556,-1.5954547421428569
16557,-1.4837861583333325
16558,-0.8539796619444436
16559,-0.2838000004166652
16560,-0.8466258181666639
16561,-1.610765358381076
16562,-0.277716669583332
16563,-0.5651984778571411
16564,-2.1081204820588235
16565,-3.9005760507291516
16566,-1.6399969114687498
16567,-1.4371652574999991
16568,-2.6512600273973725
16569,-0.40715236520833287
16570,-0.5218891537500028
16571,-2.0568641566144206
16572,-3.484021402266667
16573,-3.0370109358920545
16574,-2.7490512744166664
16575,-3.4220247182142813
16576,-2.6065004437037027
16577,-0.38008279083333224
16578,-2.9421915043786386
16579,-1.4638952750000007
16580,-2.9444934838782046
16581,-2.2654001004761892
16582,-2.8623410201724138
16583,-2.2430681968627453
16584,-1.248398051875002
16585,-3.5378194330555686
16586,-2.8563761806944448
16587,-1.7692553704999998
16588,-2.219185640263157
16589,-1.554903483518525
16590,-2.262714642857143
16591,-2.594522680595237
16592,-3.0149078745370446
16593,-1.719513584234913
16594,-2.129047538089286
16595,-3.0969251626190455
16596,-0.5867738333333329
16597,-2.5175578599999993
16598,-1.8391332341388893
16599,-2.6796842760000077
16600,-3.764897296458333
16601,-1.3421603958064525
16602,-0.5421468933333355
16603,-1.0573825799999952
16604,-0.5268169800000003
16605,-1.5656138036422416
16606,-0.05000705174999922
16607,-2.655651143477011
16608,-0.5097754619696983
16609,-0.3512898654166654
16610,-2.561858840137931
16611,-1.853752598090904
16612,-0.24863233749999747
16613,-2.1724310208193276
16614,-0.7547069640000018
16615,-3.6916898509999996
16616,-2.935658396958445
16617,-0.5472865808579633
16618,-2.373220513455459
16619,-2.2773865366666683
16620,-0.285929309090906
16621,-1.2134932288472216
16622,-2.9586486913649424
16623,-1.4937892895833336
16624,-1.0532009914809026
16625,-2.645905604642859
16626,-0.6089312664880957
16627,-2.2850873891111108
16628,-1.3958643868055536
16629,-0.19780423374999856
16630,-0.5618727506249996
16631,0.5763913449999993
16632,-0.9723308131249979
16633,-2.094935703472907
16634,-1.4602581251470588
16635,-1.0012480316666672
16636,-1.314606516562499
16637,-0.7748124348484832
16638,-2.0742343500490192
16639,-0.9562240253703718
16640,-2.0364773089285717
16641,-1.4112352630806646
16642,-4.317683150666666
16643,-0.45446936033332647
16644,-1.493302625555556
16645,0.9548474250000005
16646,-2.4649018528835964
16647,-1.5438484005338537
16648,-0.9958951495833339
16649,-3.4282218700000002
16650,1.3293373637500006
16651,-1.1628794468253965
16652,-3.2656891700000013
16653,-3.190109760714285
16654,-0.49261938516927506
16655,-1.1022304098148157
16656,-0.2164006318461527
16657,-2.5258447843103458
16658,-3.2985875965432085
16659,-3.092948051098485
16660,-2.8406343702463053
16661,-1.7606000713095236
16662,-2.0293836096666666
16663,-3.178303399789029
16664,-1.9816039933333331
16665,-3.1212865752678574
16666,-3.4100236649666655
16667,-0.6783089225208357
16668,-3.0290295937912086
16669,-3.6021312696379306
16670,-2.4407675280952374
16671,-2.2930403055
16672,-2.3436768707738076
16673,-2.16827620253663
16674,-1.8597091954999985
16675,-0.03181692205585963
16676,0.8831075883333313
16677,-2.3938244895751217
16678,-1.5768444340686272
16679,-1.3617160197039475
16680,-2.044613067598685
16681,-1.6829454229761904
16682,0.030735325000000202
16683,-3.1456763299390396
16684,-2.4283628413194456
16685,-1.5301818165310699
16686,-0.8786264458333317
16687,-0.33670066749999883
16688,-3.5658466267333333
16689,-1.7569989039880944
16690,-0.22337149218749985
16691,-2.75901109374393
16692,-0.5389846233333344
16693,-3.0705395636516366
16694,-1.1041686873809529
16695,-2.2124789429687497
16696,-3.548528580833333
16697,0.036175890624999596
16698,-0.20638467127586252
16699,-0.3387580538888848
16700,-0.40601214944444486
16701,-2.178808631666669
16702,-2.0619496465229887
16703,-2.7207718533333334
16704,-0.8093607869940476
16705,0.1820919800000098
16706,-2.382987215
16707,-0.6825244171568606
16708,-0.5798236593749992
16709,-0.9537655375000043
16710,-0.07136018916666398
16711,-3.880298432777776
16712,-0.865524849999997
16713,-1.9875943709090906
16714,-2.2832899120578234
16715,-0.9833425594531247
16716,-2.232611583715278
16717,-2.682679986458334
16718,-1.3543852799999996
16719,-2.189625841083333
16720,-2.198128116190476
16721,-2.230909291361608
16722,-2.453666516153845
16723,-1.726778537758621
16724,-2.098356880291667
16725,-2.4661688149464283
16726,-0.9440975677777759
16727,-1.5458708638671872
16728,-0.5259974874999989
16729,-2.210290680290829
16730,-2.169248834615385
16731,-0.5331390353333331
16732,-2.933205370250002
16733,-2.927714725451389
16734,-3.1914102331249996
16735,-2.378258632249998
16736,-3.091858370520834
16737,-3.731865572888888
16738,-3.1375056024030172
16739,-1.6948288144524268
16740,-0.34509426937499965
16741,-1.0175786663333342
16742,-2.1569450584236445
16743,-0.9665638675000026
16744,-2.0457332977541998
16745,-3.297461804230769
16746,-0.1707546830208333
16747,-0.3010474385714277
16748,0.10981079249999937
16749,-0.5730143449999989
16750,-3.0171454750000004
16751,-2.21955773375
16752,-1.3159064741752882
16753,-0.8038903079999997
16754,-0.7188131464999998
16755,-0.06189485666666528
16756,-0.7812570045000001
16757,-0.09053958444444118
16758,-1.5113900355208338
16759,-3.592517894961538
16760,-0.7670050268333342
16761,-1.6414307249999998
16762,-1.3168749807738098
16763,-1.6507888063237155
16764,-0.3022911769999979
16765,-1.2586970247777771
16766,0.039131972886906397
16767,-0.29478368604166727
16768,-3.9616366889252874
16769,-3.3962061443749993
16770,-0.9553241318362721
16771,-2.1987723772023817
16772,-3.242345374703704
16773,-1.1148522609999958
16774,-0.31970198253694704
16775,-0.5254661495833304
16776,-0.5113265533333338
16777,-0.3865883833333328
16778,-0.16233121111111062
16779,-0.8431934330000018
16780,-0.3912247709090906
16781,-2.430125218151261
16782,-0.35310024898148146
16783,-2.0230450391071426
16784,-3.6543436930000013
16785,0.6446519114583344
16786,-1.8011981263392853
16787,-0.950558136666667
16788,-3.33653913
16789,-3.2361366556168822
16790,-1.5299806388461543
16791,-0.3967581682499981
16792,-2.047464630555553
16793,-0.2769604824999969
16794,-3.8385947432352925
16795,-0.12507118149999882
16796,-3.7682512802499994
16797,-3.4200271736091956
16798,-1.4140696311528216
16799,-3.9172137219999996
16800,-2.088331778333334
16801,-3.5305515998333328
16802,-1.3933452089999983
16803,-2.2649778232352946
16804,-0.15723239927083318
16805,-4.00988240208333
16806,-0.8193900898214314
16807,-1.193291512916665
16808,-0.5311842907500008
16809,-1.1854656971666664
16810,-1.5184131738954747
16811,-3.870543979
16812,-1.958424706794219
16813,-2.677998095972222
16814,-0.7813882074404758
16815,-0.8920925375862069
16816,0.04252040541666702
16817,-2.509938990196429
16818,-0.1957283257246383
16819,-1.113964786612904
16820,-0.3337838087500029
16821,-3.704707342931033
16822,-2.703602989166666
16823,-0.6416141620370353
16824,-1.6967762553030328
16825,-1.748726702361111
16826,-1.497226488636364
16827,-0.40118319366666383
16828,0.015782001052632433
16829,-2.102596045357143
16830,-0.5585171275000036
16831,-3.1735667567500014
16832,-0.5765177672420639
16833,-0.9092670950000006
16834,-1.846770737875
16835,-2.5200034538888887
16836,-0.5536506662605025
16837,-0.6558308993333355
16838,-0.5402675714583332
16839,-0.5159877897222209
16840,-3.14657482951613
16841,-0.837678177666659
16842,-1.706017954871795
16843,-2.76679714115942
16844,-1.9465762939425288
16845,-0.4655027337500002
16846,-0.0015087340000007998
16847,-0.4788287268750011
16848,-0.5378988475000019
16849,0.0316075065384605
16850,-3.001884589658366
16851,-0.4356241794999939
16852,-1.3503043744270835
16853,-2.651213157483334
16854,-0.4038002877777747
16855,-0.6551446139583348
16856,-0.6466493674999994
16857,-1.3757191359375014
16858,0.0872652333333317
16859,-3.737810427499999
16860,-2.485675747857143
16861,-2.5249984730862067
16862,-0.3472945633333306
16863,-2.055477281468316
16864,-3.1960443655268205
16865,-3.178701925333337
16866,-1.10866198
16867,-0.938912579999999
16868,-0.41218768333333483
16869,-2.8320572916666666
16870,-2.4362751168
16871,-1.6662535364880942
16872,-0.5622354905000002
16873,-0.42519420625000137
16874,-0.4337016812500014
16875,-2.43107404
16876,-2.8662146079351394
16877,-2.444152372871796
16878,-3.2479193129545454
16879,-2.8351884587500003
16880,-2.1307139625903107
16881,-0.8549604496428549
16882,-0.2638816911111108
16883,-3.2328444598148156
16884,-2.750381017500001
16885,-3.352404316956522
16886,-0.6576439229956907
16887,-2.7070359149999987
16888,-2.38552572
16889,-0.07858257833333464
16890,-0.2547932837499953
16891,-3.1914512458119657
16892,-1.9843359148735638
16893,-1.2389695299999977
16894,-2.2627855106875017
16895,-0.8084964817490523
16896,-2.843604307489648
16897,-0.32882036086956484
16898,-1.8575805902481717
16899,-1.485933290293105
16900,-2.5674357497030647
16901,-0.04163711479166565
16902,-0.8856568091617639
16903,-2.662337041439395
16904,-0.7247907910416647
16905,-2.54981148872016
16906,-0.7033188919125143
16907,0.011841107500000003
16908,-0.8253505994217666
16909,-0.048576671666666016
16910,-2.176371779
16911,-1.4053774406428567
16912,-2.1903556919971243
16913,-1.8667473642307688
16914,-0.3060867699999985
16915,-0.04382247382353158
16916,-2.119747337916666
16917,-1.0049182354166648
16918,-0.4504656153571521
16919,-0.29517454166666585
16920,-1.3709443849999992
16921,-0.21616196250000996
16922,-3.0928872666666667
16923,-0.5529794193253963
16924,-3.2817900443589756
16925,-2.442048085228311
16926,-1.4089859919499994
16927,-0.9826477182142841
16928,-2.223718369682539
16929,-1.290547834999999
16930,-0.009709552499998608
16931,-2.304383790601396
16932,-0.24411787041667
16933,-0.20396447487268432
16934,0.1577747324999983
16935,-2.0293087822916664
16936,-1.8310421838998354
16937,-0.20927981229167333
16938,-0.8843780539285708
16939,-2.396729318333334
16940,-2.5720301533333347
16941,-0.7420036625000037
16942,-0.3252243680555485
16943,-1.1666216437083339
16944,0.1385388587499996
16945,-1.4983450343103433
16946,-2.9320331816666667
16947,-2.840538141666667
16948,-2.3637444385589284
16949,-1.2614773653703695
16950,0.5227135432500006
16951,-2.471704720000001
16952,-4.041726718333334
16953,-0.6176799256250005
16954,-2.384455024999999
16955,-3.0732227920513093
16956,-1.9135369320689652
16957,-1.8196759708333343
16958,-0.26626741944444476
16959,-3.0524344305
16960,-1.5868749409113303
16961,-3.504750970871265
16962,-2.413148885846938
16963,-0.30921182499999933
16964,-2.2811196105294123
16965,-0.23873919583333603
16966,-2.5831580454761913
16967,-1.908855694257813
16968,-0.8786663637499883
16969,-0.35726240041666557
16970,-0.4797772004166667
16971,-1.5731450780000003
16972,-1.736641652785711
16973,-1.6316990183088231
16974,-0.3247248807327585
16975,-0.45467062181944523
16976,-3.205221514448276
16977,0.13891712562499992
16978,-2.2474508475193793
16979,-3.267593778275862
16980,-2.5020696952182533
16981,-0.11586840514367935
16982,-2.89966255465625
16983,-3.5074064598333328
16984,-0.35102697374999536
16985,-2.88604820642857
16986,-2.786016361473214
16987,-0.5330558307727263
16988,-0.9495418120798607
16989,-1.211825776711825
16990,-3.5616508991666667
16991,-1.5911748545312623
16992,-2.0858685102380954
16993,-2.813610893965278
16994,-1.737055529166667
16995,-2.91949997510582
16996,-3.0516927818518527
16997,-2.049275163333333
16998,-1.5361016549999995
16999,-2.2688187476515154
17000,-2.5733128056754446
17001,-0.13531762187499918
17002,-0.5377591314843727
17003,-1.8752850290476186
17004,-3.2392497090476193
17005,-1.9751390798088984
17006,-1.8805055723166666
17007,-0.7576278640000005
17008,-0.9219054127999982
17009,-2.4680577416815077
17010,-1.815847074444445
17011,-2.5991835867482993
17012,-0.3055144569325246
17013,-0.6542987943333344
17014,-2.8191128736145834
17015,-2.066837558854166
17016,-0.5334771167526
17017,-0.6500028688888927
17018,-2.2537574172899157
17019,-0.7248347526666634
17020,-2.409463520996826
17021,-3.287721429125616
17022,-1.5607987142857138
17023,-0.19254898055555714
17024,-2.4337578651763137
17025,-0.9744731347015215
17026,-2.020863452333333
17027,-2.3724267026595847
17028,-2.203960773
17029,-0.2827190725000002
17030,-2.4321511844047614
17031,-2.6316800542346934
17032,-0.5286499090000006
17033,-2.7623239830033333
17034,-0.8608508880000002
17035,-0.26498806333333275
17036,-1.2677756011637928
17037,-0.47203593166666735
17038,-2.418061565244251
17039,-1.5508907698333332
17040,-1.6204852073214278
17041,-0.10901747166667046
17042,-0.7668531057142849
17043,-0.7892967864620539
17044,-0.5552511387499992
17045,-0.2343145308333332
17046,-1.5133103030357151
17047,-2.476297943457923
17048,-2.850536808193966
17049,-0.2671301924999989
17050,-1.982786655666667
17051,0.32900151375000064
17052,-1.2149554225680268
17053,-2.9761048340301723
17054,-0.21766893125000308
17055,-1.769253721268473
17056,-1.6870388169374992
17057,-2.535793588965517
17058,-1.868822404691358
17059,-0.7654974100000004
17060,-1.118026980714284
17061,-0.1049887673076936
17062,-2.862925160144032
17063,-2.0107727999305545
17064,-1.1927249100000026
17065,-1.5106287169531285
17066,-2.4353634485833338
17067,-1.6880309721562496
17068,-0.5861363427777787
17069,-1.4849725130000004
17070,-2.107353279916666
17071,-0.5497784904166707
17072,-2.3162246421153836
17073,-3.4523907729166665
17074,-0.9163156492916669
17075,-2.5159220583242106
17076,-0.8090706500000001
17077,-2.2660883866666675
17078,0.011891413125006522
17079,-0.31369622166666505
17080,-0.7229657420000024
17081,-0.3250840771428563
17082,-1.4175785340624993
17083,-1.5883598894477373
17084,1.004179524375001
17085,-3.253923577916668
17086,-3.35310799431818
17087,-2.4011829121641526
17088,-1.9651656460919535
17089,-2.002104132777777
17090,-1.092848703571438
17091,-3.1703028253232763
17092,-2.5770101617499988
17093,-2.405639565048537
17094,-2.4745572880319937
17095,-2.3456720019957977
17096,-3.4951380348888885
17097,-3.349115810886495
17098,-2.1922835601259965
17099,-0.064432517500002
17100,-2.996092008061716
17101,-2.4325631374916936
17102,0.10588779749999944
17103,-1.6836126345918383
17104,0.03351108300000192
17105,-3.750909979444446
17106,-0.307593135624999
17107,-3.3197216107499976
17108,-2.387665322999999
17109,-0.8510243303183015
17110,-3.703035137941176
17111,-3.4441880324390244
17112,-2.3550472816071433
17113,-3.170102649305557
17114,-3.5914640987499986
17115,-2.38737555297619
17116,-0.39586459277777425
17117,-0.553936993333334
17118,-2.72068593071431
17119,-1.181501495683024
17120,-1.0483160281071444
17121,-1.121455008703703
17122,-0.4966063339999991
17123,-0.8908090585833321
17124,-1.2895645594668363
17125,-3.7410061156666656
17126,-3.1895561275000013
17127,-0.40422982007246433
17128,-0.7991751199999992
17129,-2.6861438785009586
17130,-0.10109429875000009
17131,-1.9481340308333328
17132,-0.4938612405555634
17133,-2.566341420421456
17134,0.384077281071427
17135,-0.5189558299999923
17136,-2.6720966444666674
17137,-1.8064138842857145
17138,-0.4850352537878784
17139,-1.839757052407407
17140,-0.5699617850000015
17141,-0.1820012347946424
17142,-2.9694000003333345
17143,-0.5875198459999978
17144,-2.356208346580457
17145,-0.32746200724999946
17146,-4.263209560000001
17147,-2.3050994289136915
17148,-0.05676564666666669
17149,-0.7237267563721798
17150,-3.0323629096759266
17151,-0.29801854250000304
17152,-1.9127758473076928
17153,-2.4112432236770833
17154,-2.2332788337037055
17155,-3.036388924318182
17156,-0.2279413099999991
17157,-1.5263011199999994
17158,-2.757883087500002
17159,-0.5951078825000025
17160,-0.9266031233333342
17161,-2.1513724354285713
17162,-1.914347596333333
17163,-0.895507122499998
17164,-1.5203117037962959
17165,-2.6519107767349595
17166,0.03004708250000121
17167,-1.5081259619448282
17168,-1.1553765406473206
17169,-2.803427819294872
17170,-3.425265273403125
17171,-2.8305336440325672
17172,-0.28130753192307734
17173,-1.9659085198376622
17174,-2.487034966170636
17175,-0.5625300714880938
17176,-1.174004153593751
17177,-2.2285190305
17178,-2.061750154017857
17179,-0.04031448794117409
17180,-1.852504445059524
17181,-3.3408050225833335
17182,-2.3900359424766524
17183,-0.5280740395312525
17184,-2.335237386931035
17185,0.4032215312500007
17186,-0.49534371090909185
17187,-0.4346104712500001
17188,-2.730646218055556
17189,-0.34821894374999696
17190,-1.707280695
17191,-0.3560686149999981
17192,-1.7578857745833336
17193,-0.9937115499791669
17194,-0.10411236923076873
17195,0.009149912666664761
17196,-2.1849167114583334
17197,-1.5833397043749988
17198,-3.492432531000001
17199,-1.5945985630681856
17200,-0.4531439671749986
17201,-0.6250937844444435
17202,-1.9352887553787885
17203,-0.3492521830000008
17204,-2.0107461861805547
17205,-0.2528970104166657
17206,0.38401578505208295
17207,-0.6751474599999998
17208,-2.8351421795237957
17209,-1.49397584488889
17210,-0.6702904529999998
17211,-0.2672942345696664
17212,-1.8920970500000003
17213,-0.8129580954885056
17214,-0.5474027384747896
17215,-2.094958954047619
17216,-2.156970280093985
17217,-3.5603319805689657
17218,-1.1325287947916667
17219,-2.337729845243904
17220,-0.9903268587770938
17221,-0.2368817662499998
17222,-2.533026730996168
17223,-1.9287768983952265
17224,-3.377505096527778
17225,-2.600653000293105
17226,-3.2237309641666654
17227,-3.054852358796287
17228,-0.9365898975000083
17229,-0.8002244176138892
17230,-0.3795430548214262
17231,-1.6258823414583334
17232,-0.42640995000000054
17233,-0.29333901875000024
17234,-2.173213993499998
17235,0.009970109999999366
17236,-0.6199618918939429
17237,-2.800335384583333
17238,-0.6294795821462777
17239,-0.9708540972656058
17240,-0.5489190899999995
17241,-1.6420311667500003
17242,-3.251443987222224
17243,-0.805429973749999
17244,-2.9273216771749984
17245,-1.3928232958333322
17246,-1.0484742563198755
17247,-3.0946278637499995
17248,-1.4316421745588257
17249,-3.018909883076909
17250,-0.1467650941666676
17251,-1.521880410833333
17252,-0.312519874999996
17253,-1.7774787713888887
17254,-0.6056744510000016
17255,-0.982970640928572
17256,-2.4502032006785717
17257,-3.4813583804583335
17258,0.5254954999999999
17259,-0.3381322426666699
17260,-0.16108192700000074
17261,-1.6847058531875008
17262,-3.85569428090909
17263,-0.2646263777777804
17264,-0.426732410833333
17265,-2.0200049787499985
17266,-0.13215985578947378
17267,-3.1026560165000037
17268,-1.8784495479861103
17269,-2.3579081053571427
17270,-2.7419322315000003
17271,-1.002640602500005
17272,-0.49727202055555925
17273,-2.7206239019871794
17274,-1.7046520700000005
17275,-1.928126661071428
17276,-0.6019173158333331
17277,-3.683925196363633
17278,-1.293904950881226
17279,-1.933960385770475
17280,-2.805581196725
17281,-0.44717285397463513
17282,-0.46331017166666594
17283,-3.3226041204090873
17284,-1.405244118125001
17285,-1.9798877011111111
17286,-1.7295266903304594
17287,-3.116160690218252
17288,-3.1921869459722214
17289,-3.39246240270834
17290,-1.8736304541666668
17291,-2.1268513849999997
17292,-1.7677098155665025
17293,-2.4142290942857136
17294,-0.5609603816071432
17295,-1.4157494697528747
17296,-2.290890454166668
17297,-0.42084378430555547
17298,-1.5013002092857144
17299,-0.6438012067142858
17300,0.05842926750000051
17301,-2.0622595375257107
17302,-3.588800335
17303,-3.7654455184482774
17304,-2.4085811637777783
17305,-1.5637860547058846
17306,-0.346949062500002
17307,-3.4115497160000006
17308,0.6790665102083331
17309,-2.710485432220855
17310,-3.205660014621211
17311,-2.7235158518620697
17312,-2.424622130457158
17313,-0.4226397081609245
17314,0.22418504125000283
17315,-2.6847117654166657
17316,-0.9574430648437495
17317,-0.6443028810344815
17318,-2.4354068220833334
17319,-2.8475636129166655
17320,-0.5232917665476187
17321,-2.3869838602777786
17322,-3.997353955499998
17323,-1.6237733790000015
17324,-1.0676873393098205
17325,-0.43229550999999944
17326,-3.362468481034483
17327,-0.541842153034969
17328,-3.6777062383333337
17329,-1.7470053654999957
17330,-1.2432366380952382
17331,-2.5598440610714284
17332,-0.7487859113235298
17333,-1.6440458102380968
17334,-0.5326587890740753
17335,-1.9232037949999994
17336,-0.47706874305555286
17337,-3.2819175277215185
17338,0.3546816555208352
17339,1.0904641412499991
17340,-3.3385769428571437
17341,-2.975986888872549
17342,-2.64537928
17343,-0.572793430681818
17344,-3.7122381155
17345,-2.6107856303429804
17346,-3.3424300833333356
17347,-2.742119533916667
17348,-2.184858871875
17349,-0.22531005147629113
17350,-0.3411625562499978
17351,-2.800695709793105
17352,-0.9925885329166673
17353,-2.7869202976666663
17354,-3.017262740079365
17355,-0.1638341150000011
17356,-2.389311550555556
17357,-0.3792376587499984
17358,-2.2627186939062502
17359,-0.9292755918750011
17360,-1.3706170398148154
17361,-0.5297745340624997
17362,-0.4538098465071414
17363,-2.880534914846154
17364,-2.974830912114805
17365,-1.1892824565476177
17366,-0.799990959166666
17367,-2.5530871572250007
17368,-0.4404506438541689
17369,-1.7760038343103446
17370,-1.119503245399785
17371,-0.6662505670000002
17372,-2.1869960174175835
17373,-0.24973138875000256
17374,-1.9649048499479136
17375,-1.2997783855468725
17376,-1.4017431415384716
17377,-2.470098337355071
17378,-1.024255391163794
17379,-0.9886632698214282
17380,-2.494037494333333
17381,-2.49246722132832
17382,-0.3413991645989327
17383,-2.2191594659718814
17384,-0.006901732500004698
17385,-0.19657326187500246
17386,-2.139440329437497
17387,-3.393170181050724
17388,-1.4700549928807476
17389,-2.13529353640625
17390,-2.6532202580357134
17391,-0.5585075450000024
17392,-0.1574854101562527
17393,-1.3581963635
17394,-0.05537412500000016
17395,0.5324110500000003
17396,-1.7781334896666683
17397,-0.701770433636364
17398,-2.1211990039062485
17399,-2.0222489262500005
17400,-2.4030428594444446
17401,-0.114569340714287
17402,-1.0072538848214287
17403,-2.4136973057051283
17404,-2.3339543184523808
17405,-2.7050250070689654
17406,-3.1523156930000007
17407,-3.7348463033333306
17408,-0.254791289583333
17409,-2.8788677550000004
17410,-2.895633740555556
17411,-2.6696704064450545
17412,-0.9094573029166675
17413,-2.9830266414491375
17414,-1.900130323931036
17415,-2.5459257294821414
17416,-1.1080009000000017
17417,-3.297949656558333
17418,-2.9564107707660465
17419,-2.6329822664444444
17420,-1.4966809056734913
17421,-3.5975505326666677
17422,-2.083099309285714
17423,-0.1680856907777771
17424,-1.2913871593554995
17425,-3.325532635909091
17426,-1.3482165154545462
17427,-1.6795708156041684
17428,-2.2960106266785707
17429,-1.1221836792857138
17430,-2.415428627685186
17431,-1.8242377804166665
17432,-3.25690691
17433,-2.0996089160416673
17434,-0.7994911379166663
17435,-0.013794085416668267
17436,-0.34789867170977223
17437,-2.682507075059525
17438,-0.04265080583333377
17439,-0.4805472178571425
17440,-3.186997959873433
17441,-2.795954020208334
17442,-1.5722452917204304
17443,-1.0745666434297618
17444,-2.176957137857143
17445,-1.9847467809166666
17446,-2.5865974743908056
17447,-0.351950454999999
17448,-1.0584442091666666
17449,-2.1365879641666665
17450,-3.977348098750001
17451,-0.6871725016666647
17452,-3.7054530194373867
17453,-1.7105047477586202
17454,-0.36567045735294057
17455,-2.9676407874999975
17456,-1.3641995052339888
17457,-0.2853210395833325
17458,-3.50620871345238
17459,-3.9858576091666653
17460,-0.18292274962962973
17461,-0.6855987918333326
17462,-3.1044977071296294
17463,-2.446805196446428
17464,-2.961990020166666
17465,-0.5899708188888881
17466,-1.7164010397395824
17467,-2.266041721595237
17468,-0.8006958375000011
17469,-0.3930246072727279
17470,-1.2864586727380956
17471,-2.7419752694117627
17472,-2.029484959238576
17473,-0.2802498183333313
17474,-1.3973033300000002
17475,-0.43123975722222
17476,-0.6366717897931039
17477,-0.2542051748045971
17478,-0.6298845289583329
17479,-0.7395435807142873
17480,-0.5235113602083317
17481,-1.0321629699310342
17482,-0.57787088
17483,-2.2840752396666666
17484,-2.498423109166667
17485,-0.2336568575000042
17486,-0.8311178162499981
17487,-0.702758060000002
17488,-0.633377240000001
17489,-0.3325861454528995
17490,-1.8341120632317067
17491,0.062168094836428406
17492,-1.7244148634103453
17493,-2.552848464444443
17494,-3.2097002695941543
17495,-0.535836025625005
17496,-0.5882757960714287
17497,-0.9625883041562503
17498,-2.633699613500002
17499,-0.637672021363636
17500,-0.7089497049999984
17501,-0.0329260274999991
17502,-2.5192726199736835
17503,-1.5485042701666678
17504,-0.2220474340624996
17505,-1.7208299955952384
17506,-0.804205945249998
17507,-0.12756827766666703
17508,-2.420835532500002
17509,-2.2337063164062485
17510,-2.1970939484523804
17511,-1.9170203418827148
17512,-0.6370583499801583
17513,-2.4807421042959765
17514,-1.9857088293333347
17515,-2.1666518188636354
17516,-3.363604327592592
17517,-2.1530715383908046
17518,-0.07494045555555218
17519,-2.0321537061360826
17520,-1.0617943382857138
17521,-2.3606094453906246
17522,-2.652137123919414
17523,-3.4639722058333344
17524,-0.26933241653846207
17525,-1.8816211486842103
17526,-0.4088727599999986
17527,-0.4040212586386141
17528,-0.26093707086060647
17529,-0.2683787955172407
17530,-3.0323577842500007
17531,-2.3883465561394552
17532,-1.279653620363636
17533,-0.69576564390873
17534,-1.7495187509090904
17535,-1.3795190255555563
17536,-0.08908524194444449
17537,-0.7788675360000014
17538,-0.5020545607692307
17539,-3.1601810398132173
17540,-0.48481662333333414
17541,-2.3538485866071435
17542,-0.15810278619047657
17543,-1.4048143856249995
17544,-0.7058514764583327
17545,-2.8400828741666677
17546,-1.5417462075889758
17547,-1.4535787675438592
17548,-2.7460849592844836
17549,-0.6225257480948272
17550,-0.5929313110833334
17551,-2.2579846033677526
17552,-2.132607471556513
17553,-3.729354905714285
17554,-0.4206785962121154
17555,-3.752943509827585
17556,-1.0958746169753089
17557,-2.219808372375
17558,-1.4524163148611116
17559,-0.2017304124999999
17560,-0.9622721633333366
17561,-0.29774739458333344
17562,-1.7992110385000004
17563,-1.54051986601881
17564,-0.09089408277777977
17565,-0.6811867466666668
17566,-1.6028385641145835
17567,-2.9016569081034476
17568,-3.3359946333333332
17569,-2.454352872500001
17570,-1.9715695517361123
17571,-3.6439628383749962
17572,-3.082882981458333
17573,-0.8194931200000019
17574,-1.8364219743842365
17575,0.33852751749999044
17576,-0.876571213571428
17577,-0.23421933857142818
17578,-1.9952891391666665
17579,-0.7281323513333327
17580,-0.2993247333297404
17581,-0.2894690759999996
17582,-0.9901156549999991
17583,-1.0135526131249986
17584,-1.6501129265705812
17585,-1.229962742916658
17586,-0.264322742500001
17587,-0.6129251225000019
17588,-1.9522548042499999
17589,-0.1518729148076895
17590,-0.28686684999999973
17591,-1.0543201293939395
17592,-0.7225237716666655
17593,-2.0274704798194443
17594,-2.268342827190476
17595,-2.781331264210527
17596,-1.4380462429069774
17597,-2.7690268791176456
17598,-0.772794606632654
17599,-0.9704920715909133
17600,-2.750318571666667
17601,-1.7284942292999996
17602,-0.39480847884615416
17603,-2.315444543201754
17604,-3.467146676250001
17605,-1.8110939627272726
17606,-3.1987259218333337
17607,-3.397053105
17608,-2.4342874676190465
17609,-0.6036836980911318
17610,-2.300110124345238
17611,-2.194314064521599
17612,-0.9089844216666615
17613,-4.298691618095238
17614,-2.5230760480555543
17615,-3.8863565502121205
17616,-2.9055332575
17617,-1.4682702888620704
17618,-1.4024776301562492
17619,-1.4081713710960595
17620,-1.4773587758928588
17621,-0.4599219806249977
17622,-3.0362857773958334
17623,-2.499411177
17624,-0.8012219174999989
17625,-3.2053984061666676
17626,-3.4022959168750004
17627,-2.9613998003125
17628,-2.026360130277094
17629,-1.8902142078290696
17630,-2.18208280535668
17631,-3.5072281536833345
17632,-2.2622188455555565
17633,-0.9109283911111127
17634,-0.6142153788888886
17635,-0.567837251666667
17636,-2.6719741380283883
17637,-0.4251025720833308
17638,-0.4481891869999927
17639,0.033066179999998724
17640,-0.9404236246724127
17641,0.7428304074999943
17642,-3.0752952643181817
17643,-0.8886860541666669
17644,-2.4953908979166664
17645,-1.7649340003526637
17646,-0.13659678071428516
17647,-0.43041588125000585
17648,-2.622254900833333
17649,-0.5133965889999927
17650,0.3902150349999971
17651,-0.37603163208333257
17652,-1.7475163649014778
17653,-0.5833777556249995
17654,-3.5628100291666667
17655,-4.126057385666665
17656,-1.7082422460555544
17657,-1.8445569746913488
17658,-2.859939266956522
17659,-0.8063665049999997
17660,-2.202243455678571
17661,-2.597074676666667
17662,-0.7716291166666641
17663,0.06967689600000142
17664,-2.1589211541741076
17665,-3.4456996884022986
17666,1.216097716250001
17667,-3.871139922016788
17668,-2.6794143591666644
17669,-1.4946579533005213
17670,-1.7018789144444426
17671,-0.1760513460416675
17672,-0.29715075874999997
17673,-1.2472805468571424
17674,-2.8353538403571434
17675,-0.3791734866666667
17676,-2.507212133181818
17677,-1.2355559266096938
17678,-0.21811515111666538
17679,-0.7632561769999995
17680,-1.7995846531249977
17681,-2.159647649761905
17682,-2.3421451266666673
17683,-2.2562007811111107
17684,-0.6806635453333335
17685,-3.124997817017544
17686,-0.0019524775000056914
17687,-0.7251682833333296
17688,-1.3998372539655175
17689,-0.6391986149801596
17690,-2.8386640820238087
17691,-2.879632841363637
17692,-3.9668512983333333
17693,-2.865107833333334
17694,0.3738191212500013
17695,-0.7223490190000007
17696,-3.079127875460527
17697,-0.4003650887500023
17698,0.05509164124999799
17699,-0.4065175385714253
17700,-0.8680332296666666
17701,-0.4062971350000246
17702,-3.003902968480391
17703,-0.5288279309999979
17704,-0.839915005416667
17705,-1.006498431568182
17706,-0.26059004913792766
17707,-2.3932464049766526
17708,-0.7644393335000004
17709,-2.0303982027777785
17710,-0.857110743244057
17711,-2.1956836250833454
17712,-3.7795981833333316
17713,-1.9565608430503982
17714,-3.043134335833333
17715,-0.5275845406326215
17716,-1.181388209333334
17717,-2.7448090312083337
17718,-0.27235545625000057
17719,-2.405153868026428
17720,-3.4699224268319027
17721,-1.5151490262500005
17722,-0.761240068333335
17723,-1.899466277080459
17724,-2.747931644444444
17725,-1.3364910782000003
17726,-0.4505783446428566
17727,0.8166159835344828
17728,-1.0955058501785726
17729,0.08932233435013232
17730,-0.9839971259210515
17731,-1.8119212515476182
17732,-1.369912495333333
17733,-1.8879688180769245
17734,-2.91415320109355
17735,-0.23021192916666422
17736,0.8574107032291683
17737,-0.28013835742815907
17738,-0.9877609472222227
17739,-1.7431000374492902
17740,-3.224687858030303
17741,-2.151691066666666
17742,-3.023075551472149
17743,-1.9889146956824717
17744,-2.6595734491269845
17745,-0.8451593854166675
17746,-1.8438558355000005
17747,0.6445837831250014
17748,-3.2097863259444437
17749,-0.15497016182515974
17750,-0.7714937901190443
17751,-3.995873255166664
17752,-2.8633491387500007
17753,-0.22452279928571425
17754,-0.5873820191666651
17755,-1.0022214553124993
17756,-0.6094234404166659
17757,-1.8818333769468403
17758,-2.824861879500003
17759,-0.8537386884999989
17760,-1.8491997894444465
17761,-2.628930137466668
17762,-3.130813287000001
17763,-3.293472640468751
17764,-3.428106404
17765,-2.4508322098799873
17766,-2.998827910277773
17767,-2.3389666756250005
17768,-1.175193580666668
17769,-2.092032177857141
17770,-0.49128630796006867
17771,-0.3792096412500001
17772,-2.4666934499999993
17773,-2.8355584415325676
17774,-3.608096235499999
17775,-2.806494429651361
17776,-2.3984279322222233
17777,-3.2569511216666687
17778,-0.7862132577083316
17779,-0.37833296500000024
17780,-0.6698857326736108
17781,-0.3136659866666669
17782,0.8497631600000002
17783,-0.29940863142857044
17784,-2.297583960357143
17785,-3.128973427822581
17786,-2.509190043444444
17787,-2.6890353066304358
17788,-0.31229571708333026
17789,-1.605575129407893
17790,-2.546365839725
17791,0.042666876666662766
17792,-2.9461040386470594
17793,-2.653946341428571
17794,-1.3959372274444453
17795,-2.1088067742980288
17796,-1.2138527207727272
17797,-1.4987294333333319
17798,-0.9784915460625001
17799,-0.43273548166666487
17800,-1.3526636225000002
17801,-0.9937911063322886
17802,-1.0630948994999954
17803,-0.3909694899999998
17804,-2.485950907285713
17805,-2.6110750604375
17806,-1.086621892499998
17807,-2.7682808691666665
17808,-0.31818534375000773
17809,-0.4186450594444467
17810,-1.9932611278146553
17811,-1.169315127783251
17812,-2.4190880082998083
17813,-1.5779132211363625
17814,-0.20397501291666723
17815,-0.47368206683333725
17816,-2.537440351483517
17817,-0.5533633961111124
17818,-0.06114121357142973
17819,-2.5624793933333336
17820,-1.823669557702874
17821,-1.5322841894230772
17822,-2.142303901249999
17823,-2.683386693441044
17824,-1.415050967651515
17825,-0.512654828482142
17826,-2.392374400484695
17827,-3.1273011297777775
17828,-0.8299891271428562
17829,-0.26549694708333504
17830,-0.5296440459097208
17831,-2.2817238364351855
17832,-0.7743100253448265
17833,-2.6680551528333347
17834,-1.6840520935361005
17835,-0.8191149139550276
17836,-2.0966266947916647
17837,0.004727346666666558
17838,-0.7293315123214281
17839,-0.42546863763537685
17840,-2.0083470499137936
17841,-1.1084541795606042
17842,-0.33053895249999954
17843,-2.490139576052482
17844,-2.9571947001041674
17845,-2.461814804533045
17846,-1.4900033524999978
17847,-2.2633236162499997
17848,-1.9199254180833336
17849,-0.14559931875000132
17850,-0.43417260031249993
17851,-0.7455118735511355
17852,-1.2728903866091965
17853,-0.4240186124999994
17854,-2.5419380602333326
17855,-0.47577402482142717
17856,-2.8099188509749986
17857,-0.41161558864583486
17858,0.004843204166666244
17859,-2.2409134910559003
17860,-3.130162000333334
17861,-2.27378403
17862,0.5241445350000049
17863,-2.51515721075
17864,-0.7231119595833349
17865,-2.6960395195833335
17866,-0.9653269774999993
17867,-2.8979203128307525
17868,-1.010667785999999
17869,-1.4909752330911341
17870,-0.34072107708333316
17871,-1.1574644826666656
17872,-0.6033501379393946
17873,-2.257201830250001
17874,-2.188912905295031
17875,-3.2397054412500013
17876,-2.4239232310714294
17877,-3.1290914169390396
17878,-0.549091697
17879,-2.4301331963744586
17880,-2.4058719015325685
17881,-2.3831671075000003
17882,-2.2467038239583337
17883,-1.556715693035714
17884,-1.6576629428591942
17885,-1.6489896720175432
17886,-1.55977176835184
17887,-1.6572150943821842
17888,-0.7309316788888888
17889,-0.1416459792500035
17890,-2.4545331224928564
17891,-0.2451149089285717
17892,-0.5982926278333338
17893,-0.6014457839999998
17894,-2.2677121765151513
17895,-1.3066839485666661
17896,-1.8827013641666657
17897,-0.48936213770833303
17898,-2.324135644390245
17899,0.36593377250000003
17900,-2.012445979583333
17901,-0.6599198237499975
17902,-2.455569728191964
17903,0.39458490281250214
17904,-2.076333062333334
17905,-0.8735377220833325
17906,-1.0574739669999986
17907,-1.287806514875
17908,-1.7580636685714286
17909,-0.04597321310415895
17910,-2.2639832570312493
17911,-2.241883151230071
17912,-0.6735289090000016
17913,-2.996037594458445
17914,-1.9686239230434777
17915,0.5089517749999999
17916,-1.5973625728231284
17917,-1.5347990820138886
17918,-2.1561834866406238
17919,-2.6584123298437508
17920,-0.17922482889285668
17921,-1.5603902885008518
17922,-1.0635712093229177
17923,-0.7516804466666679
17924,-2.2567132024702388
17925,-1.2564584531547613
17926,-1.726741038021981
17927,-2.611201839999999
17928,-3.9991778923333317
17929,-1.9664549158974354
17930,-2.761319902138887
17931,-0.7910358300000032
17932,-1.7191016057916653
17933,0.024845188749999636
17934,-1.1265983391190484
17935,-2.5092350759523803
17936,-0.9659690714999982
17937,-0.6250925138793089
17938,-0.685448206018519
17939,-0.3520011708124997
17940,-3.250841456527778
17941,-2.0566593505208335
17942,-2.796291176666666
17943,-0.6931851386111051
17944,-0.29642961166666737
17945,-0.5763946587499973
17946,-1.2333602362500002
17947,-0.04066042662835261
17948,-0.05227998666666167
17949,-0.019342178611111056
17950,-2.94855788310704
17951,-3.081037021250002
17952,-2.964421039166666
17953,-1.9096750003328908
17954,-0.33506686480654757
17955,0.18541373562499963
17956,-2.4934479366071436
17957,-0.8997610077499985
17958,-2.673892267986952
17959,0.6203578677083339
17960,-1.9581004728030296
17961,-0.21683060000000154
17962,-1.462361143636362
17963,-1.8628631378996865
17964,-0.3569394237499992
17965,-1.7920654285416668
17966,-2.0632330686350584
17967,-3.5403901071666666
17968,-2.0636848999999993
17969,-0.8557796164583333
17970,-0.15964750283333728
17971,-0.689631724642857
17972,-2.1706517920689654
17973,-2.4130044804545427
17974,-1.5269613226587353
17975,-0.5101852468750003
17976,-1.646673068484848
17977,-0.5701341281249999
17978,-3.022328621285716
17979,-0.4651460233333342
17980,-2.743394560970695
17981,-3.128601376547612
17982,-1.826874171
17983,-0.5350763973437491
17984,-0.44317195500000395
17985,-2.8371541706944434
17986,-0.398621430000001
17987,-0.6919770612500002
17988,-1.7526892908823526
17989,-0.5565931944444434
17990,-1.6932216226149421
17991,-1.9245862764687502
17992,-0.6117032082327599
17993,-0.5379826688709698
17994,-2.9451036165277777
17995,-0.9831396180000013
17996,-3.427468958833333
17997,0.14062806500000047
17998,-0.5871472219642848
17999,-1.358826392434077
18000,-3.9254451538095245
18001,-2.909401789781249
18002,-0.7855761346726159
18003,-0.15733620999999953
18004,-1.2340036204761897
18005,-2.0478580120000003
18006,-0.6883296869047614
18007,-2.973477162499999
18008,-0.39865324165024396
18009,-1.4154876920937522
18010,-2.738186664444444
18011,-3.669621607
18012,-1.8317612481250007
18013,-2.342649385666668
18014,-1.3232025390654745
18015,-0.19346065500000087
18016,-2.8771903566071417
18017,-1.5301494695624995
18018,-2.2201982855357145
18019,-2.739197645915532
18020,-2.4202224457142854
18021,-0.8060466616666648
18022,-2.61234913084298
18023,-0.3208436299999988
18024,-1.3368745679118763
18025,-0.805227481999999
18026,-3.0882160990909098
18027,-0.22016547739618014
18028,-0.47246134562499975
18029,-2.485892069814815
18030,-3.321365118452381
18031,-2.5384397473148153
18032,-1.7795944595454578
18033,-0.559702638333332
18034,-2.029670577410714
18035,-2.979550493919541
18036,0.4264533971527773
18037,-2.3367242425
18038,0.04930055487068685
18039,-0.25721712378592
18040,-3.5873155890000006
18041,-1.946282895977011
18042,-0.9620751858333334
18043,-1.5890557797916678
18044,-0.4316707403333339
18045,-2.6832962978868258
18046,-2.520665561232993
18047,-2.1924009055000013
18048,-1.0849557819999973
18049,-2.6213143450000005
18050,-2.826943906039272
18051,-2.7008123149999994
18052,-0.8808351479375034
18053,-0.2211123337500016
18054,-0.5737452144999983
18055,-1.1793211799999976
18056,-0.32967619875000054
18057,-2.3205009916666666
18058,-1.9536629207222225
18059,-2.3557759045490547
18060,-0.24791825448275873
18061,-0.6035368770833327
18062,-0.35666964165113985
18063,-0.620035328232758
18064,-1.8391075425595238
18065,-0.5007812590625029
18066,0.8050666877142779
18067,0.0005214846428565068
18068,-3.3725905075
18069,-1.8977897129999999
18070,-0.29226231199999975
18071,-2.5101966061111116
18072,-2.466710169749375
18073,-0.9753523339688971
18074,-0.7685572382291662
18075,-3.3543154574404745
18076,-2.306191382883598
18077,-0.04679298500000024
18078,-3.252491369375001
18079,-2.3684767252941166
18080,0.37058322333333216
18081,0.02559480775862255
18082,-0.8540222716666636
18083,-1.9769477293750022
18084,-1.6084573788802015
18085,-0.7009283793181825
18086,-0.4452581960902779
18087,-3.2365850730000005
18088,-3.1283753664814813
18089,-0.6392393529166682
18090,-1.7331736232142927
18091,-2.7789291295
18092,-0.4218480170833315
18093,-1.3878910408333336
18094,-2.2446697437984495
18095,-3.885687876875
18096,0.8550294644444444
18097,-2.752015799964789
18098,-2.3051110047470242
18099,-0.366392015
18100,-3.349386166071428
18101,-0.3549182150000014
18102,-0.57033779222222
18103,-1.8549425566666666
18104,-2.775375980507663
18105,-0.32366432135278644
18106,0.5713675125000037
18107,-1.7108596356249965
18108,-2.150964669107143
18109,-0.4185697199999983
18110,-1.8722313867307698
18111,-0.6738813725
18112,-2.623776220454545
18113,-2.8557460657142855
18114,-0.34891890187500074
18115,-0.44477182749999944
18116,-2.3327342362758627
18117,-1.745025911428572
18118,-0.01519107611111122
18119,-0.5098116693333339
18120,-2.9443573248397428
18121,-0.43490060777777806
18122,-1.987830883810976
18123,-2.4692308760714274
18124,-1.6590696211510418
18125,-3.250877761666666
18126,-1.83486214521605
18127,-2.449508395742338
18128,-0.7961439466666658
18129,-3.1504402602678567
18130,-1.2082201807812503
18131,-1.5903019744557811
18132,-1.6151248681666686
18133,-0.4123833995833319
18134,-0.9670861984635408
18135,-0.08032315410714322
18136,-0.8380844387499984
18137,-0.48778546685185137
18138,-1.9771587759852227
18139,-1.9197847850574723
18140,-0.7435294250000011
18141,-1.13542374875
18142,0.07348738999999682
18143,-2.1910132336874995
18144,-0.43703121999999794
18145,0.04730255903017211
18146,-0.8143778916666697
18147,-1.7255180470781237
18148,-1.2325969616666679
18149,0.5174665583620701
18150,-0.7375782281904748
18151,0.0
18152,-1.5142569289285712
18153,-4.1144179691666665
18154,-0.6052666999999985
18155,-2.404813941653062
18156,-1.156629876086953
18157,-0.530352283671875
18158,-2.4156735093581774
18159,-0.6964930149999979
18160,-0.28320931231191343
18161,-0.8941999968749936
18162,-3.3086484360714286
18163,-1.4950600038888868
18164,-3.051509620729167
18165,-0.43957197857142816
18166,-2.0968906406249985
18167,-2.4368389793750005
18168,-0.4236782259999998
18169,-2.7656371242333337
18170,-3.1057704705590803
18171,-0.039560056666664956
18172,-1.7506179754166662
18173,-0.022551838461534038
18174,-1.8427801062500002
18175,-2.514165624500001
18176,1.0062274992499987
18177,-2.224053861589901
18178,-1.2436232345047609
18179,-2.012361454809524
18180,-2.531505224999999
18181,-3.2375350697222274
18182,-2.0164506186956515
18183,-1.3030231158333336
18184,-1.2145624658333318
18185,-2.800994511250001
18186,-0.2987505500000003
18187,0.04285810250001276
18188,-0.23080879624999895
18189,0.6426552056874999
18190,-1.9512437514285714
18191,-0.8240885312499998
18192,-1.6389232018333337
18193,-0.8081600883333356
18194,-3.0844553799999987
18195,-2.2117306526666667
18196,-3.410130186900001
18197,-0.516585293
18198,-2.362471505666668
18199,-0.5066800130555565
18200,-1.3819342316116068
18201,-0.7027724590000005
18202,-2.2017784328
18203,-0.4887626693750005
18204,-0.3117499654166651
18205,-2.576722779133334
18206,-2.982678915357146
18207,-3.7835834419791663
18208,-0.5486250432806514
18209,-0.9699799549999994
18210,-1.280432398805419
18211,-1.040615926590038
18212,-2.376552819102564
18213,-2.1854557020535674
18214,-0.5061120183333324
18215,-0.48556522833333204
18216,-2.839739766750001
18217,-1.2361827020208334
18218,-3.165665810637932
18219,-0.23833275500000362
18220,-1.042091269642856
18221,-0.8394699596875
18222,-2.461290566016991
18223,-1.5104179427640942
18224,-0.18802873500000034
18225,-2.4175339035714285
18226,-0.4384633494444448
18227,-0.37666698566666523
18228,-3.3833821500416668
18229,-3.1966233445000007
18230,-2.3127029652083335
18231,-1.4657971733246526
18232,-1.9807075278571438
18233,-2.983598822413793
18234,-2.3888671032974145
18235,-0.0550147410000001
18236,-1.1182290150000005
18237,-0.19545995281250228
18238,-3.0688966889750002
18239,-0.7647130636111115
18240,-1.2587953634999998
18241,-2.8532195275
18242,-0.9130349186111112
18243,-2.4852496540476197
18244,-2.008880134035087
18245,-2.278997002127193
18246,-0.14813270055556416
18247,-0.4399392474999999
18248,-0.3464101795833301
18249,-0.8486995397222188
18250,-0.11303320444444627
18251,-1.9029732441666662
18252,-0.24065220000000018
18253,-0.056231034999999
18254,-2.5329847011863715
18255,-2.4168669530555547
18256,-1.6814937264285714
18257,-0.9750834466785696
18258,-0.5093250577777724
18259,-2.6360410770929796
18260,-2.527796269230769
18261,-2.867772388598404
18262,-1.5642421949362433
18263,-2.4807522292959763
18264,-2.394530838282312
18265,-3.2613454546264378
18266,-1.582848205384616
18267,-0.7168314452272749
18268,-0.5640443710416677
18269,-1.191978290978261
18270,-0.949901936772628
18271,-2.835879719000002
18272,-1.043014072708333
18273,-0.7544179905555547
18274,-1.2511081467777772
18275,-0.5456375003571391
18276,-0.15945989350000217
18277,-0.5564288008333342
18278,-2.859767565355263
18279,-1.3818549060277776
18280,-0.7301935945238084
18281,-0.28528955537037
18282,-3.404101349662704
18283,-3.699185545454544
18284,-2.9065660815373553
18285,-0.3595647331730775
18286,-1.1232742206034498
18287,0.2737687994166649
18288,-0.5371056376666672
18289,-2.483071516264368
18290,-0.565424515333327
18291,-0.738094194166667
18292,-2.8338883807797624
18293,-0.5927766416145831
18294,-3.749865975104166
18295,-1.6978588983333343
18296,-2.449124310886993
18297,0.012180614999999525
18298,-1.1035402757142856
18299,-2.8197633891774885
18300,-0.40820212384615434
18301,-0.03691077750000223
18302,-2.883578973000001
18303,-1.3014558642857108
18304,-1.991919412536232
18305,-0.016993802777777844
18306,-2.144718314
18307,-2.249039763066406
18308,-0.6896962625
18309,-1.8606212434469698
18310,-0.5538888461206888
18311,-1.2258536766666692
18312,-2.433993185206349
18313,-2.6819827876379305
18314,-3.349036991111111
18315,-0.3163714905835556
18316,-0.8338423089999984
18317,-1.2649927663868057
18318,-0.14371069952380822
18319,-3.0139568210362055
18320,-2.3181611141560348
18321,-0.5481304768749959
18322,-2.0444429106410262
18323,-2.3978619304142854
18324,-2.3710887061999886
18325,-0.007521177499999762
18326,-0.7135005684920626
18327,-0.4179355941666696
18328,-1.230994826702873
18329,-0.5137625475811686
18330,-0.909403821666667
18331,-0.843946653636364
18332,-0.1682705813174607
18333,-0.2627796610526298
18334,-1.9948010518916663
18335,-2.5310902631250016
18336,-0.6317526160208331
18337,-0.715435133621094
18338,-1.783655144861111
18339,-1.7924111266666665
18340,-0.3191456956249996
18341,-3.4611466855813955
18342,-0.5839707902083298
18343,-1.9464848598659
18344,-3.959439273416667
18345,-0.5202046016666655
18346,0.16688004583333393
18347,-0.582139859999999
18348,-1.3538887675925935
18349,-0.3385656310517241
18350,0.11122313774999952
18351,-0.3744323487499992
18352,-0.5777878245833321
18353,-1.6347223207142858
18354,-0.2832786362499995
18355,-2.6424696557931036
18356,-2.8949310439310354
18357,-0.3917389262499995
18358,-2.633140507142857
18359,-3.151780403225002
18360,-0.45907881600000133
18361,-2.782948522575758
18362,-0.5250677041666663
18363,-2.2970675451562492
18364,-1.672403235128204
18365,-2.3267059389190994
18366,-0.8222946998333356
18367,-0.6121196334821448
18368,-0.5803035017083218
18369,-0.22850731437500027
18370,-3.3544648080104165
18371,-2.366587769
18372,-2.1471538529166665
18373,-0.2833067716666662
18374,-0.4152124499999994
18375,-0.2726304239655173
18376,-0.09809325075000004
18377,-1.1658413029843757
18378,-0.3600413144444475
18379,-2.373788130263159
18380,-0.33932166241666933
18381,-0.797528300000001
18382,-3.0773808888888916
18383,-2.1811473552380947
18384,-2.6874223127528736
18385,-3.5894571464285696
18386,-2.5195883163558204
18387,-3.8582526429935897
18388,-0.6863518204062494
18389,-0.9515610311718761
18390,-1.1862515973611103
18391,-0.3795481484374985
18392,-0.8462060066666686
18393,-0.36907816999999926
18394,-1.9338033470454534
18395,-0.991896259910714
18396,-1.4894228431250003
18397,-0.5516731574999998
18398,-2.5950506548599135
18399,-0.5900414262500036
18400,-2.879341441470588
18401,-0.6006280731250007
18402,-0.9264578699132642
18403,-1.7554625224999993
18404,-1.7538945745138879
18405,-2.3927383862743064
18406,-3.805543114285714
18407,-2.9463609892528737
18408,0.21853056749999666
18409,-0.47687160211925317
18410,-0.2760436525000003
18411,-2.9291718322198275
18412,-2.3040003562500004
18413,-3.2734929788888683
18414,-3.395796396
18415,-1.3449878845833334
18416,-2.8489294203750006
18417,-0.2998217283333311
18418,-0.6487171459999985
18419,-0.6679115122222216
18420,-0.3738756508333398
18421,-0.49290716750000385
18422,-2.6898256070000004
18423,-0.9107632413541668
18424,-0.5558374123809519
18425,-2.6235152729166655
18426,-0.5593940495238121
18427,-3.2522795627777774
18428,-2.494363203412698
18429,-2.427310479463601
18430,-2.3696411399999997
18431,-0.3246550668750001
18432,-3.0528956462121197
18433,-0.5258082511717753
18434,-0.7753630241666671
18435,-1.024910418923164
18436,-2.6140341416091957
18437,-1.906449286904761
18438,-2.461423570208333
18439,-0.23047338291666541
18440,-2.473903667000001
18441,-1.328629548000002
18442,-2.7846152330000002
18443,-1.815181784375003
18444,-2.2056517157467526
18445,-2.5840757658438895
18446,-1.4936439825888161
18447,-2.352745636928571
18448,-1.7988380953104697
18449,-1.3922319299999995
18450,-2.3144370599181254
18451,-0.12408862500000122
18452,-0.9299881474675321
18453,-3.0343770371666645
18454,-1.5066806473958332
18455,0.6633635575000003
18456,-2.3233241325862073
18457,-1.4914406139999996
18458,-1.7123762989583327
18459,0.029313474374998094
18460,-0.528663798937498
18461,-0.9480949884259265
18462,-2.504415167738095
18463,-2.1893722525972223
18464,-0.3820792312499979
18465,-2.759447232916667
18466,-3.8714628999999987
18467,-0.6611674995833337
18468,-1.4740563385714285
18469,-0.48374280571428585
18470,-0.8182896160000042
18471,-0.8814031375000058
18472,-2.802417740896578
18473,-1.5934496843229162
18474,-0.2632754529166661
18475,-1.9176881603201974
18476,-0.23801389791666683
18477,-0.9987428158333331
18478,-1.1487544349500005
18479,-0.2608192055000004
18480,-0.07652924300000308
18481,-0.000270193333333187
18482,-0.26062432184658685
18483,-0.8778207408333323
18484,-2.254204047916664
18485,-1.557071324264705
18486,-0.4349931823232396
18487,-2.2379745451033113
18488,-0.7923704038570761
18489,-1.9106364341666637
18490,-2.235613433466387
18491,-0.3963247830357144
18492,-0.275359101428573
18493,-0.5978405271874987
18494,-3.358690698681035
18495,-1.549160832708333
18496,-0.325969957500007
18497,-0.6186033597222232
18498,-1.9858444916666649
18499,-2.096992368250001
18500,-0.8559350749242417
18501,-2.08652923890625
18502,1.5102573925000016
18503,-0.4833042952380957
18504,-0.6619989306944459
18505,-2.5675929908333326
18506,-1.3621797599999994
18507,-2.5554420863095233
18508,-0.6686579583333341
18509,-0.2826535191666662
18510,-2.2768791274999995
18511,0.5135363125000003
18512,-1.3474433006481488
18513,-1.4198335714999986
18514,-1.841437826875
18515,-1.7728619737500013
18516,-0.1356656200694517
18517,-2.233152925543582
18518,-2.459638935465368
18519,-3.0038773213541674
18520,-0.15993931666666583
18521,0.0
18522,-0.46490962291666604
18523,-1.0426203166666674
18524,-3.197924765
18525,-1.8109732059375006
18526,-1.1001024555128227
18527,-0.07157329562499815
18528,-0.8028427516666667
18529,-1.746165499374996
18530,-1.1064585214772726
18531,-2.55223689375479
18532,-0.5009097949999989
18533,-1.3783330680172412
18534,-0.9706116331768828
18535,-3.1589241320000014
18536,-0.0951159249999991
18537,-0.4264321279166676
18538,-0.46262733500000053
18539,-1.4651853491517852
18540,-2.709880308567639
18541,-0.33092544833333015
18542,-0.7994365124999945
18543,-2.5878814581349197
18544,-0.2554498447777784
18545,-2.178292596190476
18546,-2.7509814711111105
18547,-2.840128158823529
18548,-0.44977443750000035
18549,-0.9297520466666688
18550,-0.9679186056000143
18551,-2.46286384725
18552,-3.150024095833332
18553,-1.1418418715476168
18554,-0.921727256666666
18555,-0.7898850050000021
18556,-3.2265414217361115
18557,-0.4608345625000019
18558,-2.9377003900339274
18559,-3.0785079645129874
18560,-1.8502630166176544
18561,-3.5382818378333325
18562,-1.5395314805376334
18563,-2.8422780180000005
18564,-0.4231638337500012
18565,-1.0645730577777777
18566,-0.5781334012500045
18567,-0.09152194687499815
18568,-0.6626999727272728
18569,-0.7748982481250013
18570,-1.3317484492857123
18571,-0.5140495870000009
18572,-1.4479259247777772
18573,-0.04161364249999977
18574,-3.6553303154901946
18575,-0.9869274205555558
18576,2.258682377916667
18577,-1.513576809374996
18578,-0.1067702775000015
18579,-3.2563449314499993
18580,-3.053653402742529
18581,-1.1636283426136371
18582,-0.7215250791439338
18583,-2.189161334437503
18584,-0.8685875498913052
18585,-2.8011966725
18586,-0.40617561111111417
18587,-0.8500435344444425
18588,-1.2789197802777774
18589,-0.3940336975000089
18590,-2.4969074589347273
18591,-3.885460968888889
18592,-1.7229617032757352
18593,-1.962888765416667
18594,-2.3797663480000013
18595,-0.30089069750000164
18596,-2.2523972702011488
18597,-3.243374188812259
18598,-2.780187510395788
18599,-1.4556034968055558
18600,-2.836462900000001
18601,-2.4023160945512823
18602,-0.43723862149999987
18603,-1.3468180333333333
18604,0.3347038425000015
18605,-1.7678226980962652
18606,-3.1913246046875003
18607,-2.159168554666666
18608,-1.2675559823214297
18609,-0.5725928316666659
18610,-0.327882650000002
18611,-2.8504349750000015
18612,-2.1366030130642857
18613,-0.7065420116666647
18614,-0.5264271649242418
18615,-3.5420894343939366
18616,-0.33567298749999913
18617,-2.5058482538793103
18618,-0.21082085125000205
18619,-0.2481815028922207
18620,-1.582540591111112
18621,0.9760624499999988
18622,-0.18546599437500078
18623,-2.3094331766666665
18624,-0.5624903194444535
18625,-1.3263340951904752
18626,-1.502494158392857
18627,-0.39162036458333205
18628,-1.424777078750001
18629,-0.7040339158333344
18630,-0.3214685181250019
18631,-0.6033059471428582
18632,-3.9095632087083345
18633,-1.5840398410694447
18634,-0.020491551041665446
18635,-3.611187283214286
18636,-1.1936581681666674
18637,-2.830480845798318
18638,-0.839723534090909
18639,-1.1330991155555554
18640,-0.5287088593749991
18641,-0.9843654023214299
18642,0.3263971212500003
18643,-3.0661862690790915
18644,-0.8044650508333339
18645,-3.5042542586363625
18646,-3.123422545000004
18647,-1.905273363636365
18648,-1.7221394259375007
18649,-1.2361387584999997
18650,-1.7827773013856947
18651,-0.9165925999810604
18652,-2.8140095894107136
18653,-0.03250272499999577
18654,-1.0931400964687517
18655,-3.3749132605833343
18656,-0.8039544433333331
18657,-1.2100420966206893
18658,-2.6193777364999997
18659,0.5097042050000002
18660,-2.469853182510823
18661,-2.041340426366996
18662,0.01655439749999843
18663,-0.529860206875
18664,-3.2573140737500004
18665,-2.990388906527778
18666,-2.0775699464285715
18667,-1.872399627727274
18668,0.1760536804741406
18669,-0.3146872680555551
18670,-0.8043756524999992
18671,-1.4731210924603175
18672,-2.682764410277777
18673,-2.558435581190477
18674,-2.9315569246785715
18675,-2.1156792389880956
18676,-3.1914221316666675
18677,-3.7170369547999997
18678,-2.909832430729165
18679,-0.41203561500000063
18680,-0.4351222950000029
18681,-3.684434159642857
18682,-1.490957769047618
18683,-0.5810035168749987
18684,-2.221010876320848
18685,-0.23044672044643125
18686,-1.2716831550000005
18687,-1.4550442454385963
18688,-2.3739292119435733
18689,-3.317827060137931
18690,-2.3472114986785706
18691,-0.18319499327160493
18692,-2.7804042532931037
18693,-2.624542423407408
18694,-0.9340252952298873
18695,-2.5110165907575763
18696,-0.40306293499999946
18697,-3.4143529451041665
18698,-2.2452811363452403
18699,-0.6182837610000007
18700,-0.49084356016666675
18701,-1.2903964948611115
18702,-0.42104192586207084
18703,-1.2741286792857183
18704,-3.127045616666662
18705,-3.4113534702500004
18706,-1.3794089436184218
18707,0.5593453566666658
18708,-0.3771814547222239
18709,-0.4877095083333334
18710,-0.9607263924479122
18711,-2.891011295384615
18712,-0.21665124710526354
18713,-0.8870954026666662
18714,-0.8390280883333313
18715,-3.442913671587931
18716,-2.3880786617500007
18717,-2.847031572420635
18718,-2.0662470779597704
18719,-1.5215745944396555
18720,-2.505932711029762
18721,-4.241234010333334
18722,-3.255733744166666
18723,-0.38689818552083466
18724,0.6884562977083277
18725,-1.9528270805086207
18726,-2.484337766586208
18727,-1.654219305000001
18728,-0.6322928409375006
18729,-0.4028098457142854
18730,-0.6467228459090903
18731,-3.272983015000003
18732,-3.3808290841999997
18733,-0.6035325457499994
18734,-1.2182155325000004
18735,0.005403381250005168
18736,-0.5458615451053644
18737,-0.2800314037500016
18738,-0.7004257995833303
18739,-0.5849030188636362
18740,-0.19053746749999986
18741,-3.9468767316666646
18742,-1.591449781406249
18743,-1.0861456379999992
18744,-1.358931342361111
18745,-3.5006556916666653
18746,-2.915585814000001
18747,-0.5918239455555631
18748,-1.118830064423706
18749,-2.0976737940660932
18750,0.012022175888887432
18751,-0.0979919295000002
18752,-1.2297986799999996
18753,-3.3312335225757566
18754,-1.2029301251666666
18755,-1.2859765035937487
18756,-0.2702361971428563
18757,-1.1522616044999991
18758,-2.5090089245918366
18759,-2.894512731410256
18760,-3.372114857101807
18761,-0.949398749999998
18762,-1.5871625657606483
18763,-2.526996868095238
18764,-1.1965025497968753
18765,-0.2176260035714277
18766,-1.271056237424242
18767,-2.016048719602122
18768,-3.857412500416667
18769,-3.6739524936363632
18770,-3.1049286185515865
18771,-0.0621322194871801
18772,-1.984634626166666
18773,-3.557036568430334
18774,-2.8865388437684714
18775,-3.5898367530000015
18776,-1.2997268416091938
18777,-0.8822767608333303
18778,-2.7998867240561216
18779,-2.9767851755799373
18780,-1.975506446875002
18781,-3.484082552166667
18782,-0.24773753393939432
18783,-2.5450024420833333
18784,-1.761561389
18785,0.06864229687499979
18786,-3.2555147500000006
18787,-3.038636394450003
18788,-2.2947765993753424
18789,-0.32763215691666686
18790,-1.0551996005468736
18791,-3.035146655392158
18792,-1.4378774521736462
18793,-0.8782702923333318
18794,-0.26422025473214106
18795,-1.9481427038316335
18796,-1.8390066462499892
18797,-1.6180324311718666
18798,-2.3583605120512825
18799,-0.27093699875000254
18800,-1.5562318216666668
18801,-1.7782995015624996
18802,-1.5534250576899011
18803,-0.13764821000000063
18804,-1.9266523964298028
18805,-0.9623385472395837
18806,-0.47885019217240765
18807,-2.1243123521839085
18808,-3.282169028065135
18809,-0.6841676836956531
18810,-2.784467207857141
18811,-2.6689357337499984
18812,-1.1283648986607144
18813,-0.726207735781251
18814,-3.413043947644446
18815,-0.18911922583333318
18816,-1.6326534701388893
18817,-2.3014745264285716
18818,-0.6481776277539062
18819,-2.0156458334688017
18820,-0.7922665840000022
18821,-2.7870567512121203
18822,-1.0065152993253956
18823,0.22342531541666677
18824,-2.7228157770833334
18825,-1.9625500099479147
18826,-0.40997236500000056
18827,-1.6621822461330045
18828,-0.9118470233333369
18829,-3.626340367236843
18830,-1.0267664746666676
18831,-2.474255249107143
18832,-0.959174053095237
18833,-2.524170882178571
18834,-0.3815654974999996
18835,-0.7996299991666665
18836,0.0
18837,-0.2183070888888885
18838,-2.1615240781226057
18839,-0.3057733266666644
18840,-2.4664805414517743
18841,-2.0457348671264364
18842,-0.6821672652499995
18843,-2.678592212464286
18844,-0.35453526340909103
18845,-1.9845301243849203
18846,-0.177972692643678
18847,-2.7546702895768034
18848,-0.02726680812499893
18849,-2.2476028621706905
18850,-0.844524301249999
18851,-0.7990680525
18852,-2.328952516306122
18853,-0.23224018499999843
18854,-2.0070235092971185
18855,-1.4695830330000006
18856,-0.755547202681992
18857,-0.4145077125000043
18858,-0.9475409986718764
18859,-2.6865874414285753
18860,0.013177481250000511
18861,-3.9286564100000056
18862,-2.7513587955076635
18863,-1.097746739999998
18864,-2.395150244245689
18865,-0.3433007506923065
18866,-0.455913078055555
18867,-2.39803877617168
18868,-1.270610511309522
18869,-1.7932332205769228
18870,-2.0039591093333335
18871,-0.5991461920000006
18872,0.008528901666667347
18873,-1.1857903830000005
18874,-0.12267292821429214
18875,-0.5767450999999989
18876,-3.893394310500001
18877,0.6775495000000005
18878,-1.5272778502643676
18879,-2.984420037314815
18880,-2.7876095611785705
18881,-1.1501598677777924
18882,-4.283152367000001
18883,-3.4198524705555555
18884,-0.6184284258789061
18885,-1.3439759357247902
18886,-2.286565860714286
18887,-2.5581851034629626
18888,-3.1129518252182518
18889,-0.2283343258333351
18890,-0.4074440110937516
18891,-2.1324327565555565
18892,-0.5524430769444445
18893,-1.082864028810345
18894,-2.924663206458334
18895,-0.18231953110650473
18896,-0.5749490127777767
18897,-2.620269400639151
18898,-0.5264388225000003
18899,-2.243382312
18900,-1.7110853312318852
18901,-2.5013631959444442
18902,-2.2737671793333334
18903,-2.233854403945312
18904,-0.3745383233124997
18905,-0.04101984375000711
18906,-3.4904040480555585
18907,-2.0196137847499984
18908,-1.272089747155172
18909,-0.10368815624999783
18910,-0.25473176249999874
18911,-2.1789761336111106
18912,-0.13259495568965218
18913,-3.113841926998723
18914,-0.2143326982380946
18915,-0.6375793762499988
18916,-0.3274622224999968
18917,-3.509904657586197
18918,-2.4199886589194137
18919,-1.5651469265384628
18920,-0.6557807170000025
18921,-2.6602446575
18922,-2.8112760728048762
18923,-1.1198411523475982
18924,-3.18968664089881
18925,-2.8137563282407396
18926,-0.39507762745613956
18927,-1.2186402793707478
18928,-3.8849242183333175
18929,-0.5618180808333344
18930,-2.4004491378364383
18931,-4.030965386388889
18932,-1.2958856687421632
18933,-2.910690842379585
18934,-0.9441972156336804
18935,-1.1191940344218747
18936,-2.9620142903940874
18937,-3.214232430833335
18938,-2.311259368762316
18939,-1.0797052365476185
18940,0.5981970912499968
18941,-2.179921627440475
18942,-0.6179574708333329
18943,-2.1333968478846157
18944,-1.4288526213571413
18945,0.16220904999999894
18946,-3.7867146509999996
18947,-1.888849398901478
18948,-3.254014431875001
18949,-1.5446016175431037
18950,-1.8494118656249978
18951,-2.080234102038691
18952,-0.6756339573333335
18953,-1.7587061038257574
18954,-0.5454782486111106
18955,-1.8329364208333334
18956,-1.4670536177272764
18957,-0.7993767837931033
18958,-0.306589035294118
18959,-2.4478221329761913
18960,-3.0184233677500005
18961,1.231745602500002
18962,-3.645102546875002
18963,-1.277118806388889
18964,-0.4578391009722217
18965,-2.382551800249999
18966,-0.36366086499999917
18967,0.21617761999999985
18968,-0.8217577835000007
18969,-1.12634982232144
18970,-2.2417154111904765
18971,-2.3113309547552916
18972,0.09120329113636413
18973,-0.43438981500000295
18974,-1.5932654902083325
18975,-2.770024390198412
18976,-2.7732255031818185
18977,-1.5730234424999996
18978,-2.519659803125
18979,-0.3885504158035725
18980,-0.6912344109999993
18981,-0.28729388812499934
18982,-2.474779454978654
18983,-0.872662828750001
18984,-1.6304675654264722
18985,-2.3579098292222236
18986,-0.7128942557500011
18987,-2.93571850011628
18988,-0.09328981916666645
18989,-0.43261189349206336
18990,-1.5762512742361146
18991,-1.0817056962499993
18992,-0.4823531583333332
18993,-0.47967044685184923
18994,-2.179834346388887
18995,-1.62745762845
18996,-0.9481567224999985
18997,-3.146840108563218
18998,-0.46270876500000213
18999,-1.7808861118303574
19000,-0.5711587466666662
19001,-0.9256231851046793
19002,-1.8808038793582373
19003,-0.1862381436666671
19004,-1.557959609422742
19005,-1.719718012107727
19006,-2.128060659913792
19007,-3.1230701144704436
19008,-1.2894603087239584
19009,-0.541248367499999
19010,-3.7241358615789473
19011,-2.0719579793750005
19012,-0.5462204187499999
19013,-2.1827738199999995
19014,-3.222494771527778
19015,-2.5604349016144203
19016,-2.614150711944445
19017,-2.285626169768518
19018,-1.2210691495833335
19019,-2.0378721916249996
19020,-1.6815922036249993
19021,-1.7557357211904758
19022,-0.5612762990909087
19023,-0.6756881333333347
19024,-2.7455543406249987
19025,-2.8286432299393955
19026,-0.5943035559999984
19027,-3.362630751071422
19028,-1.4443463853125003
19029,-1.2602380275000016
19030,-1.9121025688054196
19031,-1.9985431267777787
19032,-2.7617290999999993
19033,-0.07270498708333643
19034,-2.8190306032500003
19035,-0.4322349124404774
19036,-1.9371550334626448
19037,-0.29791358959375014
19038,-2.599374215059524
19039,-0.6220871616666634
19040,-1.3680339571428572
19041,-0.4454729722222209
19042,-0.8737311157142832
19043,-1.1228964350000012
19044,-0.4861213299999996
19045,-1.3254791149090908
19046,-2.049378088157895
19047,-3.1685231567187504
19048,1.4999746625000014
19049,-2.592679571214285
19050,-3.255578040625
19051,-0.3000728411111104
19052,-3.062371446666656
19053,-1.3837421479166663
19054,-1.547591064944443
19055,-3.3235743964062507
19056,-2.963749749901962
19057,-1.5614299149999995
19058,-2.2254473077380945
19059,0.2284861124999935
19060,-1.0158090446875008
19061,-1.1117930216666672
19062,-2.3371101740468756
19063,-0.5557744057812499
19064,-0.22927192000000218
19065,-2.5128411909999997
19066,-0.38011306750000057
19067,-2.3451957399310404
19068,-0.3498631805555503
19069,-0.5310278670833339
19070,-0.45647371066666054
19071,-1.700083312916653
19072,-3.029772501666666
19073,-1.497262841875001
19074,-1.6321763404999998
19075,-1.8049411506609196
19076,-0.3791120179999979
19077,-1.311072816666666
19078,-3.352823064369047
19079,-3.008846080000001
19080,-0.6419720235598213
19081,-0.43127663878571454
19082,-1.5515597431481498
19083,-2.3345171581071438
19084,-2.4896896315909083
19085,-3.2076176717592597
19086,-2.428324435625
19087,-0.7449579483398434
19088,-1.8439454690909087
19089,-0.28299947114583784
19090,-2.5999071264285716
19091,-0.824637273571428
19092,-0.4063477337500032
19093,-3.025107013499999
19094,-1.6287473236935477
19095,0.4650513416666655
19096,-0.6205229249999983
19097,-0.5704285635606048
19098,-3.0375706005882357
19099,-1.3428025422318006
19100,-2.7691485377777774
19101,-0.4803853964102569
19102,-2.079191224583333
19103,-1.1068445744217692
19104,-2.6630457689374993
19105,-0.8575134788888891
19106,-0.308156596111111
19107,-0.8955716393333318
19108,-3.707996333722221
19109,-0.2628908910000007
19110,-1.092814734500002
19111,-0.6052475093749994
19112,-2.0622146280634235
19113,-2.282519960789473
19114,-2.159362920156248
19115,-0.857528596249999
19116,-0.15183562627450944
19117,-1.1321752568749996
19118,-0.49499612217391403
19119,-1.098389039696969
19120,-2.427407532591576
19121,-0.8307771724999983
19122,-2.3728908188721256
19123,-0.20277805999999732
19124,-0.7824058604166666
19125,-0.7364917925925865
19126,-0.5986637886111174
19127,-2.404960924434211
19128,-3.035532796249999
19129,-1.605096619928161
19130,-1.1041891570000026
19131,-1.7703476153571427
19132,-3.372199139687501
19133,-1.7418819767241382
19134,-0.8557740133333311
19135,-0.6915341807812503
19136,-3.1588120711458325
19137,-0.1878157676785739
19138,-2.8580895345745345
19139,-3.363647231666667
19140,-2.449602147261904
19141,-4.484227236875001
19142,-0.3254756053030308
19143,-0.9180728555555567
19144,-2.681940301249999
19145,-2.315073449083333
19146,-2.6924328663541663
19147,-2.2802080736904764
19148,1.0459741081249998
19149,-0.34553513521739104
19150,-1.8298633664393948
19151,-3.1685462443749994
19152,-2.700216261095238
19153,-0.8395938818571438
19154,-2.287634213716518
19155,-2.4807554198515316
19156,-0.9617981774776772
19157,-3.4114769383333328
19158,-2.526923392701148
19159,-0.40723959178273644
19160,-2.8887057679789288
19161,-3.2477796180000005
19162,-2.7866489572250006
19163,-1.2480040860000012
19164,0.006056227500000233
19165,-3.548164273333333
19166,-0.1994870993229192
19167,-0.8140492822222273
19168,-0.11781005802083182
19169,-1.483976192
19170,-1.1510513129310347
19171,-3.117175680338441
19172,-0.12454579145833655
19173,-1.0042899921428565
19174,-0.3815192057142858
19175,-0.4053511399999981
19176,-2.4146947315833334
19177,-3.8442522973333326
19178,-0.03827751875000196
19179,-2.831086250143678
19180,-0.45244007666666636
19181,-0.08625744000000068
19182,-0.47877626277777885
19183,-0.8046558885449744
19184,-0.44480274013605886
19185,-0.9151489285000007
19186,-1.008823536437501
19187,-1.8990317633908045
19188,-2.5803047575137805
19189,-0.09541117919642923
19190,-0.07385269875000056
19191,-2.223373917023809
19192,-3.2749792567554565
19193,-0.2796995124999988
19194,-2.396788161496598
19195,-1.5666937464285706
19196,0.0010613556250014256
19197,-2.073624020357144
19198,-3.1141508369696966
19199,-3.293090156436781
19200,-1.1561146780052267
19201,-0.8836800797222217
19202,-1.5599976697916675
19203,-0.3572659931250001
19204,-1.2277802316380957
19205,-0.7911332634722221
19206,-0.30240962181228526
19207,-0.419109102500002
19208,-0.5515777503333368
19209,-2.2641312782589282
19210,-1.5882388674166645
19211,-2.3483312675000003
19212,-1.8541745575595188
19213,-0.27181218026315657
19214,-0.2122478097619021
19215,-1.9572207169330358
19216,-0.9510823561810344
19217,-0.5410382118253972
19218,-1.6013538525862068
19219,-0.5916097737499987
19220,-2.566296803888889
19221,-0.48280789999999885
19222,-2.276185521071428
19223,-0.4072198474166697
19224,-3.3462597766256152
19225,-0.5175235907031244
19226,-2.4614773946969692
19227,1.0749845681250036
19228,-0.8958467566666677
19229,-1.6039693781403959
19230,0.05485282319581586
19231,-3.990777823245615
19232,-1.175998753333327
19233,-1.7563663084047614
19234,-0.9832808421428568
19235,-2.1653090712499994
19236,-0.3057209855555521
19237,-0.7916460150000006
19238,-1.9904737689823713
19239,-0.44418315249999907
19240,-2.7025628960143684
19241,-0.1790832949999981
19242,-2.077310297692308
19243,-3.4696914617773
19244,-0.5809319082352944
19245,-0.6407766662440508
19246,-0.9845036255039785
19247,-3.2576707476706837
19248,-0.8773159805357142
19249,-3.3246428780803567
19250,-0.35291688833333357
19251,-1.3704519903591956
19252,-2.0615737155862064
19253,-0.4373300005555557
19254,-1.566950386395833
19255,-2.6062667126379315
19256,-3.257958072026041
19257,-1.210426868988094
19258,-0.3779667025000002
19259,-2.9303222748050977
19260,-0.33031742628647226
19261,-0.4724309960714298
19262,-0.26800943399999966
19263,-0.9281648342857137
19264,-0.8323654068352614
19265,-1.7929600605952376
19266,-2.5549176209126983
19267,-0.13239713749999993
19268,-2.7893068392000027
19269,-1.8659370017045447
19270,-1.6789853050000012
19271,-0.5297775633333336
19272,-0.6882326533333322
19273,-0.5422376233333353
19274,-1.0587049190476188
19275,-0.24647877416666
19276,-0.513002810833334
19277,-0.931772326041667
19278,-2.5374420209062505
19279,-0.09970723958333376
19280,-2.2517040824031005
19281,-2.5216153713095233
19282,-2.3723394233399477
19283,-0.4711211380000009
19284,-2.9775295121173007
19285,-3.1398692585000005
19286,-0.8220994278125033
19287,-0.4604617149999992
19288,-2.827568643571429
19289,-2.6182868767659353
19290,0.5139702395833332
19291,-2.6765036337499994
19292,-0.5298349875000005
19293,-2.4504763837500008
19294,-1.3846257653175282
19295,-1.4514473525
19296,-0.3905405761718743
19297,-0.9460035935000007
19298,-1.9035235224999993
19299,-1.6379783673511898
19300,-2.48444482085351
19301,-3.257615022898549
19302,-0.17669200911111105
19303,-1.9680974120454549
19304,-2.2785123358333337
19305,-2.223422387883142
19306,-2.33650292545
19307,0.7381767052083332
19308,-0.8739330451190472
19309,-1.2178062915833323
19310,-1.3907220766666668
19311,-0.1876781043169745
19312,-0.10691566999999935
19313,-1.1951121733333339
19314,-3.0827690792261913
19315,-0.9129677884861138
19316,-1.8371952939322913
19317,-3.0204668135784316
19318,-3.139614177222223
19319,0.6687511692222223
19320,-2.6033119878274418
19321,-2.356841737025863
19322,-1.6308956548611107
19323,-1.2948689168576415
19324,-3.3972851061111125
19325,-0.02396356071428483
19326,-1.2614122390948275
19327,-1.0654146723809461
19328,-1.949256076874999
19329,-0.3660304916666668
19330,-0.6543368466666664
19331,-2.25361776462963
19332,-2.1462529355882367
19333,-0.6404908458333303
19334,-0.9667070092500002
19335,-0.16880386340624984
19336,0.10305479333333285
19337,-3.1311014482407407
19338,-0.7664375291666605
19339,-0.21433656625478964
19340,-0.6388243934769298
19341,-2.5529591094205735
19342,-3.4852159089777826
19343,-0.7705018710000004
19344,-0.03441031624999891
19345,0.06432930233333613
19346,-1.3042629964880952
19347,-0.4519780116666709
19348,-3.0738837402366075
19349,-0.47033203197368395
19350,-2.660409007685186
19351,-1.906994970026939
19352,-1.4597970718421054
19353,-1.1000791937878787
19354,0.0
19355,-3.303358466666664
19356,-2.6791914225793647
19357,-2.0391094834770116
19358,-2.199679351896553
19359,-2.178045197321428
19360,-0.5781407999999999
19361,-3.6204307182777757
19362,-0.23221720999999818
19363,-0.4914848446551724
19364,-0.5464545381666763
19365,-1.734119022426109
19366,-2.5779020072931034
19367,-1.9965919983333333
19368,-2.3813777938333294
19369,-1.480480153068182
19370,-1.7497117375000002
19371,-0.2359729475000023
19372,-1.6579286734821426
19373,-0.48073269836206906
19374,-0.5905356927083334
19375,-1.9676403366369033
19376,-0.4504674466666643
19377,-2.315957819531251
19378,-1.3561164838333333
19379,-1.4561742556249992
19380,-1.2726674177272725
19381,-3.454227132777779
19382,-2.803009993571429
19383,-0.790916980000001
19384,-0.3319281325625013
19385,-0.1055883724652773
19386,-2.8958858927812505
19387,-0.7659699168055477
19388,-0.8956116783333314
19389,0.6352076118749981
19390,-1.2840644956666676
19391,-2.7396110654489796
19392,-0.6675416818749991
19393,-2.556703100178571
19394,-2.957514786598959
19395,-0.5018292213333325
19396,-2.347717884666667
19397,-2.1946663051190476
19398,-0.03656425250000073
19399,-2.3948046344540224
19400,-0.4047344825000003
19401,-0.5680352785000004
19402,-0.0962547700000016
19403,-2.060192433484849
19404,-3.1763085814833056
19405,-2.055167530000002
19406,-0.19714048375000104
19407,-0.3871580675000015
19408,-0.5897300074999995
19409,-1.6451728593697477
19410,-2.8501690412500005
19411,-0.5736269887500001
19412,-1.45664853125
19413,-3.415807189166666
19414,-1.692818279277777
19415,-1.8336743189655158
19416,-2.9503441125000003
19417,-0.7452779566666644
19418,-3.109178970769231
19419,-3.6521240866666687
19420,-2.3776232516666664
19421,-0.46637229054687523
19422,0.08874567863636235
19423,-0.23409448784313724
19424,-0.8160706282738088
19425,-0.064777192857143
19426,-0.3753904899999985
19427,-0.739465143750003
19428,-0.7856807268750003
19429,-0.08540230500000057
19430,-1.0043844602381
19431,-0.8561592079999862
19432,-0.42565374700000047
19433,-1.5063614393749987
19434,-0.04585826208333543
19435,-0.1982750266666669
19436,-0.5338584947222221
19437,-2.7799262849999997
19438,-0.4327659077083359
19439,-2.842544778418103
19440,-2.388756509487578
19441,-1.5573366327272729
19442,-2.2443313277950305
19443,-1.2876789039017538
19444,-0.8661446141666698
19445,-2.021926420174808
19446,-1.1083094205263162
19447,-3.039313074880952
19448,-1.3689743884722216
19449,-2.7275580806672926
19450,-3.255151089999999
19451,-0.2901177058333341
19452,-2.783087213431373
19453,-2.854017015789474
19454,-2.4265752279999986
19455,-2.85352409027778
19456,-3.030775586666667
19457,-3.7220635680000003
19458,-1.2707681664500001
19459,-2.5638947588294
19460,-2.3010483770938377
19461,-0.4815294355555548
19462,-2.0352446039116394
19463,-0.9934529046153835
19464,-2.950043968360309
19465,-2.2402661488773283
19466,-0.746604975416667
19467,-2.2084605165151516
19468,-3.2410763569024392
19469,-0.1792147381250011
19470,-0.26575252999999854
19471,-2.420641493289125
19472,-1.0957890109687494
19473,-1.0091971145312488
19474,-2.6267447043333356
19475,-2.913815317317138
19476,0.2028769892672413
19477,-2.446722716680672
19478,-0.5481723689999995
19479,-0.4563982668750004
19480,-1.3921664445833226
19481,-0.1270513175000012
19482,-0.22598682557950214
19483,-0.9636403148809526
19484,-0.8868143234500007
19485,-2.060182476777778
19486,-2.3730143184698274
19487,-1.8886792975000006
19488,-2.1438854366666655
19489,-3.0218394385000003
19490,-0.7588886322222285
19491,-1.6460367421428568
19492,-2.0122003849310324
19493,-0.6645947897321403
19494,-0.9618938379062498
19495,-3.1717532851219516
19496,-0.5350531008333151
19497,-2.6096527504299543
19498,-0.997612563541665
19499,-3.758627358484847
19500,-2.4065119332407403
19501,-0.4633468026882938
19502,0.0
19503,-0.32557453388888646
19504,-1.314099447566614
19505,-0.3239862336666633
19506,-1.5808182402083348
19507,-0.7457074161111102
19508,-0.7788510249999945
19509,-1.061100813999999
19510,-0.9847882864062507
19511,-0.5671855279999981
19512,-2.729195811098901
19513,-2.958540832500001
19514,-0.8549811883333327
19515,-2.8683690523510963
19516,-1.9801208475859382
19517,-0.6261369150000012
19518,-2.6663822654629623
19519,-2.792928811363637
19520,-0.47461614047619044
19521,-2.7643219043667897
19522,-1.3011471234796728
19523,-0.7260558239999995
19524,-0.6357014293750005
19525,-2.169190477389455
19526,-0.27051823749999926
19527,-0.9331339871428567
19528,-0.3571713041666662
19529,-2.867709152700563
19530,-2.494519163125
19531,-0.02175546862069029
19532,-1.4580645675000006
19533,-3.041005602701145
19534,-0.93594941733477
19535,-1.264839505039681
19536,-2.2122794017494813
19537,-0.9897648946072799
19538,-0.23009870964285792
19539,-0.038880820000002814
19540,-1.5930106832812605
19541,-0.650479600000003
19542,-1.467585238125
19543,-0.5420058321875016
19544,-1.822767525373564
19545,-0.9581619842857145
19546,-2.4325723273333333
19547,-0.3390827333333404
19548,-2.96823858
19549,-1.696810007142857
19550,-0.037929315000001296
19551,-2.5252663454761906
19552,-3.2607024966666662
19553,-1.5072022401666676
19554,-1.6700120906730775
19555,-0.5231079166666639
19556,-0.35494087125000107
19557,-3.0935424683333337
19558,-0.312601976666667
19559,-2.3693809781439397
19560,0.8082840296120679
19561,-0.6642483125000038
19562,-3.2521489215277777
19563,-3.18896666834249
19564,-0.6286524649999995
19565,-0.1692117274999987
19566,-1.8664599183333337
19567,-3.1219468203333336
19568,-1.2039620875000026
19569,-0.43340385528571296
19570,-0.4751676931481486
19571,-0.7895284004166676
19572,-2.400374022042858
19573,-3.784600598870967
19574,-2.6240588091666535
19575,-1.8054577566666707
19576,-0.17030460635278535
19577,-0.6089106247222212
19578,-1.812784276451614
19579,-0.5673254533333333
19580,-2.6915895462121213
19581,-0.9731110039774299
19582,-0.992638473125
19583,-1.4208511287797623
19584,-1.6732092212499996
19585,-0.7613223916666622
19586,-2.965488860357144
19587,-0.6647905194999992
19588,-2.7754978198484834
19589,-0.6865124995312493
19590,-3.5149189363257567
19591,-1.0395337287179491
19592,-0.42835629700000055
19593,-0.5301658075000025
19594,-2.564660995939153
19595,-2.5469447367279003
19596,-0.4575818901360528
19597,-1.85653078125
19598,-2.5746724126851848
19599,-1.058076236458333
19600,-2.786311612819942
19601,-0.4693111492857151
19602,-0.6497122580000024
19603,-0.31283416035919487
19604,-3.6494358200000003
19605,-0.05380328076922926
19606,-0.7106697696052644
19607,-4.005045779666665
19608,-2.4914869253835974
19609,-1.5573477217163008
19610,-2.4135514466256165
19611,-0.10585073750000144
19612,-1.0416457482552073
19613,-0.09812345928571428
19614,-2.7767051129285703
19615,-1.9232348339062497
19616,-3.6695883677777754
19617,-1.2902425052203057
19618,-3.360695499244663
19619,-2.056785870803573
19620,-0.40862904167405545
19621,-0.9233096977487248
19622,-2.6750096048214282
19623,-2.569380796247948
19624,0.009947487873563551
19625,-2.5481116767708336
19626,-2.8388921757575774
19627,-1.8432800968333332
19628,-3.6831222398333336
19629,-2.0952677010416645
19630,-0.5645900443750024
19631,-0.5970208133333337
19632,-0.6214343727777786
19633,-1.7117026728749998
19634,-1.2989017145454544
19635,-2.442030675000004
19636,-3.931125835499999
19637,-3.229022719876543
19638,-2.3846712134195407
19639,-0.4539482418749996
19640,-1.5441264445258625
19641,-1.4133099649686522
19642,-2.875748684423077
19643,-3.0039862499999996
19644,-0.5882220674999976
19645,-0.7345357283333342
19646,-1.2953122428419543
19647,-0.8021990975000008
19648,-3.214226843947367
19649,-0.5150032040000013
19650,-0.6407891777777763
19651,-3.099408363960044
19652,-3.2092189968181812
19653,-3.38162572880117
19654,-3.1529197805000013
19655,-1.8582306697619049
19656,-0.3036163964999986
19657,-3.462337362783333
19658,-1.561908556739463
19659,-0.06722335499999943
19660,-0.4267234294999991
19661,-0.8686378579166671
19662,-0.715824156666665
19663,-0.48303952909091274
19664,-0.3952552631249991
19665,-1.9748333322528746
19666,-1.6182782852499935
19667,-0.5703619408333322
19668,-2.814396703055556
19669,-2.0702986664814813
19670,-2.7921138654080466
19671,-2.408638266249999
19672,-0.10572018583333904
19673,-3.120014275357143
19674,-4.21792525
19675,-0.6194415943749996
19676,0.6346474724999993
19677,-2.244831701607146
19678,-0.21323079857143007
19679,-3.291733149138889
19680,-2.3196303736394555
19681,-1.906150635833333
19682,-3.18335428297619
19683,0.18791399086206884
19684,-0.5719401107812505
19685,-1.2512993896666682
19686,-2.1801916965833334
19687,-4.071900927222222
19688,-2.487340240000001
19689,-1.2580874218490423
19690,-1.7005023013125005
19691,-2.1713711763346666
19692,-2.0080974096896553
19693,-0.08018634666666695
19694,-1.5216317275833333
19695,1.295525238749999
19696,-0.8101368153124993
19697,0.7622839949999971
19698,-0.5897425804166687
19699,-1.756746341296297
19700,-2.9890336722499997
19701,-2.141551745
19702,0.058291266249998586
19703,-0.7449676566666674
19704,-1.7068521448611118
19705,-0.31398231282312783
19706,-0.3715652700000014
19707,-2.9702185892528745
19708,-2.2415358891826305
19709,-0.6279220514999985
19710,-1.29753928780599
19711,-1.0766582782758611
19712,-2.251534366312056
19713,-0.6073447150000026
19714,-0.9598401818749989
19715,-0.5563890249999991
19716,-2.618811850349702
19717,-1.4994083048214282
19718,-0.22804347333333416
19719,-0.015074192777777995
19720,-0.6984904937500005
19721,-0.2442532904545451
19722,-0.4035203456249974
19723,-2.46355127025641
19724,-4.382845007000001
19725,0.15237493649999934
19726,-3.636407101666666
19727,-2.206839892202381
19728,-0.5872476325000022
19729,-0.4528322921130936
19730,-2.1613356997916675
19731,-1.3219133102083358
19732,0.026595047922117015
19733,-2.6465025338186807
19734,-1.5657365421428568
19735,1.4086711268750003
19736,-0.2678413364062493
19737,-2.6975314176666676
19738,-1.383731084333333
19739,-1.948929771666667
19740,-0.43960323375000687
19741,-2.2044539360606064
19742,-2.645625870850574
19743,-2.813714374700556
19744,-3.377156034615385
19745,-1.1793471892948724
19746,0.029167420000000277
19747,-3.188285797477273
19748,-1.3457244756547613
19749,-0.5927816487500017
19750,-0.36806001843749847
19751,-1.5663915249999991
19752,-1.4596835906486039
19753,-0.5483257191666789
19754,-0.21685479031249955
19755,-2.3221857745833336
19756,-0.5215051828846051
19757,-1.1535566740999996
19758,-2.1791137007642933
19759,-0.34737065465909206
19760,-1.4442048121999982
19761,-0.1647966961666647
19762,-3.7137701582352953
19763,-1.6461808939861111
19764,-1.7581602224712651
19765,-0.8390079722500019
19766,-3.048090045586206
19767,-0.452318776666667
19768,-0.531307158153409
19769,-2.0033308388888895
19770,-2.300779189819376
19771,-1.2581861849999996
19772,-3.3580377809096045
19773,-3.134037300666667
19774,-1.4856079199999987
19775,-0.10886412145833901
19776,-0.616793068749999
19777,-1.1527791225892858
19778,0.5164445633620698
19779,-0.19793967166666704
19780,-0.5911219211646079
19781,-0.42856920624999617
19782,-4.042177013636363
19783,-1.6914918087499995
19784,-0.30212953807291676
19785,0.7324957925
19786,-2.677292217058824
19787,-2.7624388874107133
19788,-2.7412305965000003
19789,-3.6324212707333343
19790,-2.6097999625
19791,-0.6203182168333313
19792,-3.061456264814813
19793,0.030140391875005907
19794,-3.2303456359523812
19795,-2.1261081500000008
19796,-0.30842177437500196
19797,-2.0408970183796296
19798,-2.1983347337934793
19799,-0.6210933587500005
19800,-0.3876706043827188
19801,0.000981150833325728
19802,-3.1145078066666665
19803,-0.2307527311764709
19804,-3.356665283846153
19805,-0.64560662638889
19806,-0.38765198137254814
19807,-0.4908978337499992
19808,-0.5758761691666668
19809,-2.1601614738888895
19810,-3.368732915833334
19811,-0.12401646960622692
19812,-0.7320021133333308
19813,-3.3288352750909964
19814,-1.2295847448750004
19815,-2.951050153333334
19816,-2.3317924403571433
19817,-0.7468939712499996
19818,-0.2311929974801584
19819,-3.1500202908888895
19820,-0.4772454337499994
19821,0.0845501399999975
19822,-0.1351009733333323
19823,-3.8400831116666656
19824,-0.6140187718750001
19825,-0.9807347590625053
19826,-0.8731497208333305
19827,-2.3133452751666663
19828,-0.7996651704166657
19829,-0.49662083500000165
19830,-2.518850434269977
19831,-1.4745906263793098
19832,-0.07158170834051791
19833,-1.6446251356944497
19834,-1.9552555850000033
19835,-0.7379605451904752
19836,-2.2980409008521216
19837,-0.6453085784523729
19838,-1.3389355735185182
19839,-2.6180560137144235
19840,-0.7593216713645816
19841,-0.7601378383333355
19842,-1.6003636071666643
19843,-0.6623061070000006
19844,-0.5210628733333328
19845,-0.39914307142857247
19846,-1.914859854439286
19847,-0.7205465078571416
19848,0.0107179550000005
19849,-1.6988016982142864
19850,-2.9775168702139214
19851,-1.6402775654252888
19852,-0.9597976883333293
19853,0.17616426291666798
19854,-3.256063455909091
19855,-2.505671245531915
19856,-0.2243037591666687
19857,-0.7848182312499906
19858,-0.1600200500000028
19859,-2.6501494694736847
19860,-3.387306975265346
19861,-3.427817503666667
19862,-0.9923783751190471
19863,-0.7583951897916652
19864,-1.5366639198850585
19865,-3.282151367468748
19866,-2.4676180432352943
19867,-1.7367550380303023
19868,-0.5179655291743286
19869,-0.8893767370000034
19870,-1.1513426474999986
19871,-1.2979641399999984
19872,-0.21763073442307773
19873,-2.070205727
19874,-2.3968598675000004
19875,-2.5013566449489786
19876,-3.006971134293104
19877,-0.25412337583334005
19878,-3.2154550879629635
19879,-2.405241430357143
19880,-1.8756026305937494
19881,0.2932660614999989
19882,-3.0715878579166693
19883,-1.8200224730000016
19884,-2.0924981225000003
19885,-2.5633785315972215
19886,-3.3216516274999983
19887,0.5803290408333304
19888,-2.6874693069999998
19889,-1.6815786335185186
19890,-0.6722343421071427
19891,-2.848765359659092
19892,-0.5420716125000027
19893,-1.8200720084999993
19894,-3.2103799204999994
19895,-4.26082310327586
19896,-0.4170174406249991
19897,-2.3547145954761866
19898,-0.5444094793750032
19899,-2.2309716249285714
19900,-1.9163111727586204
19901,0.05621875499999973
19902,-0.04493554343750006
19903,-3.0366694590909087
19904,-2.5461843015529317
19905,-0.5633949712499984
19906,-0.4069862935000007
19907,-1.6808228247916663
19908,-3.0830583795370377
19909,-0.23000884416666523
19910,-0.21965139749999807
19911,-2.285852968666666
19912,-2.5290495385079366
19913,-3.5537001152777763
19914,-2.0882376921072794
19915,-0.25915141794986596
19916,-2.176349653125
19917,-3.413126838214287
19918,-3.6997519295555557
19919,-2.7280705251190476
19920,-0.27778541807291646
19921,-2.8411529897252756
19922,-0.6585591751515135
19923,0.2350378455555576
19924,-1.8921271650000002
19925,-2.8845114321809353
19926,-1.0452781500000015
19927,-0.37066081142857243
19928,0.6369378900000005
19929,-2.3515198161888584
19930,-3.6008915221874993
19931,-2.98086390797619
19932,-0.3337437636718752
19933,-3.200074761875
19934,-2.6275093269444434
19935,-3.181495704333332
19936,-2.4320173083333336
19937,0.019752794000004313
19938,-1.6232883780303047
19939,-2.0102406454392865
19940,1.4597725158333326
19941,-1.2561755264583343
19942,-2.496299818251231
19943,-0.13659625499999795
19944,-0.2796349000000049
19945,-0.2455073346590905
19946,-0.9661615886507917
19947,-1.8906298757638875
19948,-3.1209662731578955
19949,-1.7549782453571428
19950,-2.954937274752875
19951,-0.37000499962643474
19952,1.1664024318055564
19953,-1.4736999084310363
19954,-0.6354865083333342
19955,-0.3754237941666669
19956,-3.265365126666667
19957,-2.952103345
19958,-2.7518866096810344
19959,-0.7954352110526299
19960,-1.8710716411904766
19961,-0.4044734900000009
19962,-0.5751855433333325
19963,-1.4913398638095237
19964,-0.6965373591666669
19965,-2.102681204499999
19966,-0.6754780023437483
19967,-0.41549907749999804
19968,-3.1882481304166665
19969,-1.6171481299107124
19970,0.9949178624999995
19971,-0.297018754361248
19972,-2.2918777749310353
19973,-0.6655806056759686
19974,-1.4179649306060615
19975,-0.30571544687500163
19976,-0.4368890312499989
19977,-2.419238908095238
19978,-0.280321600370371
19979,0.7781139387499998
19980,-1.5625475960784314
19981,-1.5558402979999997
19982,-1.314001977645834
19983,-3.151118570646552
19984,-1.500489613500001
19985,-0.5480889795833335
19986,-1.7634307837499996
19987,-1.9568004384090905
19988,-3.8283763654166467
19989,-0.7547729740625
19990,-0.5483630177746212
19991,-3.8298226320051083
19992,-1.1543536555401777
19993,-1.3333812528450004
19994,-2.137933617777778
19995,-0.5348180431818189
19996,-2.5825649024561406
19997,-0.4423849690000011
19998,-2.209504507321429
19999,-1.555735546764706
